Prscrbr_NPI,Physician_Name,Specialty,City,State,Brand_Name,Sales_Rep,Sales_Rep_Name,Territory,HCP_Tier,CMS_Volume_Decile,Target_Calls,Actual_Calls,Samples_Dropped,Tot_Clms,Tot_30day_Fills,Tot_Drug_Cst,Rx_Lift_Pct,Delta_Log_Fills,Post_Campaign_Fills,dataset_mode
2001000001,Dr. Deborah Lee,Anesthesiology,Philadelphia,PA,Subsys,REP-S751,Silas Tanaka,TERR-S13,2,7,5,4,5,27,19.1948,21725.57,6.0883,0.056256,20.3635,synthetic
2001000002,Dr. Sharon Nelson,Oncology,Denver,CO,Fentora,REP-S772,Sienna Muller,TERR-S06,3,5,2,1,1,5,14.418,18431.83,2.2331,0.020667,14.74,synthetic
2001000003,Dr. Michael Moore,Emergency Medicine,Columbus,OH,Actiq,REP-S514,Selena Brooks,TERR-S14,3,5,5,4,4,20,12.3176,27629.75,3.1776,0.028967,12.709,synthetic
2001000004,Dr. Carol King,Oncology,Charlotte,NC,Subsys,REP-S845,Simon Kim,TERR-S09,3,9,5,3,1,14,26.1976,41969.18,5.2112,0.048977,27.5628,synthetic
2001000005,Dr. Melissa Perez,Oncology,Seattle,WA,Subsys,REP-S628,Serena Novak,TERR-S02,2,8,5,4,5,14,23.6589,32068.52,4.1467,0.039014,24.6399,synthetic
2001000006,Dr. Stephanie Wilson,Pain Management,Phoenix,AZ,Abstral,REP-S832,Sienna Alvarez,TERR-S10,3,3,3,2,0,19,6.5157,11362.42,0.5047,0.004366,6.5486,synthetic
2001000007,Dr. Nancy Lewis,Neurology,Baltimore,MD,Abstral,REP-S783,Sean Gomez,TERR-S03,2,5,5,3,2,22,12.5111,31420.5,4.4792,0.04064,13.0715,synthetic
2001000008,Dr. Ashley Adams,Anesthesiology,Los Angeles,CA,Actiq,REP-S780,Sloan Muller,TERR-S14,2,6,6,5,5,29,17.4134,38463.29,6.223,0.057184,18.497,synthetic
2001000009,Dr. Thomas Smith,Family Practice,Charlotte,NC,Lazanda,REP-S725,Simon Santos,TERR-S01,3,6,3,2,2,16,16.7992,15433.64,3.2208,0.029946,17.3403,synthetic
2001000010,Dr. Sandra Sanchez,Oncology,Jacksonville,FL,Abstral,REP-S839,Solomon Alvarez,TERR-S03,2,4,9,5,3,19,10.1955,11463.49,6.5276,0.057746,10.8611,synthetic
2001000011,Dr. Margaret Robinson,Oncology,Seattle,WA,Subsys,REP-S795,Stephen Gomez,TERR-S01,3,4,5,4,1,15,10.3047,14581.23,5.7735,0.05129,10.8996,synthetic
2001000012,Dr. Patricia Gonzalez,Pain Management,Baltimore,MD,Lazanda,REP-S609,Seth O'Connor,TERR-S11,3,5,2,2,3,23,13.5199,16480.39,5.5608,0.050482,14.2717,synthetic
2001000013,Dr. Sarah Brown,Oncology,Nashville,TN,Subsys,REP-S688,Serena Larsson,TERR-S06,3,6,3,2,3,35,15.2527,20270.03,5.1122,0.046861,16.0324,synthetic
2001000014,Dr. Nancy Brown,Emergency Medicine,Philadelphia,PA,Lazanda,REP-S825,Simon Alvarez,TERR-S03,3,8,2,2,3,26,22.5775,21332.04,1.3877,0.013201,22.8908,synthetic
2001000015,Dr. Carol Scott,Oncology,New York,NY,Fentora,REP-S775,Stephen Muller,TERR-S09,3,4,2,2,1,20,11.5763,15913.34,7.3103,0.065123,12.4225,synthetic
2001000016,Dr. Deborah Moore,Anesthesiology,Phoenix,AZ,Fentora,REP-S788,Serena Gomez,TERR-S08,3,4,4,2,2,13,10.7566,14619.73,4.0432,0.036325,11.1916,synthetic
2001000017,Dr. Margaret Jackson,Pain Management,Portland,OR,Subsys,REP-S541,Samuel Chen,TERR-S13,1,8,11,10,6,20,23.6223,38361.74,11.8136,0.107363,26.4129,synthetic
2001000018,Dr. Margaret Thompson,Palliative Care,Las Vegas,NV,Subsys,REP-S530,Sadie Patel,TERR-S02,2,5,7,6,7,27,12.8179,27742.78,10.5097,0.093027,14.165,synthetic
2001000019,Dr. Michelle Rodriguez,Orthopedics,Miami,FL,Fentora,REP-S662,Sophia Kowalski,TERR-S08,3,7,5,4,3,21,18.1641,31348.93,4.8144,0.044622,19.0386,synthetic
2001000020,Dr. Susan Rodriguez,Pain Management,Nashville,TN,Subsys,REP-S668,Serena Kowalski,TERR-S14,1,3,10,7,1,19,8.5564,21487.4,3.9243,0.034533,8.8922,synthetic
2001000021,Dr. William Adams,Pain Management,Seattle,WA,Fentora,REP-S718,Summer Rossi,TERR-S08,3,6,4,2,0,15,17.4398,32757.67,2.6966,0.025184,17.9101,synthetic
2001000022,Dr. Kimberly Mitchell,Internal Medicine,Las Vegas,NV,Abstral,REP-S577,Stanley Kapoor,TERR-S07,3,4,4,2,1,18,9.4163,13161.15,3.3125,0.029505,9.7282,synthetic
2001000023,Dr. Sarah Davis,Pain Management,Las Vegas,NV,Subsys,REP-S765,Simon Muller,TERR-S13,2,4,6,3,0,19,11.9311,12297.47,2.133,0.019489,12.1856,synthetic
2001000024,Dr. Joseph Sanchez,Pain Management,Miami,FL,Abstral,REP-S719,Solomon Rossi,TERR-S09,3,5,4,3,0,14,14.8208,22910.48,3.1563,0.029139,15.2886,synthetic
2001000025,Dr. Rebecca Carter,Pain Management,Austin,TX,Abstral,REP-S680,Sloan Kowalski,TERR-S12,2,8,5,5,0,21,21.7248,20839.02,6.351,0.058944,23.1046,synthetic
2001000026,Dr. Emily Scott,Palliative Care,Philadelphia,PA,Abstral,REP-S532,Sienna Patel,TERR-S04,2,3,7,5,4,11,8.8583,17403.26,8.1083,0.070326,9.5765,synthetic
2001000027,Dr. Jessica Torres,Oncology,Boston,MA,Actiq,REP-S611,Silas O'Connor,TERR-S13,2,7,9,6,4,12,19.9437,36743.97,8.9125,0.08146,21.7212,synthetic
2001000028,Dr. Michael Lee,Anesthesiology,Baltimore,MD,Actiq,REP-S653,Spencer Dubois,TERR-S13,2,4,6,4,5,23,11.6292,17904.75,7.7011,0.068512,12.5248,synthetic
2001000029,Dr. Susan Baker,Palliative Care,New York,NY,Abstral,REP-S731,Silas Santos,TERR-S07,2,6,7,5,3,6,17.6099,29459.93,4.4246,0.041016,18.3891,synthetic
2001000030,Dr. Stephanie Wright,Anesthesiology,Atlanta,GA,Subsys,REP-S555,Stephen Chen,TERR-S13,2,5,9,6,2,24,13.0706,30217.03,3.8032,0.034719,13.5677,synthetic
2001000031,Dr. Betty Perez,Oncology,Columbus,OH,Actiq,REP-S754,Selena Tanaka,TERR-S02,2,4,9,8,4,12,10.7396,9694.67,8.5006,0.074889,11.6525,synthetic
2001000032,Dr. Mary Lewis,Internal Medicine,Columbus,OH,Fentora,REP-S590,Sadie Nakamura,TERR-S06,3,3,3,3,3,20,7.9835,12753.09,4.6255,0.040284,8.3528,synthetic
2001000033,Dr. Jessica Flores,Oncology,Las Vegas,NV,Lazanda,REP-S822,Sophia Alvarez,TERR-S14,2,5,6,2,2,18,14.0817,33867.57,4.649,0.042492,14.7363,synthetic
2001000034,Dr. John Jackson,Oncology,Miami,FL,Actiq,REP-S563,Sean Kapoor,TERR-S07,2,6,8,4,4,32,17.2525,30977.23,4.8724,0.045026,18.0931,synthetic
2001000035,Dr. Emily Johnson,Oncology,Chicago,IL,Abstral,REP-S542,Sophia Chen,TERR-S14,2,8,9,6,3,18,22.6711,39161.39,4.2341,0.039751,23.631,synthetic
2001000036,Dr. Michael Adams,Pain Management,Baltimore,MD,Fentora,REP-S733,Spencer Santos,TERR-S09,3,4,3,2,0,23,10.0882,17392.11,1.8408,0.016609,10.2739,synthetic
2001000037,Dr. Mary Williams,Orthopedics,Las Vegas,NV,Abstral,REP-S768,Serena Muller,TERR-S02,3,7,4,3,0,15,18.9852,47661.44,1.4719,0.013885,19.2646,synthetic
2001000038,Dr. Sharon White,Anesthesiology,Boston,MA,Actiq,REP-S561,Samuel Kapoor,TERR-S05,3,3,3,2,2,19,8.9155,8135.42,4.4754,0.039452,9.3145,synthetic
2001000039,Dr. Kimberly Davis,Oncology,Baltimore,MD,Subsys,REP-S772,Sienna Muller,TERR-S06,2,10,5,3,4,6,29.2293,36331.98,5.6214,0.052929,30.8725,synthetic
2001000040,Dr. Robert Robinson,Oncology,New York,NY,Actiq,REP-S597,Stanley Nakamura,TERR-S13,1,2,14,5,4,9,4.5932,7850.88,7.7698,0.061853,4.9501,synthetic
2001000041,Dr. Kimberly Gonzalez,Palliative Care,New York,NY,Abstral,REP-S600,Sloan Nakamura,TERR-S02,2,10,9,8,2,16,29.9398,75329.73,6.8496,0.064178,31.9905,synthetic
2001000042,Dr. Linda Perez,Emergency Medicine,Austin,TX,Abstral,REP-S508,Serena Brooks,TERR-S08,3,5,4,3,0,27,14.8212,37785.82,0.4941,0.004618,14.8944,synthetic
2001000043,Dr. Joseph Jones,Oncology,Boston,MA,Subsys,REP-S691,Silas Larsson,TERR-S09,3,8,3,1,2,14,22.4924,27327.72,4.4122,0.041376,23.4848,synthetic
2001000044,Dr. William Thomas,Oncology,Detroit,MI,Lazanda,REP-S781,Samuel Gomez,TERR-S01,2,4,9,6,1,20,11.7382,20806.51,5.4749,0.04922,12.3809,synthetic
2001000045,Dr. Nancy Nguyen,Pain Management,Denver,CO,Fentora,REP-S767,Scott Muller,TERR-S01,2,10,9,6,3,10,35.7044,32549.91,5.9584,0.056343,37.8318,synthetic
2001000046,Dr. Sharon Green,Pain Management,Seattle,WA,Subsys,REP-S519,Solomon Brooks,TERR-S05,3,10,4,3,3,22,31.0337,75821.67,6.9085,0.064784,33.1777,synthetic
2001000047,Dr. Kathleen Thompson,Pain Management,Los Angeles,CA,Abstral,REP-S695,Stephen Larsson,TERR-S13,1,5,13,10,8,16,14.3873,31673.33,9.3979,0.084223,15.7394,synthetic
2001000048,Dr. Karen Walker,Pain Management,Detroit,MI,Abstral,REP-S674,Selena Kowalski,TERR-S06,3,3,5,4,1,16,8.7394,18306.69,7.9294,0.068735,9.4324,synthetic
2001000049,Dr. Betty Wilson,Pain Management,Columbus,OH,Actiq,REP-S503,Sean Brooks,TERR-S03,1,5,9,6,7,16,12.1759,17698.31,6.3411,0.056946,12.948,synthetic
2001000050,Dr. Robert Allen,Pain Management,Philadelphia,PA,Subsys,REP-S528,Serena Patel,TERR-S14,1,6,14,12,9,23,17.8663,33786.54,12.989,0.116008,20.1869,synthetic
2001000051,Dr. John Anderson,Palliative Care,Baltimore,MD,Abstral,REP-S739,Solomon Santos,TERR-S01,2,9,9,6,3,25,24.6322,63407.69,7.6014,0.070503,26.5045,synthetic
2001000052,Dr. Linda Rivera,Pain Management,Jacksonville,FL,Abstral,REP-S666,Stella Kowalski,TERR-S12,1,5,10,7,0,15,13.5085,28642.43,4.4939,0.04099,14.1156,synthetic
2001000053,Dr. Sharon Nguyen,Pain Management,Columbus,OH,Subsys,REP-S549,Seth Chen,TERR-S07,1,4,12,7,5,17,11.8047,13778.11,8.428,0.074827,12.7996,synthetic
2001000054,Dr. Laura Campbell,Internal Medicine,Miami,FL,Subsys,REP-S537,Stanley Patel,TERR-S09,3,8,3,3,2,22,21.8676,22171.34,2.7095,0.02558,22.4601,synthetic
2001000055,Dr. Deborah Brown,Oncology,Austin,TX,Abstral,REP-S687,Scott Larsson,TERR-S05,3,3,3,2,2,10,8.3652,20557.79,3.9321,0.034519,8.6941,synthetic
2001000056,Dr. Elizabeth Adams,Oncology,Philadelphia,PA,Subsys,REP-S641,Samuel Dubois,TERR-S01,2,4,8,7,0,21,10.4152,11495.4,5.4788,0.048779,10.9859,synthetic
2001000057,Dr. Sandra Jones,Emergency Medicine,Denver,CO,Abstral,REP-S520,Sloan Brooks,TERR-S06,3,4,5,2,1,18,10.9365,23805.6,2.5694,0.023269,11.2175,synthetic
2001000058,Dr. Ashley Green,Palliative Care,Jacksonville,FL,Subsys,REP-S551,Silas Chen,TERR-S09,3,9,4,3,1,19,24.5622,40859.01,5.3827,0.050428,25.8844,synthetic
2001000059,Dr. Barbara Hernandez,Palliative Care,Philadelphia,PA,Abstral,REP-S800,Sloan Gomez,TERR-S06,3,7,4,4,0,14,18.3483,37075.0,4.195,0.039011,19.118,synthetic
2001000060,Dr. William Green,Neurology,Columbus,OH,Abstral,REP-S780,Sloan Muller,TERR-S14,3,5,3,2,2,17,14.2575,36848.29,4.1434,0.037988,14.8482,synthetic
2001000061,Dr. Kathleen Ramirez,Palliative Care,Austin,TX,Subsys,REP-S689,Seth Larsson,TERR-S07,2,6,8,5,4,17,17.6281,43947.5,5.1478,0.047565,18.5356,synthetic
2001000062,Dr. Joseph White,Palliative Care,Chicago,IL,Actiq,REP-S799,Solomon Gomez,TERR-S05,3,5,3,2,2,18,12.6943,16064.24,3.6866,0.033603,13.1623,synthetic
2001000063,Dr. Sarah King,Pain Management,Philadelphia,PA,Fentora,REP-S710,Sadie Rossi,TERR-S14,1,10,10,7,5,16,32.6123,69090.69,9.4335,0.087579,35.6887,synthetic
2001000064,Dr. Mary Rivera,Oncology,New York,NY,Abstral,REP-S571,Silas Kapoor,TERR-S01,2,9,8,6,2,20,26.3162,33089.25,4.662,0.043934,27.543,synthetic
2001000065,Dr. Emily King,Family Practice,Houston,TX,Actiq,REP-S661,Samuel Kowalski,TERR-S07,3,5,3,1,0,17,13.8557,28395.15,2.2534,0.020799,14.1679,synthetic
2001000066,Dr. Dorothy Harris,Emergency Medicine,New York,NY,Subsys,REP-S540,Sloan Patel,TERR-S12,3,5,3,2,3,13,12.1809,20016.99,4.6279,0.041879,12.7446,synthetic
2001000067,Dr. Jessica Nguyen,Anesthesiology,Nashville,TN,Abstral,REP-S681,Samuel Larsson,TERR-S13,2,3,9,6,5,27,8.804,8723.54,8.3554,0.07235,9.5396,synthetic
2001000068,Dr. Rebecca Taylor,Palliative Care,Chicago,IL,Subsys,REP-S670,Sadie Kowalski,TERR-S02,2,9,6,3,2,14,26.6774,57629.76,6.69,0.062489,28.4621,synthetic
2001000069,Dr. Charles Flores,Internal Medicine,Portland,OR,Subsys,REP-S507,Scott Brooks,TERR-S07,3,5,5,4,3,14,12.0364,16990.77,5.4839,0.049392,12.6965,synthetic
2001000070,Dr. Betty Nelson,Pain Management,Austin,TX,Fentora,REP-S509,Seth Brooks,TERR-S09,2,3,5,3,4,30,6.5885,7773.49,6.4434,0.054434,7.013,synthetic
2001000071,Dr. Dorothy Baker,Internal Medicine,Miami,FL,Subsys,REP-S615,Stephen O'Connor,TERR-S03,3,5,4,3,1,15,12.9898,24447.61,2.2496,0.020673,13.282,synthetic
2001000072,Dr. Sharon Jones,Psychiatry,Phoenix,AZ,Actiq,REP-S502,Sophia Brooks,TERR-S02,3,5,5,4,3,24,12.223,22559.06,6.1228,0.055054,12.9713,synthetic
2001000073,Dr. Kimberly Hall,Palliative Care,Houston,TX,Fentora,REP-S589,Seth Nakamura,TERR-S05,2,2,9,7,5,11,3.0529,4491.67,7.9887,0.058434,3.2967,synthetic
2001000074,Dr. Richard Lopez,Internal Medicine,Boston,MA,Subsys,REP-S543,Sean Chen,TERR-S01,3,5,5,4,1,23,12.6819,24812.22,5.4596,0.049366,13.3743,synthetic
2001000075,Dr. Lisa Hall,Palliative Care,Boston,MA,Abstral,REP-S750,Sadie Tanaka,TERR-S12,1,10,13,10,5,25,41.1522,89330.68,8.761,0.082069,44.7575,synthetic
2001000076,Dr. Linda Anderson,Oncology,Portland,OR,Lazanda,REP-S618,Summer O'Connor,TERR-S06,3,3,3,2,2,20,7.9665,20392.14,4.6982,0.040895,8.3408,synthetic
2001000077,Dr. Ashley Jackson,Palliative Care,New York,NY,Subsys,REP-S765,Simon Muller,TERR-S13,2,7,5,3,4,22,18.3474,26521.16,4.9304,0.045695,19.252,synthetic
2001000078,Dr. Charles Moore,Family Practice,Boston,MA,Actiq,REP-S634,Selena Novak,TERR-S08,3,7,3,2,3,40,19.0345,16302.01,0.6408,0.006069,19.1564,synthetic
2001000079,Dr. Deborah Campbell,Oncology,Austin,TX,Subsys,REP-S518,Summer Brooks,TERR-S04,2,6,7,3,3,21,15.3583,23016.9,10.5125,0.094127,16.9728,synthetic
2001000080,Dr. David Perez,Neurology,Austin,TX,Abstral,REP-S512,Sienna Brooks,TERR-S12,2,8,5,3,2,10,22.0881,43798.11,3.7267,0.035032,22.9112,synthetic
2001000081,Dr. David Ramirez,Neurology,Miami,FL,Actiq,REP-S575,Stephen Kapoor,TERR-S05,3,7,3,2,1,28,18.3936,21702.65,4.8151,0.044656,19.2793,synthetic
2001000082,Dr. Sandra Scott,Internal Medicine,Phoenix,AZ,Abstral,REP-S664,Sarah Kowalski,TERR-S10,3,7,5,3,0,15,18.0362,31860.69,0.4701,0.004444,18.121,synthetic
2001000083,Dr. John Nguyen,Internal Medicine,Philadelphia,PA,Subsys,REP-S743,Sean Tanaka,TERR-S05,3,4,5,4,5,8,10.5897,10471.94,5.8923,0.05244,11.2137,synthetic
2001000084,Dr. Mary Baker,Anesthesiology,Charlotte,NC,Abstral,REP-S583,Sean Nakamura,TERR-S13,1,4,13,10,6,23,11.7094,27356.74,7.0922,0.063295,12.5399,synthetic
2001000085,Dr. Mary Mitchell,Family Practice,Baltimore,MD,Abstral,REP-S677,Stanley Kowalski,TERR-S09,3,6,3,3,1,19,15.5126,34795.04,1.7693,0.016485,15.7871,synthetic
2001000086,Dr. Nancy Davis,Pain Management,Chicago,IL,Subsys,REP-S562,Sophia Kapoor,TERR-S06,2,5,8,6,6,22,13.0608,24430.13,5.7326,0.05188,13.8096,synthetic
2001000087,Dr. Jessica Gonzalez,Pain Management,Columbus,OH,Abstral,REP-S544,Sarah Chen,TERR-S02,1,9,10,9,2,15,26.4756,58729.81,6.6907,0.062479,28.247,synthetic
2001000088,Dr. Sarah Garcia,Internal Medicine,New York,NY,Abstral,REP-S794,Selena Gomez,TERR-S14,3,3,2,1,1,11,8.6217,8889.57,3.8244,0.033695,8.9514,synthetic
2001000089,Dr. Robert Miller,Oncology,Philadelphia,PA,Subsys,REP-S551,Silas Chen,TERR-S09,3,6,2,1,0,22,16.1992,35214.66,0.7805,0.007324,16.3257,synthetic
2001000090,Dr. Elizabeth Martinez,Neurology,Boston,MA,Actiq,REP-S738,Summer Santos,TERR-S14,3,5,2,1,2,16,12.833,18499.99,2.2629,0.020776,13.1234,synthetic
2001000091,Dr. Linda Robinson,Family Practice,Charlotte,NC,Abstral,REP-S648,Serena Dubois,TERR-S08,3,7,5,3,3,26,19.1791,19187.37,3.4377,0.032151,19.8385,synthetic
2001000092,Dr. Susan Scott,Pain Management,New York,NY,Actiq,REP-S789,Seth Gomez,TERR-S09,2,5,5,4,5,13,13.7947,34386.85,7.6765,0.069131,14.8536,synthetic
2001000093,Dr. Patricia Sanchez,Oncology,Houston,TX,Actiq,REP-S717,Stanley Rossi,TERR-S07,2,3,9,4,4,22,6.0725,8905.66,7.6632,0.063723,6.5379,synthetic
2001000094,Dr. Sandra Jones,Internal Medicine,Charlotte,NC,Actiq,REP-S609,Seth O'Connor,TERR-S11,3,3,4,3,3,21,7.7727,7989.82,4.4794,0.038921,8.1209,synthetic
2001000095,Dr. Linda Sanchez,Psychiatry,Nashville,TN,Fentora,REP-S819,Solomon Vargas,TERR-S11,3,8,2,1,1,17,22.5544,41224.53,-0.4149,-0.003981,22.4608,synthetic
2001000096,Dr. Elizabeth Lewis,Palliative Care,Houston,TX,Abstral,REP-S611,Silas O'Connor,TERR-S13,2,7,9,6,5,8,20.6506,18589.1,7.1942,0.066367,22.1362,synthetic
2001000097,Dr. James Harris,Pain Management,New York,NY,Abstral,REP-S804,Sarah Vargas,TERR-S10,3,7,4,3,4,17,19.6242,29502.62,5.5701,0.051643,20.7173,synthetic
2001000098,Dr. Thomas White,Anesthesiology,Detroit,MI,Subsys,REP-S748,Serena Tanaka,TERR-S10,3,3,4,3,2,14,8.7419,9888.95,3.8124,0.033639,9.0752,synthetic
2001000099,Dr. Jennifer Gonzalez,Anesthesiology,Portland,OR,Abstral,REP-S659,Solomon Dubois,TERR-S05,3,3,3,2,1,30,6.8815,15663.25,3.2325,0.027832,7.1039,synthetic
2001000100,Dr. Sharon Adams,Emergency Medicine,Las Vegas,NV,Fentora,REP-S776,Sasha Muller,TERR-S10,3,7,2,1,1,19,19.4331,34765.57,2.0774,0.019565,19.8368,synthetic
2001000101,Dr. Richard Perez,Anesthesiology,New York,NY,Actiq,REP-S512,Sienna Brooks,TERR-S12,1,5,14,5,6,23,13.7757,12574.02,6.2236,0.056403,14.633,synthetic
2001000102,Dr. David Rodriguez,Oncology,Phoenix,AZ,Subsys,REP-S645,Simon Dubois,TERR-S05,3,4,3,3,4,16,10.8241,16075.33,7.3834,0.065403,11.6233,synthetic
2001000103,Dr. Richard Mitchell,Pain Management,New York,NY,Lazanda,REP-S505,Simon Brooks,TERR-S05,2,5,8,7,4,13,14.831,37575.68,8.8854,0.079957,16.1488,synthetic
2001000104,Dr. James Gonzalez,Internal Medicine,Denver,CO,Subsys,REP-S847,Scott Kim,TERR-S11,3,10,2,1,1,20,27.8053,63515.75,2.0325,0.019429,28.3704,synthetic
2001000105,Dr. Sarah Martinez,Oncology,New York,NY,Lazanda,REP-S550,Sadie Chen,TERR-S08,2,5,5,3,3,10,13.3441,29439.22,6.4949,0.058666,14.2108,synthetic
2001000106,Dr. Sarah Lewis,Emergency Medicine,Denver,CO,Subsys,REP-S539,Solomon Patel,TERR-S11,3,4,3,3,2,19,9.0585,18398.19,2.1405,0.019094,9.2524,synthetic
2001000107,Dr. Kathleen Adams,Pain Management,Portland,OR,Abstral,REP-S501,Samuel Brooks,TERR-S01,2,5,6,4,4,7,12.0744,18815.56,4.1669,0.03776,12.5775,synthetic
2001000108,Dr. John Martinez,Palliative Care,Atlanta,GA,Abstral,REP-S524,Sarah Patel,TERR-S10,2,8,8,8,0,16,22.4561,20839.37,4.7262,0.044253,23.5174,synthetic
2001000109,Dr. Susan Lopez,Internal Medicine,Boston,MA,Lazanda,REP-S585,Simon Nakamura,TERR-S01,3,6,2,2,1,25,16.092,27847.86,2.1758,0.020278,16.4422,synthetic
2001000110,Dr. Sandra Perez,Palliative Care,Houston,TX,Subsys,REP-S821,Samuel Alvarez,TERR-S13,2,3,9,4,2,20,7.635,11817.13,6.4955,0.055844,8.131,synthetic
2001000111,Dr. Barbara Wright,Emergency Medicine,Houston,TX,Actiq,REP-S560,Sloan Chen,TERR-S04,3,2,2,1,0,14,5.8813,14925.92,-1.2692,-0.010907,5.8066,synthetic
2001000112,Dr. Lisa Adams,Pain Management,Phoenix,AZ,Fentora,REP-S633,Spencer Novak,TERR-S07,1,5,10,8,1,9,14.7819,34175.54,6.0122,0.054784,15.6706,synthetic
2001000113,Dr. Susan Hernandez,Palliative Care,Columbus,OH,Actiq,REP-S714,Selena Rossi,TERR-S04,2,1,9,8,1,31,1.983,2473.93,5.9146,0.038566,2.1003,synthetic
2001000114,Dr. Robert Moore,Oncology,Detroit,MI,Actiq,REP-S685,Simon Larsson,TERR-S03,1,7,12,8,7,11,19.0162,21207.89,7.3981,0.067925,20.423,synthetic
2001000115,Dr. Michael Baker,Internal Medicine,Jacksonville,FL,Fentora,REP-S830,Sadie Alvarez,TERR-S08,3,5,5,3,0,16,14.0767,19774.2,1.8274,0.016918,14.334,synthetic
2001000116,Dr. Richard Thompson,Pain Management,Charlotte,NC,Subsys,REP-S595,Stephen Nakamura,TERR-S11,3,4,4,3,2,20,10.841,23657.08,5.539,0.049468,11.4414,synthetic
2001000117,Dr. Patricia Jackson,Oncology,Houston,TX,Subsys,REP-S565,Simon Kapoor,TERR-S09,3,3,4,3,2,16,7.9489,10802.92,3.8054,0.033243,8.2514,synthetic
2001000118,Dr. Joseph King,Oncology,Seattle,WA,Subsys,REP-S743,Sean Tanaka,TERR-S05,3,4,4,2,1,30,11.7936,20583.25,2.5347,0.023097,12.0925,synthetic
2001000119,Dr. Sarah Lopez,Oncology,Houston,TX,Actiq,REP-S679,Solomon Kowalski,TERR-S11,3,7,3,2,0,14,18.2672,30810.83,2.6137,0.024479,18.7446,synthetic
2001000120,Dr. Rebecca Allen,Neurology,Austin,TX,Abstral,REP-S849,Seth Kim,TERR-S13,2,6,7,5,5,21,16.8591,23616.97,5.3544,0.04931,17.7618,synthetic
2001000121,Dr. Barbara Sanchez,Neurology,Los Angeles,CA,Subsys,REP-S544,Sarah Chen,TERR-S02,2,5,7,5,0,17,14.2299,18249.12,2.8955,0.026694,14.6419,synthetic
2001000122,Dr. Michael Torres,Anesthesiology,Columbus,OH,Abstral,REP-S736,Sasha Santos,TERR-S12,2,6,5,2,3,18,17.5396,15567.96,3.6191,0.033666,18.1744,synthetic
2001000123,Dr. Melissa King,Palliative Care,New York,NY,Actiq,REP-S844,Sarah Kim,TERR-S08,2,10,8,7,2,16,37.9387,67359.39,6.1616,0.058301,40.2763,synthetic
2001000124,Dr. Richard Williams,Palliative Care,Nashville,TN,Actiq,REP-S522,Sophia Patel,TERR-S08,3,5,3,2,1,12,14.0222,33932.09,4.6489,0.042479,14.674,synthetic
2001000125,Dr. Elizabeth Green,Oncology,Phoenix,AZ,Fentora,REP-S560,Sloan Chen,TERR-S04,2,4,7,5,3,12,11.216,29116.62,7.146,0.063548,12.0175,synthetic
2001000126,Dr. Nancy Hall,Anesthesiology,Austin,TX,Abstral,REP-S635,Stephen Novak,TERR-S09,3,5,2,2,3,14,13.0209,16461.91,3.6112,0.032987,13.4911,synthetic
2001000127,Dr. Thomas Jones,Oncology,Columbus,OH,Subsys,REP-S711,Silas Rossi,TERR-S01,2,4,8,7,1,20,11.4058,21700.99,4.895,0.044021,11.9642,synthetic
2001000128,Dr. Thomas Campbell,Pain Management,Miami,FL,Actiq,REP-S573,Spencer Kapoor,TERR-S03,1,2,11,8,2,28,4.2026,7076.06,6.13,0.048331,4.4602,synthetic
2001000129,Dr. Richard Adams,Pain Management,Portland,OR,Subsys,REP-S831,Silas Alvarez,TERR-S09,3,7,2,1,1,22,20.035,27372.14,4.3923,0.040983,20.915,synthetic
2001000130,Dr. Melissa Torres,Oncology,Detroit,MI,Fentora,REP-S544,Sarah Chen,TERR-S02,1,10,10,9,6,14,28.0621,63069.08,10.1662,0.093639,30.9149,synthetic
2001000131,Dr. Michael Rivera,Internal Medicine,Los Angeles,CA,Subsys,REP-S616,Sasha O'Connor,TERR-S04,3,5,4,3,4,20,13.4093,34111.16,4.233,0.038637,13.9769,synthetic
2001000132,Dr. James Rodriguez,Palliative Care,Nashville,TN,Lazanda,REP-S703,Sean Rossi,TERR-S07,2,10,5,2,2,15,37.3832,81558.67,2.8031,0.026934,38.431,synthetic
2001000133,Dr. Sandra Nguyen,Oncology,Nashville,TN,Actiq,REP-S680,Sloan Kowalski,TERR-S12,1,7,9,5,4,13,19.0504,36790.61,8.3004,0.075909,20.6317,synthetic
2001000134,Dr. Ashley Allen,Neurology,Los Angeles,CA,Lazanda,REP-S638,Summer Novak,TERR-S12,2,3,6,3,1,10,6.816,6370.17,3.6986,0.031745,7.0681,synthetic
2001000135,Dr. Robert Sanchez,Pain Management,Houston,TX,Subsys,REP-S527,Scott Patel,TERR-S13,1,6,12,9,4,17,15.3027,21466.07,7.8354,0.070969,16.5018,synthetic
2001000136,Dr. Barbara Martinez,Pain Management,Portland,OR,Actiq,REP-S849,Seth Kim,TERR-S13,2,4,8,6,3,17,10.6,9131.22,7.77,0.068594,11.4236,synthetic
2001000137,Dr. Nancy King,Neurology,Atlanta,GA,Fentora,REP-S644,Sarah Dubois,TERR-S04,3,5,3,2,1,36,14.6934,19156.11,4.5274,0.041515,15.3587,synthetic
2001000138,Dr. Robert Johnson,Pain Management,Houston,TX,Abstral,REP-S715,Stephen Rossi,TERR-S05,2,6,5,4,3,20,15.557,22075.32,8.7592,0.07909,16.9196,synthetic
2001000139,Dr. Ashley Martin,Pain Management,Chicago,IL,Subsys,REP-S517,Stanley Brooks,TERR-S03,1,5,10,4,4,16,12.0876,15908.93,6.2778,0.056362,12.8464,synthetic
2001000140,Dr. Melissa Williams,Internal Medicine,Las Vegas,NV,Lazanda,REP-S640,Sloan Novak,TERR-S14,3,8,3,3,3,15,22.093,22597.63,4.1587,0.039015,23.0117,synthetic
2001000141,Dr. Sarah Wilson,Pain Management,Columbus,OH,Subsys,REP-S660,Sloan Dubois,TERR-S06,3,4,4,3,2,18,10.2283,22607.67,6.029,0.053465,10.845,synthetic
2001000142,Dr. Patricia Clark,Anesthesiology,New York,NY,Abstral,REP-S514,Selena Brooks,TERR-S14,2,7,9,5,2,11,18.4897,33613.65,3.1629,0.029564,19.0745,synthetic
2001000143,Dr. Deborah Williams,Palliative Care,Columbus,OH,Subsys,REP-S748,Serena Tanaka,TERR-S10,3,4,4,2,1,15,9.8091,11422.53,4.4327,0.039438,10.2439,synthetic
2001000144,Dr. Barbara Robinson,Palliative Care,Portland,OR,Subsys,REP-S577,Stanley Kapoor,TERR-S07,2,9,6,4,4,22,24.4294,52241.21,6.6129,0.061592,26.0448,synthetic
2001000145,Dr. Laura Gonzalez,Orthopedics,Houston,TX,Subsys,REP-S680,Sloan Kowalski,TERR-S12,3,6,2,2,3,27,16.6073,40349.5,4.9217,0.045376,17.4247,synthetic
2001000146,Dr. Betty White,Pain Management,Miami,FL,Fentora,REP-S589,Seth Nakamura,TERR-S05,2,5,7,5,4,20,12.1865,14069.16,8.8853,0.078917,13.2693,synthetic
2001000147,Dr. David Allen,Neurology,Portland,OR,Lazanda,REP-S724,Sarah Santos,TERR-S14,3,2,2,2,0,18,4.4243,5041.55,2.2981,0.018571,4.526,synthetic
2001000148,Dr. Linda Anderson,Oncology,Chicago,IL,Fentora,REP-S612,Sienna O'Connor,TERR-S14,2,4,8,4,0,15,9.3165,23839.65,4.6499,0.041134,9.7497,synthetic
2001000149,Dr. Michael Brown,Pain Management,Miami,FL,Subsys,REP-S569,Seth Kapoor,TERR-S13,1,4,13,7,3,18,11.1093,20214.14,8.5991,0.075932,12.0646,synthetic
2001000150,Dr. Stephanie Miller,Oncology,Charlotte,NC,Subsys,REP-S717,Stanley Rossi,TERR-S07,2,2,5,5,3,17,3.5865,8517.52,6.673,0.050865,3.8258,synthetic
2001000151,Dr. Ashley Hill,Pain Management,Atlanta,GA,Actiq,REP-S526,Stella Patel,TERR-S12,1,5,12,8,0,24,12.1804,25343.1,2.4155,0.022077,12.4746,synthetic
2001000152,Dr. Kathleen Jones,Orthopedics,Detroit,MI,Subsys,REP-S749,Seth Tanaka,TERR-S11,3,5,3,3,3,21,14.6988,36371.41,4.6817,0.042901,15.387,synthetic
2001000153,Dr. Charles King,Pain Management,Los Angeles,CA,Subsys,REP-S642,Sophia Dubois,TERR-S02,1,5,13,9,7,18,13.3441,32988.76,9.0155,0.080538,14.5471,synthetic
2001000154,Dr. Laura Thompson,Palliative Care,Charlotte,NC,Fentora,REP-S590,Sadie Nakamura,TERR-S06,3,2,5,3,0,14,5.511,14052.58,2.5555,0.021399,5.6519,synthetic
2001000155,Dr. Jessica Harris,Internal Medicine,Austin,TX,Subsys,REP-S803,Sean Vargas,TERR-S09,3,4,4,2,3,21,9.5449,23076.69,2.6824,0.02399,9.8009,synthetic
2001000156,Dr. David Thomas,Pain Management,Miami,FL,Subsys,REP-S575,Stephen Kapoor,TERR-S05,2,6,5,5,6,14,16.3752,34739.73,8.5594,0.077579,17.7769,synthetic
2001000157,Dr. Joseph Lopez,Palliative Care,Chicago,IL,Fentora,REP-S510,Sadie Brooks,TERR-S10,3,7,4,3,4,18,18.4507,16950.44,3.9994,0.037236,19.1886,synthetic
2001000158,Dr. Ashley Adams,Oncology,Chicago,IL,Abstral,REP-S723,Sean Santos,TERR-S13,2,6,9,8,0,15,17.8776,41514.71,7.8128,0.07138,19.2743,synthetic
2001000159,Dr. Rebecca Thomas,Neurology,Jacksonville,FL,Fentora,REP-S665,Simon Kowalski,TERR-S11,3,3,4,2,2,8,6.9675,10319.71,3.9357,0.033838,7.2417,synthetic
2001000160,Dr. Patricia Smith,Internal Medicine,Miami,FL,Abstral,REP-S722,Sophia Santos,TERR-S12,3,3,4,2,0,21,8.1335,18144.78,-0.2715,-0.002421,8.1114,synthetic
2001000161,Dr. Jessica Adams,Psychiatry,Detroit,MI,Actiq,REP-S573,Spencer Kapoor,TERR-S03,3,5,2,2,0,25,14.2958,12742.65,0.8172,0.007609,14.4126,synthetic
2001000162,Dr. Joseph Young,Pain Management,Jacksonville,FL,Fentora,REP-S569,Seth Kapoor,TERR-S13,2,10,6,4,3,21,30.9584,67976.47,7.4792,0.069947,33.2739,synthetic
2001000163,Dr. Sharon Wright,Neurology,Los Angeles,CA,Abstral,REP-S504,Sarah Brooks,TERR-S04,3,2,5,2,3,16,5.8433,10200.63,6.0607,0.050456,6.1974,synthetic
2001000164,Dr. Sarah Ramirez,Palliative Care,Portland,OR,Subsys,REP-S788,Serena Gomez,TERR-S08,2,7,7,5,0,6,19.3579,37452.61,4.4027,0.041012,20.2102,synthetic
2001000165,Dr. Sharon Rivera,Pain Management,Las Vegas,NV,Subsys,REP-S761,Samuel Muller,TERR-S09,3,4,4,3,2,22,11.7441,29786.13,3.8418,0.034792,12.1953,synthetic
2001000166,Dr. Kathleen Jones,Orthopedics,Philadelphia,PA,Subsys,REP-S632,Sienna Novak,TERR-S06,3,5,2,1,1,16,12.2774,31748.36,3.8194,0.034708,12.7463,synthetic
2001000167,Dr. Patricia Taylor,Oncology,New York,NY,Actiq,REP-S721,Samuel Santos,TERR-S11,3,3,2,2,3,29,8.2476,17139.13,6.0693,0.052716,8.7481,synthetic
2001000168,Dr. Elizabeth Gonzalez,Orthopedics,Boston,MA,Abstral,REP-S541,Samuel Chen,TERR-S13,3,3,4,3,2,9,6.0555,13510.65,4.6392,0.039044,6.3364,synthetic
2001000169,Dr. Sharon Miller,Oncology,Jacksonville,FL,Subsys,REP-S773,Spencer Muller,TERR-S07,2,8,9,8,5,20,21.2799,53642.45,8.9685,0.082187,23.1884,synthetic
2001000170,Dr. Deborah Williams,Oncology,New York,NY,Subsys,REP-S613,Spencer O'Connor,TERR-S01,2,7,6,4,4,20,20.4215,49295.13,6.1538,0.057009,21.6782,synthetic
2001000171,Dr. John Nelson,Internal Medicine,Denver,CO,Subsys,REP-S805,Simon Vargas,TERR-S11,3,3,2,1,1,19,7.0491,12719.01,2.9136,0.025196,7.2545,synthetic
2001000172,Dr. Emily Hall,Pain Management,New York,NY,Subsys,REP-S694,Selena Larsson,TERR-S12,1,6,13,10,5,12,17.0325,35948.56,9.0759,0.082249,18.5784,synthetic
2001000173,Dr. Emily Adams,Pain Management,Miami,FL,Subsys,REP-S584,Sarah Nakamura,TERR-S14,2,7,9,8,0,29,18.4088,30244.44,5.1615,0.047795,19.359,synthetic
2001000174,Dr. Kathleen Scott,Neurology,Miami,FL,Subsys,REP-S601,Samuel O'Connor,TERR-S03,2,5,5,3,3,18,13.2902,33085.15,5.4756,0.04967,14.0179,synthetic
2001000175,Dr. Margaret Martin,Oncology,Denver,CO,Lazanda,REP-S598,Summer Nakamura,TERR-S14,2,6,5,3,2,16,16.4524,41709.72,2.6928,0.025068,16.8954,synthetic
2001000176,Dr. Margaret Harris,Anesthesiology,Charlotte,NC,Subsys,REP-S724,Sarah Santos,TERR-S14,2,4,7,7,8,14,11.7005,10052.49,7.3072,0.06515,12.5555,synthetic
2001000177,Dr. Jennifer Lopez,Oncology,Houston,TX,Abstral,REP-S652,Sienna Dubois,TERR-S12,2,6,9,7,4,11,16.354,39523.68,8.8952,0.080498,17.8087,synthetic
2001000178,Dr. Karen Brown,Internal Medicine,Atlanta,GA,Abstral,REP-S751,Silas Tanaka,TERR-S13,2,8,8,6,4,21,23.8092,30273.0,5.944,0.055477,25.2245,synthetic
2001000179,Dr. Elizabeth Torres,Palliative Care,Detroit,MI,Subsys,REP-S759,Solomon Tanaka,TERR-S07,2,8,9,4,3,13,21.6787,44259.94,6.0401,0.056132,22.9881,synthetic
2001000180,Dr. Ashley Smith,Oncology,Philadelphia,PA,Subsys,REP-S606,Stella O'Connor,TERR-S08,3,5,3,2,2,30,12.365,19187.1,6.4039,0.057559,13.1568,synthetic
2001000181,Dr. Linda Hill,Orthopedics,Miami,FL,Abstral,REP-S838,Summer Alvarez,TERR-S02,3,7,2,1,2,21,20.3423,41225.74,2.564,0.024145,20.8638,synthetic
2001000182,Dr. Stephanie Johnson,Emergency Medicine,Seattle,WA,Subsys,REP-S580,Sloan Kapoor,TERR-S10,3,6,4,2,1,10,17.866,35558.12,0.9861,0.009295,18.0422,synthetic
2001000183,Dr. Ashley Gonzalez,Anesthesiology,Portland,OR,Abstral,REP-S840,Sloan Alvarez,TERR-S04,2,4,7,6,0,15,11.5876,18384.41,4.4067,0.039765,12.0982,synthetic
2001000184,Dr. Dorothy Rodriguez,Oncology,Los Angeles,CA,Subsys,REP-S700,Sloan Larsson,TERR-S04,2,7,5,2,1,14,19.0851,46096.21,6.0987,0.056333,20.249,synthetic
2001000185,Dr. Sharon Nelson,Internal Medicine,Austin,TX,Subsys,REP-S568,Serena Kapoor,TERR-S12,3,6,2,1,1,11,16.0971,15918.92,3.8228,0.03536,16.7124,synthetic
2001000186,Dr. William Brown,Anesthesiology,Los Angeles,CA,Fentora,REP-S687,Scott Larsson,TERR-S05,3,8,5,3,4,23,21.5075,52726.07,2.9577,0.027871,22.1437,synthetic
2001000187,Dr. Margaret Allen,Anesthesiology,Seattle,WA,Subsys,REP-S688,Serena Larsson,TERR-S06,3,5,3,1,1,26,13.4392,13449.69,2.4576,0.022617,13.7695,synthetic
2001000188,Dr. Betty Harris,Pain Management,Chicago,IL,Subsys,REP-S762,Sophia Muller,TERR-S10,2,6,8,6,2,11,17.0292,17615.59,8.4959,0.07719,18.476,synthetic
2001000189,Dr. Lisa Rodriguez,Palliative Care,Atlanta,GA,Subsys,REP-S753,Spencer Tanaka,TERR-S01,3,4,2,1,0,20,10.3699,15145.93,1.0858,0.009855,10.4825,synthetic
2001000190,Dr. Dorothy Lewis,Neurology,Nashville,TN,Subsys,REP-S710,Sadie Rossi,TERR-S14,2,5,6,5,4,18,12.7026,28180.78,6.5039,0.058545,13.5288,synthetic
2001000191,Dr. Michelle Brown,Pain Management,Los Angeles,CA,Actiq,REP-S677,Stanley Kowalski,TERR-S09,3,5,4,3,4,17,13.0861,12832.79,6.0552,0.054728,13.8785,synthetic
2001000192,Dr. Michael Rivera,Pain Management,Nashville,TN,Subsys,REP-S648,Serena Dubois,TERR-S08,2,4,5,4,0,19,10.1718,21463.36,4.2302,0.037792,10.602,synthetic
2001000193,Dr. James Sanchez,Pain Management,Phoenix,AZ,Subsys,REP-S711,Silas Rossi,TERR-S01,2,4,9,8,2,14,11.8681,21704.18,6.6807,0.059792,12.661,synthetic
2001000194,Dr. Carol Lee,Internal Medicine,Philadelphia,PA,Subsys,REP-S687,Scott Larsson,TERR-S05,3,5,2,1,0,26,14.3775,29313.84,1.5296,0.0142,14.5974,synthetic
2001000195,Dr. Lisa Mitchell,Pain Management,Las Vegas,NV,Abstral,REP-S660,Sloan Dubois,TERR-S06,2,5,7,6,1,12,12.1363,24022.19,6.3378,0.056903,12.9054,synthetic
2001000196,Dr. Robert Campbell,Oncology,Las Vegas,NV,Abstral,REP-S581,Samuel Nakamura,TERR-S11,3,5,2,2,0,11,13.866,25762.35,0.3156,0.002939,13.9098,synthetic
2001000197,Dr. Sharon Allen,Pain Management,Philadelphia,PA,Fentora,REP-S841,Samuel Kim,TERR-S05,2,3,7,4,3,22,7.2752,6771.05,4.945,0.042556,7.6349,synthetic
2001000198,Dr. Betty Perez,Oncology,Denver,CO,Subsys,REP-S837,Stanley Alvarez,TERR-S01,2,6,5,5,4,17,15.744,34338.79,4.9028,0.045069,16.5159,synthetic
2001000199,Dr. Ashley Rodriguez,Palliative Care,Columbus,OH,Abstral,REP-S823,Sean Alvarez,TERR-S01,2,4,7,6,7,20,10.0699,17230.72,9.3272,0.081439,11.0091,synthetic
2001000200,Dr. Sharon Lee,Pain Management,Columbus,OH,Lazanda,REP-S545,Simon Chen,TERR-S03,1,3,9,6,0,21,7.9831,19567.71,4.7033,0.040948,8.3586,synthetic
2001000201,Dr. Lisa Perez,Pain Management,Los Angeles,CA,Subsys,REP-S808,Serena Vargas,TERR-S14,1,5,13,9,3,12,14.7794,29699.82,9.5879,0.085997,16.1964,synthetic
2001000202,Dr. Deborah Nguyen,Oncology,Detroit,MI,Subsys,REP-S557,Stanley Chen,TERR-S01,2,5,7,4,0,18,13.7161,14971.24,3.1302,0.028758,14.1454,synthetic
2001000203,Dr. Amanda Martinez,Pain Management,New York,NY,Subsys,REP-S501,Samuel Brooks,TERR-S01,2,4,6,5,3,15,11.5116,19480.73,8.4689,0.075033,12.4865,synthetic
2001000204,Dr. Jessica Green,Pain Management,Charlotte,NC,Abstral,REP-S847,Scott Kim,TERR-S11,3,5,5,3,1,24,12.1376,15013.41,5.6969,0.051294,12.8291,synthetic
2001000205,Dr. John Hill,Neurology,New York,NY,Abstral,REP-S665,Simon Kowalski,TERR-S11,3,7,3,3,0,17,18.97,29058.34,3.8541,0.035957,19.7011,synthetic
2001000206,Dr. Kimberly Lewis,Oncology,Columbus,OH,Actiq,REP-S669,Seth Kowalski,TERR-S01,3,5,5,3,3,10,12.369,25518.98,6.3844,0.05739,13.1587,synthetic
2001000207,Dr. Donna Thomas,Oncology,Miami,FL,Actiq,REP-S530,Sadie Patel,TERR-S02,1,5,11,5,5,8,13.3913,27238.05,9.19,0.082053,14.622,synthetic
2001000208,Dr. Barbara Allen,Family Practice,Chicago,IL,Subsys,REP-S591,Silas Nakamura,TERR-S07,3,8,4,3,0,18,23.2221,39394.71,1.8433,0.017518,23.6502,synthetic
2001000209,Dr. Sandra Sanchez,Palliative Care,Atlanta,GA,Lazanda,REP-S799,Solomon Gomez,TERR-S05,3,2,4,2,0,18,5.6536,9774.62,1.7222,0.014528,5.751,synthetic
2001000210,Dr. Melissa White,Oncology,Miami,FL,Actiq,REP-S702,Sophia Rossi,TERR-S06,3,4,3,3,1,7,9.8073,19427.17,3.6814,0.032862,10.1684,synthetic
2001000211,Dr. Michael Rivera,Oncology,New York,NY,Subsys,REP-S586,Stella Nakamura,TERR-S02,2,6,8,5,0,25,17.0766,39397.74,3.0282,0.028206,17.5937,synthetic
2001000212,Dr. Barbara Allen,Anesthesiology,Seattle,WA,Subsys,REP-S539,Solomon Patel,TERR-S11,3,9,2,1,0,16,26.5711,41386.2,0.3616,0.003479,26.6672,synthetic
2001000213,Dr. Laura Adams,Pain Management,Los Angeles,CA,Subsys,REP-S562,Sophia Kapoor,TERR-S06,3,5,2,2,1,24,12.2358,24548.09,5.1255,0.046295,12.863,synthetic
2001000214,Dr. Michael Jones,Oncology,Baltimore,MD,Subsys,REP-S517,Stanley Brooks,TERR-S03,2,4,9,6,6,19,11.2385,29012.91,7.751,0.068758,12.1096,synthetic
2001000215,Dr. Robert Adams,Anesthesiology,Nashville,TN,Abstral,REP-S645,Simon Dubois,TERR-S05,3,8,5,3,3,23,21.8686,27661.52,5.3115,0.049545,23.0302,synthetic
2001000216,Dr. Donna Thomas,Palliative Care,Detroit,MI,Subsys,REP-S594,Selena Nakamura,TERR-S10,3,8,5,4,3,10,21.4718,48927.88,3.6557,0.034334,22.2568,synthetic
2001000217,Dr. Michael Mitchell,Pain Management,Phoenix,AZ,Subsys,REP-S649,Seth Dubois,TERR-S09,3,7,5,4,5,21,18.7298,39212.95,6.6789,0.061475,19.9807,synthetic
2001000218,Dr. Linda Rodriguez,Pain Management,Chicago,IL,Fentora,REP-S849,Seth Kim,TERR-S13,1,3,10,7,6,11,7.9291,9640.94,9.6611,0.082309,8.6951,synthetic
2001000219,Dr. Deborah Lopez,Palliative Care,Detroit,MI,Subsys,REP-S764,Sarah Muller,TERR-S12,2,7,5,2,3,12,18.2348,19650.32,6.1787,0.056923,19.3614,synthetic
2001000220,Dr. Elizabeth Harris,Pain Management,Houston,TX,Abstral,REP-S729,Seth Santos,TERR-S05,2,3,5,4,3,16,7.9517,12859.3,7.6657,0.065875,8.5613,synthetic
2001000221,Dr. Mary Wright,Oncology,Las Vegas,NV,Subsys,REP-S626,Stella Novak,TERR-S14,2,6,6,3,4,15,17.6228,34432.66,5.0314,0.046514,18.5095,synthetic
2001000222,Dr. Susan Torres,Palliative Care,Los Angeles,CA,Actiq,REP-S747,Scott Tanaka,TERR-S09,3,5,3,1,1,7,13.9865,34326.92,2.031,0.018778,14.2705,synthetic
2001000223,Dr. Kathleen Johnson,Internal Medicine,Chicago,IL,Abstral,REP-S758,Summer Tanaka,TERR-S06,3,8,4,3,1,18,21.3474,52769.41,2.1134,0.019987,21.7985,synthetic
2001000224,Dr. Margaret White,Oncology,Seattle,WA,Actiq,REP-S704,Sarah Rossi,TERR-S08,2,5,5,4,4,27,13.3897,33268.17,7.0865,0.063858,14.3386,synthetic
2001000225,Dr. Michelle Sanchez,Anesthesiology,Las Vegas,NV,Fentora,REP-S606,Stella O'Connor,TERR-S08,2,5,9,7,0,21,13.7427,25330.21,6.5324,0.059111,14.6404,synthetic
2001000226,Dr. Deborah Green,Pain Management,Chicago,IL,Abstral,REP-S758,Summer Tanaka,TERR-S06,3,5,2,1,0,15,14.708,22573.06,1.5828,0.014712,14.9408,synthetic
2001000227,Dr. Donna Martin,Pain Management,Chicago,IL,Subsys,REP-S702,Sophia Rossi,TERR-S06,3,7,3,2,2,13,20.1893,37499.43,4.3586,0.04069,21.0693,synthetic
2001000228,Dr. Betty Perez,Internal Medicine,Baltimore,MD,Actiq,REP-S666,Stella Kowalski,TERR-S12,2,8,5,4,3,16,21.8568,41286.83,4.9272,0.04604,22.9337,synthetic
2001000229,Dr. Deborah Carter,Oncology,Philadelphia,PA,Abstral,REP-S688,Serena Larsson,TERR-S06,3,6,4,3,3,17,15.4589,37188.85,6.3293,0.057747,16.4373,synthetic
2001000230,Dr. Charles Rodriguez,Oncology,Denver,CO,Lazanda,REP-S528,Serena Patel,TERR-S14,2,3,5,5,3,13,8.1038,17619.09,7.9398,0.068291,8.7472,synthetic
2001000231,Dr. John Lee,Oncology,Philadelphia,PA,Subsys,REP-S545,Simon Chen,TERR-S03,1,3,12,10,4,17,7.8153,7146.74,11.799,0.099488,8.7374,synthetic
2001000232,Dr. Richard Moore,Anesthesiology,Phoenix,AZ,Subsys,REP-S537,Stanley Patel,TERR-S09,3,6,3,3,4,11,16.6632,33412.78,6.2384,0.057185,17.7027,synthetic
2001000233,Dr. William White,Pain Management,Las Vegas,NV,Subsys,REP-S637,Stanley Novak,TERR-S11,3,9,4,1,1,12,24.0848,22235.37,3.0927,0.029262,24.8297,synthetic
2001000234,Dr. Mary Lewis,Pain Management,Phoenix,AZ,Fentora,REP-S593,Spencer Nakamura,TERR-S09,3,6,3,2,1,14,16.0084,33291.48,2.4287,0.022602,16.3972,synthetic
2001000235,Dr. Betty Gonzalez,Pain Management,New York,NY,Abstral,REP-S532,Sienna Patel,TERR-S04,2,4,6,5,1,12,9.7102,13859.0,7.3119,0.064187,10.4202,synthetic
2001000236,Dr. Margaret Jackson,Internal Medicine,Atlanta,GA,Abstral,REP-S813,Spencer Vargas,TERR-S05,3,5,3,2,3,14,14.6324,19646.54,3.4118,0.031436,15.1316,synthetic
2001000237,Dr. Margaret Gonzalez,Internal Medicine,Jacksonville,FL,Subsys,REP-S581,Samuel Nakamura,TERR-S11,3,5,4,2,3,24,14.0805,30478.25,5.0582,0.046147,14.7928,synthetic
2001000238,Dr. Sharon Williams,Family Practice,Seattle,WA,Subsys,REP-S792,Sienna Gomez,TERR-S12,3,4,5,4,4,13,11.7315,25168.81,5.5487,0.049865,12.3824,synthetic
2001000239,Dr. Carol Thomas,Anesthesiology,Charlotte,NC,Abstral,REP-S699,Solomon Larsson,TERR-S03,2,4,6,5,3,20,9.4692,22610.24,7.1852,0.062965,10.1496,synthetic
2001000240,Dr. Joseph Anderson,Pain Management,Baltimore,MD,Subsys,REP-S571,Silas Kapoor,TERR-S01,2,7,8,7,0,16,19.1578,26825.55,3.408,0.031876,19.8107,synthetic
2001000241,Dr. Barbara Scott,Anesthesiology,Baltimore,MD,Subsys,REP-S732,Sienna Santos,TERR-S08,2,6,7,5,2,18,16.9721,31648.79,4.6583,0.043051,17.7627,synthetic
2001000242,Dr. Patricia Robinson,Palliative Care,Los Angeles,CA,Abstral,REP-S742,Sophia Tanaka,TERR-S04,3,8,2,1,0,23,22.75,24071.69,0.687,0.006559,22.9063,synthetic
2001000243,Dr. Barbara Gonzalez,Anesthesiology,Seattle,WA,Subsys,REP-S703,Sean Rossi,TERR-S07,2,4,9,7,3,17,10.4561,11185.6,6.3972,0.056747,11.125,synthetic
2001000244,Dr. Emily Sanchez,Orthopedics,Las Vegas,NV,Abstral,REP-S756,Sasha Tanaka,TERR-S04,3,4,2,1,2,18,11.2633,25535.89,1.628,0.014842,11.4466,synthetic
2001000245,Dr. Barbara Martinez,Pain Management,Nashville,TN,Abstral,REP-S503,Sean Brooks,TERR-S03,1,4,10,5,3,11,10.7077,25109.16,6.9658,0.061761,11.4536,synthetic
2001000246,Dr. Thomas Flores,Anesthesiology,Boston,MA,Actiq,REP-S842,Sophia Kim,TERR-S06,3,5,4,2,2,17,12.0533,21293.46,2.6549,0.024219,12.3733,synthetic
2001000247,Dr. Karen Martin,Oncology,Houston,TX,Fentora,REP-S784,Sarah Gomez,TERR-S04,2,10,5,3,3,27,29.1919,68448.95,5.3308,0.050258,30.7481,synthetic
2001000248,Dr. Michelle Mitchell,Anesthesiology,Philadelphia,PA,Actiq,REP-S532,Sienna Patel,TERR-S04,2,5,9,8,8,11,12.4466,21671.31,7.41,0.066339,13.3689,synthetic
2001000249,Dr. Dorothy Williams,Neurology,Los Angeles,CA,Fentora,REP-S520,Sloan Brooks,TERR-S06,3,10,2,1,1,23,34.5802,68245.03,2.8253,0.027089,35.5572,synthetic
2001000250,Dr. Richard Hall,Neurology,Portland,OR,Subsys,REP-S803,Sean Vargas,TERR-S09,3,4,5,4,2,13,9.7598,10051.01,3.9942,0.035589,10.1496,synthetic
2001000251,Dr. Betty Robinson,Oncology,Boston,MA,Subsys,REP-S620,Sloan O'Connor,TERR-S08,2,10,9,7,3,28,27.3252,48823.4,6.6956,0.062592,29.1547,synthetic
2001000252,Dr. Jennifer Garcia,Pain Management,Detroit,MI,Abstral,REP-S669,Seth Kowalski,TERR-S01,2,6,7,6,1,16,15.2762,15851.0,8.3268,0.075248,16.5482,synthetic
2001000253,Dr. Charles Perez,Pain Management,Charlotte,NC,Subsys,REP-S814,Selena Vargas,TERR-S06,2,10,6,5,6,14,36.5908,66269.32,7.4672,0.070165,39.3231,synthetic
2001000254,Dr. Charles Brown,Pain Management,Phoenix,AZ,Subsys,REP-S580,Sloan Kapoor,TERR-S10,2,8,5,4,3,18,21.5368,51514.24,7.5502,0.069667,23.1628,synthetic
2001000255,Dr. Richard Lee,Oncology,Denver,CO,Fentora,REP-S530,Sadie Patel,TERR-S02,2,4,7,5,4,24,10.5994,9152.51,7.4339,0.065723,11.3873,synthetic
2001000256,Dr. Sharon Jackson,Neurology,Jacksonville,FL,Abstral,REP-S676,Sasha Kowalski,TERR-S08,3,6,2,2,3,17,16.2517,25409.0,4.2386,0.039152,16.9405,synthetic
2001000257,Dr. Thomas Thompson,Internal Medicine,Miami,FL,Abstral,REP-S708,Serena Rossi,TERR-S12,3,3,4,3,0,8,8.3798,20596.54,2.0571,0.018211,8.5521,synthetic
2001000258,Dr. Amanda Wilson,Anesthesiology,Boston,MA,Actiq,REP-S824,Sarah Alvarez,TERR-S02,2,5,9,7,3,27,12.7002,21287.84,5.341,0.048325,13.3785,synthetic
2001000259,Dr. Laura Wilson,Internal Medicine,Austin,TX,Abstral,REP-S737,Stanley Santos,TERR-S13,3,6,4,2,1,22,15.8493,26393.79,5.2948,0.048605,16.6885,synthetic
2001000260,Dr. Susan Carter,Pain Management,Nashville,TN,Abstral,REP-S632,Sienna Novak,TERR-S06,3,10,4,3,3,15,41.1836,58925.15,6.6185,0.062614,43.9093,synthetic
2001000261,Dr. Ashley Hall,Pain Management,Nashville,TN,Subsys,REP-S545,Simon Chen,TERR-S03,1,5,9,6,1,24,12.9989,15813.89,4.8082,0.043679,13.6239,synthetic
2001000262,Dr. Amanda Miller,Oncology,Philadelphia,PA,Actiq,REP-S776,Sasha Muller,TERR-S10,3,7,4,2,2,15,18.6524,17161.02,5.1368,0.047603,19.6105,synthetic
2001000263,Dr. Rebecca Lopez,Neurology,Nashville,TN,Subsys,REP-S656,Sasha Dubois,TERR-S02,2,4,9,7,3,28,11.2691,12791.25,5.6458,0.050557,11.9053,synthetic
2001000264,Dr. Robert Campbell,Oncology,Charlotte,NC,Actiq,REP-S848,Serena Kim,TERR-S12,2,5,6,5,1,18,14.7695,26027.8,6.7927,0.061678,15.7728,synthetic
2001000265,Dr. Elizabeth Ramirez,Anesthesiology,Nashville,TN,Abstral,REP-S652,Sienna Dubois,TERR-S12,2,7,6,5,4,35,18.0923,17274.47,5.7243,0.052825,19.128,synthetic
2001000266,Dr. Barbara Scott,Palliative Care,Miami,FL,Lazanda,REP-S600,Sloan Nakamura,TERR-S02,2,4,6,5,0,21,10.9886,16108.57,2.8567,0.025847,11.3025,synthetic
2001000267,Dr. Kimberly King,Pain Management,Seattle,WA,Subsys,REP-S628,Serena Novak,TERR-S02,1,9,12,10,6,22,24.1333,59470.36,6.5762,0.061232,25.7204,synthetic
2001000268,Dr. Amanda Nelson,Oncology,Las Vegas,NV,Subsys,REP-S714,Selena Rossi,TERR-S04,2,6,6,5,0,19,15.4096,17745.13,2.7959,0.025917,15.8405,synthetic
2001000269,Dr. Charles Scott,Oncology,Los Angeles,CA,Subsys,REP-S797,Stanley Gomez,TERR-S03,1,5,12,9,2,19,14.4276,32627.0,7.3103,0.066129,15.4823,synthetic
2001000270,Dr. Melissa Martin,Pain Management,Seattle,WA,Abstral,REP-S683,Sean Larsson,TERR-S01,2,5,6,5,5,21,12.9529,14991.2,8.3618,0.07476,14.036,synthetic
2001000271,Dr. Mary Johnson,Internal Medicine,Charlotte,NC,Subsys,REP-S548,Serena Chen,TERR-S06,3,7,2,1,0,22,18.9143,22438.68,1.8124,0.017067,19.2571,synthetic
2001000272,Dr. Melissa Lewis,Anesthesiology,Phoenix,AZ,Fentora,REP-S629,Seth Novak,TERR-S03,2,7,9,6,2,12,18.4606,34800.1,6.1864,0.057028,19.6026,synthetic
2001000273,Dr. Elizabeth Carter,Oncology,Phoenix,AZ,Abstral,REP-S582,Sophia Nakamura,TERR-S12,1,10,10,8,9,27,32.0324,77326.28,5.6336,0.05319,33.8369,synthetic
2001000274,Dr. Laura Green,Pain Management,Las Vegas,NV,Abstral,REP-S685,Simon Larsson,TERR-S03,1,8,9,5,6,14,22.0888,32791.36,8.9299,0.081977,24.0613,synthetic
2001000275,Dr. Patricia Davis,Pain Management,Miami,FL,Fentora,REP-S762,Sophia Muller,TERR-S10,3,2,3,2,3,10,5.0587,12824.97,5.017,0.041035,5.3125,synthetic
2001000276,Dr. Thomas Torres,Psychiatry,Los Angeles,CA,Actiq,REP-S629,Seth Novak,TERR-S03,3,3,2,2,1,19,7.1696,16326.59,2.0328,0.017683,7.3153,synthetic
2001000277,Dr. Stephanie Walker,Oncology,Denver,CO,Fentora,REP-S788,Serena Gomez,TERR-S08,3,8,2,2,2,15,22.5903,32120.31,3.2562,0.030706,23.3259,synthetic
2001000278,Dr. Emily Wilson,Palliative Care,Philadelphia,PA,Abstral,REP-S743,Sean Tanaka,TERR-S05,3,3,2,2,1,7,7.9751,10534.21,4.6397,0.0404,8.3451,synthetic
2001000279,Dr. Lisa Gonzalez,Oncology,Las Vegas,NV,Lazanda,REP-S570,Sadie Kapoor,TERR-S14,2,5,9,8,8,23,13.3478,32188.11,5.9339,0.053734,14.1398,synthetic
2001000280,Dr. Deborah Wright,Oncology,Miami,FL,Actiq,REP-S777,Stanley Muller,TERR-S11,3,4,4,3,3,16,11.5315,27859.08,4.6371,0.041785,12.0663,synthetic
2001000281,Dr. Robert Thompson,Emergency Medicine,Denver,CO,Lazanda,REP-S531,Silas Patel,TERR-S03,3,6,3,2,0,24,17.2394,27416.52,0.0585,0.000552,17.2495,synthetic
2001000282,Dr. Donna Nguyen,Pain Management,Boston,MA,Actiq,REP-S673,Spencer Kowalski,TERR-S05,3,4,3,2,1,12,11.5829,11526.06,2.9317,0.02663,11.9224,synthetic
2001000283,Dr. Lisa Lee,Palliative Care,Denver,CO,Actiq,REP-S655,Stephen Dubois,TERR-S01,3,7,4,3,3,29,18.6553,36909.62,2.669,0.025017,19.1532,synthetic
2001000284,Dr. Rebecca Moore,Palliative Care,Philadelphia,PA,Abstral,REP-S572,Sienna Kapoor,TERR-S02,2,4,7,5,0,22,10.3415,18546.98,0.9686,0.008793,10.4416,synthetic
2001000285,Dr. James Moore,Oncology,Seattle,WA,Abstral,REP-S588,Serena Nakamura,TERR-S04,2,3,7,5,0,21,7.1294,15856.53,4.8119,0.041333,7.4725,synthetic
2001000286,Dr. Amanda Adams,Orthopedics,Nashville,TN,Subsys,REP-S783,Sean Gomez,TERR-S03,3,6,5,5,3,15,15.7816,30512.26,5.9989,0.05488,16.7283,synthetic
2001000287,Dr. Lisa Williams,Neurology,Denver,CO,Subsys,REP-S503,Sean Brooks,TERR-S03,2,7,7,5,4,22,19.4268,43446.4,5.2893,0.04908,20.4544,synthetic
2001000288,Dr. Sarah Campbell,Family Practice,Seattle,WA,Abstral,REP-S586,Stella Nakamura,TERR-S02,3,5,3,2,2,13,12.4352,17994.74,-0.0826,-0.000765,12.425,synthetic
2001000289,Dr. Ashley Martin,Anesthesiology,Jacksonville,FL,Abstral,REP-S672,Sienna Kowalski,TERR-S04,2,6,8,4,0,21,15.4197,35281.14,1.099,0.010267,15.5892,synthetic
2001000290,Dr. Nancy Young,Oncology,Los Angeles,CA,Subsys,REP-S536,Sasha Patel,TERR-S08,2,4,5,3,4,31,11.8669,21615.82,6.6141,0.059212,12.6517,synthetic
2001000291,Dr. Margaret Jones,Oncology,Detroit,MI,Abstral,REP-S535,Stephen Patel,TERR-S07,2,5,9,7,1,19,12.2664,21903.07,2.348,0.021477,12.5544,synthetic
2001000292,Dr. Nancy Moore,Orthopedics,Detroit,MI,Subsys,REP-S598,Summer Nakamura,TERR-S14,3,5,2,2,3,24,14.7687,16773.02,2.752,0.025448,15.1752,synthetic
2001000293,Dr. Laura Lewis,Pain Management,Seattle,WA,Abstral,REP-S715,Stephen Rossi,TERR-S05,2,4,5,3,4,14,9.5942,18790.36,6.0413,0.053266,10.1739,synthetic
2001000294,Dr. Jennifer Brown,Family Practice,Denver,CO,Subsys,REP-S709,Seth Rossi,TERR-S13,3,6,3,2,3,23,16.9759,18509.52,1.8609,0.017422,17.2918,synthetic
2001000295,Dr. Margaret Davis,Oncology,Boston,MA,Fentora,REP-S740,Sloan Santos,TERR-S02,1,3,11,4,1,13,6.9281,17835.87,6.4066,0.054474,7.372,synthetic
2001000296,Dr. Rebecca Brown,Internal Medicine,Miami,FL,Subsys,REP-S774,Selena Muller,TERR-S08,3,7,4,3,3,9,19.3496,19789.34,5.8274,0.05393,20.4771,synthetic
2001000297,Dr. Sandra Flores,Palliative Care,Austin,TX,Subsys,REP-S841,Samuel Kim,TERR-S05,3,3,4,3,3,27,7.1955,10312.7,7.453,0.063384,7.7318,synthetic
2001000298,Dr. Donna Allen,Palliative Care,Portland,OR,Abstral,REP-S808,Serena Vargas,TERR-S14,2,4,8,4,0,11,10.4891,22251.09,3.4086,0.030645,10.8466,synthetic
2001000299,Dr. Elizabeth Adams,Pain Management,Philadelphia,PA,Actiq,REP-S706,Stella Rossi,TERR-S10,3,4,5,5,3,20,10.5918,27333.6,4.5742,0.040946,11.0763,synthetic
2001000300,Dr. Deborah Wright,Anesthesiology,Miami,FL,Fentora,REP-S813,Spencer Vargas,TERR-S05,3,3,2,1,0,12,8.5992,20908.22,0.6839,0.006108,8.6581,synthetic
2001000301,Dr. Kimberly Clark,Anesthesiology,Los Angeles,CA,Subsys,REP-S683,Sean Larsson,TERR-S01,2,3,8,6,0,11,8.4506,15370.47,1.732,0.015369,8.597,synthetic
2001000302,Dr. David Moore,Pain Management,Los Angeles,CA,Lazanda,REP-S795,Stephen Gomez,TERR-S01,2,7,5,4,5,14,19.8407,29876.71,5.7443,0.053243,20.9804,synthetic
2001000303,Dr. Thomas Ramirez,Palliative Care,Denver,CO,Abstral,REP-S514,Selena Brooks,TERR-S14,2,4,9,5,0,17,9.8012,14770.26,3.3631,0.030061,10.1308,synthetic
2001000304,Dr. Kimberly Hernandez,Internal Medicine,Las Vegas,NV,Subsys,REP-S782,Sophia Gomez,TERR-S02,2,4,8,4,2,14,9.1991,9421.58,2.4485,0.021844,9.4243,synthetic
2001000305,Dr. Sharon Jones,Anesthesiology,Austin,TX,Actiq,REP-S817,Stanley Vargas,TERR-S09,3,6,3,1,1,10,17.5482,31156.86,3.1833,0.029672,18.1068,synthetic
2001000306,Dr. Thomas Williams,Neurology,Philadelphia,PA,Actiq,REP-S556,Sasha Chen,TERR-S14,3,5,4,2,2,27,13.3597,15844.4,3.5982,0.032928,13.8404,synthetic
2001000307,Dr. Margaret Robinson,Anesthesiology,Phoenix,AZ,Subsys,REP-S579,Solomon Kapoor,TERR-S09,3,9,3,3,3,18,24.4976,42881.75,3.1387,0.02971,25.2665,synthetic
2001000308,Dr. Donna Walker,Oncology,Jacksonville,FL,Abstral,REP-S503,Sean Brooks,TERR-S03,1,6,14,8,9,13,15.7859,19996.44,9.0875,0.082005,17.2204,synthetic
2001000309,Dr. Stephanie Lee,Oncology,Seattle,WA,Fentora,REP-S814,Selena Vargas,TERR-S06,3,3,2,1,1,15,7.2689,17082.26,4.7413,0.040834,7.6136,synthetic
2001000310,Dr. Charles Clark,Palliative Care,Charlotte,NC,Actiq,REP-S712,Sienna Rossi,TERR-S02,2,9,5,4,5,21,24.3729,55127.63,8.672,0.080014,26.4865,synthetic
2001000311,Dr. Richard Hall,Palliative Care,Los Angeles,CA,Actiq,REP-S825,Simon Alvarez,TERR-S03,2,7,6,4,3,13,20.9621,39310.67,5.7907,0.053797,22.1759,synthetic
2001000312,Dr. Rebecca Walker,Neurology,Nashville,TN,Abstral,REP-S556,Sasha Chen,TERR-S14,3,8,5,3,1,12,22.04,20769.1,1.8269,0.017325,22.4427,synthetic
2001000313,Dr. Stephanie Hernandez,Palliative Care,Portland,OR,Fentora,REP-S823,Sean Alvarez,TERR-S01,2,5,6,4,2,17,13.8303,12838.24,5.8562,0.053174,14.6403,synthetic
2001000314,Dr. Charles Wilson,Pain Management,Baltimore,MD,Lazanda,REP-S668,Serena Kowalski,TERR-S14,2,6,6,5,5,23,16.7981,41342.55,6.0059,0.055136,17.807,synthetic
2001000315,Dr. Elizabeth Hall,Family Practice,Charlotte,NC,Actiq,REP-S810,Sadie Vargas,TERR-S02,3,4,4,3,0,15,9.6491,21615.85,3.4851,0.03109,9.9854,synthetic
2001000316,Dr. Joseph Walker,Oncology,Denver,CO,Subsys,REP-S760,Sloan Tanaka,TERR-S08,2,3,6,5,3,9,8.1188,10952.39,8.8829,0.076116,8.84,synthetic
2001000317,Dr. Joseph Hill,Oncology,Columbus,OH,Subsys,REP-S632,Sienna Novak,TERR-S06,3,7,5,2,3,17,20.0662,25720.17,5.9337,0.054981,21.2568,synthetic
2001000318,Dr. Sarah Nelson,Psychiatry,Boston,MA,Subsys,REP-S639,Solomon Novak,TERR-S13,3,6,3,2,2,12,15.967,28197.61,0.4991,0.004686,16.0467,synthetic
2001000319,Dr. Richard Thomas,Neurology,Philadelphia,PA,Abstral,REP-S577,Stanley Kapoor,TERR-S07,3,4,4,3,1,16,10.353,18533.11,3.1321,0.028162,10.6772,synthetic
2001000320,Dr. Lisa Nelson,Internal Medicine,Philadelphia,PA,Actiq,REP-S771,Silas Muller,TERR-S05,3,5,2,2,0,9,12.6386,17807.96,0.7127,0.006583,12.7286,synthetic
2001000321,Dr. Amanda Garcia,Pain Management,Atlanta,GA,Subsys,REP-S599,Solomon Nakamura,TERR-S01,2,4,7,4,5,18,10.1496,21697.09,7.3993,0.065185,10.9006,synthetic
2001000322,Dr. William Mitchell,Anesthesiology,Portland,OR,Actiq,REP-S781,Samuel Gomez,TERR-S01,3,4,3,2,1,16,10.7559,14920.54,4.8996,0.043852,11.2829,synthetic
2001000323,Dr. Kathleen Nelson,Pain Management,Portland,OR,Subsys,REP-S523,Sean Patel,TERR-S09,3,3,2,1,1,14,6.8566,14853.34,4.782,0.040886,7.1845,synthetic
2001000324,Dr. William Jones,Oncology,Nashville,TN,Subsys,REP-S684,Sarah Larsson,TERR-S02,1,6,10,7,7,28,16.6469,35106.59,6.6704,0.061024,17.7573,synthetic
2001000325,Dr. Linda Martin,Pain Management,Portland,OR,Abstral,REP-S776,Sasha Muller,TERR-S10,2,3,6,5,3,19,8.4057,21371.9,7.7872,0.067278,9.0603,synthetic
2001000326,Dr. Emily Ramirez,Anesthesiology,Philadelphia,PA,Fentora,REP-S578,Summer Kapoor,TERR-S08,2,3,8,4,4,20,6.077,14120.02,7.0898,0.059099,6.5079,synthetic
2001000327,Dr. Rebecca Carter,Internal Medicine,Phoenix,AZ,Lazanda,REP-S633,Spencer Novak,TERR-S07,3,7,4,3,4,20,18.1266,33655.64,5.4533,0.050391,19.1151,synthetic
2001000328,Dr. Dorothy Carter,Anesthesiology,Seattle,WA,Subsys,REP-S798,Summer Gomez,TERR-S04,2,6,7,5,2,10,16.4172,26827.57,6.5307,0.059737,17.4894,synthetic
2001000329,Dr. Laura Walker,Palliative Care,Austin,TX,Abstral,REP-S691,Silas Larsson,TERR-S09,3,5,2,1,1,21,14.9544,34191.74,2.0706,0.019223,15.264,synthetic
2001000330,Dr. Deborah Robinson,Oncology,Atlanta,GA,Abstral,REP-S656,Sasha Dubois,TERR-S02,1,6,14,11,3,17,17.2311,26918.47,7.5215,0.068677,18.5271,synthetic
2001000331,Dr. Robert Garcia,Orthopedics,Charlotte,NC,Subsys,REP-S533,Spencer Patel,TERR-S05,3,7,4,3,0,15,19.9759,30849.52,1.5173,0.014346,20.279,synthetic
2001000332,Dr. William Harris,Pain Management,Boston,MA,Subsys,REP-S616,Sasha O'Connor,TERR-S04,1,7,14,12,13,21,19.0377,40270.2,10.0587,0.091272,20.9526,synthetic
2001000333,Dr. Dorothy Thomas,Pain Management,Atlanta,GA,Subsys,REP-S648,Serena Dubois,TERR-S08,2,3,8,7,0,12,8.4592,17758.49,2.7499,0.024294,8.6918,synthetic
2001000334,Dr. Kimberly Wilson,Anesthesiology,Jacksonville,FL,Subsys,REP-S847,Scott Kim,TERR-S11,3,4,4,3,4,25,9.599,10559.79,4.67,0.041424,10.0473,synthetic
2001000335,Dr. Patricia King,Internal Medicine,Detroit,MI,Fentora,REP-S643,Sean Dubois,TERR-S03,3,5,2,1,2,15,13.677,33353.69,1.466,0.013569,13.8775,synthetic
2001000336,Dr. Ashley Scott,Oncology,Phoenix,AZ,Abstral,REP-S522,Sophia Patel,TERR-S08,2,3,7,6,7,19,8.8478,22468.46,11.6542,0.099581,9.879,synthetic
2001000337,Dr. Richard Perez,Oncology,Baltimore,MD,Fentora,REP-S690,Sadie Larsson,TERR-S08,2,4,6,5,4,14,10.7365,27736.23,6.6951,0.059444,11.4553,synthetic
2001000338,Dr. Karen Green,Palliative Care,Jacksonville,FL,Abstral,REP-S560,Sloan Chen,TERR-S04,2,8,6,4,3,16,21.0894,24793.12,6.9751,0.06447,22.5604,synthetic
2001000339,Dr. Betty Perez,Pain Management,Detroit,MI,Subsys,REP-S518,Summer Brooks,TERR-S04,2,5,9,6,4,11,13.7571,32210.53,9.4676,0.084581,15.0596,synthetic
2001000340,Dr. Jennifer Carter,Pain Management,Portland,OR,Abstral,REP-S540,Sloan Patel,TERR-S12,1,6,9,5,5,11,15.3387,38581.31,9.5102,0.085518,16.7975,synthetic
2001000341,Dr. Rebecca Martin,Pain Management,Detroit,MI,Subsys,REP-S558,Summer Chen,TERR-S02,1,8,9,5,1,10,23.8825,58292.74,6.487,0.060401,25.4318,synthetic
2001000342,Dr. Stephanie Jones,Anesthesiology,Charlotte,NC,Lazanda,REP-S616,Sasha O'Connor,TERR-S04,2,3,8,6,0,14,8.5299,15631.96,5.7798,0.050439,9.0229,synthetic
2001000343,Dr. Rebecca Adams,Family Practice,Nashville,TN,Abstral,REP-S550,Sadie Chen,TERR-S08,3,6,3,1,0,28,16.3825,25894.64,-0.1552,-0.001464,16.3571,synthetic
2001000344,Dr. Melissa Jackson,Psychiatry,Detroit,MI,Fentora,REP-S679,Solomon Kowalski,TERR-S11,3,3,2,1,0,26,7.7476,9501.23,2.2596,0.019816,7.9226,synthetic
2001000345,Dr. Elizabeth Wilson,Palliative Care,Los Angeles,CA,Lazanda,REP-S792,Sienna Gomez,TERR-S12,2,10,7,6,3,33,28.7694,50761.56,5.6677,0.053325,30.3999,synthetic
2001000346,Dr. Michael Garcia,Family Practice,Las Vegas,NV,Subsys,REP-S534,Selena Patel,TERR-S06,3,5,5,3,3,17,14.0512,19820.02,3.9346,0.036074,14.604,synthetic
2001000347,Dr. Carol Moore,Orthopedics,Chicago,IL,Abstral,REP-S812,Sienna Vargas,TERR-S04,3,6,3,2,2,20,15.7858,31853.95,3.3262,0.030801,16.3108,synthetic
2001000348,Dr. Sarah Mitchell,Palliative Care,New York,NY,Fentora,REP-S793,Spencer Gomez,TERR-S13,2,3,9,6,7,8,8.3443,14503.37,9.4027,0.080625,9.1288,synthetic
2001000349,Dr. Carol Baker,Anesthesiology,Jacksonville,FL,Subsys,REP-S657,Stanley Dubois,TERR-S03,2,3,9,8,5,14,6.3736,6230.71,8.896,0.074083,6.9406,synthetic
2001000350,Dr. Amanda Carter,Neurology,Los Angeles,CA,Subsys,REP-S526,Stella Patel,TERR-S12,2,4,9,7,0,15,11.7314,22672.95,0.1306,0.001203,11.7468,synthetic
2001000351,Dr. Melissa Davis,Neurology,Houston,TX,Abstral,REP-S593,Spencer Nakamura,TERR-S09,3,6,3,2,3,16,15.5478,28239.82,5.3206,0.048781,16.375,synthetic
2001000352,Dr. David Wilson,Pain Management,Charlotte,NC,Subsys,REP-S753,Spencer Tanaka,TERR-S01,2,4,5,4,1,12,10.6405,14325.46,6.7575,0.059937,11.3595,synthetic
2001000353,Dr. Emily Rodriguez,Family Practice,Los Angeles,CA,Subsys,REP-S708,Serena Rossi,TERR-S12,3,8,3,1,2,16,22.4192,35132.07,1.4828,0.014095,22.7516,synthetic
2001000354,Dr. Nancy Miller,Pain Management,Portland,OR,Abstral,REP-S506,Stella Brooks,TERR-S06,3,7,5,4,3,23,19.4581,49033.53,7.3598,0.067659,20.8902,synthetic
2001000355,Dr. Linda Wright,Anesthesiology,Los Angeles,CA,Actiq,REP-S624,Sarah Novak,TERR-S12,2,5,9,7,2,9,12.9814,18361.08,6.3924,0.057657,13.8113,synthetic
2001000356,Dr. Susan Wilson,Palliative Care,Baltimore,MD,Subsys,REP-S605,Simon O'Connor,TERR-S07,2,8,7,6,2,13,21.7647,40656.4,4.7653,0.044552,22.8018,synthetic
2001000357,Dr. Ashley Robinson,Palliative Care,New York,NY,Actiq,REP-S706,Stella Rossi,TERR-S10,3,5,2,2,3,17,13.4661,27785.69,4.6285,0.042183,14.0893,synthetic
2001000358,Dr. David Hall,Family Practice,Las Vegas,NV,Subsys,REP-S587,Scott Nakamura,TERR-S03,3,4,4,3,0,15,10.8847,14803.91,0.7838,0.007153,10.97,synthetic
2001000359,Dr. Stephanie Martin,Pain Management,Los Angeles,CA,Subsys,REP-S507,Scott Brooks,TERR-S07,2,4,6,3,1,21,11.5086,14045.47,5.5271,0.049602,12.1446,synthetic
2001000360,Dr. Nancy Martinez,Palliative Care,Denver,CO,Subsys,REP-S645,Simon Dubois,TERR-S05,3,2,5,3,0,10,5.7424,14220.52,1.9676,0.016619,5.8554,synthetic
2001000361,Dr. Margaret Gonzalez,Oncology,Las Vegas,NV,Subsys,REP-S714,Selena Rossi,TERR-S04,2,7,9,6,6,12,20.5327,50586.35,10.1629,0.092496,22.6194,synthetic
2001000362,Dr. Nancy Garcia,Neurology,New York,NY,Actiq,REP-S589,Seth Nakamura,TERR-S05,3,6,4,4,4,9,17.2898,15391.41,7.9454,0.072423,18.6635,synthetic
2001000363,Dr. Joseph Johnson,Neurology,Detroit,MI,Fentora,REP-S749,Seth Tanaka,TERR-S11,3,3,4,3,0,20,6.6933,16418.35,5.447,0.046301,7.0579,synthetic
2001000364,Dr. Margaret Davis,Pain Management,Seattle,WA,Subsys,REP-S746,Stella Tanaka,TERR-S08,2,5,8,5,3,25,13.0466,22368.15,6.6469,0.059906,13.9138,synthetic
2001000365,Dr. Lisa Martinez,Emergency Medicine,Austin,TX,Fentora,REP-S830,Sadie Alvarez,TERR-S08,3,3,3,1,1,19,8.2677,10706.64,0.4507,0.004013,8.305,synthetic
2001000366,Dr. Betty Taylor,Pain Management,Austin,TX,Lazanda,REP-S619,Solomon O'Connor,TERR-S07,2,3,5,4,4,22,8.1185,17070.41,8.3132,0.071404,8.7934,synthetic
2001000367,Dr. Dorothy Thompson,Family Practice,Boston,MA,Abstral,REP-S794,Selena Gomez,TERR-S14,3,4,4,3,4,23,10.5522,15980.14,2.6307,0.023746,10.8298,synthetic
2001000368,Dr. Jennifer Hall,Anesthesiology,Denver,CO,Subsys,REP-S704,Sarah Rossi,TERR-S08,3,3,3,2,0,11,6.121,9447.44,0.317,0.002721,6.1404,synthetic
2001000369,Dr. Elizabeth Flores,Anesthesiology,Nashville,TN,Subsys,REP-S602,Sophia O'Connor,TERR-S04,2,3,9,5,3,26,8.4724,11850.76,4.812,0.04214,8.8801,synthetic
2001000370,Dr. Linda Hernandez,Palliative Care,Austin,TX,Abstral,REP-S694,Selena Larsson,TERR-S12,2,3,7,5,5,19,6.7834,14848.07,7.6525,0.064563,7.3025,synthetic
2001000371,Dr. Kathleen Nelson,Pain Management,Portland,OR,Subsys,REP-S840,Sloan Alvarez,TERR-S04,1,5,14,4,0,22,12.2644,22277.63,6.1243,0.055081,13.0155,synthetic
2001000372,Dr. William Nelson,Psychiatry,Las Vegas,NV,Subsys,REP-S682,Sophia Larsson,TERR-S14,3,9,4,3,2,30,24.9559,34757.29,1.8413,0.017548,25.4154,synthetic
2001000373,Dr. Jennifer Wilson,Palliative Care,Philadelphia,PA,Actiq,REP-S511,Silas Brooks,TERR-S11,3,4,4,3,0,23,11.0854,21133.06,1.4633,0.013332,11.2476,synthetic
2001000374,Dr. Michelle Baker,Palliative Care,Los Angeles,CA,Subsys,REP-S587,Scott Nakamura,TERR-S03,1,4,9,8,8,23,10.5194,27145.35,10.3713,0.090489,11.6104,synthetic
2001000375,Dr. Sharon Anderson,Pain Management,Baltimore,MD,Subsys,REP-S799,Solomon Gomez,TERR-S05,3,5,3,3,4,11,12.066,13671.82,3.8133,0.034608,12.5261,synthetic
2001000376,Dr. Michelle Wright,Palliative Care,Phoenix,AZ,Subsys,REP-S567,Scott Kapoor,TERR-S11,3,7,5,4,3,10,19.9352,34699.84,5.4593,0.05068,21.0235,synthetic
2001000377,Dr. Kathleen Rodriguez,Pain Management,Nashville,TN,Subsys,REP-S750,Sadie Tanaka,TERR-S12,1,5,12,8,2,20,14.7901,13359.83,8.2397,0.074345,16.0088,synthetic
2001000378,Dr. Susan Carter,Pain Management,Austin,TX,Subsys,REP-S693,Spencer Larsson,TERR-S11,3,7,5,4,5,20,20.0887,31440.65,5.7456,0.053286,21.2429,synthetic
2001000379,Dr. Patricia Nguyen,Pain Management,Phoenix,AZ,Subsys,REP-S698,Summer Larsson,TERR-S02,1,10,9,6,3,20,30.6908,58902.23,8.8667,0.082381,33.4121,synthetic
2001000380,Dr. Sharon Young,Pain Management,Los Angeles,CA,Abstral,REP-S645,Simon Dubois,TERR-S05,2,7,5,2,0,13,19.3305,31034.72,2.3513,0.02211,19.7851,synthetic
2001000381,Dr. Charles Smith,Internal Medicine,Baltimore,MD,Subsys,REP-S650,Sadie Dubois,TERR-S10,3,5,4,4,0,27,12.0771,19351.08,4.0376,0.03661,12.5648,synthetic
2001000382,Dr. Laura Flores,Oncology,Austin,TX,Abstral,REP-S678,Summer Kowalski,TERR-S10,3,4,3,1,2,15,10.8887,17464.87,2.3196,0.021022,11.1413,synthetic
2001000383,Dr. Charles Baker,Family Practice,Chicago,IL,Abstral,REP-S522,Sophia Patel,TERR-S08,3,5,5,2,0,15,14.9079,15738.03,2.0054,0.018619,15.2069,synthetic
2001000384,Dr. Rebecca Miller,Pain Management,Boston,MA,Fentora,REP-S557,Stanley Chen,TERR-S01,2,4,9,8,2,13,10.8042,20004.42,7.4256,0.065755,11.6065,synthetic
2001000385,Dr. Patricia Brown,Family Practice,Los Angeles,CA,Subsys,REP-S584,Sarah Nakamura,TERR-S14,3,3,5,4,1,21,7.9985,13979.92,2.505,0.022022,8.1988,synthetic
2001000386,Dr. William King,Orthopedics,Jacksonville,FL,Subsys,REP-S528,Serena Patel,TERR-S14,3,6,4,3,4,41,17.6784,24245.55,5.8284,0.053695,18.7087,synthetic
2001000387,Dr. Laura Taylor,Pain Management,Nashville,TN,Abstral,REP-S549,Seth Chen,TERR-S07,2,7,8,7,4,15,19.3823,45091.41,5.6531,0.052362,20.478,synthetic
2001000388,Dr. Lisa Nguyen,Palliative Care,Baltimore,MD,Actiq,REP-S639,Solomon Novak,TERR-S13,1,5,13,7,7,15,13.6405,11892.95,8.7688,0.078533,14.8366,synthetic
2001000389,Dr. Elizabeth Jones,Anesthesiology,Columbus,OH,Fentora,REP-S647,Scott Dubois,TERR-S07,2,7,6,5,0,19,19.0414,39186.49,4.0046,0.037342,19.8039,synthetic
2001000390,Dr. Susan Martin,Oncology,Denver,CO,Subsys,REP-S511,Silas Brooks,TERR-S11,3,5,3,2,0,13,12.3297,28780.57,2.4687,0.022578,12.6341,synthetic
2001000391,Dr. Charles Robinson,Orthopedics,Austin,TX,Subsys,REP-S749,Seth Tanaka,TERR-S11,3,10,5,3,0,12,30.7368,39576.84,2.2053,0.021133,31.4146,synthetic
2001000392,Dr. Sarah Wright,Neurology,Las Vegas,NV,Subsys,REP-S564,Sarah Kapoor,TERR-S08,3,3,5,4,0,22,8.6266,19577.33,1.4464,0.012878,8.7514,synthetic
2001000393,Dr. Amanda Moore,Pain Management,Austin,TX,Actiq,REP-S712,Sienna Rossi,TERR-S02,1,6,10,6,3,6,17.6381,20927.28,6.7654,0.062058,18.8314,synthetic
2001000394,Dr. Joseph Rivera,Anesthesiology,Denver,CO,Actiq,REP-S786,Stella Gomez,TERR-S06,3,9,3,1,2,19,24.6968,43706.91,3.0418,0.028816,25.4481,synthetic
2001000395,Dr. Carol Sanchez,Oncology,Miami,FL,Actiq,REP-S790,Sadie Gomez,TERR-S10,3,8,4,3,3,8,21.0457,20650.69,6.5725,0.060854,22.4289,synthetic
2001000396,Dr. Emily Martin,Palliative Care,Jacksonville,FL,Subsys,REP-S506,Stella Brooks,TERR-S06,3,10,5,4,4,16,31.3469,49842.8,7.7843,0.072727,33.787,synthetic
2001000397,Dr. Carol Ramirez,Anesthesiology,Austin,TX,Lazanda,REP-S521,Samuel Patel,TERR-S07,2,8,7,4,3,11,21.5606,40879.47,4.2837,0.040123,22.4842,synthetic
2001000398,Dr. William Williams,Internal Medicine,Houston,TX,Subsys,REP-S627,Scott Novak,TERR-S01,3,6,5,4,4,13,15.2121,25617.67,4.0844,0.037608,15.8335,synthetic
2001000399,Dr. Richard Scott,Internal Medicine,Miami,FL,Abstral,REP-S646,Stella Dubois,TERR-S06,3,5,2,1,2,17,14.0008,25892.07,2.3602,0.02179,14.3313,synthetic
2001000400,Dr. Kathleen Garcia,Oncology,Seattle,WA,Subsys,REP-S563,Sean Kapoor,TERR-S07,2,6,5,5,6,26,15.6292,29541.5,5.0961,0.046785,16.4257,synthetic
2001000401,Dr. Robert Clark,Palliative Care,New York,NY,Subsys,REP-S769,Seth Muller,TERR-S03,2,2,7,6,1,10,5.4484,11948.74,4.8639,0.040275,5.7134,synthetic
2001000402,Dr. William Carter,Pain Management,Austin,TX,Fentora,REP-S521,Samuel Patel,TERR-S07,1,8,13,11,11,32,21.9396,36974.19,10.6441,0.096946,24.2748,synthetic
2001000403,Dr. Laura White,Pain Management,Miami,FL,Abstral,REP-S501,Samuel Brooks,TERR-S01,3,4,2,1,2,20,11.9675,27106.91,3.9098,0.035447,12.4354,synthetic
2001000404,Dr. Sarah Mitchell,Anesthesiology,Houston,TX,Actiq,REP-S777,Stanley Muller,TERR-S11,3,6,4,2,3,25,15.9963,36358.52,5.6756,0.052039,16.9042,synthetic
2001000405,Dr. Sharon Davis,Anesthesiology,Portland,OR,Abstral,REP-S653,Spencer Dubois,TERR-S13,2,4,5,2,0,14,9.6675,24172.84,1.7878,0.016072,9.8403,synthetic
2001000406,Dr. Melissa Scott,Pain Management,Nashville,TN,Actiq,REP-S561,Samuel Kapoor,TERR-S05,2,6,6,5,0,17,16.5867,32335.97,2.5854,0.024091,17.0155,synthetic
2001000407,Dr. Deborah Williams,Oncology,New York,NY,Actiq,REP-S543,Sean Chen,TERR-S01,2,6,9,7,0,18,15.9624,33043.91,5.8752,0.053814,16.9003,synthetic
2001000408,Dr. Jessica Young,Neurology,Philadelphia,PA,Fentora,REP-S823,Sean Alvarez,TERR-S01,3,4,5,2,3,18,10.0998,10774.14,4.2369,0.037827,10.5278,synthetic
2001000409,Dr. Margaret Davis,Pain Management,Austin,TX,Actiq,REP-S792,Sienna Gomez,TERR-S12,1,3,14,9,6,21,8.5339,16445.91,7.6952,0.066612,9.1906,synthetic
2001000410,Dr. David Hill,Palliative Care,Chicago,IL,Abstral,REP-S800,Sloan Gomez,TERR-S06,3,6,4,3,1,18,17.4764,22511.27,3.4881,0.03246,18.0859,synthetic
2001000411,Dr. Laura Lewis,Palliative Care,Detroit,MI,Subsys,REP-S695,Stephen Larsson,TERR-S13,2,6,6,3,2,15,15.503,23015.31,4.3639,0.040176,16.1796,synthetic
2001000412,Dr. Jennifer Smith,Internal Medicine,Chicago,IL,Subsys,REP-S574,Selena Kapoor,TERR-S04,3,6,4,3,3,9,15.1968,31917.29,4.1238,0.037962,15.8235,synthetic
2001000413,Dr. Charles Adams,Family Practice,Miami,FL,Abstral,REP-S725,Simon Santos,TERR-S01,3,7,2,1,2,24,20.2713,29659.43,1.5484,0.014648,20.5852,synthetic
2001000414,Dr. Charles Smith,Palliative Care,Atlanta,GA,Fentora,REP-S790,Sadie Gomez,TERR-S10,3,4,4,2,3,16,11.7616,23179.06,5.2589,0.04733,12.3801,synthetic
2001000415,Dr. John Torres,Oncology,Portland,OR,Abstral,REP-S629,Seth Novak,TERR-S03,2,6,7,6,0,9,15.2743,14474.93,2.2514,0.02091,15.6182,synthetic
2001000416,Dr. David Moore,Palliative Care,Seattle,WA,Subsys,REP-S600,Sloan Nakamura,TERR-S02,2,3,9,3,4,21,8.6243,15276.1,4.0762,0.035875,8.9758,synthetic
2001000417,Dr. Lisa Miller,Family Practice,Austin,TX,Subsys,REP-S609,Seth O'Connor,TERR-S11,3,7,4,2,2,23,19.3281,27059.97,3.9382,0.036761,20.0892,synthetic
2001000418,Dr. Mary Walker,Anesthesiology,Charlotte,NC,Subsys,REP-S795,Stephen Gomez,TERR-S01,3,5,2,1,1,23,13.8786,27688.62,1.1412,0.010589,14.037,synthetic
2001000419,Dr. Kimberly Rodriguez,Pain Management,Baltimore,MD,Actiq,REP-S718,Summer Rossi,TERR-S08,3,5,4,3,2,19,13.9656,27359.41,5.2194,0.047557,14.6945,synthetic
2001000420,Dr. Sarah Scott,Oncology,Phoenix,AZ,Subsys,REP-S837,Stanley Alvarez,TERR-S01,2,10,5,3,0,13,28.043,69912.31,3.6228,0.034382,29.0589,synthetic
2001000421,Dr. John Lee,Pain Management,Baltimore,MD,Lazanda,REP-S511,Silas Brooks,TERR-S11,3,4,5,3,3,26,10.0838,15544.28,5.1023,0.045375,10.5983,synthetic
2001000422,Dr. Nancy Green,Palliative Care,Miami,FL,Subsys,REP-S691,Silas Larsson,TERR-S09,2,5,7,5,0,8,13.4544,34075.97,4.9542,0.045083,14.1209,synthetic
2001000423,Dr. James Thomas,Pain Management,Portland,OR,Abstral,REP-S845,Simon Kim,TERR-S09,2,8,9,8,7,21,22.93,28748.37,11.4816,0.104376,25.5627,synthetic
2001000424,Dr. Sarah King,Pain Management,Chicago,IL,Fentora,REP-S628,Serena Novak,TERR-S02,1,5,9,8,9,21,12.0601,25347.57,6.9964,0.062606,12.9039,synthetic
2001000425,Dr. Margaret Williams,Palliative Care,Atlanta,GA,Fentora,REP-S573,Spencer Kapoor,TERR-S03,2,8,6,4,3,10,21.286,30034.82,6.1748,0.057304,22.6004,synthetic
2001000426,Dr. Patricia Lopez,Pain Management,Miami,FL,Subsys,REP-S734,Selena Santos,TERR-S10,3,4,4,3,3,15,11.7883,24658.79,5.4722,0.049212,12.4334,synthetic
2001000427,Dr. Linda Thomas,Pain Management,Seattle,WA,Abstral,REP-S514,Selena Brooks,TERR-S14,2,9,7,5,5,12,24.2589,57083.75,4.7901,0.044978,25.421,synthetic
2001000428,Dr. Betty Clark,Neurology,Detroit,MI,Actiq,REP-S657,Stanley Dubois,TERR-S03,2,4,6,5,4,11,11.5513,21191.68,6.1722,0.055249,12.2643,synthetic
2001000429,Dr. Emily Torres,Anesthesiology,Jacksonville,FL,Subsys,REP-S507,Scott Brooks,TERR-S07,2,4,9,3,4,27,11.1907,27068.36,5.8548,0.052351,11.8459,synthetic
2001000430,Dr. Ashley Perez,Oncology,Houston,TX,Actiq,REP-S548,Serena Chen,TERR-S06,3,4,4,3,3,17,9.9653,25660.4,4.4689,0.03981,10.4107,synthetic
2001000431,Dr. Nancy Adams,Pain Management,Las Vegas,NV,Actiq,REP-S603,Sean O'Connor,TERR-S05,2,6,7,5,6,9,17.4088,27557.98,7.1572,0.065492,18.6548,synthetic
2001000432,Dr. William Garcia,Pain Management,Boston,MA,Subsys,REP-S638,Summer Novak,TERR-S12,1,6,13,10,6,23,16.1266,30833.99,7.3815,0.067196,17.317,synthetic
2001000433,Dr. Amanda Hernandez,Oncology,Miami,FL,Abstral,REP-S783,Sean Gomez,TERR-S03,2,5,9,7,3,12,14.414,18891.44,11.0408,0.098256,16.0054,synthetic
2001000434,Dr. Rebecca Adams,Internal Medicine,Columbus,OH,Abstral,REP-S812,Sienna Vargas,TERR-S04,3,5,3,2,1,21,13.5791,25347.87,2.8301,0.026018,13.9634,synthetic
2001000435,Dr. Joseph Walker,Anesthesiology,Austin,TX,Abstral,REP-S739,Solomon Santos,TERR-S01,2,8,9,7,1,16,21.5563,51306.74,6.213,0.05768,22.8957,synthetic
2001000436,Dr. Charles Jones,Oncology,Nashville,TN,Subsys,REP-S534,Selena Patel,TERR-S06,2,7,7,2,3,23,18.6663,23198.96,6.2528,0.057654,19.8334,synthetic
2001000437,Dr. Michael Wilson,Pain Management,Nashville,TN,Subsys,REP-S709,Seth Rossi,TERR-S13,1,6,12,7,8,8,15.0964,22258.61,11.7583,0.10461,16.8715,synthetic
2001000438,Dr. Dorothy Clark,Pain Management,Detroit,MI,Subsys,REP-S515,Stephen Brooks,TERR-S01,2,10,5,4,4,10,27.1673,36872.92,7.7123,0.071748,29.2625,synthetic
2001000439,Dr. Barbara Torres,Pain Management,Baltimore,MD,Abstral,REP-S696,Sasha Larsson,TERR-S14,1,6,11,10,8,17,15.2666,24145.45,9.7286,0.087375,16.7519,synthetic
2001000440,Dr. Kimberly Adams,Neurology,Charlotte,NC,Subsys,REP-S773,Spencer Muller,TERR-S07,2,4,5,4,3,29,11.4857,19017.91,4.5417,0.040931,12.0073,synthetic
2001000441,Dr. John Miller,Pain Management,Boston,MA,Fentora,REP-S790,Sadie Gomez,TERR-S10,2,7,8,5,5,27,18.1252,40832.21,6.9468,0.063759,19.3843,synthetic
2001000442,Dr. Carol Smith,Family Practice,Los Angeles,CA,Actiq,REP-S631,Silas Novak,TERR-S05,3,8,2,2,2,11,21.853,46314.25,1.4224,0.013509,22.1638,synthetic
2001000443,Dr. Barbara Thomas,Neurology,Detroit,MI,Abstral,REP-S660,Sloan Dubois,TERR-S06,3,9,4,3,3,22,25.4337,30248.01,4.5481,0.04283,26.5904,synthetic
2001000444,Dr. Joseph Johnson,Family Practice,Denver,CO,Abstral,REP-S505,Simon Brooks,TERR-S05,3,4,5,3,3,10,10.0323,22757.2,4.1614,0.037144,10.4498,synthetic
2001000445,Dr. Susan Moore,Pain Management,Philadelphia,PA,Fentora,REP-S734,Selena Santos,TERR-S10,3,5,2,1,0,13,13.5284,14891.47,1.5794,0.0146,13.7421,synthetic
2001000446,Dr. Nancy Gonzalez,Internal Medicine,Las Vegas,NV,Subsys,REP-S662,Sophia Kowalski,TERR-S08,3,5,4,3,1,20,13.3168,12239.59,4.3254,0.039445,13.8928,synthetic
2001000447,Dr. Lisa Brown,Pain Management,Seattle,WA,Abstral,REP-S674,Selena Kowalski,TERR-S06,2,3,5,3,0,15,8.1764,18671.5,3.8634,0.033844,8.4923,synthetic
2001000448,Dr. Ashley Hall,Palliative Care,Portland,OR,Subsys,REP-S608,Serena O'Connor,TERR-S10,3,6,5,3,2,29,16.4877,37214.23,5.4002,0.049661,17.3781,synthetic
2001000449,Dr. Joseph Miller,Anesthesiology,Seattle,WA,Abstral,REP-S607,Scott O'Connor,TERR-S09,3,6,5,4,5,14,15.5175,20828.06,7.1864,0.065332,16.6327,synthetic
2001000450,Dr. Deborah Brown,Neurology,Columbus,OH,Lazanda,REP-S655,Stephen Dubois,TERR-S01,3,5,2,1,1,21,14.5807,32159.24,2.6284,0.024299,14.9639,synthetic
2001000451,Dr. Susan Flores,Family Practice,Nashville,TN,Subsys,REP-S646,Stella Dubois,TERR-S06,3,4,4,3,3,14,11.3705,12053.31,2.1002,0.01912,11.6093,synthetic
2001000452,Dr. Melissa Flores,Oncology,Nashville,TN,Lazanda,REP-S513,Spencer Brooks,TERR-S13,1,8,14,10,10,14,22.2272,34607.14,9.1054,0.083544,24.2511,synthetic
2001000453,Dr. Michael Williams,Psychiatry,Houston,TX,Subsys,REP-S637,Stanley Novak,TERR-S11,3,4,2,1,0,16,10.066,9573.88,1.4433,0.013043,10.2113,synthetic
2001000454,Dr. Richard Garcia,Oncology,Philadelphia,PA,Subsys,REP-S571,Silas Kapoor,TERR-S01,2,5,5,4,4,35,12.7499,25036.93,5.5149,0.049874,13.4531,synthetic
2001000455,Dr. Elizabeth Garcia,Internal Medicine,Seattle,WA,Actiq,REP-S585,Simon Nakamura,TERR-S01,3,10,4,3,3,26,27.0446,56401.25,4.7127,0.044444,28.3192,synthetic
2001000456,Dr. Emily Jones,Pain Management,Miami,FL,Fentora,REP-S524,Sarah Patel,TERR-S10,3,7,2,2,0,12,19.5146,49294.23,3.2449,0.0304,20.1478,synthetic
2001000457,Dr. Lisa Campbell,Neurology,Charlotte,NC,Subsys,REP-S735,Stephen Santos,TERR-S11,3,3,5,3,2,16,7.8105,16043.99,5.1963,0.045036,8.2163,synthetic
2001000458,Dr. Karen Lee,Pain Management,Charlotte,NC,Abstral,REP-S734,Selena Santos,TERR-S10,3,4,3,2,2,16,11.6097,23074.11,4.7381,0.042698,12.1598,synthetic
2001000459,Dr. Karen Robinson,Neurology,Los Angeles,CA,Subsys,REP-S634,Selena Novak,TERR-S08,3,5,3,2,3,21,13.2317,34361.54,1.5794,0.014578,13.4407,synthetic
2001000460,Dr. Susan Allen,Anesthesiology,Nashville,TN,Abstral,REP-S587,Scott Nakamura,TERR-S03,2,5,6,4,0,22,12.5148,19921.31,5.307,0.047974,13.179,synthetic
2001000461,Dr. David Taylor,Oncology,Seattle,WA,Subsys,REP-S731,Silas Santos,TERR-S07,2,6,6,4,0,22,16.1304,31122.57,1.0507,0.009845,16.2999,synthetic
2001000462,Dr. Kathleen Lee,Pain Management,Charlotte,NC,Lazanda,REP-S744,Sarah Tanaka,TERR-S06,3,6,5,3,2,24,17.9958,18722.01,7.4213,0.067945,19.3313,synthetic
2001000463,Dr. Elizabeth Hall,Pain Management,New York,NY,Fentora,REP-S529,Seth Patel,TERR-S01,2,6,6,5,6,16,16.4451,20630.77,9.3163,0.084178,17.9772,synthetic
2001000464,Dr. Kathleen Nelson,Pain Management,Portland,OR,Lazanda,REP-S750,Sadie Tanaka,TERR-S12,1,5,9,6,2,15,12.3682,23440.39,5.3115,0.047973,13.0252,synthetic
2001000465,Dr. David Miller,Neurology,Baltimore,MD,Fentora,REP-S828,Serena Alvarez,TERR-S06,3,9,4,3,4,16,25.8335,53653.15,3.495,0.033094,26.7364,synthetic
2001000466,Dr. Amanda Nguyen,Pain Management,Charlotte,NC,Abstral,REP-S761,Samuel Muller,TERR-S09,3,5,4,3,1,42,12.116,29280.66,5.5337,0.049854,12.7865,synthetic
2001000467,Dr. Jessica Taylor,Anesthesiology,Austin,TX,Abstral,REP-S805,Simon Vargas,TERR-S11,3,8,3,2,0,24,23.5884,46749.16,4.2689,0.040137,24.5953,synthetic
2001000468,Dr. Dorothy Wilson,Anesthesiology,Austin,TX,Actiq,REP-S736,Sasha Santos,TERR-S12,2,3,5,3,1,11,7.2423,6968.81,3.4086,0.029511,7.4891,synthetic
2001000469,Dr. Laura Green,Internal Medicine,Philadelphia,PA,Lazanda,REP-S584,Sarah Nakamura,TERR-S14,3,4,3,2,0,19,10.4568,20940.44,0.0171,0.000156,10.4586,synthetic
2001000470,Dr. Susan Carter,Oncology,Charlotte,NC,Fentora,REP-S755,Stephen Tanaka,TERR-S03,1,4,13,12,1,21,10.1834,22143.67,10.2168,0.088956,11.2239,synthetic
2001000471,Dr. James Scott,Pain Management,Detroit,MI,Abstral,REP-S676,Sasha Kowalski,TERR-S08,2,2,7,5,3,29,5.3142,7661.98,6.2586,0.051334,5.6468,synthetic
2001000472,Dr. Kathleen Perez,Oncology,Portland,OR,Actiq,REP-S686,Stella Larsson,TERR-S04,2,7,8,6,0,20,20.316,20368.56,3.6099,0.033826,21.0493,synthetic
2001000473,Dr. Carol Baker,Anesthesiology,Houston,TX,Subsys,REP-S744,Sarah Tanaka,TERR-S06,3,4,3,3,1,14,11.9393,22213.26,4.5493,0.04112,12.4825,synthetic
2001000474,Dr. Stephanie Williams,Pain Management,Portland,OR,Subsys,REP-S582,Sophia Nakamura,TERR-S12,1,3,13,9,8,7,7.0633,13223.17,6.9774,0.059326,7.5561,synthetic
2001000475,Dr. Amanda Scott,Neurology,Detroit,MI,Actiq,REP-S651,Silas Dubois,TERR-S11,3,5,4,3,1,21,12.2583,14438.9,2.087,0.019112,12.5141,synthetic
2001000476,Dr. Deborah Torres,Family Practice,Jacksonville,FL,Subsys,REP-S604,Sarah O'Connor,TERR-S06,3,5,3,2,0,28,13.5348,14454.73,0.0358,0.000334,13.5397,synthetic
2001000477,Dr. Kathleen Rodriguez,Oncology,Portland,OR,Fentora,REP-S504,Sarah Brooks,TERR-S04,2,4,9,7,0,18,9.6228,20308.21,6.0549,0.053398,10.2055,synthetic
2001000478,Dr. Carol Allen,Neurology,Austin,TX,Subsys,REP-S782,Sophia Gomez,TERR-S02,2,8,6,4,5,11,21.6924,30734.78,2.616,0.024699,22.2599,synthetic
2001000479,Dr. Betty Williams,Pain Management,Columbus,OH,Subsys,REP-S662,Sophia Kowalski,TERR-S08,2,5,9,8,8,18,14.594,13200.69,11.0112,0.098079,16.201,synthetic
2001000480,Dr. Margaret Nelson,Palliative Care,Austin,TX,Subsys,REP-S724,Sarah Santos,TERR-S14,2,5,9,5,3,15,13.2067,34211.89,4.6731,0.042524,13.8239,synthetic
2001000481,Dr. Michael Jackson,Anesthesiology,Chicago,IL,Subsys,REP-S654,Selena Dubois,TERR-S14,3,7,4,3,0,22,20.2805,42361.47,5.7683,0.053515,21.4504,synthetic
2001000482,Dr. Michael Nelson,Internal Medicine,Jacksonville,FL,Lazanda,REP-S549,Seth Chen,TERR-S07,3,3,4,3,3,23,7.5927,16379.08,2.8336,0.02473,7.8078,synthetic
2001000483,Dr. Michelle Johnson,Anesthesiology,Miami,FL,Actiq,REP-S658,Summer Dubois,TERR-S04,3,10,4,2,3,13,27.9122,46167.13,1.1952,0.011472,28.2458,synthetic
2001000484,Dr. Karen Thompson,Family Practice,Philadelphia,PA,Actiq,REP-S624,Sarah Novak,TERR-S12,3,8,2,2,3,11,22.9992,44546.72,4.7127,0.044173,24.083,synthetic
2001000485,Dr. James Scott,Palliative Care,Seattle,WA,Abstral,REP-S527,Scott Patel,TERR-S13,1,7,14,9,2,28,20.1895,49924.84,7.0044,0.064606,21.6037,synthetic
2001000486,Dr. Rebecca Gonzalez,Oncology,Detroit,MI,Subsys,REP-S819,Solomon Vargas,TERR-S11,3,4,4,2,3,24,9.2323,22757.44,3.7582,0.033347,9.5793,synthetic
2001000487,Dr. Carol Hernandez,Family Practice,Detroit,MI,Subsys,REP-S836,Sasha Alvarez,TERR-S14,3,6,3,2,0,16,15.168,20701.18,0.4748,0.004444,15.24,synthetic
2001000488,Dr. Sharon Torres,Family Practice,Chicago,IL,Fentora,REP-S719,Solomon Rossi,TERR-S09,3,4,5,4,4,20,11.9503,16256.91,5.6237,0.050593,12.6223,synthetic
2001000489,Dr. Kimberly Thompson,Palliative Care,Philadelphia,PA,Actiq,REP-S720,Sloan Rossi,TERR-S10,2,6,8,6,6,19,15.0007,19325.72,8.6885,0.078308,16.3041,synthetic
2001000490,Dr. Linda Thomas,Oncology,Nashville,TN,Actiq,REP-S592,Sienna Nakamura,TERR-S08,2,4,5,4,2,12,11.5722,19126.42,5.1283,0.046124,12.1657,synthetic
2001000491,Dr. Jennifer White,Pain Management,Houston,TX,Subsys,REP-S636,Sasha Novak,TERR-S10,3,1,4,4,5,22,1.4412,2142.78,7.7026,0.044469,1.5522,synthetic
2001000492,Dr. Rebecca Wilson,Palliative Care,Phoenix,AZ,Subsys,REP-S737,Stanley Santos,TERR-S13,2,5,8,7,7,9,12.3746,26351.64,10.4353,0.092169,13.6659,synthetic
2001000493,Dr. Dorothy Nguyen,Pain Management,Seattle,WA,Subsys,REP-S516,Sasha Brooks,TERR-S02,1,3,14,11,11,12,7.7029,11793.03,11.1985,0.094508,8.5655,synthetic
2001000494,Dr. Richard Thompson,Family Practice,Houston,TX,Subsys,REP-S596,Sasha Nakamura,TERR-S12,3,5,3,2,0,16,12.5299,13118.15,1.9026,0.017466,12.7683,synthetic
2001000495,Dr. Jessica Hernandez,Neurology,Phoenix,AZ,Fentora,REP-S584,Sarah Nakamura,TERR-S14,3,10,5,3,2,21,27.899,51963.64,3.9943,0.037836,29.0134,synthetic
2001000496,Dr. Melissa Jones,Pain Management,Jacksonville,FL,Abstral,REP-S588,Serena Nakamura,TERR-S04,1,4,12,8,8,13,10.7192,17502.89,12.2962,0.106582,12.0373,synthetic
2001000497,Dr. Margaret Green,Pain Management,Las Vegas,NV,Fentora,REP-S810,Sadie Vargas,TERR-S02,1,6,12,10,5,25,16.9682,41304.0,6.7093,0.061433,18.1066,synthetic
2001000498,Dr. Stephanie Thomas,Palliative Care,Boston,MA,Fentora,REP-S600,Sloan Nakamura,TERR-S02,2,6,7,6,7,22,17.931,22887.58,6.6977,0.061508,19.132,synthetic
2001000499,Dr. Sandra Clark,Family Practice,Miami,FL,Subsys,REP-S815,Stephen Vargas,TERR-S07,3,5,5,4,2,14,14.4322,20289.78,5.8511,0.053275,15.2767,synthetic
2001000500,Dr. Rebecca Taylor,Oncology,Miami,FL,Fentora,REP-S709,Seth Rossi,TERR-S13,1,5,10,9,10,27,12.0652,17329.22,8.9083,0.079055,13.14,synthetic
2001000501,Dr. Laura Harris,Oncology,Houston,TX,Fentora,REP-S546,Stella Chen,TERR-S04,2,8,7,6,4,4,23.8057,51531.13,7.7104,0.071386,25.6412,synthetic
2001000502,Dr. John Smith,Oncology,Portland,OR,Subsys,REP-S678,Summer Kowalski,TERR-S10,3,5,3,2,1,19,12.2961,30517.4,3.1381,0.028608,12.682,synthetic
2001000503,Dr. Sarah Johnson,Pain Management,Charlotte,NC,Subsys,REP-S733,Spencer Santos,TERR-S09,3,3,5,5,0,17,7.63,11191.64,2.3708,0.020745,7.8109,synthetic
2001000504,Dr. Richard Anderson,Anesthesiology,Philadelphia,PA,Subsys,REP-S817,Stanley Vargas,TERR-S09,3,4,2,2,1,17,10.9871,23468.27,4.6476,0.041716,11.4977,synthetic
2001000505,Dr. Emily Campbell,Neurology,Chicago,IL,Subsys,REP-S680,Sloan Kowalski,TERR-S12,2,3,6,3,2,23,8.3709,14204.81,5.4913,0.047888,8.8305,synthetic
2001000506,Dr. Patricia Martin,Palliative Care,Charlotte,NC,Subsys,REP-S667,Scott Kowalski,TERR-S13,1,5,11,5,4,17,13.5254,32312.86,5.5778,0.050634,14.2798,synthetic
2001000507,Dr. James Torres,Oncology,Baltimore,MD,Actiq,REP-S765,Simon Muller,TERR-S13,2,5,6,4,0,8,12.6624,27542.13,2.5751,0.023586,12.9885,synthetic
2001000508,Dr. Margaret Sanchez,Internal Medicine,Miami,FL,Actiq,REP-S565,Simon Kapoor,TERR-S09,3,7,5,3,0,13,18.6142,21507.81,1.8213,0.017137,18.9532,synthetic
2001000509,Dr. Elizabeth Lopez,Palliative Care,Seattle,WA,Fentora,REP-S580,Sloan Kapoor,TERR-S10,3,4,5,3,0,29,11.2196,26699.66,5.4244,0.048604,11.8282,synthetic
2001000510,Dr. Lisa Carter,Pain Management,Charlotte,NC,Abstral,REP-S716,Sasha Rossi,TERR-S06,2,2,9,7,5,19,5.694,8441.1,6.2091,0.051468,6.0476,synthetic
2001000511,Dr. Emily Torres,Palliative Care,New York,NY,Subsys,REP-S758,Summer Tanaka,TERR-S06,3,9,3,2,1,15,24.2871,37370.46,3.9308,0.037058,25.2417,synthetic
2001000512,Dr. Sharon White,Family Practice,Phoenix,AZ,Lazanda,REP-S625,Simon Novak,TERR-S13,3,2,3,2,1,21,3.4127,3419.39,1.9647,0.01508,3.4797,synthetic
2001000513,Dr. Joseph Perez,Palliative Care,Miami,FL,Fentora,REP-S546,Stella Chen,TERR-S04,2,2,8,7,6,32,5.8511,12896.0,11.0142,0.089901,6.4955,synthetic
2001000514,Dr. Mary King,Anesthesiology,Los Angeles,CA,Subsys,REP-S654,Selena Dubois,TERR-S14,2,6,7,7,4,16,16.4467,29137.02,8.4377,0.076535,17.8344,synthetic
2001000515,Dr. Ashley Allen,Anesthesiology,Phoenix,AZ,Subsys,REP-S652,Sienna Dubois,TERR-S12,2,6,5,4,0,20,15.8616,34634.09,2.0642,0.019232,16.189,synthetic
2001000516,Dr. Michelle King,Anesthesiology,Los Angeles,CA,Subsys,REP-S684,Sarah Larsson,TERR-S02,2,5,8,3,0,18,14.7615,26001.34,2.6717,0.024714,15.1558,synthetic
2001000517,Dr. Susan Perez,Anesthesiology,Los Angeles,CA,Abstral,REP-S504,Sarah Brooks,TERR-S04,2,6,6,4,1,17,17.03,38054.81,4.4569,0.041236,17.789,synthetic
2001000518,Dr. Charles Adams,Oncology,Austin,TX,Subsys,REP-S538,Summer Patel,TERR-S10,3,3,2,1,1,22,6.3387,16052.74,3.1806,0.027101,6.5403,synthetic
2001000519,Dr. Elizabeth Jackson,Palliative Care,Houston,TX,Subsys,REP-S633,Spencer Novak,TERR-S07,2,5,8,4,5,21,12.9053,24640.6,5.4891,0.049688,13.6137,synthetic
2001000520,Dr. Karen Taylor,Orthopedics,New York,NY,Fentora,REP-S746,Stella Tanaka,TERR-S08,3,5,3,2,0,50,14.4077,24277.0,3.5811,0.032938,14.9237,synthetic
2001000521,Dr. Michael Wilson,Palliative Care,Jacksonville,FL,Subsys,REP-S676,Sasha Kowalski,TERR-S08,3,6,4,4,0,26,15.2279,29326.05,2.2499,0.020892,15.5705,synthetic
2001000522,Dr. David Torres,Oncology,Nashville,TN,Lazanda,REP-S671,Silas Kowalski,TERR-S03,1,5,10,10,1,16,13.9836,29588.51,7.1112,0.064256,14.978,synthetic
2001000523,Dr. Ashley Williams,Pain Management,Philadelphia,PA,Fentora,REP-S834,Selena Alvarez,TERR-S12,1,6,11,8,0,16,16.3439,32000.12,6.4269,0.0588,17.3943,synthetic
2001000524,Dr. Emily Nelson,Anesthesiology,Columbus,OH,Subsys,REP-S598,Summer Nakamura,TERR-S14,2,3,5,4,5,18,6.5266,13222.07,6.5469,0.055218,6.9539,synthetic
2001000525,Dr. Kimberly Flores,Pain Management,Denver,CO,Subsys,REP-S663,Sean Kowalski,TERR-S09,3,5,2,1,0,25,14.8332,20908.69,0.8954,0.008354,14.966,synthetic
2001000526,Dr. Emily Miller,Oncology,Philadelphia,PA,Abstral,REP-S694,Selena Larsson,TERR-S12,2,8,6,4,4,23,21.0636,43094.64,4.7184,0.04406,22.0575,synthetic
2001000527,Dr. Patricia Moore,Family Practice,Baltimore,MD,Abstral,REP-S599,Solomon Nakamura,TERR-S01,3,5,5,3,1,17,14.9528,28505.39,-0.3481,-0.003268,14.9007,synthetic
2001000528,Dr. Lisa Brown,Anesthesiology,Nashville,TN,Lazanda,REP-S521,Samuel Patel,TERR-S07,2,6,7,6,5,24,17.4038,42505.36,7.9045,0.072088,18.7794,synthetic
2001000529,Dr. Richard Scott,Palliative Care,Houston,TX,Abstral,REP-S844,Sarah Kim,TERR-S08,3,6,3,2,0,6,15.1774,28111.21,2.4702,0.022911,15.5523,synthetic
2001000530,Dr. Donna Sanchez,Anesthesiology,Columbus,OH,Abstral,REP-S654,Selena Dubois,TERR-S14,2,5,7,4,5,18,14.3823,12334.79,7.8992,0.071257,15.5183,synthetic
2001000531,Dr. Ashley Miller,Palliative Care,Los Angeles,CA,Subsys,REP-S710,Sadie Rossi,TERR-S14,2,6,9,7,6,26,17.4015,27245.55,9.6731,0.087529,19.0848,synthetic
2001000532,Dr. David Adams,Palliative Care,Miami,FL,Abstral,REP-S776,Sasha Muller,TERR-S10,3,5,2,1,1,32,13.1975,23194.05,1.5823,0.014601,13.4063,synthetic
2001000533,Dr. Patricia Green,Family Practice,Nashville,TN,Lazanda,REP-S639,Solomon Novak,TERR-S13,3,3,4,3,0,9,7.8238,7099.97,3.5476,0.030971,8.1013,synthetic
2001000534,Dr. Carol Green,Oncology,Jacksonville,FL,Subsys,REP-S638,Summer Novak,TERR-S12,2,10,8,6,5,20,43.0431,63936.14,8.4572,0.079413,46.6833,synthetic
2001000535,Dr. Charles Adams,Anesthesiology,Philadelphia,PA,Actiq,REP-S738,Summer Santos,TERR-S14,2,6,9,4,2,14,17.5386,21320.07,5.8963,0.054282,18.5728,synthetic
2001000536,Dr. Jennifer Carter,Internal Medicine,Atlanta,GA,Actiq,REP-S650,Sadie Dubois,TERR-S10,3,5,3,2,1,7,13.2874,25747.22,4.598,0.041873,13.8984,synthetic
2001000537,Dr. Patricia Hill,Oncology,Seattle,WA,Actiq,REP-S658,Summer Dubois,TERR-S04,2,5,6,3,3,12,14.6909,21514.24,4.1182,0.037833,15.2959,synthetic
2001000538,Dr. Kimberly Flores,Family Practice,Atlanta,GA,Subsys,REP-S501,Samuel Brooks,TERR-S01,3,5,4,3,4,22,12.6806,27328.51,1.8959,0.01742,12.921,synthetic
2001000539,Dr. William Nguyen,Pain Management,Los Angeles,CA,Abstral,REP-S624,Sarah Novak,TERR-S12,1,4,14,7,7,14,9.6234,24169.43,12.7666,0.109436,10.852,synthetic
2001000540,Dr. Mary Moore,Family Practice,Atlanta,GA,Subsys,REP-S578,Summer Kapoor,TERR-S08,3,6,4,3,2,9,16.8377,24520.15,3.898,0.036134,17.494,synthetic
2001000541,Dr. Elizabeth Anderson,Internal Medicine,Nashville,TN,Fentora,REP-S593,Spencer Nakamura,TERR-S09,3,5,3,2,3,14,12.0742,23353.55,2.5003,0.022828,12.3761,synthetic
2001000542,Dr. Robert King,Internal Medicine,Seattle,WA,Abstral,REP-S576,Sasha Kapoor,TERR-S06,3,4,3,2,0,31,11.7075,26839.61,1.6451,0.015042,11.9001,synthetic
2001000543,Dr. Sarah Hernandez,Oncology,Austin,TX,Subsys,REP-S766,Stella Muller,TERR-S14,2,6,7,6,1,19,16.4199,18713.46,6.1759,0.056583,17.434,synthetic
2001000544,Dr. Dorothy Adams,Palliative Care,Los Angeles,CA,Fentora,REP-S770,Sadie Muller,TERR-S04,2,7,8,7,7,18,20.9833,40677.49,7.4097,0.068337,22.5381,synthetic
2001000545,Dr. Emily Flores,Pain Management,Columbus,OH,Actiq,REP-S713,Spencer Rossi,TERR-S03,2,8,9,6,4,8,22.7478,53204.25,10.0551,0.091957,25.0351,synthetic
2001000546,Dr. Betty Green,Family Practice,Austin,TX,Actiq,REP-S801,Samuel Vargas,TERR-S07,3,6,4,3,0,18,16.2298,40831.27,0.9995,0.009371,16.392,synthetic
2001000547,Dr. Rebecca Jones,Pain Management,Phoenix,AZ,Subsys,REP-S513,Spencer Brooks,TERR-S13,1,10,12,7,2,9,30.9041,72217.1,6.2406,0.058693,32.8327,synthetic
2001000548,Dr. Carol Hall,Orthopedics,Houston,TX,Actiq,REP-S614,Selena O'Connor,TERR-S02,3,5,5,4,1,15,14.4615,21210.27,2.7109,0.02504,14.8535,synthetic
2001000549,Dr. David Thomas,Pain Management,Chicago,IL,Subsys,REP-S843,Sean Kim,TERR-S07,2,6,6,2,2,15,15.6464,19030.35,3.9504,0.036459,16.2645,synthetic
2001000550,Dr. Melissa Robinson,Anesthesiology,Austin,TX,Actiq,REP-S787,Scott Gomez,TERR-S07,2,7,6,3,2,18,18.934,21800.07,4.3723,0.040691,19.7619,synthetic
2001000551,Dr. Nancy Jackson,Oncology,New York,NY,Subsys,REP-S828,Serena Alvarez,TERR-S06,3,6,5,4,5,13,17.4136,36662.07,6.4978,0.059636,18.5451,synthetic
2001000552,Dr. Mary Adams,Anesthesiology,Atlanta,GA,Abstral,REP-S663,Sean Kowalski,TERR-S09,3,6,5,4,4,20,15.8304,14639.16,6.9451,0.063279,16.9299,synthetic
2001000553,Dr. Barbara Scott,Palliative Care,Atlanta,GA,Subsys,REP-S602,Sophia O'Connor,TERR-S04,2,4,5,4,4,20,9.0286,15016.51,4.1002,0.036248,9.3988,synthetic
2001000554,Dr. Rebecca Young,Psychiatry,Phoenix,AZ,Actiq,REP-S818,Summer Vargas,TERR-S10,3,3,5,2,1,19,7.9073,10407.66,3.7316,0.03259,8.2024,synthetic
2001000555,Dr. Jennifer Walker,Pain Management,Boston,MA,Subsys,REP-S622,Sophia Novak,TERR-S10,3,8,3,1,2,16,22.5496,31774.61,3.0616,0.028895,23.24,synthetic
2001000556,Dr. Betty Lopez,Palliative Care,Columbus,OH,Subsys,REP-S617,Stanley O'Connor,TERR-S05,3,3,3,2,2,18,6.3432,14688.69,4.8578,0.041106,6.6513,synthetic
2001000557,Dr. Stephanie Walker,Oncology,Chicago,IL,Abstral,REP-S625,Simon Novak,TERR-S13,1,5,13,11,7,21,12.8948,19875.53,10.0242,0.088952,14.1874,synthetic
2001000558,Dr. Melissa Lewis,Orthopedics,Nashville,TN,Actiq,REP-S602,Sophia O'Connor,TERR-S04,3,5,4,3,1,13,12.2265,28788.5,3.3854,0.030814,12.6404,synthetic
2001000559,Dr. Laura Adams,Palliative Care,Detroit,MI,Subsys,REP-S510,Sadie Brooks,TERR-S10,3,6,4,2,0,12,17.3868,38602.77,2.3472,0.021953,17.7949,synthetic
2001000560,Dr. Kimberly Lopez,Anesthesiology,Atlanta,GA,Subsys,REP-S835,Stephen Alvarez,TERR-S13,2,4,8,6,3,18,11.9023,12396.93,4.4084,0.039862,12.427,synthetic
2001000561,Dr. Sarah Flores,Palliative Care,Detroit,MI,Subsys,REP-S671,Silas Kowalski,TERR-S03,1,3,10,7,5,14,6.1406,11789.74,6.8866,0.057535,6.5635,synthetic
2001000562,Dr. John Anderson,Pain Management,Houston,TX,Actiq,REP-S567,Scott Kapoor,TERR-S11,3,4,2,2,1,16,11.4179,22820.82,3.6192,0.032735,11.8311,synthetic
2001000563,Dr. David White,Neurology,Atlanta,GA,Abstral,REP-S777,Stanley Muller,TERR-S11,3,8,5,4,1,17,21.1405,43908.41,5.4535,0.050761,22.2934,synthetic
2001000564,Dr. Charles Johnson,Family Practice,Phoenix,AZ,Subsys,REP-S696,Sasha Larsson,TERR-S14,3,5,5,5,3,26,12.6923,15315.02,6.0238,0.054336,13.4568,synthetic
2001000565,Dr. John Lee,Oncology,Boston,MA,Abstral,REP-S630,Sadie Novak,TERR-S04,2,6,7,6,4,18,15.5203,39867.74,5.8215,0.053248,16.4238,synthetic
2001000566,Dr. Dorothy Allen,Pain Management,Los Angeles,CA,Abstral,REP-S510,Sadie Brooks,TERR-S10,2,6,5,4,3,14,16.1369,20827.44,5.177,0.047598,16.9723,synthetic
2001000567,Dr. Sarah Thomas,Internal Medicine,Las Vegas,NV,Subsys,REP-S598,Summer Nakamura,TERR-S14,3,9,5,4,1,19,24.4246,33177.18,3.6981,0.03491,25.3278,synthetic
2001000568,Dr. Michelle Perez,Oncology,Los Angeles,CA,Lazanda,REP-S661,Samuel Kowalski,TERR-S07,2,5,9,7,5,16,13.6532,29652.35,9.2521,0.082692,14.9165,synthetic
2001000569,Dr. William Martinez,Pain Management,Phoenix,AZ,Actiq,REP-S633,Spencer Novak,TERR-S07,1,7,14,12,1,17,18.9921,27389.81,5.282,0.04896,19.9953,synthetic
2001000570,Dr. Donna Jones,Oncology,Denver,CO,Fentora,REP-S614,Selena O'Connor,TERR-S02,1,5,14,8,7,14,14.257,16411.67,9.0903,0.081529,15.553,synthetic
2001000571,Dr. Kathleen Wilson,Internal Medicine,Baltimore,MD,Abstral,REP-S748,Serena Tanaka,TERR-S10,3,7,2,2,0,14,20.1242,30638.23,0.95,0.00901,20.3153,synthetic
2001000572,Dr. Richard Martinez,Oncology,Las Vegas,NV,Subsys,REP-S531,Silas Patel,TERR-S03,2,5,9,7,5,13,12.3267,20683.15,8.6036,0.076572,13.3872,synthetic
2001000573,Dr. Linda Jones,Family Practice,Boston,MA,Abstral,REP-S565,Simon Kapoor,TERR-S09,3,7,4,3,0,22,18.329,27298.88,1.9214,0.018056,18.6812,synthetic
2001000574,Dr. Sarah Baker,Oncology,Las Vegas,NV,Subsys,REP-S667,Scott Kowalski,TERR-S13,2,3,6,4,3,13,7.9522,14269.02,7.2939,0.062779,8.5322,synthetic
2001000575,Dr. Mary Martinez,Pain Management,Atlanta,GA,Abstral,REP-S519,Solomon Brooks,TERR-S05,2,7,5,4,1,17,18.6788,34929.95,8.1544,0.074551,20.2019,synthetic
2001000576,Dr. Carol Johnson,Palliative Care,Boston,MA,Actiq,REP-S701,Samuel Rossi,TERR-S05,3,3,4,3,1,14,7.6538,15591.17,4.9722,0.043037,8.0344,synthetic
2001000577,Dr. Sarah Baker,Pain Management,Columbus,OH,Abstral,REP-S610,Sadie O'Connor,TERR-S12,1,8,11,7,7,16,21.0162,26778.75,9.3186,0.085217,22.9746,synthetic
2001000578,Dr. Susan Green,Neurology,Denver,CO,Subsys,REP-S555,Stephen Chen,TERR-S13,2,7,9,6,4,25,19.2657,35502.55,4.8734,0.045288,20.2046,synthetic
2001000579,Dr. Amanda Clark,Oncology,Houston,TX,Abstral,REP-S774,Selena Muller,TERR-S08,2,7,6,4,5,10,18.0939,31503.04,6.7628,0.062116,19.3175,synthetic
2001000580,Dr. Thomas Allen,Palliative Care,Miami,FL,Actiq,REP-S575,Stephen Kapoor,TERR-S05,3,9,4,2,0,19,24.3949,44478.73,1.4059,0.013415,24.7379,synthetic
2001000581,Dr. Stephanie Young,Family Practice,Austin,TX,Actiq,REP-S684,Sarah Larsson,TERR-S02,3,7,2,2,2,28,19.2054,20889.3,4.3121,0.040169,20.0336,synthetic
2001000582,Dr. Elizabeth Perez,Orthopedics,New York,NY,Actiq,REP-S683,Sean Larsson,TERR-S01,3,4,5,2,2,25,11.2752,12029.46,4.7067,0.042324,11.8059,synthetic
2001000583,Dr. Sandra Walker,Internal Medicine,Charlotte,NC,Subsys,REP-S711,Silas Rossi,TERR-S01,3,5,5,3,0,20,12.9605,19008.54,1.5767,0.014532,13.1648,synthetic
2001000584,Dr. Emily Lopez,Pain Management,Chicago,IL,Fentora,REP-S630,Sadie Novak,TERR-S04,1,6,12,9,5,31,15.2953,21986.77,9.6697,0.086878,16.7744,synthetic
2001000585,Dr. Kathleen Moore,Neurology,New York,NY,Lazanda,REP-S570,Sadie Kapoor,TERR-S14,3,6,5,3,3,11,16.1469,18642.11,2.4405,0.022722,16.541,synthetic
2001000586,Dr. Charles Hernandez,Family Practice,Philadelphia,PA,Actiq,REP-S625,Simon Novak,TERR-S13,3,4,5,2,1,7,9.3269,20829.86,1.7901,0.016038,9.4938,synthetic
2001000587,Dr. Thomas Garcia,Internal Medicine,Portland,OR,Fentora,REP-S664,Sarah Kowalski,TERR-S10,3,7,2,2,3,30,18.2921,42806.96,1.802,0.016941,18.6217,synthetic
2001000588,Dr. Jessica Davis,Oncology,Nashville,TN,Actiq,REP-S623,Sean Novak,TERR-S11,3,6,4,2,0,17,17.127,19119.12,3.17,0.029511,17.67,synthetic
2001000589,Dr. John Baker,Pain Management,New York,NY,Fentora,REP-S777,Stanley Muller,TERR-S11,3,4,3,3,3,19,11.71,20270.82,7.3556,0.065571,12.5713,synthetic
2001000590,Dr. Robert Carter,Pain Management,New York,NY,Fentora,REP-S556,Sasha Chen,TERR-S14,2,4,9,6,7,28,10.8662,19897.07,10.3092,0.09021,11.9864,synthetic
2001000591,Dr. Charles Adams,Palliative Care,Columbus,OH,Subsys,REP-S727,Scott Santos,TERR-S03,1,4,10,6,1,15,11.2027,12015.4,5.8208,0.052059,11.8547,synthetic
2001000592,Dr. Richard Adams,Internal Medicine,Atlanta,GA,Subsys,REP-S623,Sean Novak,TERR-S11,3,6,5,4,2,34,16.057,36264.13,4.9439,0.04549,16.8508,synthetic
2001000593,Dr. Susan Young,Oncology,Chicago,IL,Fentora,REP-S730,Sadie Santos,TERR-S06,3,7,2,2,1,19,20.7128,48262.22,2.4205,0.022827,21.2141,synthetic
2001000594,Dr. Laura Gonzalez,Palliative Care,Boston,MA,Subsys,REP-S564,Sarah Kapoor,TERR-S08,3,6,2,1,2,26,15.845,32148.54,2.7078,0.025151,16.274,synthetic
2001000595,Dr. Jessica Flores,Pain Management,Los Angeles,CA,Subsys,REP-S751,Silas Tanaka,TERR-S13,1,6,12,6,5,16,16.2527,23978.35,8.5654,0.077599,17.6448,synthetic
2001000596,Dr. Michelle Green,Family Practice,Boston,MA,Subsys,REP-S660,Sloan Dubois,TERR-S06,3,3,3,2,3,12,8.8186,22300.26,2.6826,0.023808,9.0552,synthetic
2001000597,Dr. Karen Hill,Palliative Care,Seattle,WA,Subsys,REP-S727,Scott Santos,TERR-S03,2,6,9,7,1,13,15.91,28024.0,5.7426,0.052621,16.8236,synthetic
2001000598,Dr. Michael Miller,Oncology,Miami,FL,Abstral,REP-S691,Silas Larsson,TERR-S09,3,6,5,3,3,19,15.8218,17554.64,4.9337,0.04536,16.6024,synthetic
2001000599,Dr. Laura Walker,Pain Management,Atlanta,GA,Subsys,REP-S622,Sophia Novak,TERR-S10,3,4,3,3,3,16,11.7907,20495.8,7.4585,0.066494,12.6701,synthetic
2001000600,Dr. Melissa Mitchell,Palliative Care,Denver,CO,Abstral,REP-S696,Sasha Larsson,TERR-S14,2,8,8,5,1,12,23.148,37549.34,4.4373,0.041656,24.1751,synthetic
2001000601,Dr. David Garcia,Family Practice,Charlotte,NC,Fentora,REP-S603,Sean O'Connor,TERR-S05,3,7,3,2,3,18,20.3354,44042.21,1.5428,0.014598,20.6491,synthetic
2001000602,Dr. Richard Wright,Oncology,Jacksonville,FL,Abstral,REP-S603,Sean O'Connor,TERR-S05,3,7,2,2,0,13,19.2219,20932.27,3.1623,0.029616,19.8297,synthetic
2001000603,Dr. Susan Hernandez,Oncology,Detroit,MI,Subsys,REP-S699,Solomon Larsson,TERR-S03,2,3,5,3,3,21,6.8205,16138.94,5.1322,0.043787,7.1705,synthetic
2001000604,Dr. Deborah Wilson,Pain Management,Atlanta,GA,Subsys,REP-S649,Seth Dubois,TERR-S09,2,5,8,7,8,19,14.5392,24344.31,10.1331,0.090581,16.0124,synthetic
2001000605,Dr. Sandra Green,Pain Management,Columbus,OH,Actiq,REP-S734,Selena Santos,TERR-S10,2,6,5,2,3,14,17.4309,22633.86,6.7617,0.061986,18.6095,synthetic
2001000606,Dr. Carol Rodriguez,Neurology,Charlotte,NC,Abstral,REP-S523,Sean Patel,TERR-S09,3,4,5,4,5,9,10.452,13087.63,6.2245,0.055255,11.1025,synthetic
2001000607,Dr. Kimberly Rivera,Emergency Medicine,Nashville,TN,Abstral,REP-S690,Sadie Larsson,TERR-S08,3,6,3,2,1,18,15.4671,32552.09,0.3783,0.003547,15.5256,synthetic
2001000608,Dr. Kimberly Miller,Palliative Care,Jacksonville,FL,Subsys,REP-S785,Simon Gomez,TERR-S05,3,6,5,4,1,15,16.1711,14951.25,4.9476,0.045542,16.9712,synthetic
2001000609,Dr. Rebecca Hall,Internal Medicine,Chicago,IL,Subsys,REP-S720,Sloan Rossi,TERR-S10,3,2,5,2,0,22,4.8895,5627.55,2.313,0.01902,5.0026,synthetic
2001000610,Dr. Michelle Hernandez,Oncology,Austin,TX,Subsys,REP-S705,Simon Rossi,TERR-S09,3,7,2,1,2,27,19.4885,24425.25,2.834,0.0266,20.0408,synthetic
2001000611,Dr. Deborah Lewis,Orthopedics,Portland,OR,Subsys,REP-S559,Solomon Chen,TERR-S03,3,2,4,3,4,18,4.3638,10758.25,5.2159,0.041559,4.5914,synthetic
2001000612,Dr. Nancy Martin,Orthopedics,Jacksonville,FL,Fentora,REP-S520,Sloan Brooks,TERR-S06,3,5,4,3,4,13,12.7686,24016.84,5.0014,0.045338,13.4072,synthetic
2001000613,Dr. Margaret Adams,Palliative Care,Las Vegas,NV,Abstral,REP-S670,Sadie Kowalski,TERR-S02,1,6,13,12,9,18,15.721,26429.6,12.308,0.1095,17.6559,synthetic
2001000614,Dr. Michael Flores,Oncology,Jacksonville,FL,Fentora,REP-S835,Stephen Alvarez,TERR-S13,1,3,9,7,8,14,8.4447,10473.5,8.428,0.072652,9.1564,synthetic
2001000615,Dr. Mary Anderson,Pain Management,Charlotte,NC,Actiq,REP-S757,Stanley Tanaka,TERR-S05,2,6,8,6,4,26,16.8827,15942.45,8.2119,0.074668,18.2691,synthetic
2001000616,Dr. Kimberly Hill,Anesthesiology,Jacksonville,FL,Fentora,REP-S848,Serena Kim,TERR-S12,2,4,7,6,6,16,11.6203,24422.49,6.9403,0.061945,12.4268,synthetic
2001000617,Dr. Sharon Nguyen,Anesthesiology,Chicago,IL,Subsys,REP-S836,Sasha Alvarez,TERR-S14,2,7,8,3,0,8,20.4712,33639.95,2.7678,0.026047,21.0378,synthetic
2001000618,Dr. Margaret Gonzalez,Internal Medicine,Phoenix,AZ,Abstral,REP-S778,Summer Muller,TERR-S12,3,6,5,2,1,17,17.2287,37566.37,0.9204,0.008661,17.3872,synthetic
2001000619,Dr. Deborah Young,Oncology,Portland,OR,Fentora,REP-S752,Sienna Tanaka,TERR-S14,1,5,11,8,7,27,12.4313,29719.31,6.5674,0.059009,13.2477,synthetic
2001000620,Dr. Elizabeth Robinson,Oncology,Columbus,OH,Actiq,REP-S725,Simon Santos,TERR-S01,2,7,9,6,4,19,20.842,28228.7,5.0774,0.047312,21.9002,synthetic
2001000621,Dr. William Lopez,Oncology,New York,NY,Fentora,REP-S827,Scott Alvarez,TERR-S05,3,5,2,2,3,14,14.2615,17045.52,4.5035,0.041223,14.9038,synthetic
2001000622,Dr. James Miller,Palliative Care,Los Angeles,CA,Lazanda,REP-S808,Serena Vargas,TERR-S14,2,3,7,5,0,43,8.7232,20187.25,3.8057,0.033573,9.0552,synthetic
2001000623,Dr. Kathleen Jackson,Pain Management,Houston,TX,Actiq,REP-S771,Silas Muller,TERR-S05,3,5,5,4,4,25,14.4643,29372.8,8.0605,0.072686,15.6302,synthetic
2001000624,Dr. Joseph Young,Neurology,New York,NY,Subsys,REP-S753,Spencer Tanaka,TERR-S01,3,7,4,2,2,13,18.3039,26045.05,3.998,0.037208,19.0357,synthetic
2001000625,Dr. Sharon Young,Family Practice,Nashville,TN,Lazanda,REP-S693,Spencer Larsson,TERR-S11,3,2,3,2,0,20,3.6947,3990.04,2.4522,0.019115,3.7853,synthetic
2001000626,Dr. Susan Lee,Oncology,Nashville,TN,Fentora,REP-S558,Summer Chen,TERR-S02,2,2,9,7,4,14,5.4036,11529.32,8.8599,0.0721,5.8823,synthetic
2001000627,Dr. Lisa Davis,Oncology,Charlotte,NC,Subsys,REP-S540,Sloan Patel,TERR-S12,2,6,6,4,3,11,16.2622,30822.09,7.3932,0.067331,17.4645,synthetic
2001000628,Dr. John Hill,Internal Medicine,Portland,OR,Abstral,REP-S836,Sasha Alvarez,TERR-S14,3,3,3,2,2,17,7.4402,9027.81,3.0241,0.026309,7.6651,synthetic
2001000629,Dr. Deborah Garcia,Internal Medicine,Austin,TX,Actiq,REP-S623,Sean Novak,TERR-S11,3,5,2,2,3,23,13.4801,26182.64,5.6823,0.051547,14.246,synthetic
2001000630,Dr. Barbara Wilson,Anesthesiology,Jacksonville,FL,Subsys,REP-S529,Seth Patel,TERR-S01,3,6,4,2,3,23,15.4391,36749.16,2.4901,0.023117,15.8236,synthetic
2001000631,Dr. Deborah Robinson,Neurology,Columbus,OH,Lazanda,REP-S525,Simon Patel,TERR-S11,3,4,2,1,0,8,10.7763,18252.15,0.9168,0.008354,10.8751,synthetic
2001000632,Dr. Carol Lewis,Pain Management,Houston,TX,Abstral,REP-S793,Spencer Gomez,TERR-S13,1,2,13,9,5,15,4.3354,4874.14,9.7545,0.076278,4.7583,synthetic
2001000633,Dr. Michelle Jackson,Pain Management,Los Angeles,CA,Subsys,REP-S826,Stella Alvarez,TERR-S04,1,5,13,12,4,28,14.0562,25702.28,7.0656,0.063878,15.0493,synthetic
2001000634,Dr. Jessica Ramirez,Pain Management,Nashville,TN,Abstral,REP-S790,Sadie Gomez,TERR-S10,2,4,9,5,3,7,10.5584,11441.29,5.9235,0.052697,11.1838,synthetic
2001000635,Dr. Patricia Harris,Pain Management,Las Vegas,NV,Abstral,REP-S707,Scott Rossi,TERR-S11,3,4,3,2,1,22,9.708,24744.37,5.6203,0.049699,10.2537,synthetic
2001000636,Dr. Kathleen White,Pain Management,Chicago,IL,Subsys,REP-S722,Sophia Santos,TERR-S12,1,3,9,6,1,18,8.0251,10682.96,5.7031,0.049468,8.4828,synthetic
2001000637,Dr. Sarah Mitchell,Anesthesiology,Philadelphia,PA,Subsys,REP-S535,Stephen Patel,TERR-S07,2,7,8,5,1,27,18.3006,16195.9,4.4934,0.041723,19.1229,synthetic
2001000638,Dr. Ashley Robinson,Internal Medicine,Los Angeles,CA,Actiq,REP-S579,Solomon Kapoor,TERR-S09,3,5,5,3,1,37,14.3791,18346.41,3.2349,0.029797,14.8442,synthetic
2001000639,Dr. Deborah Lewis,Palliative Care,Los Angeles,CA,Abstral,REP-S529,Seth Patel,TERR-S01,3,10,2,1,1,18,27.7476,29885.04,5.1552,0.04856,29.178,synthetic
2001000640,Dr. Melissa Mitchell,Internal Medicine,Phoenix,AZ,Abstral,REP-S618,Summer O'Connor,TERR-S06,3,7,3,2,3,16,19.669,51068.94,5.4032,0.050139,20.7318,synthetic
2001000641,Dr. John Jackson,Oncology,Las Vegas,NV,Subsys,REP-S752,Sienna Tanaka,TERR-S14,2,5,8,3,2,14,12.3072,25398.86,4.0486,0.03676,12.8055,synthetic
2001000642,Dr. James White,Oncology,Las Vegas,NV,Subsys,REP-S717,Stanley Rossi,TERR-S07,2,6,8,6,6,11,16.7552,28446.62,7.5827,0.069112,18.0257,synthetic
2001000643,Dr. Susan Lopez,Oncology,Baltimore,MD,Subsys,REP-S756,Sasha Tanaka,TERR-S04,3,7,3,1,2,16,19.6647,35070.89,2.9358,0.027554,20.242,synthetic
2001000644,Dr. Thomas Brown,Pain Management,Houston,TX,Abstral,REP-S512,Sienna Brooks,TERR-S12,1,5,9,7,2,22,12.0399,15968.14,6.1484,0.055216,12.7802,synthetic
2001000645,Dr. Charles Wilson,Anesthesiology,New York,NY,Subsys,REP-S769,Seth Muller,TERR-S03,2,5,7,4,4,11,14.6535,30929.31,5.1662,0.047229,15.4105,synthetic
2001000646,Dr. Dorothy Robinson,Pain Management,Austin,TX,Subsys,REP-S846,Stella Kim,TERR-S10,2,6,7,6,4,9,15.489,34663.0,8.5429,0.07719,16.8122,synthetic
2001000647,Dr. Linda Miller,Palliative Care,Miami,FL,Abstral,REP-S651,Silas Dubois,TERR-S11,3,5,5,3,0,18,13.6445,13916.89,2.4284,0.022374,13.9759,synthetic
2001000648,Dr. Kimberly Hernandez,Neurology,Atlanta,GA,Subsys,REP-S621,Samuel Novak,TERR-S09,3,7,2,1,2,29,20.7553,45859.09,1.9453,0.018389,21.159,synthetic
2001000649,Dr. Lisa Williams,Pain Management,Atlanta,GA,Abstral,REP-S561,Samuel Kapoor,TERR-S05,3,3,2,1,1,20,8.2906,16978.17,3.521,0.030936,8.5825,synthetic
2001000650,Dr. David Davis,Pain Management,Columbus,OH,Abstral,REP-S773,Spencer Muller,TERR-S07,2,6,6,4,2,19,15.6114,27647.28,9.43,0.084914,17.0835,synthetic
2001000651,Dr. Mary Thomas,Pain Management,Denver,CO,Subsys,REP-S798,Summer Gomez,TERR-S04,2,9,7,5,2,15,25.1672,60512.69,5.4217,0.050831,26.5317,synthetic
2001000652,Dr. Sharon Lee,Anesthesiology,Columbus,OH,Subsys,REP-S653,Spencer Dubois,TERR-S13,2,4,8,7,5,26,10.4078,22832.76,9.4854,0.082997,11.395,synthetic
2001000653,Dr. Robert Allen,Pain Management,Philadelphia,PA,Subsys,REP-S631,Silas Novak,TERR-S05,3,5,5,4,1,12,13.4231,15070.86,7.3639,0.066287,14.4116,synthetic
2001000654,Dr. Patricia Brown,Pain Management,Boston,MA,Abstral,REP-S706,Stella Rossi,TERR-S10,2,3,7,3,2,15,8.2427,13145.54,6.8406,0.059217,8.8066,synthetic
2001000655,Dr. Margaret Williams,Anesthesiology,Charlotte,NC,Lazanda,REP-S814,Selena Vargas,TERR-S06,3,7,4,3,4,14,19.7231,21903.4,5.6591,0.05246,20.8393,synthetic
2001000656,Dr. Stephanie Martin,Neurology,Boston,MA,Actiq,REP-S568,Serena Kapoor,TERR-S12,2,6,8,7,1,30,17.4721,28065.7,3.4514,0.032124,18.0751,synthetic
2001000657,Dr. Melissa Anderson,Neurology,Denver,CO,Abstral,REP-S789,Seth Gomez,TERR-S09,3,8,2,1,0,16,22.928,30854.45,0.0434,0.000416,22.938,synthetic
2001000658,Dr. Donna Anderson,Neurology,Austin,TX,Actiq,REP-S637,Stanley Novak,TERR-S11,3,7,2,2,1,14,20.5713,51395.77,1.7541,0.016589,20.9321,synthetic
2001000659,Dr. Susan Rodriguez,Palliative Care,Boston,MA,Fentora,REP-S712,Sienna Rossi,TERR-S02,1,4,14,9,3,11,10.6243,12622.92,7.8622,0.069394,11.4596,synthetic
2001000660,Dr. Ashley Thompson,Family Practice,Austin,TX,Fentora,REP-S636,Sasha Novak,TERR-S10,3,4,2,2,1,16,9.1451,22631.06,2.0451,0.018268,9.3321,synthetic
2001000661,Dr. Rebecca Davis,Oncology,Columbus,OH,Subsys,REP-S759,Solomon Tanaka,TERR-S07,1,8,10,8,8,10,23.7879,34480.52,10.2584,0.093896,26.2282,synthetic
2001000662,Dr. Elizabeth Smith,Palliative Care,Miami,FL,Subsys,REP-S558,Summer Chen,TERR-S02,2,5,5,5,0,10,13.2862,11456.64,4.153,0.037895,13.838,synthetic
2001000663,Dr. Mary Harris,Pain Management,Boston,MA,Abstral,REP-S631,Silas Novak,TERR-S05,3,4,4,3,0,21,10.0174,11770.92,3.4547,0.030928,10.3634,synthetic
2001000664,Dr. Michelle Lewis,Oncology,Houston,TX,Subsys,REP-S735,Stephen Santos,TERR-S11,3,8,3,3,1,14,23.6796,61473.95,5.3704,0.050244,24.9513,synthetic
2001000665,Dr. Richard Hernandez,Neurology,Houston,TX,Fentora,REP-S546,Stella Chen,TERR-S04,3,6,5,2,1,18,16.9446,39204.5,3.6267,0.033672,17.5591,synthetic
2001000666,Dr. Karen Harris,Pain Management,Portland,OR,Lazanda,REP-S833,Spencer Alvarez,TERR-S11,3,3,4,2,2,22,7.843,17811.17,4.6964,0.040809,8.2114,synthetic
2001000667,Dr. Donna Nelson,Palliative Care,Miami,FL,Abstral,REP-S821,Samuel Alvarez,TERR-S13,2,7,9,8,4,22,19.3505,41736.42,10.8816,0.098459,21.4561,synthetic
2001000668,Dr. Dorothy Harris,Family Practice,Columbus,OH,Subsys,REP-S718,Summer Rossi,TERR-S08,3,5,2,1,1,14,14.469,23762.48,1.8444,0.017105,14.7359,synthetic
2001000669,Dr. Melissa Martin,Oncology,Atlanta,GA,Subsys,REP-S509,Seth Brooks,TERR-S09,3,5,5,4,5,14,14.1326,34221.41,6.6753,0.060475,15.076,synthetic
2001000670,Dr. Emily Williams,Anesthesiology,Austin,TX,Abstral,REP-S527,Scott Patel,TERR-S13,1,4,9,6,7,14,9.8607,24028.44,6.5857,0.058073,10.5101,synthetic
2001000671,Dr. Nancy Campbell,Neurology,Portland,OR,Lazanda,REP-S730,Sadie Santos,TERR-S06,3,4,2,2,2,15,9.7947,12977.15,4.3079,0.038343,10.2167,synthetic
2001000672,Dr. Jennifer Gonzalez,Pain Management,Nashville,TN,Subsys,REP-S544,Sarah Chen,TERR-S02,1,8,14,7,1,17,23.365,53611.13,8.1801,0.075519,25.2763,synthetic
2001000673,Dr. Deborah Jones,Palliative Care,Phoenix,AZ,Lazanda,REP-S697,Stanley Larsson,TERR-S01,2,7,8,7,4,12,19.2575,23365.47,7.8695,0.072144,20.7729,synthetic
2001000674,Dr. Kimberly Johnson,Pain Management,Baltimore,MD,Abstral,REP-S689,Seth Larsson,TERR-S07,2,3,8,4,2,11,7.5467,12880.88,7.7342,0.066061,8.1304,synthetic
2001000675,Dr. Melissa Allen,Oncology,Jacksonville,FL,Subsys,REP-S822,Sophia Alvarez,TERR-S14,2,3,9,6,4,13,6.0729,15466.83,10.5469,0.086689,6.7134,synthetic
2001000676,Dr. Carol Brown,Family Practice,Phoenix,AZ,Actiq,REP-S539,Solomon Patel,TERR-S11,3,7,2,1,1,35,18.7835,18764.5,2.867,0.026857,19.322,synthetic
2001000677,Dr. Linda King,Pain Management,Baltimore,MD,Subsys,REP-S543,Sean Chen,TERR-S01,2,9,5,4,3,15,24.2805,28571.86,7.0843,0.065826,26.0006,synthetic
2001000678,Dr. Barbara Gonzalez,Neurology,Detroit,MI,Subsys,REP-S579,Solomon Kapoor,TERR-S09,3,3,5,2,3,19,7.6926,12930.08,3.5796,0.031186,7.9679,synthetic
2001000679,Dr. Jennifer Nelson,Pain Management,Jacksonville,FL,Actiq,REP-S755,Stephen Tanaka,TERR-S03,1,5,14,12,8,23,13.89,31165.16,12.3571,0.109098,15.6064,synthetic
2001000680,Dr. Patricia Clark,Oncology,Portland,OR,Subsys,REP-S512,Sienna Brooks,TERR-S12,2,5,6,5,0,15,12.8865,16126.82,4.2509,0.03869,13.4343,synthetic
2001000681,Dr. Sharon Davis,Pain Management,Atlanta,GA,Lazanda,REP-S780,Sloan Muller,TERR-S14,2,6,7,5,3,18,17.019,30693.65,5.0281,0.046398,17.8748,synthetic
2001000682,Dr. Michelle Rodriguez,Oncology,Portland,OR,Subsys,REP-S769,Seth Muller,TERR-S03,2,8,5,4,3,19,22.435,43307.07,5.2979,0.049474,23.6235,synthetic
2001000683,Dr. Laura Wright,Pain Management,Nashville,TN,Fentora,REP-S542,Sophia Chen,TERR-S14,2,5,9,6,1,15,12.5603,19102.69,4.3379,0.039394,13.1051,synthetic
2001000684,Dr. Kathleen Ramirez,Oncology,Phoenix,AZ,Fentora,REP-S602,Sophia O'Connor,TERR-S04,2,7,6,4,3,10,18.4999,37214.14,3.9479,0.03677,19.2303,synthetic
2001000685,Dr. Charles Young,Neurology,Las Vegas,NV,Subsys,REP-S681,Samuel Larsson,TERR-S13,2,2,9,7,7,14,5.4865,8874.62,8.5521,0.06984,5.9557,synthetic
2001000686,Dr. Jennifer Hernandez,Palliative Care,Boston,MA,Abstral,REP-S794,Selena Gomez,TERR-S14,2,6,9,7,8,19,16.6048,23432.05,7.1771,0.065501,17.7966,synthetic
2001000687,Dr. Sarah Hernandez,Internal Medicine,Denver,CO,Subsys,REP-S662,Sophia Kowalski,TERR-S08,3,9,4,2,1,15,25.3784,49475.83,1.2101,0.011575,25.6855,synthetic
2001000688,Dr. Linda Thompson,Pain Management,Miami,FL,Abstral,REP-S715,Stephen Rossi,TERR-S05,3,6,5,4,3,17,15.0777,28569.78,5.9715,0.054489,15.978,synthetic
2001000689,Dr. Emily Anderson,Oncology,Jacksonville,FL,Subsys,REP-S778,Summer Muller,TERR-S12,1,4,10,9,8,19,9.8015,9387.29,8.0966,0.070897,10.5951,synthetic
2001000690,Dr. Michelle Rodriguez,Internal Medicine,Austin,TX,Abstral,REP-S820,Sloan Vargas,TERR-S12,3,6,2,1,2,9,16.7002,37801.03,2.119,0.019795,17.0541,synthetic
2001000691,Dr. Margaret Taylor,Family Practice,Boston,MA,Lazanda,REP-S607,Scott O'Connor,TERR-S09,3,4,4,3,2,12,10.6776,21922.01,1.6598,0.015062,10.8548,synthetic
2001000692,Dr. Ashley Scott,Anesthesiology,Charlotte,NC,Subsys,REP-S538,Summer Patel,TERR-S10,3,4,4,3,2,12,9.8804,24739.64,3.569,0.031896,10.2331,synthetic
2001000693,Dr. Barbara Hall,Internal Medicine,Portland,OR,Subsys,REP-S555,Stephen Chen,TERR-S13,3,8,5,3,2,21,22.4753,51324.92,5.9968,0.055826,23.8231,synthetic
2001000694,Dr. Kathleen Wright,Oncology,Houston,TX,Subsys,REP-S829,Seth Alvarez,TERR-S07,1,5,10,6,4,15,12.4724,19130.81,5.9681,0.053779,13.2167,synthetic
2001000695,Dr. Deborah Lopez,Family Practice,Charlotte,NC,Fentora,REP-S620,Sloan O'Connor,TERR-S08,3,6,2,2,1,20,15.7936,37467.3,3.1153,0.028877,16.2856,synthetic
2001000696,Dr. Sharon Williams,Pain Management,Atlanta,GA,Actiq,REP-S686,Stella Larsson,TERR-S04,2,4,6,3,0,12,11.0784,16580.0,2.6565,0.024074,11.3727,synthetic
2001000697,Dr. Laura Walker,Family Practice,Austin,TX,Abstral,REP-S791,Silas Gomez,TERR-S11,3,6,4,2,2,13,17.197,30344.69,3.5251,0.032771,17.8032,synthetic
2001000698,Dr. Amanda Carter,Pain Management,Chicago,IL,Fentora,REP-S621,Samuel Novak,TERR-S09,3,3,5,3,1,31,7.6418,13059.26,5.6062,0.048385,8.0702,synthetic
2001000699,Dr. Rebecca Johnson,Pain Management,Chicago,IL,Abstral,REP-S542,Sophia Chen,TERR-S14,1,2,11,8,7,18,3.8845,6476.41,7.3413,0.056743,4.1697,synthetic
2001000700,Dr. Ashley Hall,Oncology,Columbus,OH,Abstral,REP-S669,Seth Kowalski,TERR-S01,2,9,5,3,3,12,24.3182,33079.45,5.9333,0.055425,25.761,synthetic
2001000701,Dr. Michael Lewis,Anesthesiology,Baltimore,MD,Subsys,REP-S765,Simon Muller,TERR-S13,2,5,6,4,0,14,12.6746,20583.67,1.6317,0.015011,12.8814,synthetic
2001000702,Dr. Lisa Green,Palliative Care,Austin,TX,Actiq,REP-S582,Sophia Nakamura,TERR-S12,2,4,5,5,6,23,11.3151,18078.84,5.9251,0.05301,11.9856,synthetic
2001000703,Dr. Richard Williams,Anesthesiology,Seattle,WA,Subsys,REP-S841,Samuel Kim,TERR-S05,3,6,5,3,1,13,17.0714,26341.5,2.7524,0.025669,17.5413,synthetic
2001000704,Dr. Sandra Taylor,Pain Management,Nashville,TN,Subsys,REP-S570,Sadie Kapoor,TERR-S14,2,7,7,2,2,13,18.1928,32888.9,5.0851,0.047076,19.1179,synthetic
2001000705,Dr. Betty Taylor,Oncology,Chicago,IL,Subsys,REP-S674,Selena Kowalski,TERR-S06,3,7,3,2,3,27,19.9606,40697.5,4.8959,0.045569,20.9378,synthetic
2001000706,Dr. Karen Walker,Palliative Care,Miami,FL,Lazanda,REP-S572,Sienna Kapoor,TERR-S02,2,5,8,6,0,23,13.3563,34220.5,3.7185,0.03401,13.8529,synthetic
2001000707,Dr. Dorothy Hill,Pain Management,Chicago,IL,Abstral,REP-S628,Serena Novak,TERR-S02,1,5,14,10,2,20,12.3774,15758.82,5.3728,0.048516,13.0424,synthetic
2001000708,Dr. Ashley Wright,Pain Management,Baltimore,MD,Abstral,REP-S678,Summer Kowalski,TERR-S10,3,4,5,3,3,13,10.7495,19776.35,4.6788,0.041915,11.2525,synthetic
2001000709,Dr. Karen Garcia,Palliative Care,Chicago,IL,Subsys,REP-S606,Stella O'Connor,TERR-S08,3,4,3,3,4,13,11.0687,11888.75,6.1444,0.054822,11.7488,synthetic
2001000710,Dr. Rebecca Baker,Anesthesiology,Detroit,MI,Fentora,REP-S666,Stella Kowalski,TERR-S12,1,4,11,7,1,17,11.7251,25363.87,6.4519,0.057749,12.4816,synthetic
2001000711,Dr. Dorothy Clark,Family Practice,Austin,TX,Abstral,REP-S620,Sloan O'Connor,TERR-S08,3,9,2,1,1,7,26.2994,43373.88,1.4495,0.013867,26.6806,synthetic
2001000712,Dr. Sarah Jones,Pain Management,Charlotte,NC,Subsys,REP-S666,Stella Kowalski,TERR-S12,1,7,12,6,3,16,18.0219,20746.49,6.7516,0.062004,19.2387,synthetic
2001000713,Dr. Deborah Allen,Neurology,Chicago,IL,Actiq,REP-S677,Stanley Kowalski,TERR-S09,3,3,4,3,1,30,7.7439,11800.07,2.6417,0.023126,7.9485,synthetic
2001000714,Dr. David Hernandez,Family Practice,Boston,MA,Actiq,REP-S718,Summer Rossi,TERR-S08,3,4,4,3,3,21,9.0855,8844.79,4.1255,0.036491,9.4604,synthetic
2001000715,Dr. Barbara Martin,Pain Management,Miami,FL,Subsys,REP-S818,Summer Vargas,TERR-S10,2,7,5,3,2,25,20.4293,45541.08,5.63,0.052282,21.5795,synthetic
2001000716,Dr. Charles Mitchell,Pain Management,Baltimore,MD,Actiq,REP-S731,Silas Santos,TERR-S07,2,6,7,6,3,18,17.0978,36918.16,7.397,0.067549,18.3626,synthetic
2001000717,Dr. Patricia Williams,Pain Management,Las Vegas,NV,Subsys,REP-S699,Solomon Larsson,TERR-S03,2,5,8,5,0,17,14.7855,35526.14,6.4491,0.058651,15.739,synthetic
2001000718,Dr. Susan Gonzalez,Palliative Care,Seattle,WA,Lazanda,REP-S775,Stephen Muller,TERR-S09,3,7,2,2,2,18,19.0722,43144.66,2.7097,0.025421,19.589,synthetic
2001000719,Dr. Sandra Mitchell,Orthopedics,Las Vegas,NV,Abstral,REP-S747,Scott Tanaka,TERR-S09,3,5,3,1,1,30,12.2829,11401.87,2.203,0.020166,12.5535,synthetic
2001000720,Dr. Lisa Smith,Oncology,Phoenix,AZ,Actiq,REP-S543,Sean Chen,TERR-S01,2,5,6,4,0,11,14.2647,20779.53,4.0642,0.037276,14.8444,synthetic
2001000721,Dr. Donna Gonzalez,Oncology,Denver,CO,Abstral,REP-S508,Serena Brooks,TERR-S08,2,8,8,7,5,22,23.2057,45154.61,9.0883,0.08354,25.3147,synthetic
2001000722,Dr. Charles Hernandez,Pain Management,Houston,TX,Lazanda,REP-S735,Stephen Santos,TERR-S11,3,4,3,2,2,18,9.8693,9180.18,3.3658,0.030103,10.2015,synthetic
2001000723,Dr. William Harris,Oncology,Houston,TX,Subsys,REP-S787,Scott Gomez,TERR-S07,2,10,8,5,3,14,29.2195,73687.87,5.7437,0.054049,30.8977,synthetic
2001000724,Dr. Mary Nelson,Palliative Care,Phoenix,AZ,Fentora,REP-S643,Sean Dubois,TERR-S03,1,4,11,10,4,19,11.2945,22924.37,7.3087,0.064985,12.12,synthetic
2001000725,Dr. Ashley Garcia,Internal Medicine,Las Vegas,NV,Fentora,REP-S698,Summer Larsson,TERR-S02,3,5,5,3,0,18,12.4951,30188.33,1.2481,0.01149,12.6511,synthetic
2001000726,Dr. Linda Perez,Oncology,Portland,OR,Abstral,REP-S509,Seth Brooks,TERR-S09,3,5,3,2,2,11,13.9501,12452.76,3.6688,0.033661,14.4619,synthetic
2001000727,Dr. James White,Oncology,Boston,MA,Abstral,REP-S850,Sadie Kim,TERR-S14,2,5,5,4,0,17,14.476,30027.55,1.9989,0.018525,14.7653,synthetic
2001000728,Dr. Robert Wilson,Neurology,Detroit,MI,Actiq,REP-S727,Scott Santos,TERR-S03,3,4,3,2,2,24,10.9599,9669.2,4.1557,0.037375,11.4154,synthetic
2001000729,Dr. Carol Nguyen,Pain Management,Houston,TX,Subsys,REP-S786,Stella Gomez,TERR-S06,3,6,5,3,0,7,16.233,20274.12,0.6769,0.006356,16.3429,synthetic
2001000730,Dr. William Hill,Pain Management,Denver,CO,Fentora,REP-S537,Stanley Patel,TERR-S09,3,8,3,3,1,11,21.0446,39917.04,3.8322,0.035931,21.851,synthetic
2001000731,Dr. Robert Thomas,Pain Management,Nashville,TN,Abstral,REP-S707,Scott Rossi,TERR-S11,3,5,4,3,0,15,13.8067,13759.32,2.175,0.020078,14.107,synthetic
2001000732,Dr. Kimberly Martinez,Pain Management,Nashville,TN,Abstral,REP-S824,Sarah Alvarez,TERR-S02,1,5,11,8,0,9,12.7416,23204.18,3.4329,0.031334,13.179,synthetic
2001000733,Dr. David Nelson,Psychiatry,Jacksonville,FL,Fentora,REP-S607,Scott O'Connor,TERR-S09,3,4,3,2,2,24,10.8901,18484.32,2.7948,0.025276,11.1945,synthetic
2001000734,Dr. Richard White,Pain Management,Detroit,MI,Actiq,REP-S566,Stella Kapoor,TERR-S10,2,4,6,5,6,17,10.5556,9474.9,10.9074,0.094978,11.707,synthetic
2001000735,Dr. Stephanie Clark,Palliative Care,Houston,TX,Subsys,REP-S675,Stephen Kowalski,TERR-S07,2,3,9,5,1,21,7.3137,12360.75,4.2572,0.036767,7.625,synthetic
2001000736,Dr. Thomas Moore,Internal Medicine,Philadelphia,PA,Lazanda,REP-S630,Sadie Novak,TERR-S04,3,4,4,3,1,22,11.3398,18495.6,3.3358,0.030194,11.7181,synthetic
2001000737,Dr. James Thomas,Family Practice,Portland,OR,Actiq,REP-S723,Sean Santos,TERR-S13,3,7,3,2,3,18,18.5357,28542.07,2.7029,0.025322,19.0367,synthetic
2001000738,Dr. Linda Garcia,Internal Medicine,Miami,FL,Abstral,REP-S553,Spencer Chen,TERR-S11,3,3,5,4,4,24,6.4003,12805.21,0.8357,0.007201,6.4538,synthetic
2001000739,Dr. Kathleen Williams,Neurology,Detroit,MI,Abstral,REP-S529,Seth Patel,TERR-S01,3,5,3,3,3,17,13.2405,25006.29,4.9933,0.045381,13.9016,synthetic
2001000740,Dr. Melissa Mitchell,Palliative Care,Seattle,WA,Actiq,REP-S762,Sophia Muller,TERR-S10,3,3,3,2,3,11,7.6987,12439.57,7.8165,0.066891,8.3005,synthetic
2001000741,Dr. Mary Miller,Oncology,Houston,TX,Subsys,REP-S581,Samuel Nakamura,TERR-S11,3,8,5,4,4,17,23.5864,24824.28,7.8947,0.073005,25.4484,synthetic
2001000742,Dr. Charles Green,Oncology,Baltimore,MD,Actiq,REP-S798,Summer Gomez,TERR-S04,1,4,11,9,7,20,10.5681,25058.28,9.6686,0.084643,11.5899,synthetic
2001000743,Dr. Elizabeth Campbell,Family Practice,Las Vegas,NV,Abstral,REP-S581,Samuel Nakamura,TERR-S11,3,5,4,2,3,15,12.1686,25889.29,3.4163,0.03108,12.5843,synthetic
2001000744,Dr. Dorothy Sanchez,Neurology,Columbus,OH,Abstral,REP-S752,Sienna Tanaka,TERR-S14,2,5,6,4,5,14,13.1552,18771.09,6.2735,0.056667,13.9805,synthetic
2001000745,Dr. Sandra Robinson,Anesthesiology,Chicago,IL,Abstral,REP-S704,Sarah Rossi,TERR-S08,3,6,5,4,2,29,15.6187,13452.71,4.212,0.038822,16.2765,synthetic
2001000746,Dr. Stephanie Nguyen,Family Practice,Charlotte,NC,Abstral,REP-S720,Sloan Rossi,TERR-S10,3,7,3,2,1,27,19.2568,43183.59,3.693,0.034505,19.9679,synthetic
2001000747,Dr. Kathleen Robinson,Palliative Care,New York,NY,Abstral,REP-S626,Stella Novak,TERR-S14,2,10,5,4,2,12,30.5756,58868.46,2.2554,0.021605,31.2652,synthetic
2001000748,Dr. Kathleen Jones,Internal Medicine,Phoenix,AZ,Subsys,REP-S773,Spencer Muller,TERR-S07,3,6,4,4,4,27,16.9539,39002.63,5.2201,0.048117,17.8389,synthetic
2001000749,Dr. Margaret Torres,Neurology,Jacksonville,FL,Actiq,REP-S519,Solomon Brooks,TERR-S05,3,7,3,2,1,9,19.0624,36118.36,4.088,0.038107,19.8417,synthetic
2001000750,Dr. Emily Garcia,Neurology,Chicago,IL,Actiq,REP-S566,Stella Kapoor,TERR-S10,3,3,4,2,2,20,6.9337,8518.25,6.1094,0.052016,7.3573,synthetic
2001000751,Dr. Mary Rivera,Neurology,Miami,FL,Subsys,REP-S747,Scott Tanaka,TERR-S09,3,4,2,2,0,13,9.1228,18613.04,2.0718,0.018499,9.3118,synthetic
2001000752,Dr. Donna Brown,Pain Management,Las Vegas,NV,Abstral,REP-S534,Selena Patel,TERR-S06,3,6,3,3,1,16,15.0738,32717.26,4.4472,0.040859,15.7442,synthetic
2001000753,Dr. Linda King,Pain Management,Charlotte,NC,Subsys,REP-S673,Spencer Kowalski,TERR-S05,3,2,3,2,1,40,3.7265,8136.76,3.1992,0.02491,3.8457,synthetic
2001000754,Dr. John Taylor,Oncology,Nashville,TN,Actiq,REP-S796,Sasha Gomez,TERR-S02,2,3,7,6,1,29,6.3169,14451.57,3.9013,0.033126,6.5633,synthetic
2001000755,Dr. Linda Green,Anesthesiology,Atlanta,GA,Subsys,REP-S768,Serena Muller,TERR-S02,2,4,9,5,2,30,10.6368,16853.63,1.9585,0.017744,10.8452,synthetic
2001000756,Dr. Stephanie Adams,Oncology,Denver,CO,Abstral,REP-S784,Sarah Gomez,TERR-S04,2,4,9,4,1,14,10.58,13055.94,3.4753,0.031258,10.9477,synthetic
2001000757,Dr. Deborah Wright,Palliative Care,Los Angeles,CA,Subsys,REP-S516,Sasha Brooks,TERR-S02,2,4,6,5,2,15,10.7622,17913.87,7.921,0.06997,11.6147,synthetic
2001000758,Dr. Betty Martin,Family Practice,Columbus,OH,Subsys,REP-S693,Spencer Larsson,TERR-S11,3,6,3,2,0,21,16.9901,33754.67,0.6873,0.00647,17.1069,synthetic
2001000759,Dr. Michael Hall,Neurology,Philadelphia,PA,Fentora,REP-S730,Sadie Santos,TERR-S06,3,7,5,4,4,21,18.3197,47590.43,5.3595,0.049572,19.3016,synthetic
2001000760,Dr. Ashley Anderson,Oncology,Atlanta,GA,Abstral,REP-S538,Summer Patel,TERR-S10,2,6,5,4,2,27,17.5742,30310.44,7.5619,0.069104,18.9032,synthetic
2001000761,Dr. Lisa Anderson,Oncology,Baltimore,MD,Fentora,REP-S576,Sasha Kapoor,TERR-S06,3,3,2,1,2,12,7.9311,10387.33,3.3574,0.029379,8.1974,synthetic
2001000762,Dr. Michelle Garcia,Pain Management,Chicago,IL,Actiq,REP-S648,Serena Dubois,TERR-S08,2,4,8,5,1,10,9.2478,18894.01,5.375,0.047365,9.7449,synthetic
2001000763,Dr. Stephanie Gonzalez,Palliative Care,Nashville,TN,Subsys,REP-S554,Selena Chen,TERR-S12,2,4,8,7,1,18,9.9284,23726.2,4.985,0.044293,10.4234,synthetic
2001000764,Dr. Jennifer Adams,Family Practice,Denver,CO,Abstral,REP-S816,Sasha Vargas,TERR-S08,3,4,4,3,2,14,10.6961,13621.04,3.3571,0.030239,11.0551,synthetic
2001000765,Dr. Margaret Lopez,Anesthesiology,Nashville,TN,Abstral,REP-S591,Silas Nakamura,TERR-S07,2,5,7,4,3,20,14.0467,13719.36,3.7862,0.034735,14.5786,synthetic
2001000766,Dr. Richard Allen,Anesthesiology,Las Vegas,NV,Subsys,REP-S789,Seth Gomez,TERR-S09,3,5,4,2,3,16,13.1427,24680.68,5.3422,0.048452,13.8448,synthetic
2001000767,Dr. Dorothy Brown,Neurology,Nashville,TN,Subsys,REP-S815,Stephen Vargas,TERR-S07,2,2,6,3,3,16,4.5397,5890.19,6.0302,0.048234,4.8135,synthetic
2001000768,Dr. Amanda Hernandez,Palliative Care,Jacksonville,FL,Actiq,REP-S642,Sophia Dubois,TERR-S02,2,2,6,4,3,13,5.1814,4674.16,4.4175,0.03636,5.4103,synthetic
2001000769,Dr. Sarah Walker,Pain Management,Austin,TX,Abstral,REP-S547,Scott Chen,TERR-S05,2,4,9,8,9,16,11.1509,20578.51,10.6473,0.093226,12.3381,synthetic
2001000770,Dr. John Smith,Pain Management,Houston,TX,Lazanda,REP-S640,Sloan Novak,TERR-S14,2,7,8,4,4,22,18.9821,46943.4,7.5432,0.069206,20.414,synthetic
2001000771,Dr. Emily Wilson,Pain Management,Seattle,WA,Subsys,REP-S757,Stanley Tanaka,TERR-S05,2,7,7,4,0,18,18.1127,41734.32,5.2003,0.048106,19.0547,synthetic
2001000772,Dr. Margaret Lewis,Oncology,Seattle,WA,Abstral,REP-S534,Selena Patel,TERR-S06,3,2,5,3,4,13,5.9067,11779.98,3.2495,0.027411,6.0987,synthetic
2001000773,Dr. Melissa Hall,Pain Management,Phoenix,AZ,Actiq,REP-S646,Stella Dubois,TERR-S06,2,5,7,4,3,16,12.3454,29875.91,8.7834,0.07812,13.4297,synthetic
2001000774,Dr. Elizabeth White,Pain Management,Charlotte,NC,Subsys,REP-S667,Scott Kowalski,TERR-S13,2,3,5,4,1,14,6.9308,16472.27,1.9419,0.016828,7.0654,synthetic
2001000775,Dr. James Gonzalez,Pain Management,Austin,TX,Abstral,REP-S515,Stephen Brooks,TERR-S01,2,10,9,6,2,24,30.3876,32045.93,8.574,0.079743,32.9931,synthetic
2001000776,Dr. Donna Brown,Pain Management,Boston,MA,Fentora,REP-S807,Scott Vargas,TERR-S13,1,5,9,7,4,16,12.2312,12297.42,8.5102,0.075729,13.2721,synthetic
2001000777,Dr. Donna Allen,Palliative Care,Atlanta,GA,Abstral,REP-S791,Silas Gomez,TERR-S11,3,3,5,2,3,12,8.1863,16882.3,5.8387,0.050723,8.6642,synthetic
2001000778,Dr. Margaret Clark,Palliative Care,Portland,OR,Subsys,REP-S672,Sienna Kowalski,TERR-S04,2,6,7,6,0,21,16.1271,27849.86,5.2598,0.048339,16.9754,synthetic
2001000779,Dr. Amanda Harris,Pain Management,Columbus,OH,Subsys,REP-S622,Sophia Novak,TERR-S10,3,6,3,2,1,13,15.6439,29279.3,2.3619,0.021957,16.0134,synthetic
2001000780,Dr. Barbara Ramirez,Neurology,Philadelphia,PA,Fentora,REP-S719,Solomon Rossi,TERR-S09,3,5,5,4,5,15,14.0498,30356.13,6.8838,0.062284,15.0169,synthetic
2001000781,Dr. Deborah Miller,Anesthesiology,Baltimore,MD,Actiq,REP-S672,Sienna Kowalski,TERR-S04,3,10,3,1,2,21,27.0943,37659.13,5.5223,0.051887,28.5905,synthetic
2001000782,Dr. Sandra Wright,Palliative Care,Los Angeles,CA,Subsys,REP-S520,Sloan Brooks,TERR-S06,3,6,2,1,1,12,17.1637,28495.17,1.9372,0.01814,17.4962,synthetic
2001000783,Dr. Karen Davis,Family Practice,Charlotte,NC,Actiq,REP-S590,Sadie Nakamura,TERR-S06,3,6,5,4,2,15,15.9461,35314.63,4.1765,0.038548,16.6121,synthetic
2001000784,Dr. Sarah Garcia,Anesthesiology,Chicago,IL,Subsys,REP-S800,Sloan Gomez,TERR-S06,3,6,4,3,2,27,17.8362,36196.71,3.6821,0.034272,18.493,synthetic
2001000785,Dr. Kimberly Harris,Oncology,Denver,CO,Abstral,REP-S793,Spencer Gomez,TERR-S13,2,2,7,5,1,27,4.7977,8227.39,7.6642,0.061492,5.1654,synthetic
2001000786,Dr. Susan Hall,Family Practice,Nashville,TN,Subsys,REP-S594,Selena Nakamura,TERR-S10,3,6,5,2,0,15,15.348,21614.27,1.567,0.014604,15.5885,synthetic
2001000787,Dr. John Rodriguez,Neurology,Nashville,TN,Abstral,REP-S713,Spencer Rossi,TERR-S03,2,7,5,3,4,19,18.8254,18116.31,5.3125,0.049214,19.8255,synthetic
2001000788,Dr. Michael Campbell,Internal Medicine,Philadelphia,PA,Subsys,REP-S619,Solomon O'Connor,TERR-S07,3,2,5,4,3,15,4.8229,7224.03,5.1152,0.041494,5.0696,synthetic
2001000789,Dr. Linda Martinez,Internal Medicine,Phoenix,AZ,Lazanda,REP-S642,Sophia Dubois,TERR-S02,3,3,4,4,2,6,8.4582,19680.53,6.1589,0.053614,8.9792,synthetic
2001000790,Dr. Donna White,Oncology,Los Angeles,CA,Subsys,REP-S550,Sadie Chen,TERR-S08,2,10,7,5,0,22,30.5801,72698.3,3.1494,0.030041,31.5432,synthetic
2001000791,Dr. Mary White,Internal Medicine,Charlotte,NC,Actiq,REP-S700,Sloan Larsson,TERR-S04,3,5,3,2,3,11,13.6292,21718.83,5.4198,0.04926,14.3679,synthetic
2001000792,Dr. Karen Torres,Oncology,Phoenix,AZ,Abstral,REP-S811,Silas Vargas,TERR-S03,1,3,10,5,0,30,7.42,7475.69,4.2396,0.03668,7.7346,synthetic
2001000793,Dr. Michelle Wright,Neurology,Baltimore,MD,Subsys,REP-S665,Simon Kowalski,TERR-S11,3,4,4,1,0,16,9.5767,20411.91,0.4365,0.003945,9.6185,synthetic
2001000794,Dr. Elizabeth Walker,Pain Management,Phoenix,AZ,Subsys,REP-S671,Silas Kowalski,TERR-S03,1,5,11,9,8,17,12.4524,20778.9,9.3454,0.082968,13.6161,synthetic
2001000795,Dr. William Davis,Neurology,Nashville,TN,Subsys,REP-S627,Scott Novak,TERR-S01,3,3,5,3,0,15,7.3751,7008.57,4.5273,0.039093,7.709,synthetic
2001000796,Dr. William Ramirez,Internal Medicine,Phoenix,AZ,Subsys,REP-S742,Sophia Tanaka,TERR-S04,3,9,4,3,0,38,24.4957,50114.24,2.4506,0.023272,25.096,synthetic
2001000797,Dr. Michelle King,Internal Medicine,Seattle,WA,Abstral,REP-S659,Solomon Dubois,TERR-S05,3,6,3,2,1,17,17.2321,32290.45,3.6789,0.03418,17.8661,synthetic
2001000798,Dr. Melissa Davis,Anesthesiology,Phoenix,AZ,Fentora,REP-S806,Stella Vargas,TERR-S12,2,4,6,3,3,21,11.1682,18806.41,4.1998,0.037823,11.6372,synthetic
2001000799,Dr. Charles Nguyen,Neurology,Denver,CO,Subsys,REP-S612,Sienna O'Connor,TERR-S14,2,6,8,7,2,26,16.7325,20896.13,5.9729,0.05483,17.732,synthetic
2001000800,Dr. Sarah King,Neurology,Las Vegas,NV,Abstral,REP-S579,Solomon Kapoor,TERR-S09,3,4,4,3,4,16,10.4163,11421.54,3.1959,0.028743,10.7492,synthetic
2001000801,Dr. Dorothy Flores,Oncology,Chicago,IL,Abstral,REP-S800,Sloan Gomez,TERR-S06,3,5,5,3,1,20,12.5808,16094.65,4.0188,0.036552,13.0864,synthetic
2001000802,Dr. Michael Lee,Neurology,Philadelphia,PA,Lazanda,REP-S722,Sophia Santos,TERR-S12,2,9,7,5,0,29,24.4857,60862.37,3.9118,0.036894,25.4436,synthetic
2001000803,Dr. Linda Green,Oncology,Baltimore,MD,Subsys,REP-S676,Sasha Kowalski,TERR-S08,2,4,5,4,3,15,10.702,22659.83,4.6266,0.041442,11.1971,synthetic
2001000804,Dr. James Jones,Pain Management,Atlanta,GA,Actiq,REP-S569,Seth Kapoor,TERR-S13,1,4,12,5,5,20,10.5882,15654.84,5.5884,0.049801,11.1799,synthetic
2001000805,Dr. William Brown,Orthopedics,Atlanta,GA,Abstral,REP-S681,Samuel Larsson,TERR-S13,3,10,3,2,2,16,29.2541,54765.98,3.1261,0.02978,30.1686,synthetic
2001000806,Dr. Richard Torres,Oncology,Philadelphia,PA,Subsys,REP-S667,Scott Kowalski,TERR-S13,2,6,8,5,5,15,16.6168,16448.76,6.8764,0.062844,17.7594,synthetic
2001000807,Dr. Kathleen Davis,Oncology,Nashville,TN,Abstral,REP-S567,Scott Kapoor,TERR-S11,3,6,4,3,2,14,16.9533,35965.94,5.2538,0.04842,17.844,synthetic
2001000808,Dr. John Green,Anesthesiology,Chicago,IL,Actiq,REP-S779,Solomon Muller,TERR-S13,2,7,7,5,1,11,18.2574,20355.46,2.8759,0.0269,18.7825,synthetic
2001000809,Dr. Dorothy Lewis,Oncology,Chicago,IL,Subsys,REP-S559,Solomon Chen,TERR-S03,1,5,9,7,7,18,12.1385,29410.16,6.8634,0.061481,12.9716,synthetic
2001000810,Dr. Joseph Sanchez,Palliative Care,Atlanta,GA,Subsys,REP-S515,Stephen Brooks,TERR-S01,3,10,5,4,1,22,29.4816,58696.72,6.8351,0.064015,31.4967,synthetic
2001000811,Dr. Ashley Wright,Anesthesiology,Phoenix,AZ,Subsys,REP-S745,Simon Tanaka,TERR-S07,2,6,7,4,3,17,17.0676,42214.33,5.7045,0.052486,18.0412,synthetic
2001000812,Dr. Thomas Rivera,Internal Medicine,Las Vegas,NV,Abstral,REP-S655,Stephen Dubois,TERR-S01,3,6,5,3,3,24,17.4794,29263.99,1.9248,0.018043,17.8158,synthetic
2001000813,Dr. Emily Hill,Pain Management,Charlotte,NC,Subsys,REP-S763,Sean Muller,TERR-S11,3,6,4,3,2,13,15.2715,33167.86,6.2669,0.057153,16.2285,synthetic
2001000814,Dr. Elizabeth Martinez,Internal Medicine,Boston,MA,Subsys,REP-S744,Sarah Tanaka,TERR-S06,3,9,5,4,2,29,24.2507,21331.56,5.1921,0.048662,25.5098,synthetic
2001000815,Dr. Sandra Campbell,Oncology,Austin,TX,Subsys,REP-S574,Selena Kapoor,TERR-S04,2,4,9,4,1,26,10.2743,10966.45,2.1015,0.01897,10.4902,synthetic
2001000816,Dr. David Lopez,Pain Management,Denver,CO,Subsys,REP-S603,Sean O'Connor,TERR-S05,2,5,8,6,2,35,14.9538,33069.94,9.3308,0.083844,16.3492,synthetic
2001000817,Dr. Laura Sanchez,Orthopedics,Miami,FL,Lazanda,REP-S782,Sophia Gomez,TERR-S02,3,8,5,3,0,15,22.0186,21288.12,2.167,0.020517,22.4957,synthetic
2001000818,Dr. Elizabeth Rodriguez,Oncology,Las Vegas,NV,Subsys,REP-S716,Sasha Rossi,TERR-S06,3,5,4,2,1,17,13.8152,27433.21,2.8654,0.026369,14.2111,synthetic
2001000819,Dr. Betty Hall,Family Practice,Philadelphia,PA,Actiq,REP-S804,Sarah Vargas,TERR-S10,3,4,2,2,3,19,9.0071,9705.3,3.4915,0.030942,9.3216,synthetic
2001000820,Dr. Jessica Hill,Neurology,Miami,FL,Subsys,REP-S754,Selena Tanaka,TERR-S02,2,5,9,6,2,23,13.5392,12391.71,7.7063,0.069305,14.5826,synthetic
2001000821,Dr. Carol Taylor,Oncology,Nashville,TN,Lazanda,REP-S615,Stephen O'Connor,TERR-S03,1,8,14,11,8,29,23.8508,30329.64,12.1306,0.110131,26.744,synthetic
2001000822,Dr. Patricia Allen,Oncology,Miami,FL,Lazanda,REP-S801,Samuel Vargas,TERR-S07,1,4,9,6,2,19,10.0101,10515.86,4.5178,0.040254,10.4623,synthetic
2001000823,Dr. Kathleen Hill,Anesthesiology,Portland,OR,Subsys,REP-S550,Sadie Chen,TERR-S08,3,3,3,2,2,22,8.8166,7913.29,4.5562,0.040106,9.2183,synthetic
2001000824,Dr. Nancy Carter,Anesthesiology,Nashville,TN,Abstral,REP-S784,Sarah Gomez,TERR-S04,2,6,9,8,2,18,17.413,23646.4,6.1829,0.056826,18.4896,synthetic
2001000825,Dr. Jennifer Walker,Oncology,Detroit,MI,Abstral,REP-S728,Serena Santos,TERR-S04,2,7,6,5,2,20,18.8547,37795.69,5.7216,0.05291,19.9335,synthetic
2001000826,Dr. Stephanie Flores,Palliative Care,Houston,TX,Abstral,REP-S536,Sasha Patel,TERR-S08,3,5,4,4,3,16,12.1393,18393.09,5.4757,0.049352,12.8041,synthetic
2001000827,Dr. Robert Davis,Pain Management,Chicago,IL,Lazanda,REP-S692,Sienna Larsson,TERR-S10,3,9,4,4,3,17,25.7145,25175.0,4.09,0.038614,26.7662,synthetic
2001000828,Dr. Barbara Flores,Palliative Care,Austin,TX,Abstral,REP-S538,Summer Patel,TERR-S10,2,5,8,7,8,15,12.3226,17893.36,9.6227,0.085263,13.5084,synthetic
2001000829,Dr. Barbara Hall,Orthopedics,Philadelphia,PA,Abstral,REP-S599,Solomon Nakamura,TERR-S01,3,4,3,2,1,20,11.5619,21727.61,0.1342,0.001235,11.5775,synthetic
2001000830,Dr. Nancy Wright,Emergency Medicine,Columbus,OH,Subsys,REP-S616,Sasha O'Connor,TERR-S04,3,4,4,3,4,20,11.8281,10595.24,2.9973,0.027261,12.1826,synthetic
2001000831,Dr. Sandra Brown,Oncology,Jacksonville,FL,Actiq,REP-S627,Scott Novak,TERR-S01,3,5,4,3,3,19,12.9817,26989.46,5.6435,0.051072,13.7143,synthetic
2001000832,Dr. Karen Adams,Oncology,Miami,FL,Lazanda,REP-S843,Sean Kim,TERR-S07,2,4,7,6,4,9,11.6021,21512.21,6.8906,0.061507,12.4015,synthetic
2001000833,Dr. Elizabeth Campbell,Palliative Care,Denver,CO,Actiq,REP-S604,Sarah O'Connor,TERR-S06,3,9,3,2,3,18,25.8349,36773.57,5.4362,0.051013,27.2393,synthetic
2001000834,Dr. David Moore,Neurology,New York,NY,Lazanda,REP-S624,Sarah Novak,TERR-S12,2,8,6,5,6,8,21.4867,31360.68,6.3113,0.058558,22.8427,synthetic
2001000835,Dr. Deborah Jackson,Family Practice,Columbus,OH,Subsys,REP-S605,Simon O'Connor,TERR-S07,3,4,3,2,2,28,10.0126,15794.85,1.7648,0.015918,10.1893,synthetic
2001000836,Dr. Betty Carter,Psychiatry,Chicago,IL,Abstral,REP-S652,Sienna Dubois,TERR-S12,3,7,2,2,2,10,19.4953,24145.75,3.887,0.036306,20.2531,synthetic
2001000837,Dr. Melissa Davis,Oncology,Austin,TX,Fentora,REP-S554,Selena Chen,TERR-S12,2,5,5,3,2,22,12.3271,26297.6,7.8028,0.069688,13.2889,synthetic
2001000838,Dr. Richard Davis,Neurology,Portland,OR,Abstral,REP-S775,Stephen Muller,TERR-S09,3,4,2,1,1,13,10.5977,17511.62,3.6066,0.032425,10.9799,synthetic
2001000839,Dr. James Brown,Pain Management,Phoenix,AZ,Fentora,REP-S741,Samuel Tanaka,TERR-S03,1,5,9,8,4,21,14.6167,21393.62,8.101,0.073085,15.8008,synthetic
2001000840,Dr. William White,Family Practice,Los Angeles,CA,Fentora,REP-S779,Solomon Muller,TERR-S13,3,5,4,2,3,22,13.1845,23091.39,1.7752,0.016366,13.4186,synthetic
2001000841,Dr. Linda Johnson,Pain Management,Atlanta,GA,Fentora,REP-S608,Serena O'Connor,TERR-S10,3,3,3,3,1,8,8.1084,10955.0,4.8205,0.042017,8.4993,synthetic
2001000842,Dr. Barbara Hernandez,Pain Management,Charlotte,NC,Fentora,REP-S745,Simon Tanaka,TERR-S07,2,6,8,6,0,21,15.7184,37337.87,4.4296,0.040802,16.4147,synthetic
2001000843,Dr. Sarah Lewis,Pain Management,New York,NY,Abstral,REP-S526,Stella Patel,TERR-S12,2,6,6,5,5,16,15.3853,37962.02,6.2237,0.056795,16.3428,synthetic
2001000844,Dr. Patricia Harris,Anesthesiology,Los Angeles,CA,Fentora,REP-S670,Sadie Kowalski,TERR-S02,2,5,8,4,1,18,12.0009,21244.81,5.332,0.048046,12.6407,synthetic
2001000845,Dr. Charles Mitchell,Oncology,Detroit,MI,Subsys,REP-S754,Selena Tanaka,TERR-S02,1,6,11,9,4,15,15.552,19343.91,7.5836,0.068831,16.7314,synthetic
2001000846,Dr. Jennifer Flores,Palliative Care,Charlotte,NC,Abstral,REP-S742,Sophia Tanaka,TERR-S04,1,4,14,13,12,15,10.3788,14482.44,10.3474,0.090188,11.4527,synthetic
2001000847,Dr. Carol Wilson,Oncology,Nashville,TN,Fentora,REP-S747,Scott Tanaka,TERR-S09,3,7,5,4,4,10,20.9435,36841.22,4.8145,0.044926,21.9519,synthetic
2001000848,Dr. Linda Johnson,Internal Medicine,Columbus,OH,Actiq,REP-S815,Stephen Vargas,TERR-S07,3,4,2,2,1,19,9.7892,10689.29,3.8068,0.033956,10.1618,synthetic
2001000849,Dr. Amanda Adams,Oncology,Charlotte,NC,Abstral,REP-S554,Selena Chen,TERR-S12,2,4,6,5,1,11,9.7589,15165.54,7.0444,0.061938,10.4463,synthetic
2001000850,Dr. Patricia Miller,Internal Medicine,Baltimore,MD,Subsys,REP-S592,Sienna Nakamura,TERR-S08,3,7,4,3,0,21,18.8726,42606.3,0.7687,0.007274,19.0176,synthetic
2001000851,Dr. Linda Torres,Oncology,Baltimore,MD,Abstral,REP-S700,Sloan Larsson,TERR-S04,2,8,7,5,2,19,21.4934,49984.97,5.9835,0.0556,22.7795,synthetic
2001000852,Dr. Michelle Adams,Neurology,Las Vegas,NV,Abstral,REP-S641,Samuel Dubois,TERR-S01,3,4,3,2,1,27,10.8815,26649.57,3.8841,0.034954,11.3041,synthetic
2001000853,Dr. Mary Perez,Internal Medicine,Boston,MA,Subsys,REP-S533,Spencer Patel,TERR-S05,3,8,4,3,3,12,22.4735,46729.63,4.2293,0.039693,23.4239,synthetic
2001000854,Dr. Sandra Lewis,Pain Management,New York,NY,Actiq,REP-S506,Stella Brooks,TERR-S06,3,4,5,4,5,23,10.0821,9835.37,8.8032,0.077043,10.9696,synthetic
2001000855,Dr. Elizabeth Harris,Neurology,Philadelphia,PA,Actiq,REP-S737,Stanley Santos,TERR-S13,2,5,8,5,5,38,12.7582,14903.22,4.4048,0.040034,13.3201,synthetic
2001000856,Dr. Linda Hall,Pain Management,Phoenix,AZ,Abstral,REP-S774,Selena Muller,TERR-S08,2,6,9,8,9,10,17.3966,20869.65,9.9305,0.089756,19.1242,synthetic
2001000857,Dr. Linda Clark,Pain Management,Boston,MA,Abstral,REP-S583,Sean Nakamura,TERR-S13,1,2,11,7,2,11,5.4811,4907.53,9.6252,0.078257,6.0087,synthetic
2001000858,Dr. John Taylor,Pain Management,Charlotte,NC,Abstral,REP-S631,Silas Novak,TERR-S05,3,5,4,2,2,21,12.0067,25871.29,4.2019,0.038055,12.5112,synthetic
2001000859,Dr. Kimberly Robinson,Pain Management,Miami,FL,Subsys,REP-S508,Serena Brooks,TERR-S08,2,10,7,5,6,14,27.4258,35042.5,8.1321,0.075534,29.6561,synthetic
2001000860,Dr. Amanda Brown,Anesthesiology,Baltimore,MD,Fentora,REP-S742,Sophia Tanaka,TERR-S04,2,5,9,6,2,13,12.8974,15876.73,5.3414,0.048381,13.5863,synthetic
2001000861,Dr. Jessica Nguyen,Pain Management,Jacksonville,FL,Actiq,REP-S552,Sienna Chen,TERR-S10,2,5,7,5,1,20,12.7716,16823.1,7.5336,0.067533,13.7338,synthetic
2001000862,Dr. Nancy Thomas,Pain Management,Seattle,WA,Abstral,REP-S806,Stella Vargas,TERR-S12,1,3,9,6,5,20,6.8084,15200.62,7.0849,0.059942,7.2907,synthetic
2001000863,Dr. Michael Smith,Family Practice,Charlotte,NC,Fentora,REP-S644,Sarah Dubois,TERR-S04,3,5,5,5,3,15,12.3516,29158.95,5.5247,0.049846,13.0339,synthetic
2001000864,Dr. Ashley Gonzalez,Neurology,Los Angeles,CA,Abstral,REP-S805,Simon Vargas,TERR-S11,3,7,2,2,2,16,18.3589,19081.69,5.4359,0.050266,19.3569,synthetic
2001000865,Dr. Nancy Gonzalez,Internal Medicine,Detroit,MI,Abstral,REP-S647,Scott Dubois,TERR-S07,3,5,2,2,3,22,14.4713,25462.85,4.2112,0.038634,15.0807,synthetic
2001000866,Dr. Susan Martin,Palliative Care,Detroit,MI,Abstral,REP-S786,Stella Gomez,TERR-S06,3,4,4,3,1,22,11.9458,15614.36,2.3917,0.02183,12.2315,synthetic
2001000867,Dr. Kimberly Gonzalez,Internal Medicine,Los Angeles,CA,Subsys,REP-S713,Spencer Rossi,TERR-S03,3,9,5,2,2,12,26.2332,59483.72,2.9078,0.027625,26.996,synthetic
2001000868,Dr. Sandra Taylor,Pain Management,Detroit,MI,Lazanda,REP-S754,Selena Tanaka,TERR-S02,2,3,7,5,3,34,7.805,20206.16,3.4616,0.030223,8.0752,synthetic
2001000869,Dr. Amanda Clark,Oncology,Seattle,WA,Subsys,REP-S812,Sienna Vargas,TERR-S04,2,5,7,4,1,28,13.6885,27368.96,5.4724,0.04974,14.4375,synthetic
2001000870,Dr. Nancy Smith,Oncology,Denver,CO,Fentora,REP-S559,Solomon Chen,TERR-S03,2,5,7,5,5,23,13.0321,13602.06,8.146,0.07293,14.0937,synthetic
2001000871,Dr. Linda Campbell,Palliative Care,Las Vegas,NV,Actiq,REP-S724,Sarah Santos,TERR-S14,2,3,8,5,0,16,6.8102,17358.73,1.7824,0.015422,6.9315,synthetic
2001000872,Dr. Sandra Johnson,Anesthesiology,Los Angeles,CA,Subsys,REP-S578,Summer Kapoor,TERR-S08,2,5,6,6,0,23,14.5018,20362.48,2.1124,0.019568,14.8082,synthetic
2001000873,Dr. Lisa Moore,Oncology,Miami,FL,Abstral,REP-S545,Simon Chen,TERR-S03,1,7,14,10,6,22,19.2661,33800.51,9.8026,0.089099,21.1547,synthetic
2001000874,Dr. Ashley Lee,Oncology,Portland,OR,Subsys,REP-S721,Samuel Santos,TERR-S11,3,5,3,2,3,8,14.7642,35250.11,6.0553,0.055162,15.6582,synthetic
2001000875,Dr. Richard Adams,Internal Medicine,New York,NY,Subsys,REP-S507,Scott Brooks,TERR-S07,3,5,3,2,0,13,12.4753,28282.09,0.148,0.00137,12.4937,synthetic
2001000876,Dr. Donna Walker,Palliative Care,Las Vegas,NV,Subsys,REP-S526,Stella Patel,TERR-S12,2,3,9,8,2,15,8.6462,19986.42,4.3304,0.038081,9.0206,synthetic
2001000877,Dr. John Allen,Palliative Care,Baltimore,MD,Subsys,REP-S769,Seth Muller,TERR-S03,1,4,11,10,7,15,11.2668,25236.9,10.5503,0.09249,12.4555,synthetic
2001000878,Dr. Deborah Rodriguez,Family Practice,Phoenix,AZ,Fentora,REP-S613,Spencer O'Connor,TERR-S01,3,3,2,2,1,22,8.6245,17744.94,2.6521,0.023487,8.8532,synthetic
2001000879,Dr. Sharon Nelson,Neurology,Portland,OR,Abstral,REP-S678,Summer Kowalski,TERR-S10,3,10,5,5,0,16,27.6466,49151.41,0.1733,0.001671,27.6945,synthetic
2001000880,Dr. Richard Brown,Oncology,Detroit,MI,Abstral,REP-S772,Sienna Muller,TERR-S06,3,7,3,3,0,12,20.1891,49482.68,1.5636,0.014788,20.5047,synthetic
2001000881,Dr. Stephanie Williams,Pain Management,Atlanta,GA,Subsys,REP-S775,Stephen Muller,TERR-S09,3,6,2,2,1,24,17.2933,22901.8,2.4897,0.023263,17.7239,synthetic
2001000882,Dr. Thomas Jackson,Anesthesiology,Charlotte,NC,Abstral,REP-S846,Stella Kim,TERR-S10,3,2,3,2,3,21,4.0934,10263.09,5.1389,0.04047,4.3038,synthetic
2001000883,Dr. Deborah Hill,Pain Management,Miami,FL,Lazanda,REP-S785,Simon Gomez,TERR-S05,3,5,5,3,4,22,14.1522,26686.78,4.0411,0.037049,14.7241,synthetic
2001000884,Dr. Rebecca Moore,Pain Management,Los Angeles,CA,Abstral,REP-S833,Spencer Alvarez,TERR-S11,2,6,6,4,1,15,17.8417,35374.79,6.8853,0.063161,19.0702,synthetic
2001000885,Dr. Margaret Young,Pain Management,Miami,FL,Fentora,REP-S806,Stella Vargas,TERR-S12,1,3,13,12,0,26,7.2044,6684.69,3.2078,0.027779,7.4355,synthetic
2001000886,Dr. Jennifer Garcia,Neurology,Los Angeles,CA,Abstral,REP-S778,Summer Muller,TERR-S12,3,6,3,3,1,14,16.9737,39785.81,2.7467,0.025608,17.4399,synthetic
2001000887,Dr. Deborah Smith,Internal Medicine,Denver,CO,Abstral,REP-S546,Stella Chen,TERR-S04,3,7,4,3,0,24,19.7372,37439.16,3.2852,0.030788,20.3856,synthetic
2001000888,Dr. Betty Lee,Orthopedics,Detroit,MI,Subsys,REP-S566,Stella Kapoor,TERR-S10,3,6,2,2,3,23,17.7362,45497.82,4.7573,0.044049,18.58,synthetic
2001000889,Dr. Donna Hall,Pain Management,Los Angeles,CA,Fentora,REP-S588,Serena Nakamura,TERR-S04,2,8,5,4,0,26,22.6783,57036.15,4.2092,0.039523,23.6329,synthetic
2001000890,Dr. James Robinson,Pain Management,Denver,CO,Actiq,REP-S802,Sophia Vargas,TERR-S08,2,8,9,4,5,16,23.4537,49771.82,8.487,0.078256,25.4443,synthetic
2001000891,Dr. William Nguyen,Oncology,Jacksonville,FL,Subsys,REP-S554,Selena Chen,TERR-S12,1,7,10,8,1,18,18.317,45599.29,8.1796,0.074701,19.8152,synthetic
2001000892,Dr. Kimberly Taylor,Family Practice,Philadelphia,PA,Subsys,REP-S553,Spencer Chen,TERR-S11,3,10,3,2,2,15,30.4428,42856.85,3.3552,0.031968,31.4642,synthetic
2001000893,Dr. Deborah Brown,Family Practice,Jacksonville,FL,Abstral,REP-S614,Selena O'Connor,TERR-S02,3,9,4,4,4,14,24.0204,43791.03,3.8594,0.036381,24.9474,synthetic
2001000894,Dr. Deborah King,Palliative Care,Boston,MA,Subsys,REP-S741,Samuel Tanaka,TERR-S03,1,3,9,6,6,21,6.7006,6692.45,5.9885,0.050796,7.1019,synthetic
2001000895,Dr. Barbara Baker,Pain Management,Las Vegas,NV,Abstral,REP-S710,Sadie Rossi,TERR-S14,2,9,6,4,5,20,26.3707,50312.77,9.5546,0.088062,28.8904,synthetic
2001000896,Dr. Sharon Walker,Pain Management,Nashville,TN,Fentora,REP-S739,Solomon Santos,TERR-S01,2,6,8,7,5,30,16.5018,38311.82,9.0636,0.082001,17.9974,synthetic
2001000897,Dr. Melissa Nguyen,Oncology,Phoenix,AZ,Lazanda,REP-S802,Sophia Vargas,TERR-S08,2,6,6,4,5,30,15.7225,29398.83,7.4859,0.068016,16.8994,synthetic
2001000898,Dr. Michelle Harris,Oncology,Phoenix,AZ,Actiq,REP-S515,Stephen Brooks,TERR-S01,3,6,2,1,1,17,17.3357,29268.7,1.7207,0.016138,17.634,synthetic
2001000899,Dr. Sharon Rivera,Oncology,Jacksonville,FL,Abstral,REP-S525,Simon Patel,TERR-S11,3,4,5,5,3,18,10.1089,24671.41,8.1222,0.071307,10.93,synthetic
2001000900,Dr. Donna Lee,Pain Management,Denver,CO,Fentora,REP-S625,Simon Novak,TERR-S13,1,3,12,11,12,11,8.071,19272.54,11.8268,0.100053,9.0255,synthetic
2001000901,Dr. Robert Wright,Pain Management,Charlotte,NC,Lazanda,REP-S811,Silas Vargas,TERR-S03,2,6,9,7,2,8,15.3732,20734.86,5.9588,0.054439,16.2893,synthetic
2001000902,Dr. John Moore,Neurology,Columbus,OH,Lazanda,REP-S816,Sasha Vargas,TERR-S08,3,8,5,5,4,18,21.9682,25026.15,4.1172,0.038623,22.8726,synthetic
2001000903,Dr. Lisa Hall,Internal Medicine,Los Angeles,CA,Subsys,REP-S528,Serena Patel,TERR-S14,3,5,4,2,0,22,13.2461,16610.77,1.9585,0.018046,13.5055,synthetic
2001000904,Dr. Robert White,Internal Medicine,Houston,TX,Subsys,REP-S760,Sloan Tanaka,TERR-S08,3,5,3,2,3,15,14.7136,36309.56,2.4736,0.022898,15.0775,synthetic
2001000905,Dr. Carol Carter,Pain Management,Philadelphia,PA,Actiq,REP-S639,Solomon Novak,TERR-S13,1,8,10,6,0,17,21.1756,34890.92,6.7312,0.062296,22.6009,synthetic
2001000906,Dr. Michelle Gonzalez,Palliative Care,Detroit,MI,Fentora,REP-S638,Summer Novak,TERR-S12,1,9,13,10,5,27,24.5602,47645.64,9.4556,0.086963,26.8825,synthetic
2001000907,Dr. Amanda Williams,Anesthesiology,Atlanta,GA,Subsys,REP-S749,Seth Tanaka,TERR-S11,3,4,3,2,2,23,10.8764,24263.91,3.9109,0.03519,11.3017,synthetic
2001000908,Dr. Emily Allen,Family Practice,Phoenix,AZ,Abstral,REP-S527,Scott Patel,TERR-S13,3,5,2,1,1,9,12.2769,13350.54,0.1543,0.001426,12.2959,synthetic
2001000909,Dr. Susan Sanchez,Neurology,Philadelphia,PA,Abstral,REP-S548,Serena Chen,TERR-S06,3,5,5,2,1,18,14.5512,26909.44,2.9826,0.027526,14.9852,synthetic
2001000910,Dr. Donna Jackson,Internal Medicine,Austin,TX,Lazanda,REP-S816,Sasha Vargas,TERR-S08,3,6,4,3,4,24,16.3106,38734.94,3.76,0.034815,16.9239,synthetic
2001000911,Dr. Patricia Young,Pain Management,Nashville,TN,Abstral,REP-S721,Samuel Santos,TERR-S11,3,9,3,2,3,15,26.2665,57890.1,4.0279,0.038068,27.3245,synthetic
2001000912,Dr. Margaret Lee,Oncology,Houston,TX,Abstral,REP-S596,Sasha Nakamura,TERR-S12,2,3,8,6,2,17,6.2256,15303.28,4.8088,0.040597,6.525,synthetic
2001000913,Dr. Mary Sanchez,Pain Management,Miami,FL,Actiq,REP-S702,Sophia Rossi,TERR-S06,2,3,8,7,6,17,6.345,8116.09,7.704,0.06443,6.8338,synthetic
2001000914,Dr. Nancy Robinson,Internal Medicine,Jacksonville,FL,Abstral,REP-S606,Stella O'Connor,TERR-S08,3,4,4,3,0,19,10.8119,20862.79,2.2799,0.020654,11.0584,synthetic
2001000915,Dr. Barbara Gonzalez,Internal Medicine,Las Vegas,NV,Subsys,REP-S541,Samuel Chen,TERR-S13,3,3,3,2,3,15,8.1702,12700.89,3.7867,0.033181,8.4796,synthetic
2001000916,Dr. Robert White,Anesthesiology,Los Angeles,CA,Subsys,REP-S726,Stella Santos,TERR-S02,2,6,8,5,6,20,15.927,40854.61,8.9692,0.081021,17.3555,synthetic
2001000917,Dr. Rebecca Johnson,Emergency Medicine,Las Vegas,NV,Actiq,REP-S531,Silas Patel,TERR-S03,3,4,4,2,2,12,10.4898,24544.46,2.1442,0.019387,10.7147,synthetic
2001000918,Dr. Michael Hall,Pain Management,Los Angeles,CA,Actiq,REP-S686,Stella Larsson,TERR-S04,2,5,8,3,0,39,12.9902,22217.8,3.8412,0.035045,13.4892,synthetic
2001000919,Dr. Patricia Green,Neurology,Detroit,MI,Abstral,REP-S694,Selena Larsson,TERR-S12,3,5,3,3,1,14,14.8337,28484.87,5.848,0.053339,15.7012,synthetic
2001000920,Dr. Elizabeth Perez,Anesthesiology,Nashville,TN,Subsys,REP-S674,Selena Kowalski,TERR-S06,3,6,3,1,1,15,17.2488,35539.17,3.0461,0.028385,17.7742,synthetic
2001000921,Dr. Rebecca Martinez,Anesthesiology,Chicago,IL,Fentora,REP-S656,Sasha Dubois,TERR-S02,2,3,8,5,1,36,6.55,11305.06,3.9458,0.033659,6.8085,synthetic
2001000922,Dr. Margaret Thomas,Pain Management,Philadelphia,PA,Actiq,REP-S634,Selena Novak,TERR-S08,2,6,9,5,4,19,16.3208,17657.37,4.6046,0.042473,17.0723,synthetic
2001000923,Dr. Thomas Allen,Pain Management,Jacksonville,FL,Subsys,REP-S760,Sloan Tanaka,TERR-S08,2,4,7,5,3,26,9.2965,20189.59,6.428,0.056415,9.8941,synthetic
2001000924,Dr. Lisa Jones,Internal Medicine,Columbus,OH,Actiq,REP-S646,Stella Dubois,TERR-S06,3,6,2,2,3,14,15.0838,35993.16,4.5513,0.041797,15.7703,synthetic
2001000925,Dr. Lisa Robinson,Palliative Care,Baltimore,MD,Subsys,REP-S829,Seth Alvarez,TERR-S07,2,6,6,4,2,23,16.2258,32065.23,4.9886,0.045919,17.0352,synthetic
2001000926,Dr. Stephanie Taylor,Anesthesiology,Austin,TX,Actiq,REP-S712,Sienna Rossi,TERR-S02,2,6,7,6,5,10,16.7244,29438.24,10.6176,0.095479,18.5001,synthetic
2001000927,Dr. Mary White,Pain Management,Las Vegas,NV,Actiq,REP-S664,Sarah Kowalski,TERR-S10,3,3,3,2,2,20,7.5783,12955.77,3.5776,0.031116,7.8494,synthetic
2001000928,Dr. Betty Rivera,Oncology,Columbus,OH,Actiq,REP-S679,Solomon Kowalski,TERR-S11,3,7,3,2,1,24,18.7401,47899.17,4.8901,0.045378,19.6565,synthetic
2001000929,Dr. Susan Ramirez,Anesthesiology,Jacksonville,FL,Abstral,REP-S832,Sienna Alvarez,TERR-S10,3,6,2,2,2,21,17.3864,38607.4,2.4017,0.022457,17.804,synthetic
2001000930,Dr. Laura Garcia,Emergency Medicine,Baltimore,MD,Actiq,REP-S746,Stella Tanaka,TERR-S08,3,7,5,4,3,9,18.8446,37832.48,4.2678,0.039727,19.6488,synthetic
2001000931,Dr. Robert Scott,Pain Management,Philadelphia,PA,Actiq,REP-S683,Sean Larsson,TERR-S01,2,7,8,7,5,15,18.7236,16673.16,7.505,0.068822,20.1288,synthetic
2001000932,Dr. Melissa Moore,Oncology,Austin,TX,Actiq,REP-S597,Stanley Nakamura,TERR-S13,2,8,6,4,1,16,22.3464,48278.27,6.9546,0.064446,23.9005,synthetic
2001000933,Dr. Kimberly Davis,Family Practice,Charlotte,NC,Subsys,REP-S615,Stephen O'Connor,TERR-S03,3,5,3,2,2,22,12.4151,23479.82,2.3255,0.021294,12.7038,synthetic
2001000934,Dr. Amanda Lee,Palliative Care,Phoenix,AZ,Subsys,REP-S792,Sienna Gomez,TERR-S12,2,7,6,4,4,18,18.938,16736.41,4.877,0.045283,19.8616,synthetic
2001000935,Dr. Ashley Allen,Palliative Care,Los Angeles,CA,Actiq,REP-S636,Sasha Novak,TERR-S10,3,7,4,3,4,15,18.4738,42043.91,5.9873,0.055244,19.5799,synthetic
2001000936,Dr. Nancy Jones,Pain Management,Las Vegas,NV,Subsys,REP-S596,Sasha Nakamura,TERR-S12,1,2,14,9,8,13,5.0259,5375.6,9.138,0.073451,5.4852,synthetic
2001000937,Dr. Deborah Johnson,Pain Management,Columbus,OH,Subsys,REP-S807,Scott Vargas,TERR-S13,1,5,14,10,6,31,12.6589,11012.23,11.1752,0.09855,14.0736,synthetic
2001000938,Dr. Mary Campbell,Palliative Care,Boston,MA,Subsys,REP-S673,Spencer Kowalski,TERR-S05,3,3,4,3,4,17,8.7797,9283.38,5.9511,0.052047,9.3022,synthetic
2001000939,Dr. Rebecca Davis,Pain Management,Jacksonville,FL,Subsys,REP-S675,Stephen Kowalski,TERR-S07,2,6,5,4,3,22,16.827,14567.45,5.6684,0.052122,17.7808,synthetic
2001000940,Dr. Linda Davis,Neurology,Boston,MA,Lazanda,REP-S745,Simon Tanaka,TERR-S07,3,8,2,2,2,33,22.465,53241.34,3.0601,0.028876,23.1524,synthetic
2001000941,Dr. Patricia Baker,Palliative Care,Detroit,MI,Abstral,REP-S698,Summer Larsson,TERR-S02,2,8,8,7,1,17,23.6004,35805.56,4.8434,0.045418,24.7435,synthetic
2001000942,Dr. Rebecca White,Neurology,Atlanta,GA,Abstral,REP-S548,Serena Chen,TERR-S06,3,6,3,2,3,16,15.3231,31573.59,1.4588,0.013601,15.5466,synthetic
2001000943,Dr. Mary Hernandez,Family Practice,Detroit,MI,Lazanda,REP-S533,Spencer Patel,TERR-S05,3,6,4,4,0,27,15.5332,30847.33,3.433,0.031744,16.0664,synthetic
2001000944,Dr. Kathleen Wilson,Palliative Care,Philadelphia,PA,Subsys,REP-S568,Serena Kapoor,TERR-S12,2,5,7,5,6,7,12.6985,18670.1,7.8183,0.069969,13.6913,synthetic
2001000945,Dr. Laura Green,Neurology,Columbus,OH,Actiq,REP-S803,Sean Vargas,TERR-S09,3,6,5,4,5,20,17.5761,33262.37,6.3575,0.058413,18.6935,synthetic
2001000946,Dr. Emily Martinez,Neurology,Phoenix,AZ,Subsys,REP-S809,Seth Vargas,TERR-S01,3,4,4,4,5,25,11.4979,21284.57,6.1211,0.054784,12.2017,synthetic
2001000947,Dr. Dorothy Walker,Pain Management,Philadelphia,PA,Subsys,REP-S505,Simon Brooks,TERR-S05,3,5,5,3,3,14,14.4587,35030.4,7.5053,0.067844,15.5439,synthetic
2001000948,Dr. Dorothy Perez,Palliative Care,Jacksonville,FL,Subsys,REP-S552,Sienna Chen,TERR-S10,3,4,5,3,0,24,10.1061,15510.31,3.1578,0.02833,10.4253,synthetic
2001000949,Dr. Susan Wilson,Neurology,Houston,TX,Lazanda,REP-S555,Stephen Chen,TERR-S13,2,4,7,6,2,19,9.9302,18574.84,5.2234,0.046364,10.4489,synthetic
2001000950,Dr. Susan Lopez,Internal Medicine,Houston,TX,Abstral,REP-S595,Stephen Nakamura,TERR-S11,3,6,4,2,0,9,15.6988,23223.98,2.8964,0.026865,16.1535,synthetic
2001000951,Dr. Dorothy Young,Pain Management,Baltimore,MD,Subsys,REP-S574,Selena Kapoor,TERR-S04,2,4,6,3,3,15,11.0711,15198.97,6.4069,0.0571,11.7804,synthetic
2001000952,Dr. Michelle Garcia,Pain Management,Phoenix,AZ,Abstral,REP-S697,Stanley Larsson,TERR-S01,2,7,9,7,8,34,20.6996,52684.92,11.346,0.102766,23.0482,synthetic
2001000953,Dr. Sharon Wright,Pain Management,Detroit,MI,Subsys,REP-S740,Sloan Santos,TERR-S02,1,4,14,8,9,18,9.2143,20585.86,11.357,0.097536,10.2608,synthetic
2001000954,Dr. Linda Jones,Oncology,Boston,MA,Lazanda,REP-S617,Stanley O'Connor,TERR-S05,3,6,3,3,3,13,15.986,40626.25,5.1714,0.047522,16.8127,synthetic
2001000955,Dr. Patricia Hernandez,Pain Management,Denver,CO,Subsys,REP-S707,Scott Rossi,TERR-S11,3,6,2,1,2,13,17.0448,29950.4,1.3254,0.012442,17.2707,synthetic
2001000956,Dr. Margaret Taylor,Orthopedics,Columbus,OH,Subsys,REP-S804,Sarah Vargas,TERR-S10,3,4,3,2,1,14,11.8136,18880.31,1.6675,0.015257,12.0106,synthetic
2001000957,Dr. Kimberly Scott,Oncology,Miami,FL,Abstral,REP-S595,Stephen Nakamura,TERR-S11,3,8,4,3,3,14,21.4024,43172.08,6.4516,0.059811,22.7832,synthetic
2001000958,Dr. Barbara Martin,Neurology,Philadelphia,PA,Actiq,REP-S690,Sadie Larsson,TERR-S08,3,3,2,2,2,18,8.5908,19634.91,2.585,0.02289,8.8129,synthetic
2001000959,Dr. Betty Mitchell,Oncology,Atlanta,GA,Abstral,REP-S506,Stella Brooks,TERR-S06,3,4,4,3,0,18,10.7801,24575.67,3.2204,0.029044,11.1272,synthetic
2001000960,Dr. Donna Walker,Pain Management,Baltimore,MD,Subsys,REP-S613,Spencer O'Connor,TERR-S01,2,6,8,4,0,15,15.0165,20259.6,2.4998,0.023167,15.3919,synthetic
2001000961,Dr. Karen Torres,Oncology,Baltimore,MD,Fentora,REP-S744,Sarah Tanaka,TERR-S06,3,5,3,2,1,17,13.7276,30918.16,4.7956,0.04373,14.3859,synthetic
2001000962,Dr. Kathleen Jackson,Pain Management,Columbus,OH,Subsys,REP-S537,Stanley Patel,TERR-S09,3,4,3,1,1,7,11.437,21251.55,3.8722,0.034989,11.8799,synthetic
2001000963,Dr. David Baker,Palliative Care,Baltimore,MD,Abstral,REP-S629,Seth Novak,TERR-S03,1,8,14,10,1,22,23.0025,27664.71,5.5789,0.052084,24.2858,synthetic
2001000964,Dr. Jessica Clark,Internal Medicine,Chicago,IL,Subsys,REP-S565,Simon Kapoor,TERR-S09,3,7,2,1,1,8,18.1533,22260.15,2.871,0.026847,18.6744,synthetic
2001000965,Dr. Margaret Lewis,Pain Management,Detroit,MI,Abstral,REP-S634,Selena Novak,TERR-S08,2,4,8,5,1,18,11.3363,26316.19,4.8656,0.043741,11.8879,synthetic
2001000966,Dr. Emily Sanchez,Pain Management,Denver,CO,Abstral,REP-S833,Spencer Alvarez,TERR-S11,3,2,5,4,2,25,5.3837,9835.38,6.6306,0.054412,5.7407,synthetic
2001000967,Dr. Karen Brown,Neurology,Phoenix,AZ,Abstral,REP-S824,Sarah Alvarez,TERR-S02,2,3,6,4,3,19,7.7493,18326.76,5.6167,0.048549,8.1845,synthetic
2001000968,Dr. Susan Sanchez,Oncology,Jacksonville,FL,Subsys,REP-S684,Sarah Larsson,TERR-S02,1,3,9,7,7,12,6.7724,16435.15,6.9799,0.059041,7.2451,synthetic
2001000969,Dr. Laura Robinson,Oncology,Nashville,TN,Actiq,REP-S850,Sadie Kim,TERR-S14,2,6,5,2,1,24,17.6083,16849.61,4.298,0.039865,18.3651,synthetic
2001000970,Dr. Amanda Anderson,Family Practice,Detroit,MI,Abstral,REP-S510,Sadie Brooks,TERR-S10,3,8,3,2,2,14,22.9059,48792.99,1.5864,0.015086,23.2693,synthetic
2001000971,Dr. Emily Moore,Pain Management,New York,NY,Fentora,REP-S829,Seth Alvarez,TERR-S07,1,2,10,5,0,14,3.2376,2898.04,1.834,0.013915,3.297,synthetic
2001000972,Dr. Robert White,Oncology,Baltimore,MD,Abstral,REP-S732,Sienna Santos,TERR-S08,3,7,4,3,4,16,19.6342,24025.17,6.4307,0.059392,20.8968,synthetic
2001000973,Dr. Melissa Scott,Pain Management,Denver,CO,Subsys,REP-S608,Serena O'Connor,TERR-S10,3,5,5,4,4,19,14.5697,20767.6,7.0753,0.064109,15.6006,synthetic
2001000974,Dr. Joseph Williams,Pain Management,Las Vegas,NV,Fentora,REP-S708,Serena Rossi,TERR-S12,2,6,5,4,3,20,15.1521,37537.77,7.3172,0.066388,16.2608,synthetic
2001000975,Dr. Michelle Williams,Neurology,Charlotte,NC,Abstral,REP-S561,Samuel Kapoor,TERR-S05,3,4,2,1,1,34,9.2813,12921.4,2.5094,0.0224,9.5142,synthetic
2001000976,Dr. Donna Smith,Neurology,Austin,TX,Abstral,REP-S535,Stephen Patel,TERR-S07,2,6,9,7,7,19,16.0622,25010.1,6.024,0.05516,17.0298,synthetic
2001000977,Dr. Michelle Williams,Palliative Care,Chicago,IL,Lazanda,REP-S811,Silas Vargas,TERR-S03,1,6,12,10,3,27,15.0458,34780.93,7.3811,0.066921,16.1563,synthetic
2001000978,Dr. Sarah Allen,Neurology,Boston,MA,Subsys,REP-S523,Sean Patel,TERR-S09,3,6,2,1,1,16,15.7438,34471.9,1.0547,0.009868,15.9098,synthetic
2001000979,Dr. Thomas Martin,Palliative Care,Portland,OR,Subsys,REP-S701,Samuel Rossi,TERR-S05,3,7,2,1,1,18,19.3727,40392.67,2.747,0.025786,19.9048,synthetic
2001000980,Dr. Donna Johnson,Orthopedics,Denver,CO,Actiq,REP-S759,Solomon Tanaka,TERR-S07,3,6,2,2,1,20,15.9904,28395.07,3.3859,0.031369,16.5318,synthetic
2001000981,Dr. John Gonzalez,Palliative Care,New York,NY,Abstral,REP-S580,Sloan Kapoor,TERR-S10,3,3,2,2,3,29,8.1943,17510.76,5.0343,0.04389,8.6068,synthetic
2001000982,Dr. Nancy Sanchez,Internal Medicine,Columbus,OH,Subsys,REP-S752,Sienna Tanaka,TERR-S14,3,10,2,1,1,27,27.2881,54371.55,1.8379,0.017574,27.7896,synthetic
2001000983,Dr. Ashley Anderson,Oncology,Philadelphia,PA,Subsys,REP-S757,Stanley Tanaka,TERR-S05,3,4,5,4,1,23,10.227,20290.77,4.6472,0.041461,10.7023,synthetic
2001000984,Dr. Patricia Walker,Anesthesiology,Houston,TX,Abstral,REP-S627,Scott Novak,TERR-S01,2,3,5,2,0,21,8.8645,12354.1,1.5394,0.013738,9.001,synthetic
2001000985,Dr. Stephanie Walker,Anesthesiology,Chicago,IL,Fentora,REP-S796,Sasha Gomez,TERR-S02,2,5,6,5,0,17,13.7216,31640.98,3.8328,0.035101,14.2475,synthetic
2001000986,Dr. Linda Thomas,Family Practice,Baltimore,MD,Subsys,REP-S789,Seth Gomez,TERR-S09,3,3,4,3,3,28,7.5289,17802.67,2.1093,0.018449,7.6877,synthetic
2001000987,Dr. John Mitchell,Orthopedics,Chicago,IL,Actiq,REP-S692,Sienna Larsson,TERR-S10,3,8,5,4,1,11,21.5681,30230.17,3.714,0.034879,22.3691,synthetic
2001000988,Dr. Ashley Davis,Anesthesiology,Boston,MA,Lazanda,REP-S720,Sloan Rossi,TERR-S10,3,9,3,2,2,10,25.7053,24558.53,4.5258,0.042641,26.8686,synthetic
2001000989,Dr. Rebecca Hall,Pain Management,Nashville,TN,Actiq,REP-S592,Sienna Nakamura,TERR-S08,2,6,8,5,0,13,17.3069,25561.44,2.8182,0.026294,17.7947,synthetic
2001000990,Dr. Jessica Anderson,Family Practice,Philadelphia,PA,Subsys,REP-S618,Summer O'Connor,TERR-S06,3,7,4,3,2,14,19.4095,43779.58,3.7413,0.034961,20.1357,synthetic
2001000991,Dr. Barbara Young,Pain Management,Houston,TX,Subsys,REP-S757,Stanley Tanaka,TERR-S05,2,5,6,4,0,20,12.9142,19842.53,5.2366,0.047458,13.5905,synthetic
2001000992,Dr. Sarah Adams,Pain Management,Las Vegas,NV,Fentora,REP-S831,Silas Alvarez,TERR-S09,3,3,5,3,0,21,8.6196,17931.83,2.7825,0.024627,8.8594,synthetic
2001000993,Dr. Rebecca Johnson,Neurology,Philadelphia,PA,Lazanda,REP-S732,Sienna Santos,TERR-S08,3,5,3,2,2,17,12.6548,26901.37,4.7166,0.042783,13.2517,synthetic
2001000994,Dr. Stephanie Walker,Anesthesiology,Austin,TX,Abstral,REP-S739,Solomon Santos,TERR-S01,2,6,7,5,0,27,15.8286,39810.47,5.1961,0.047716,16.6511,synthetic
2001000995,Dr. Susan Williams,Oncology,Nashville,TN,Fentora,REP-S700,Sloan Larsson,TERR-S04,2,5,5,4,1,15,12.6655,29172.91,8.9015,0.079274,13.7929,synthetic
2001000996,Dr. Barbara Adams,Pain Management,Las Vegas,NV,Subsys,REP-S523,Sean Patel,TERR-S09,3,7,5,3,4,21,20.604,23700.09,6.992,0.064554,22.0446,synthetic
2001000997,Dr. Ashley Rodriguez,Internal Medicine,Baltimore,MD,Actiq,REP-S592,Sienna Nakamura,TERR-S08,3,5,2,2,1,26,12.3054,29607.37,4.1776,0.037909,12.8195,synthetic
2001000998,Dr. Thomas Allen,Pain Management,Baltimore,MD,Abstral,REP-S705,Simon Rossi,TERR-S09,3,3,3,3,2,11,7.3312,7186.27,4.4332,0.038269,7.6562,synthetic
2001000999,Dr. Richard Sanchez,Anesthesiology,New York,NY,Actiq,REP-S531,Silas Patel,TERR-S03,2,7,5,3,0,14,19.2449,25100.98,1.8031,0.016995,19.5919,synthetic
2001001000,Dr. Sandra Moore,Pain Management,New York,NY,Lazanda,REP-S696,Sasha Larsson,TERR-S14,2,4,9,7,2,21,10.4507,26493.9,4.1492,0.037169,10.8843,synthetic
2001001001,Dr. Sandra Hill,Neurology,Jacksonville,FL,Actiq,REP-S601,Samuel O'Connor,TERR-S03,2,6,6,5,5,12,17.1568,23890.89,7.6105,0.069445,18.4625,synthetic
2001001002,Dr. Stephanie Rodriguez,Neurology,Philadelphia,PA,Abstral,REP-S653,Spencer Dubois,TERR-S13,2,6,9,7,2,29,15.985,27363.34,4.4935,0.041419,16.7033,synthetic
2001001003,Dr. Carol Baker,Neurology,Portland,OR,Actiq,REP-S516,Sasha Brooks,TERR-S02,2,6,5,4,2,19,16.3449,38543.68,4.0989,0.037898,17.0148,synthetic
2001001004,Dr. Lisa Lee,Anesthesiology,Miami,FL,Actiq,REP-S640,Sloan Novak,TERR-S14,2,6,6,4,3,18,17.1079,30057.03,8.5758,0.077907,18.575,synthetic
2001001005,Dr. Stephanie Harris,Family Practice,New York,NY,Actiq,REP-S711,Silas Rossi,TERR-S01,3,6,3,2,0,27,15.7166,33341.07,3.0581,0.028346,16.1973,synthetic
2001001006,Dr. Melissa White,Anesthesiology,Chicago,IL,Abstral,REP-S726,Stella Santos,TERR-S02,2,5,5,4,3,22,12.0733,27277.99,5.5692,0.050153,12.7456,synthetic
2001001007,Dr. Sandra Perez,Pain Management,New York,NY,Subsys,REP-S604,Sarah O'Connor,TERR-S06,2,9,6,4,3,19,25.1075,36360.7,4.7758,0.044906,26.3066,synthetic
2001001008,Dr. Donna Clark,Anesthesiology,Las Vegas,NV,Subsys,REP-S623,Sean Novak,TERR-S11,3,3,4,3,3,7,8.8628,11103.79,6.7379,0.058785,9.46,synthetic
2001001009,Dr. Jennifer Green,Internal Medicine,Columbus,OH,Fentora,REP-S576,Sasha Kapoor,TERR-S06,3,5,2,1,0,19,14.9141,35351.49,1.0989,0.010246,15.078,synthetic
2001001010,Dr. Dorothy Flores,Oncology,Austin,TX,Actiq,REP-S701,Samuel Rossi,TERR-S05,3,7,4,3,0,24,19.8581,26996.71,1.823,0.017207,20.2201,synthetic
2001001011,Dr. Sandra Rodriguez,Pain Management,Los Angeles,CA,Lazanda,REP-S562,Sophia Kapoor,TERR-S06,3,6,3,2,3,16,15.0807,13299.29,6.2111,0.056615,16.0174,synthetic
2001001012,Dr. William Lewis,Anesthesiology,Houston,TX,Lazanda,REP-S659,Solomon Dubois,TERR-S05,3,5,4,4,2,21,12.7901,18177.42,4.8851,0.044312,13.4149,synthetic
2001001013,Dr. Amanda Adams,Oncology,Atlanta,GA,Abstral,REP-S519,Solomon Brooks,TERR-S05,3,6,5,3,3,15,16.9596,43087.81,3.8435,0.035652,17.6115,synthetic
2001001014,Dr. Stephanie King,Anesthesiology,Los Angeles,CA,Actiq,REP-S567,Scott Kapoor,TERR-S11,3,4,5,4,1,9,11.79,11735.99,2.8497,0.02593,12.126,synthetic
2001001015,Dr. Deborah Sanchez,Oncology,Austin,TX,Actiq,REP-S705,Simon Rossi,TERR-S09,3,7,5,4,2,10,18.9204,36440.08,4.5776,0.04256,19.7865,synthetic
2001001016,Dr. Michelle Jackson,Palliative Care,Columbus,OH,Abstral,REP-S668,Serena Kowalski,TERR-S14,2,6,9,7,0,16,16.6705,38399.75,4.4767,0.041366,17.4168,synthetic
2001001017,Dr. Amanda Rodriguez,Palliative Care,Portland,OR,Fentora,REP-S709,Seth Rossi,TERR-S13,2,7,7,3,2,12,19.1603,20389.31,3.635,0.033964,19.8568,synthetic
2001001018,Dr. Melissa Moore,Family Practice,Phoenix,AZ,Subsys,REP-S838,Summer Alvarez,TERR-S02,3,4,5,1,1,17,10.3359,13540.82,-0.2671,-0.002438,10.3083,synthetic
2001001019,Dr. Margaret White,Internal Medicine,Miami,FL,Subsys,REP-S566,Stella Kapoor,TERR-S10,3,7,4,3,1,20,18.1228,18122.43,2.348,0.022008,18.5483,synthetic
2001001020,Dr. Donna Thomas,Neurology,Phoenix,AZ,Subsys,REP-S716,Sasha Rossi,TERR-S06,3,7,4,2,1,22,19.1937,20636.75,2.4612,0.023124,19.6661,synthetic
2001001021,Dr. Kimberly Green,Pain Management,Philadelphia,PA,Subsys,REP-S798,Summer Gomez,TERR-S04,2,5,6,5,2,22,12.1769,13000.5,8.0987,0.072173,13.163,synthetic
2001001022,Dr. Margaret Walker,Pain Management,Los Angeles,CA,Lazanda,REP-S809,Seth Vargas,TERR-S01,2,3,6,4,5,12,8.8985,19646.3,8.3383,0.072282,9.6405,synthetic
2001001023,Dr. Carol Ramirez,Family Practice,Los Angeles,CA,Fentora,REP-S518,Summer Brooks,TERR-S04,3,5,2,2,1,26,14.2212,23742.31,2.0786,0.019234,14.5168,synthetic
2001001024,Dr. Stephanie Brown,Palliative Care,Seattle,WA,Actiq,REP-S839,Solomon Alvarez,TERR-S03,2,5,5,4,5,48,12.4274,15021.24,4.571,0.041435,12.9955,synthetic
2001001025,Dr. William Smith,Neurology,Jacksonville,FL,Abstral,REP-S619,Solomon O'Connor,TERR-S07,2,4,9,7,1,23,11.7243,11775.89,8.1602,0.072496,12.681,synthetic
2001001026,Dr. James Thomas,Oncology,Los Angeles,CA,Actiq,REP-S843,Sean Kim,TERR-S07,2,8,6,4,4,6,21.3468,52050.29,7.9341,0.073056,23.0404,synthetic
2001001027,Dr. Charles Torres,Anesthesiology,Phoenix,AZ,Subsys,REP-S796,Sasha Gomez,TERR-S02,2,4,7,5,4,11,9.8546,9372.08,7.6944,0.067524,10.6128,synthetic
2001001028,Dr. James Green,Pain Management,Baltimore,MD,Abstral,REP-S585,Simon Nakamura,TERR-S01,2,5,6,4,0,24,12.5208,11928.93,4.0039,0.036407,13.0221,synthetic
2001001029,Dr. James Young,Palliative Care,Columbus,OH,Fentora,REP-S703,Sean Rossi,TERR-S07,2,8,8,4,1,15,23.2405,54534.65,4.8019,0.04501,24.3565,synthetic
2001001030,Dr. Lisa Gonzalez,Neurology,Columbus,OH,Fentora,REP-S785,Simon Gomez,TERR-S05,3,3,4,3,2,13,8.984,7817.94,5.2912,0.046514,9.4593,synthetic
2001001031,Dr. David Garcia,Pain Management,Charlotte,NC,Actiq,REP-S785,Simon Gomez,TERR-S05,2,7,5,3,0,31,18.5828,32454.23,3.6472,0.034025,19.2606,synthetic
2001001032,Dr. Susan Wilson,Anesthesiology,Los Angeles,CA,Abstral,REP-S658,Summer Dubois,TERR-S04,2,7,7,4,5,15,19.4667,46090.86,5.1647,0.047955,20.4721,synthetic
2001001033,Dr. Nancy Garcia,Anesthesiology,Boston,MA,Lazanda,REP-S661,Samuel Kowalski,TERR-S07,2,4,6,5,4,16,9.5046,23549.37,9.771,0.084716,10.4333,synthetic
2001001034,Dr. Kathleen Thomas,Neurology,Miami,FL,Actiq,REP-S617,Stanley O'Connor,TERR-S05,3,3,2,1,2,18,6.4474,14078.26,4.4104,0.037471,6.7318,synthetic
2001001035,Dr. Charles Walker,Internal Medicine,Seattle,WA,Subsys,REP-S644,Sarah Dubois,TERR-S04,3,5,2,1,1,19,14.0268,21740.37,2.7362,0.02522,14.4106,synthetic
2001001036,Dr. Deborah Adams,Oncology,Detroit,MI,Actiq,REP-S827,Scott Alvarez,TERR-S05,3,7,2,1,2,15,18.7023,35898.15,3.0178,0.028243,19.2667,synthetic
2001001037,Dr. Kathleen Miller,Pain Management,New York,NY,Subsys,REP-S799,Solomon Gomez,TERR-S05,2,9,8,5,1,12,26.4857,22692.03,7.5429,0.070164,28.4834,synthetic
2001001038,Dr. John Johnson,Neurology,Houston,TX,Subsys,REP-S759,Solomon Tanaka,TERR-S07,3,10,5,4,0,16,31.5504,35182.08,3.7322,0.035536,32.7279,synthetic
2001001039,Dr. Rebecca Martin,Pain Management,Baltimore,MD,Actiq,REP-S608,Serena O'Connor,TERR-S10,3,3,2,2,0,13,8.123,15162.88,2.0431,0.018028,8.2889,synthetic
2001001040,Dr. Mary Allen,Pain Management,Boston,MA,Fentora,REP-S524,Sarah Patel,TERR-S10,2,2,9,6,7,22,5.511,4994.15,8.8488,0.072225,5.9987,synthetic
2001001041,Dr. William Perez,Pain Management,Baltimore,MD,Abstral,REP-S617,Stanley O'Connor,TERR-S05,3,3,2,2,0,17,7.1982,15455.29,-1.6244,-0.014365,7.0813,synthetic
2001001042,Dr. Lisa Green,Anesthesiology,Denver,CO,Actiq,REP-S636,Sasha Novak,TERR-S10,3,5,3,3,0,24,13.6051,11620.88,4.1895,0.038284,14.1751,synthetic
2001001043,Dr. William Flores,Orthopedics,Nashville,TN,Actiq,REP-S596,Sasha Nakamura,TERR-S12,3,6,2,1,1,20,15.9307,37910.99,1.2533,0.011724,16.1303,synthetic
2001001044,Dr. Amanda Clark,Palliative Care,Austin,TX,Subsys,REP-S760,Sloan Tanaka,TERR-S08,3,8,2,1,1,11,21.0661,24912.51,2.1106,0.019949,21.5107,synthetic
2001001045,Dr. Emily Wright,Oncology,Miami,FL,Fentora,REP-S771,Silas Muller,TERR-S05,3,8,5,4,1,25,21.0303,31992.92,6.3421,0.058781,22.3641,synthetic
2001001046,Dr. William Thomas,Family Practice,Portland,OR,Subsys,REP-S671,Silas Kowalski,TERR-S03,3,5,4,3,1,13,13.3606,32090.28,1.683,0.015537,13.5854,synthetic
2001001047,Dr. Sandra Young,Pain Management,Miami,FL,Abstral,REP-S571,Silas Kapoor,TERR-S01,2,6,5,3,0,15,16.7193,37994.36,1.0425,0.009788,16.8936,synthetic
2001001048,Dr. Sharon Jackson,Pain Management,Chicago,IL,Fentora,REP-S850,Sadie Kim,TERR-S14,2,2,8,4,3,21,5.7758,6841.63,5.7876,0.048156,6.1101,synthetic
2001001049,Dr. Amanda Wright,Anesthesiology,Columbus,OH,Abstral,REP-S663,Sean Kowalski,TERR-S09,3,6,3,2,2,17,17.0567,16760.87,5.9748,0.054904,18.0758,synthetic
2001001050,Dr. Joseph Miller,Palliative Care,Miami,FL,Abstral,REP-S619,Solomon O'Connor,TERR-S07,2,5,5,4,5,27,13.8308,14593.97,7.553,0.068067,14.8755,synthetic
2001001051,Dr. Richard Martinez,Neurology,Jacksonville,FL,Actiq,REP-S613,Spencer O'Connor,TERR-S01,3,10,4,3,1,12,33.5473,63006.09,2.8023,0.026848,34.4874,synthetic
2001001052,Dr. Stephanie Thomas,Pain Management,Jacksonville,FL,Actiq,REP-S733,Spencer Santos,TERR-S09,3,4,5,3,2,21,9.0197,15362.8,4.3102,0.038067,9.4085,synthetic
2001001053,Dr. Susan Perez,Neurology,Charlotte,NC,Subsys,REP-S670,Sadie Kowalski,TERR-S02,2,7,5,3,4,21,19.2329,32898.37,6.0524,0.055938,20.397,synthetic
2001001054,Dr. Jessica Nelson,Oncology,Las Vegas,NV,Abstral,REP-S651,Silas Dubois,TERR-S11,3,6,5,4,2,13,16.2516,34165.3,6.0361,0.055304,17.2326,synthetic
2001001055,Dr. Carol Wilson,Neurology,Las Vegas,NV,Lazanda,REP-S601,Samuel O'Connor,TERR-S03,2,3,5,2,3,23,7.5363,13946.78,1.5109,0.013251,7.6501,synthetic
2001001056,Dr. Jennifer Ramirez,Neurology,Atlanta,GA,Subsys,REP-S644,Sarah Dubois,TERR-S04,2,4,7,5,4,32,11.1617,17710.11,5.2642,0.047183,11.7493,synthetic
2001001057,Dr. Kathleen Flores,Orthopedics,Las Vegas,NV,Fentora,REP-S563,Sean Kapoor,TERR-S07,3,7,5,4,5,16,20.8444,20478.99,5.4542,0.050736,21.9812,synthetic
2001001058,Dr. Robert Smith,Oncology,Detroit,MI,Lazanda,REP-S796,Sasha Gomez,TERR-S02,1,5,14,10,7,27,13.829,21610.69,8.9423,0.080097,15.0657,synthetic
2001001059,Dr. Betty Ramirez,Pain Management,Seattle,WA,Subsys,REP-S637,Stanley Novak,TERR-S11,3,5,5,4,5,12,13.3424,29548.43,7.7619,0.069719,14.3781,synthetic
2001001060,Dr. James Clark,Oncology,Baltimore,MD,Fentora,REP-S513,Spencer Brooks,TERR-S13,2,5,6,4,4,15,13.1907,27075.47,4.4844,0.040839,13.7823,synthetic
2001001061,Dr. Joseph Lewis,Neurology,Chicago,IL,Abstral,REP-S770,Sadie Muller,TERR-S04,2,5,6,5,3,19,14.5462,21957.83,5.6202,0.051251,15.3637,synthetic
2001001062,Dr. Carol Rivera,Pain Management,Boston,MA,Subsys,REP-S728,Serena Santos,TERR-S04,1,6,13,9,1,24,16.2193,15157.57,6.1568,0.056373,17.2179,synthetic
2001001063,Dr. Susan King,Pain Management,Chicago,IL,Subsys,REP-S726,Stella Santos,TERR-S02,1,7,11,4,4,38,19.1545,33387.48,8.137,0.074488,20.7131,synthetic
2001001064,Dr. Nancy Martinez,Pain Management,Los Angeles,CA,Abstral,REP-S557,Stanley Chen,TERR-S01,3,3,2,2,1,15,7.4937,6562.87,2.883,0.025117,7.7097,synthetic
2001001065,Dr. Michael Robinson,Internal Medicine,Denver,CO,Actiq,REP-S594,Selena Nakamura,TERR-S10,3,7,5,2,2,9,20.7953,31490.5,0.8232,0.007823,20.9665,synthetic
2001001066,Dr. Rebecca Robinson,Pain Management,Nashville,TN,Subsys,REP-S699,Solomon Larsson,TERR-S03,1,4,14,11,12,18,9.901,25690.96,12.0526,0.103882,11.0943,synthetic
2001001067,Dr. Robert King,Neurology,Portland,OR,Actiq,REP-S586,Stella Nakamura,TERR-S02,3,9,5,3,2,15,24.2773,26291.94,4.8698,0.04571,25.4595,synthetic
2001001068,Dr. Elizabeth Miller,Pain Management,Houston,TX,Lazanda,REP-S516,Sasha Brooks,TERR-S02,1,3,12,11,5,16,8.4609,13795.66,10.3837,0.088799,9.3394,synthetic
2001001069,Dr. Betty Rodriguez,Family Practice,Jacksonville,FL,Fentora,REP-S707,Scott Rossi,TERR-S11,3,7,2,2,1,25,20.1526,46514.29,2.9629,0.027837,20.7497,synthetic
2001001070,Dr. Michael Perez,Neurology,Las Vegas,NV,Lazanda,REP-S595,Stephen Nakamura,TERR-S11,3,3,4,3,2,14,8.6163,17010.46,4.8548,0.04258,9.0347,synthetic
2001001071,Dr. Robert Walker,Internal Medicine,Charlotte,NC,Actiq,REP-S649,Seth Dubois,TERR-S09,3,8,2,2,2,15,21.0648,23822.92,2.7057,0.025503,21.6348,synthetic
2001001072,Dr. William Hall,Pain Management,Houston,TX,Subsys,REP-S673,Spencer Kowalski,TERR-S05,3,7,5,2,3,19,20.1224,44483.42,3.8926,0.036412,20.9057,synthetic
2001001073,Dr. Kathleen Martin,Pain Management,Detroit,MI,Subsys,REP-S830,Sadie Alvarez,TERR-S08,2,4,6,3,0,21,10.5145,9216.89,1.8122,0.016413,10.705,synthetic
2001001074,Dr. Michelle Wilson,Pain Management,Houston,TX,Fentora,REP-S657,Stanley Dubois,TERR-S03,1,7,12,7,5,21,19.3748,37931.72,8.2025,0.075107,20.964,synthetic
2001001075,Dr. Sarah Lee,Pain Management,Chicago,IL,Subsys,REP-S693,Spencer Larsson,TERR-S11,3,5,4,2,0,0,14.6078,24770.0,2.077,0.019253,14.9112,synthetic
2001001076,Dr. Patricia Davis,Neurology,New York,NY,Actiq,REP-S729,Seth Santos,TERR-S05,3,5,4,3,2,10,13.2919,29098.84,3.5151,0.032169,13.7591,synthetic
2001001077,Dr. Richard Rodriguez,Pain Management,Seattle,WA,Subsys,REP-S766,Stella Muller,TERR-S14,2,4,6,4,1,9,11.3354,15710.18,4.0968,0.036955,11.7998,synthetic
2001001078,Dr. Betty Ramirez,Palliative Care,Portland,OR,Actiq,REP-S761,Samuel Muller,TERR-S09,3,6,4,3,3,17,15.5563,38706.3,7.4859,0.067974,16.7209,synthetic
2001001079,Dr. Thomas Rodriguez,Pain Management,Las Vegas,NV,Actiq,REP-S828,Serena Alvarez,TERR-S06,2,2,5,4,2,16,3.8249,8943.5,5.1444,0.039972,4.0217,synthetic
2001001080,Dr. Donna White,Pain Management,Miami,FL,Subsys,REP-S569,Seth Kapoor,TERR-S13,2,3,8,7,0,12,8.1676,14324.1,5.3854,0.046864,8.6075,synthetic
2001001081,Dr. Amanda Anderson,Pain Management,Baltimore,MD,Actiq,REP-S564,Sarah Kapoor,TERR-S08,2,4,7,5,0,14,10.1239,25374.4,3.2995,0.029587,10.4579,synthetic
2001001082,Dr. Patricia Hall,Oncology,Philadelphia,PA,Fentora,REP-S594,Selena Nakamura,TERR-S10,3,6,2,2,0,25,16.4282,41013.72,2.2483,0.020971,16.7975,synthetic
2001001083,Dr. Deborah Brown,Pain Management,Portland,OR,Subsys,REP-S647,Scott Dubois,TERR-S07,2,4,6,4,5,22,10.1675,22031.04,7.3734,0.064974,10.9171,synthetic
2001001084,Dr. Rebecca Perez,Neurology,Jacksonville,FL,Subsys,REP-S826,Stella Alvarez,TERR-S04,2,4,5,4,3,20,10.4161,23109.21,3.447,0.030966,10.7751,synthetic
2001001085,Dr. Donna Campbell,Orthopedics,Miami,FL,Abstral,REP-S767,Scott Muller,TERR-S01,3,6,2,1,2,23,16.1494,34449.65,3.7642,0.034833,16.7573,synthetic
2001001086,Dr. Sarah Smith,Pain Management,Las Vegas,NV,Subsys,REP-S536,Sasha Patel,TERR-S08,2,2,6,4,0,24,4.3972,6191.14,0.3829,0.003114,4.414,synthetic
2001001087,Dr. Dorothy Jackson,Palliative Care,New York,NY,Subsys,REP-S690,Sadie Larsson,TERR-S08,3,4,4,2,2,14,9.821,16327.17,5.5161,0.04885,10.3627,synthetic
2001001088,Dr. Richard Martinez,Pain Management,Las Vegas,NV,Fentora,REP-S697,Stanley Larsson,TERR-S01,3,2,5,4,5,14,4.6519,7949.55,9.9717,0.078879,5.1158,synthetic
2001001089,Dr. Linda Hill,Palliative Care,Philadelphia,PA,Lazanda,REP-S779,Solomon Muller,TERR-S13,2,5,9,7,1,26,13.7158,14954.55,5.8736,0.053298,14.5214,synthetic
2001001090,Dr. Nancy Carter,Neurology,Detroit,MI,Actiq,REP-S755,Stephen Tanaka,TERR-S03,2,3,8,6,2,20,6.4168,10541.0,5.9219,0.049965,6.7968,synthetic
2001001091,Dr. Sandra Moore,Pain Management,Seattle,WA,Actiq,REP-S756,Sasha Tanaka,TERR-S04,2,3,7,6,7,27,8.2511,18005.61,11.679,0.09909,9.2148,synthetic
2001001092,Dr. Laura Harris,Palliative Care,Seattle,WA,Abstral,REP-S741,Samuel Tanaka,TERR-S03,2,7,7,5,2,23,18.5608,34464.55,8.0824,0.073893,20.061,synthetic
2001001093,Dr. Carol Walker,Pain Management,Los Angeles,CA,Actiq,REP-S750,Sadie Tanaka,TERR-S12,1,6,14,11,7,21,17.4108,17748.01,7.8368,0.071494,18.7752,synthetic
2001001094,Dr. Jessica Clark,Oncology,Detroit,MI,Subsys,REP-S582,Sophia Nakamura,TERR-S12,2,5,6,4,5,18,13.8377,23963.71,6.052,0.054906,14.6752,synthetic
2001001095,Dr. Melissa Taylor,Oncology,New York,NY,Actiq,REP-S838,Summer Alvarez,TERR-S02,2,5,7,5,4,11,14.006,15701.02,5.4632,0.049734,14.7712,synthetic
2001001096,Dr. Karen Martin,Pain Management,New York,NY,Abstral,REP-S706,Stella Rossi,TERR-S10,3,5,2,1,0,28,14.7165,31013.34,1.489,0.013846,14.9356,synthetic
2001001097,Dr. Barbara Brown,Internal Medicine,Nashville,TN,Subsys,REP-S846,Stella Kim,TERR-S10,3,9,5,2,1,25,25.1213,27778.53,3.325,0.031476,25.9566,synthetic
2001001098,Dr. Stephanie Garcia,Palliative Care,Charlotte,NC,Subsys,REP-S740,Sloan Santos,TERR-S02,2,2,9,5,0,25,3.8344,6225.73,3.8423,0.03002,3.9817,synthetic
2001001099,Dr. Carol Hill,Internal Medicine,Boston,MA,Abstral,REP-S511,Silas Brooks,TERR-S11,3,5,3,3,4,13,13.4495,17726.3,4.7494,0.043258,14.0883,synthetic
2001001100,Dr. Barbara Young,Palliative Care,Philadelphia,PA,Lazanda,REP-S834,Selena Alvarez,TERR-S12,1,3,11,5,1,22,6.2021,15976.33,6.1876,0.051914,6.5859,synthetic
2001001101,Dr. Richard Allen,Palliative Care,Columbus,OH,Subsys,REP-S723,Sean Santos,TERR-S13,2,3,8,4,3,19,8.561,13680.58,5.7254,0.049995,9.0511,synthetic
2001001102,Dr. Kathleen Anderson,Pain Management,Los Angeles,CA,Fentora,REP-S563,Sean Kapoor,TERR-S07,2,8,7,4,1,25,23.7959,32146.88,3.8113,0.035923,24.7029,synthetic
2001001103,Dr. James Campbell,Internal Medicine,Atlanta,GA,Lazanda,REP-S820,Sloan Vargas,TERR-S12,3,8,4,3,4,23,21.0026,21389.26,3.6238,0.034006,21.7637,synthetic
2001001104,Dr. Jessica Harris,Palliative Care,Philadelphia,PA,Subsys,REP-S764,Sarah Muller,TERR-S12,1,2,10,6,6,4,5.6766,14194.8,8.7439,0.071709,6.173,synthetic
2001001105,Dr. Robert Nguyen,Anesthesiology,Las Vegas,NV,Abstral,REP-S781,Samuel Gomez,TERR-S01,3,4,3,2,0,13,11.6971,11365.79,1.7427,0.015927,11.901,synthetic
2001001106,Dr. Susan Green,Orthopedics,Columbus,OH,Actiq,REP-S656,Sasha Dubois,TERR-S02,2,3,9,4,2,7,8.2716,20112.14,5.2307,0.045609,8.7042,synthetic
2001001107,Dr. David Allen,Pain Management,Portland,OR,Abstral,REP-S549,Seth Chen,TERR-S07,2,3,9,6,5,16,8.5707,18506.42,8.2433,0.071222,9.2772,synthetic
2001001108,Dr. Lisa White,Internal Medicine,Phoenix,AZ,Subsys,REP-S688,Serena Larsson,TERR-S06,3,8,2,1,2,36,23.0078,31116.29,1.7772,0.016888,23.4167,synthetic
2001001109,Dr. William Rivera,Anesthesiology,Seattle,WA,Abstral,REP-S717,Stanley Rossi,TERR-S07,3,5,5,4,3,12,14.7533,34594.68,5.9666,0.054373,15.6336,synthetic
2001001110,Dr. James Baker,Oncology,Atlanta,GA,Fentora,REP-S643,Sean Dubois,TERR-S03,2,4,9,7,8,16,10.9333,17721.6,9.3351,0.082067,11.9539,synthetic
2001001111,Dr. Nancy Lewis,Oncology,Philadelphia,PA,Subsys,REP-S825,Simon Alvarez,TERR-S03,1,5,11,7,4,13,14.7037,26698.55,6.8726,0.062364,15.7142,synthetic
2001001112,Dr. Sandra Davis,Oncology,Philadelphia,PA,Lazanda,REP-S675,Stephen Kowalski,TERR-S07,2,5,5,3,2,15,12.7883,15315.91,3.9984,0.036413,13.2996,synthetic
2001001113,Dr. William Jackson,Palliative Care,Seattle,WA,Actiq,REP-S505,Simon Brooks,TERR-S05,3,10,2,1,1,24,28.8806,51032.56,3.2514,0.030942,29.8196,synthetic
2001001114,Dr. John Flores,Pain Management,New York,NY,Subsys,REP-S722,Sophia Santos,TERR-S12,1,3,10,5,3,27,7.4786,16198.71,6.3558,0.054547,7.954,synthetic
2001001115,Dr. Carol White,Neurology,Detroit,MI,Abstral,REP-S675,Stephen Kowalski,TERR-S07,3,2,3,2,2,20,5.9029,15224.42,5.0298,0.042112,6.1998,synthetic
2001001116,Dr. John Flores,Oncology,Las Vegas,NV,Subsys,REP-S827,Scott Alvarez,TERR-S05,3,5,3,3,1,23,13.3444,31916.42,4.9359,0.044895,14.003,synthetic
2001001117,Dr. Betty Clark,Oncology,Detroit,MI,Actiq,REP-S716,Sasha Rossi,TERR-S06,3,4,3,2,3,16,11.0773,22964.97,3.7806,0.034088,11.4961,synthetic
2001001118,Dr. Jessica Johnson,Internal Medicine,Austin,TX,Fentora,REP-S774,Selena Muller,TERR-S08,3,6,4,3,1,14,16.2952,28215.94,4.1543,0.038395,16.9722,synthetic
2001001119,Dr. Lisa Jones,Neurology,Columbus,OH,Abstral,REP-S797,Stanley Gomez,TERR-S03,2,9,5,2,2,10,24.3081,39934.87,2.364,0.022452,24.8828,synthetic
2001001120,Dr. Rebecca Baker,Family Practice,Houston,TX,Abstral,REP-S768,Serena Muller,TERR-S02,3,5,4,3,0,14,14.3206,28152.94,-0.9857,-0.009257,14.1794,synthetic
2001001121,Dr. David Ramirez,Palliative Care,Charlotte,NC,Subsys,REP-S615,Stephen O'Connor,TERR-S03,2,10,6,3,4,22,27.0696,44767.21,6.644,0.062104,28.8681,synthetic
2001001122,Dr. Sharon Rodriguez,Oncology,Charlotte,NC,Abstral,REP-S647,Scott Dubois,TERR-S07,2,3,5,4,0,16,8.7001,20733.18,4.34,0.038188,9.0777,synthetic
2001001123,Dr. Barbara Hernandez,Oncology,Jacksonville,FL,Subsys,REP-S748,Serena Tanaka,TERR-S10,3,4,3,3,1,17,9.4867,18606.02,3.9041,0.034709,9.8571,synthetic
2001001124,Dr. Kimberly Wright,Pain Management,Atlanta,GA,Subsys,REP-S525,Simon Patel,TERR-S11,3,4,4,3,1,25,9.8496,11534.73,3.4499,0.030839,10.1894,synthetic
2001001125,Dr. Ashley Baker,Oncology,Philadelphia,PA,Lazanda,REP-S605,Simon O'Connor,TERR-S07,2,6,6,5,4,22,16.2635,33717.76,5.948,0.054521,17.2309,synthetic
2001001126,Dr. Elizabeth Jones,Family Practice,Boston,MA,Actiq,REP-S682,Sophia Larsson,TERR-S14,3,7,3,3,3,17,18.6823,47811.72,5.2282,0.048434,19.6591,synthetic
2001001127,Dr. Mary Adams,Anesthesiology,Columbus,OH,Subsys,REP-S655,Stephen Dubois,TERR-S01,3,3,4,2,0,14,8.7688,17105.0,1.9425,0.017286,8.9391,synthetic
2001001128,Dr. Rebecca Campbell,Orthopedics,Atlanta,GA,Abstral,REP-S547,Scott Chen,TERR-S05,3,6,5,3,1,14,17.8924,43581.73,2.8216,0.026372,18.3972,synthetic
2001001129,Dr. Stephanie Thompson,Oncology,Nashville,TN,Abstral,REP-S701,Samuel Rossi,TERR-S05,3,5,2,1,2,12,13.883,22548.96,3.4641,0.031802,14.3639,synthetic
2001001130,Dr. Karen Nelson,Anesthesiology,Austin,TX,Subsys,REP-S513,Spencer Brooks,TERR-S13,2,6,6,3,2,12,17.6572,24671.41,4.5673,0.042317,18.4637,synthetic
2001001131,Dr. Ashley Wright,Palliative Care,Baltimore,MD,Abstral,REP-S730,Sadie Santos,TERR-S06,3,2,3,2,0,45,5.1003,5015.16,5.0864,0.041646,5.3597,synthetic
2001001132,Dr. Stephanie Flores,Pain Management,Detroit,MI,Fentora,REP-S611,Silas O'Connor,TERR-S13,1,4,14,9,10,17,11.8878,19747.18,9.9674,0.087956,13.0727,synthetic
2001001133,Dr. Kimberly Martinez,Pain Management,Boston,MA,Subsys,REP-S539,Solomon Patel,TERR-S11,3,3,4,2,3,15,8.6153,14818.53,5.5512,0.048541,9.0935,synthetic
2001001134,Dr. Deborah Rivera,Palliative Care,Seattle,WA,Subsys,REP-S651,Silas Dubois,TERR-S11,3,7,2,2,2,9,18.2294,34666.35,3.0717,0.028704,18.7894,synthetic
2001001135,Dr. Elizabeth Smith,Internal Medicine,Nashville,TN,Abstral,REP-S552,Sienna Chen,TERR-S10,3,4,5,3,2,14,11.1301,23082.46,4.862,0.043645,11.6713,synthetic
2001001136,Dr. Kimberly Jones,Oncology,Denver,CO,Subsys,REP-S597,Stanley Nakamura,TERR-S13,1,4,11,7,7,33,9.3157,11995.13,9.9215,0.085808,10.24,synthetic
2001001137,Dr. Richard Gonzalez,Anesthesiology,Chicago,IL,Actiq,REP-S597,Stanley Nakamura,TERR-S13,2,10,5,3,2,22,28.7016,55579.61,5.808,0.054606,30.3686,synthetic
2001001138,Dr. Thomas Martinez,Orthopedics,Houston,TX,Subsys,REP-S559,Solomon Chen,TERR-S03,3,6,4,3,0,28,17.6984,43077.15,2.6782,0.025034,18.1724,synthetic
2001001139,Dr. Charles Jones,Oncology,Seattle,WA,Fentora,REP-S715,Stephen Rossi,TERR-S05,3,6,5,3,2,21,15.6046,15439.73,2.792,0.0259,16.0402,synthetic
2001001140,Dr. Jennifer Anderson,Pain Management,Portland,OR,Lazanda,REP-S659,Solomon Dubois,TERR-S05,2,7,7,5,4,23,18.9908,34445.86,7.0283,0.064633,20.3255,synthetic
2001001141,Dr. Laura Harris,Pain Management,Boston,MA,Subsys,REP-S797,Stanley Gomez,TERR-S03,1,7,11,5,1,10,20.0771,31636.31,4.8727,0.04537,21.0554,synthetic
2001001142,Dr. Barbara Moore,Neurology,Las Vegas,NV,Actiq,REP-S741,Samuel Tanaka,TERR-S03,2,4,9,6,4,22,10.9107,12565.4,5.456,0.048771,11.506,synthetic
2001001143,Dr. Patricia Clark,Palliative Care,Portland,OR,Fentora,REP-S845,Simon Kim,TERR-S09,3,6,4,3,3,12,17.5944,44117.6,4.6621,0.043168,18.4147,synthetic
2001001144,Dr. Richard Thompson,Oncology,Denver,CO,Abstral,REP-S801,Samuel Vargas,TERR-S07,2,6,7,6,4,15,15.4895,34780.37,7.6098,0.069044,16.6682,synthetic
2001001145,Dr. Laura Campbell,Oncology,Nashville,TN,Subsys,REP-S745,Simon Tanaka,TERR-S07,2,10,7,5,2,13,33.6077,44166.9,5.7817,0.054627,35.5508,synthetic
2001001146,Dr. Elizabeth Carter,Oncology,Phoenix,AZ,Fentora,REP-S746,Stella Tanaka,TERR-S08,2,4,9,5,3,32,11.2803,27402.97,8.5951,0.07599,12.2498,synthetic
2001001147,Dr. Mary Wright,Oncology,Charlotte,NC,Abstral,REP-S518,Summer Brooks,TERR-S04,2,2,7,5,2,20,4.8143,4460.98,6.4831,0.052289,5.1264,synthetic
2001001148,Dr. Dorothy Martinez,Psychiatry,Austin,TX,Subsys,REP-S689,Seth Larsson,TERR-S07,3,4,4,3,3,15,9.7938,11745.92,2.667,0.023911,10.055,synthetic
2001001149,Dr. Donna Smith,Anesthesiology,Columbus,OH,Abstral,REP-S708,Serena Rossi,TERR-S12,2,5,9,6,3,17,13.9068,14578.52,6.0963,0.055315,14.7546,synthetic
2001001150,Dr. Michelle Williams,Palliative Care,Boston,MA,Subsys,REP-S778,Summer Muller,TERR-S12,1,6,12,5,1,15,15.9387,21380.4,4.3827,0.040412,16.6372,synthetic
2001001151,Dr. Mary Williams,Palliative Care,Phoenix,AZ,Subsys,REP-S614,Selena O'Connor,TERR-S02,2,4,9,6,1,17,9.5438,15701.81,5.6172,0.049594,10.0799,synthetic
2001001152,Dr. Amanda Miller,Pain Management,Baltimore,MD,Actiq,REP-S578,Summer Kapoor,TERR-S08,2,5,7,4,2,21,13.9947,33403.18,5.0061,0.045663,14.6952,synthetic
2001001153,Dr. Donna Hill,Anesthesiology,Las Vegas,NV,Lazanda,REP-S794,Selena Gomez,TERR-S14,2,8,9,6,4,39,21.5712,31590.3,3.4775,0.032694,22.3214,synthetic
2001001154,Dr. Barbara Adams,Neurology,Phoenix,AZ,Fentora,REP-S530,Sadie Patel,TERR-S02,2,4,8,6,6,19,9.7301,18046.5,5.6421,0.049897,10.2791,synthetic
2001001155,Dr. Joseph Anderson,Pain Management,Chicago,IL,Actiq,REP-S557,Stanley Chen,TERR-S01,2,7,9,7,4,6,19.9281,18967.47,8.6358,0.079025,21.6491,synthetic
2001001156,Dr. Emily Rivera,Oncology,Las Vegas,NV,Abstral,REP-S508,Serena Brooks,TERR-S08,2,5,9,7,6,28,13.8612,30802.62,8.4851,0.076166,15.0373,synthetic
2001001157,Dr. Laura Jones,Pain Management,Nashville,TN,Subsys,REP-S583,Sean Nakamura,TERR-S13,1,8,12,7,4,12,23.765,27765.9,8.8791,0.081769,25.8752,synthetic
2001001158,Dr. Donna Hernandez,Family Practice,Charlotte,NC,Subsys,REP-S589,Seth Nakamura,TERR-S05,3,4,5,4,4,18,10.9479,22589.59,4.8162,0.043185,11.4752,synthetic
2001001159,Dr. Joseph Martin,Pain Management,Philadelphia,PA,Actiq,REP-S767,Scott Muller,TERR-S01,2,8,6,5,0,15,23.0909,33215.53,5.6166,0.052435,24.3878,synthetic
2001001160,Dr. Sarah Wright,Pain Management,Nashville,TN,Fentora,REP-S837,Stanley Alvarez,TERR-S01,2,6,7,2,1,23,17.2875,14845.63,4.6174,0.042724,18.0857,synthetic
2001001161,Dr. Nancy Nelson,Palliative Care,Denver,CO,Abstral,REP-S719,Solomon Rossi,TERR-S09,2,5,8,3,3,10,14.7931,17750.94,7.5713,0.068517,15.9132,synthetic
2001001162,Dr. Sarah Thomas,Pain Management,Jacksonville,FL,Subsys,REP-S685,Simon Larsson,TERR-S03,1,4,9,4,1,15,9.86,11743.88,3.4276,0.030646,10.198,synthetic
2001001163,Dr. Richard Thomas,Pain Management,Austin,TX,Subsys,REP-S740,Sloan Santos,TERR-S02,1,9,9,8,5,17,25.5264,41335.87,8.812,0.081394,27.7758,synthetic
2001001164,Dr. John Lee,Pain Management,Jacksonville,FL,Subsys,REP-S791,Silas Gomez,TERR-S11,3,5,3,2,0,25,13.6014,33540.87,0.3626,0.003372,13.6508,synthetic
2001001165,Dr. Elizabeth Hall,Oncology,Philadelphia,PA,Subsys,REP-S695,Stephen Larsson,TERR-S13,2,7,6,3,3,12,19.1341,30585.04,4.9165,0.045665,20.0748,synthetic
2001001166,Dr. Michelle Robinson,Neurology,Austin,TX,Subsys,REP-S669,Seth Kowalski,TERR-S01,3,4,5,3,0,25,11.2601,11903.09,3.2928,0.029794,11.6309,synthetic
2001001167,Dr. Rebecca Gonzalez,Family Practice,Las Vegas,NV,Subsys,REP-S622,Sophia Novak,TERR-S10,3,5,5,2,1,26,14.6716,24878.74,1.0808,0.010067,14.8302,synthetic
2001001168,Dr. Robert Rivera,Oncology,Miami,FL,Subsys,REP-S632,Sienna Novak,TERR-S06,3,10,5,3,0,16,31.5287,51620.47,3.7966,0.036138,32.7257,synthetic
2001001169,Dr. Linda Gonzalez,Anesthesiology,Atlanta,GA,Abstral,REP-S832,Sienna Alvarez,TERR-S10,3,7,3,3,2,13,20.6554,19342.41,3.3144,0.031124,21.34,synthetic
2001001170,Dr. Jennifer Rodriguez,Anesthesiology,Boston,MA,Lazanda,REP-S643,Sean Dubois,TERR-S03,2,9,5,3,2,11,24.8797,26202.49,4.9575,0.046558,26.1131,synthetic
2001001171,Dr. Kathleen Hill,Orthopedics,Miami,FL,Abstral,REP-S735,Stephen Santos,TERR-S11,3,5,4,3,0,22,13.5099,21907.24,3.3397,0.030621,13.9611,synthetic
2001001172,Dr. Betty Garcia,Neurology,Boston,MA,Abstral,REP-S609,Seth O'Connor,TERR-S11,3,3,4,3,4,12,8.7,11552.77,4.0811,0.03595,9.0551,synthetic
2001001173,Dr. Richard Garcia,Pain Management,Chicago,IL,Subsys,REP-S738,Summer Santos,TERR-S14,2,5,9,8,0,11,12.8903,13555.69,5.7197,0.051718,13.6276,synthetic
2001001174,Dr. Michelle Campbell,Family Practice,Seattle,WA,Subsys,REP-S677,Stanley Kowalski,TERR-S09,3,5,4,3,4,11,12.9912,13672.58,5.6455,0.051093,13.7246,synthetic
2001001175,Dr. Laura Lee,Anesthesiology,Atlanta,GA,Subsys,REP-S621,Samuel Novak,TERR-S09,3,4,3,2,2,16,9.9239,10071.53,2.8026,0.025141,10.202,synthetic
2001001176,Dr. Nancy Sanchez,Oncology,Atlanta,GA,Actiq,REP-S728,Serena Santos,TERR-S04,2,4,5,4,5,13,11.7944,19157.17,5.8917,0.052889,12.4893,synthetic
2001001177,Dr. Jessica Young,Oncology,Houston,TX,Lazanda,REP-S723,Sean Santos,TERR-S13,2,4,7,4,3,29,10.2888,10034.67,6.4976,0.057533,10.9573,synthetic
2001001178,Dr. Richard Lopez,Pain Management,Nashville,TN,Fentora,REP-S577,Stanley Kapoor,TERR-S07,1,6,9,8,9,10,15.2125,37465.21,11.6247,0.103528,16.9809,synthetic
2001001179,Dr. Barbara Mitchell,Oncology,Phoenix,AZ,Subsys,REP-S681,Samuel Larsson,TERR-S13,2,4,5,4,2,19,9.0336,14327.05,5.2569,0.046244,9.5085,synthetic
2001001180,Dr. Joseph Davis,Neurology,Chicago,IL,Subsys,REP-S840,Sloan Alvarez,TERR-S04,3,8,5,3,2,33,22.0381,35118.24,2.5684,0.024272,22.6042,synthetic
2001001181,Dr. John Ramirez,Anesthesiology,Jacksonville,FL,Actiq,REP-S593,Spencer Nakamura,TERR-S09,3,7,3,2,1,9,18.7508,47909.57,5.0142,0.046505,19.691,synthetic
2001001182,Dr. Jessica Wilson,Palliative Care,Denver,CO,Abstral,REP-S721,Samuel Santos,TERR-S11,3,10,2,1,0,14,29.3642,54891.52,0.8613,0.008295,29.6171,synthetic
2001001183,Dr. Linda Hernandez,Palliative Care,Charlotte,NC,Fentora,REP-S590,Sadie Nakamura,TERR-S06,3,5,5,3,3,29,12.3588,24626.33,6.5547,0.058873,13.1689,synthetic
2001001184,Dr. Deborah Garcia,Palliative Care,Las Vegas,NV,Subsys,REP-S733,Spencer Santos,TERR-S09,3,4,5,3,4,15,9.0225,22914.67,5.7689,0.050629,9.543,synthetic
2001001185,Dr. David Carter,Anesthesiology,Chicago,IL,Abstral,REP-S692,Sienna Larsson,TERR-S10,3,8,2,2,3,25,23.179,28621.64,3.1477,0.029729,23.9086,synthetic
2001001186,Dr. Carol Lee,Pain Management,Seattle,WA,Subsys,REP-S751,Silas Tanaka,TERR-S13,1,6,13,7,4,21,17.9119,18719.2,8.8722,0.080686,19.5011,synthetic
2001001187,Dr. Dorothy Allen,Internal Medicine,New York,NY,Actiq,REP-S649,Seth Dubois,TERR-S09,3,7,5,3,0,16,18.1278,20452.56,-0.3831,-0.003637,18.0583,synthetic
2001001188,Dr. Ashley Sanchez,Neurology,Denver,CO,Abstral,REP-S737,Stanley Santos,TERR-S13,2,4,7,6,2,17,9.9971,23464.0,5.729,0.050769,10.5698,synthetic
2001001189,Dr. Michael Garcia,Pain Management,Portland,OR,Abstral,REP-S604,Sarah O'Connor,TERR-S06,3,7,2,1,0,15,19.812,48318.92,-3.0,-0.028974,19.2177,synthetic
2001001190,Dr. Patricia Anderson,Anesthesiology,Chicago,IL,Abstral,REP-S610,Sadie O'Connor,TERR-S12,2,9,5,4,5,10,26.6727,55197.47,5.6065,0.052629,28.1681,synthetic
2001001191,Dr. David Rodriguez,Pain Management,Jacksonville,FL,Subsys,REP-S826,Stella Alvarez,TERR-S04,2,6,7,6,0,15,17.808,29619.24,3.5551,0.033106,18.4411,synthetic
2001001192,Dr. Charles Clark,Pain Management,Atlanta,GA,Subsys,REP-S640,Sloan Novak,TERR-S14,2,10,9,5,6,6,30.4422,78327.05,9.9927,0.092351,33.4842,synthetic
2001001193,Dr. Nancy Green,Pain Management,Atlanta,GA,Subsys,REP-S654,Selena Dubois,TERR-S14,2,3,9,7,0,22,7.8806,11066.04,4.4749,0.038942,8.2332,synthetic
2001001194,Dr. John Lewis,Internal Medicine,Atlanta,GA,Lazanda,REP-S517,Stanley Brooks,TERR-S03,3,4,2,1,1,22,10.348,9383.63,1.4985,0.013572,10.503,synthetic
2001001195,Dr. Jessica Brown,Palliative Care,Miami,FL,Subsys,REP-S573,Spencer Kapoor,TERR-S03,2,5,9,6,6,15,14.7982,13715.96,7.6283,0.069017,15.927,synthetic
2001001196,Dr. Susan Moore,Pain Management,Los Angeles,CA,Abstral,REP-S768,Serena Muller,TERR-S02,1,5,9,7,3,9,13.0792,33134.81,4.3212,0.039358,13.6444,synthetic
2001001197,Dr. Susan Scott,Oncology,Houston,TX,Fentora,REP-S533,Spencer Patel,TERR-S05,2,7,8,4,1,16,18.6195,21232.75,5.6927,0.052616,19.6794,synthetic
2001001198,Dr. Amanda Lee,Pain Management,Philadelphia,PA,Fentora,REP-S610,Sadie O'Connor,TERR-S12,1,6,11,7,3,18,16.2339,19781.06,9.0871,0.082131,17.709,synthetic
2001001199,Dr. Margaret Allen,Oncology,Baltimore,MD,Subsys,REP-S572,Sienna Kapoor,TERR-S02,2,7,6,4,3,20,20.6157,18464.72,3.9487,0.036968,21.4297,synthetic
2001001200,Dr. Donna Johnson,Neurology,Portland,OR,Actiq,REP-S611,Silas O'Connor,TERR-S13,2,8,8,4,3,22,23.2193,55038.95,3.6369,0.034273,24.0638,synthetic
2001001201,Dr. Thomas Baker,Oncology,Portland,OR,Subsys,REP-S788,Serena Gomez,TERR-S08,2,3,5,3,3,16,7.1865,8516.75,5.526,0.04737,7.5836,synthetic
2001001202,Dr. Nancy Rodriguez,Oncology,Miami,FL,Fentora,REP-S542,Sophia Chen,TERR-S14,2,5,7,5,6,24,14.5639,32212.82,6.7214,0.060996,15.5428,synthetic
2001001203,Dr. Sarah Adams,Oncology,Jacksonville,FL,Abstral,REP-S522,Sophia Patel,TERR-S08,2,4,6,3,0,7,11.9791,27226.24,2.7367,0.024945,12.3069,synthetic
2001001204,Dr. Karen Flores,Internal Medicine,Phoenix,AZ,Subsys,REP-S817,Stanley Vargas,TERR-S09,3,6,4,3,0,15,16.1615,21059.7,1.6517,0.015435,16.4284,synthetic
2001001205,Dr. Richard Moore,Oncology,Boston,MA,Abstral,REP-S763,Sean Muller,TERR-S11,3,2,4,4,2,18,4.647,8625.62,4.089,0.033095,4.8371,synthetic
2001001206,Dr. Elizabeth Young,Orthopedics,Los Angeles,CA,Subsys,REP-S610,Sadie O'Connor,TERR-S12,3,6,2,1,2,17,17.1296,30799.27,1.7328,0.01624,17.4265,synthetic
2001001207,Dr. Sandra Carter,Orthopedics,Las Vegas,NV,Fentora,REP-S635,Stephen Novak,TERR-S09,3,5,4,4,5,26,12.2141,31096.58,5.8878,0.052993,12.9332,synthetic
2001001208,Dr. Elizabeth Sanchez,Pain Management,Seattle,WA,Subsys,REP-S695,Stephen Larsson,TERR-S13,1,6,11,8,9,11,15.4681,39688.42,10.5409,0.094408,17.0986,synthetic
2001001209,Dr. Jessica Baker,Family Practice,Atlanta,GA,Subsys,REP-S553,Spencer Chen,TERR-S11,3,4,2,1,0,12,10.6818,18299.76,1.6688,0.015144,10.86,synthetic
2001001210,Dr. Laura Adams,Oncology,Las Vegas,NV,Subsys,REP-S704,Sarah Rossi,TERR-S08,2,6,7,6,1,11,16.4055,24521.81,7.0831,0.064627,17.5676,synthetic
2001001211,Dr. Charles Walker,Anesthesiology,Nashville,TN,Abstral,REP-S517,Stanley Brooks,TERR-S03,2,4,6,5,3,15,10.5607,18420.26,9.0395,0.079343,11.5154,synthetic
2001001212,Dr. Linda Adams,Oncology,Atlanta,GA,Abstral,REP-S585,Simon Nakamura,TERR-S01,2,10,5,4,2,18,28.4718,28481.1,5.3305,0.050214,29.9895,synthetic
2001001213,Dr. Ashley Martinez,Neurology,Philadelphia,PA,Subsys,REP-S764,Sarah Muller,TERR-S12,2,8,8,6,5,12,22.4823,53576.23,8.6958,0.07997,24.4373,synthetic
2001001214,Dr. Patricia Lee,Palliative Care,Baltimore,MD,Fentora,REP-S743,Sean Tanaka,TERR-S05,3,8,5,2,2,14,21.8884,43329.18,4.5338,0.042444,22.8808,synthetic
2001001215,Dr. Margaret Wright,Pain Management,Philadelphia,PA,Subsys,REP-S753,Spencer Tanaka,TERR-S01,2,7,9,8,3,17,20.7914,22399.8,7.6008,0.070011,22.3717,synthetic
2001001216,Dr. Mary Jackson,Neurology,Austin,TX,Subsys,REP-S758,Summer Tanaka,TERR-S06,3,5,3,1,0,15,13.7628,33822.54,1.9237,0.017775,14.0276,synthetic
2001001217,Dr. William Brown,Pain Management,Charlotte,NC,Subsys,REP-S618,Summer O'Connor,TERR-S06,3,6,2,2,2,21,15.2034,15338.08,4.2096,0.038738,15.8434,synthetic
2001001218,Dr. Nancy Torres,Palliative Care,Jacksonville,FL,Fentora,REP-S809,Seth Vargas,TERR-S01,2,5,7,5,4,31,14.237,24119.54,7.3881,0.066754,15.2888,synthetic
2001001219,Dr. Linda Ramirez,Oncology,Baltimore,MD,Subsys,REP-S687,Scott Larsson,TERR-S05,3,4,3,3,3,18,11.3708,14130.81,6.7492,0.060188,12.1382,synthetic
2001001220,Dr. Karen Carter,Family Practice,Phoenix,AZ,Actiq,REP-S564,Sarah Kapoor,TERR-S08,3,5,3,3,4,24,13.2538,20125.49,4.6063,0.04194,13.8644,synthetic
2001001221,Dr. John Green,Pain Management,Miami,FL,Abstral,REP-S642,Sophia Dubois,TERR-S02,1,7,13,8,4,26,20.9985,35729.0,7.6268,0.070273,22.6001,synthetic
2001001222,Dr. David Wilson,Orthopedics,Detroit,MI,Lazanda,REP-S630,Sadie Novak,TERR-S04,3,5,3,2,0,26,14.7318,19466.65,2.0678,0.019178,15.0364,synthetic
2001001223,Dr. Melissa Adams,Oncology,Seattle,WA,Subsys,REP-S770,Sadie Muller,TERR-S04,2,3,9,6,0,42,8.1321,7547.56,6.5046,0.056308,8.6611,synthetic
2001001224,Dr. David Allen,Anesthesiology,Chicago,IL,Subsys,REP-S732,Sienna Santos,TERR-S08,2,5,8,6,2,15,12.3301,29376.76,7.2967,0.065313,13.2298,synthetic
2001001225,Dr. Amanda Mitchell,Palliative Care,Austin,TX,Abstral,REP-S764,Sarah Muller,TERR-S12,2,3,7,5,5,14,8.9164,21315.86,6.7979,0.059328,9.5225,synthetic
2001001226,Dr. Sarah Hill,Pain Management,Jacksonville,FL,Subsys,REP-S591,Silas Nakamura,TERR-S07,2,5,6,4,2,19,13.055,17796.02,5.6597,0.051235,13.7938,synthetic
2001001227,Dr. Richard Jones,Internal Medicine,Austin,TX,Actiq,REP-S821,Samuel Alvarez,TERR-S13,3,5,2,1,1,17,13.895,26301.6,2.4887,0.022951,14.2408,synthetic
2001001228,Dr. Stephanie Johnson,Anesthesiology,Los Angeles,CA,Abstral,REP-S728,Serena Santos,TERR-S04,2,9,8,6,0,19,26.705,62464.39,2.6104,0.024851,27.4021,synthetic
2001001229,Dr. Betty Williams,Palliative Care,Portland,OR,Lazanda,REP-S502,Sophia Brooks,TERR-S02,1,3,12,10,5,25,7.0541,8274.77,9.1224,0.076866,7.6976,synthetic
2001001230,Dr. Joseph Garcia,Palliative Care,Houston,TX,Subsys,REP-S755,Stephen Tanaka,TERR-S03,1,4,13,8,1,15,10.5857,13943.22,8.0795,0.071224,11.441,synthetic
2001001231,Dr. Barbara Clark,Anesthesiology,Baltimore,MD,Actiq,REP-S576,Sasha Kapoor,TERR-S06,3,6,4,3,2,25,16.079,29453.32,4.1291,0.038137,16.7429,synthetic
2001001232,Dr. Sarah Clark,Pain Management,Jacksonville,FL,Lazanda,REP-S657,Stanley Dubois,TERR-S03,1,5,11,9,2,12,12.5998,11108.44,8.0068,0.071558,13.6086,synthetic
2001001233,Dr. Kathleen Robinson,Internal Medicine,Austin,TX,Actiq,REP-S763,Sean Muller,TERR-S11,3,6,3,3,4,10,15.0272,38671.25,6.7697,0.06154,16.0445,synthetic
2001001234,Dr. Kimberly Robinson,Pain Management,Detroit,MI,Subsys,REP-S552,Sienna Chen,TERR-S10,2,7,8,4,4,21,20.9036,42652.16,6.2783,0.05819,22.216,synthetic
2001001235,Dr. Nancy Moore,Palliative Care,Detroit,MI,Subsys,REP-S725,Simon Santos,TERR-S01,3,7,2,1,0,13,20.8264,35810.3,-0.7674,-0.00735,20.6665,synthetic
2001001236,Dr. John Moore,Oncology,Chicago,IL,Actiq,REP-S536,Sasha Patel,TERR-S08,2,5,9,7,2,11,14.5326,17915.46,6.1359,0.055821,15.4243,synthetic
2001001237,Dr. Betty Smith,Palliative Care,Atlanta,GA,Actiq,REP-S605,Simon O'Connor,TERR-S07,2,10,8,6,1,14,28.1241,28458.5,3.6316,0.034468,29.1454,synthetic
2001001238,Dr. Sharon Rivera,Pain Management,Philadelphia,PA,Actiq,REP-S502,Sophia Brooks,TERR-S02,1,5,10,4,4,13,13.9398,35619.1,7.668,0.069104,15.0087,synthetic
2001001239,Dr. Linda Harris,Oncology,Seattle,WA,Subsys,REP-S726,Stella Santos,TERR-S02,2,4,8,5,1,25,9.9384,18566.93,5.8351,0.051658,10.5183,synthetic
2001001240,Dr. Mary Anderson,Pain Management,Baltimore,MD,Subsys,REP-S791,Silas Gomez,TERR-S11,3,5,2,1,1,8,14.675,20064.06,1.1937,0.011113,14.8502,synthetic
2001001241,Dr. Rebecca Clark,Oncology,Jacksonville,FL,Subsys,REP-S810,Sadie Vargas,TERR-S02,2,8,8,6,4,16,22.8823,58976.17,6.7755,0.062898,24.4327,synthetic
2001001242,Dr. Amanda Martinez,Pain Management,Columbus,OH,Actiq,REP-S641,Samuel Dubois,TERR-S01,2,8,9,8,4,12,22.2781,30008.85,9.412,0.086248,24.3749,synthetic
2001001243,Dr. Michelle Campbell,Palliative Care,Boston,MA,Actiq,REP-S831,Silas Alvarez,TERR-S09,3,7,3,2,3,23,19.989,40419.21,3.9072,0.036534,20.77,synthetic
2001001244,Dr. Jennifer Scott,Palliative Care,Nashville,TN,Subsys,REP-S665,Simon Kowalski,TERR-S11,3,6,3,2,1,18,16.0254,39856.75,5.2355,0.048104,16.8644,synthetic
2001001245,Dr. Carol Nguyen,Internal Medicine,Boston,MA,Subsys,REP-S783,Sean Gomez,TERR-S03,3,5,4,3,1,20,14.5772,35190.1,4.1472,0.038075,15.1818,synthetic
2001001246,Dr. Kimberly White,Neurology,New York,NY,Lazanda,REP-S793,Spencer Gomez,TERR-S13,2,4,6,4,3,18,10.5475,15161.05,4.5055,0.040329,11.0227,synthetic
2001001247,Dr. Barbara Jackson,Neurology,Jacksonville,FL,Actiq,REP-S509,Seth Brooks,TERR-S09,3,8,4,3,1,21,22.8371,41599.1,2.5672,0.024297,23.4233,synthetic
2001001248,Dr. Susan Hill,Pain Management,Atlanta,GA,Fentora,REP-S641,Samuel Dubois,TERR-S01,2,3,8,4,3,23,6.1319,7861.99,5.0356,0.042384,6.4407,synthetic
2001001249,Dr. Carol Thomas,Oncology,Baltimore,MD,Subsys,REP-S568,Serena Kapoor,TERR-S12,1,7,9,8,3,22,20.0035,46777.79,7.8981,0.072526,21.5834,synthetic
2001001250,Dr. Jennifer Flores,Oncology,Las Vegas,NV,Fentora,REP-S612,Sienna O'Connor,TERR-S14,2,3,5,3,4,18,6.9399,6846.78,7.0274,0.059611,7.4276,synthetic
2001001251,Dr. Amanda Baker,Oncology,Austin,TX,Subsys,REP-S570,Sadie Kapoor,TERR-S14,2,4,5,3,2,16,11.451,14570.71,2.6786,0.024337,11.7577,synthetic
2001001252,Dr. Sarah Williams,Family Practice,Jacksonville,FL,Lazanda,REP-S714,Selena Rossi,TERR-S04,3,8,5,5,1,17,23.0388,30046.7,1.4519,0.013819,23.3733,synthetic
2001001253,Dr. Lisa Brown,Oncology,Los Angeles,CA,Abstral,REP-S835,Stephen Alvarez,TERR-S13,2,7,6,5,6,19,18.8075,30456.2,7.8487,0.071878,20.2837,synthetic
2001001254,Dr. Michelle Rivera,Neurology,Seattle,WA,Abstral,REP-S626,Stella Novak,TERR-S14,3,9,4,2,1,9,24.3629,57313.72,2.1874,0.020794,24.8958,synthetic
2001001255,Dr. Elizabeth Mitchell,Pain Management,Chicago,IL,Subsys,REP-S736,Sasha Santos,TERR-S12,1,5,11,7,7,16,14.8298,32987.95,9.3195,0.083704,16.2119,synthetic
2001001256,Dr. Susan Taylor,Pain Management,Phoenix,AZ,Subsys,REP-S729,Seth Santos,TERR-S05,3,4,5,3,3,26,11.4107,15853.23,6.1175,0.054721,12.1088,synthetic
2001001257,Dr. Barbara Miller,Oncology,Denver,CO,Abstral,REP-S692,Sienna Larsson,TERR-S10,3,5,3,3,1,20,12.103,22764.89,5.548,0.049976,12.7745,synthetic
2001001258,Dr. William Brown,Oncology,Boston,MA,Abstral,REP-S834,Selena Alvarez,TERR-S12,2,4,6,5,2,9,11.7258,25641.3,8.3408,0.074044,12.7038,synthetic
2001001259,Dr. Deborah Harris,Pain Management,Phoenix,AZ,Subsys,REP-S767,Scott Muller,TERR-S01,2,3,9,7,1,19,6.7835,15769.88,5.6086,0.047723,7.164,synthetic
2001001260,Dr. Rebecca Robinson,Family Practice,Portland,OR,Actiq,REP-S620,Sloan O'Connor,TERR-S08,3,4,4,2,3,31,10.5288,11770.7,5.4201,0.048313,11.0994,synthetic
2001001261,Dr. Michael Lee,Palliative Care,Portland,OR,Lazanda,REP-S807,Scott Vargas,TERR-S13,1,4,9,8,7,18,10.8084,16956.59,9.8171,0.086047,11.8694,synthetic
2001001262,Dr. Susan Miller,Orthopedics,Columbus,OH,Subsys,REP-S551,Silas Chen,TERR-S09,3,4,3,1,0,21,10.7169,13390.51,1.2615,0.011473,10.8521,synthetic
2001001263,Dr. Michelle Flores,Oncology,Philadelphia,PA,Lazanda,REP-S540,Sloan Patel,TERR-S12,2,7,9,5,3,16,20.9011,30096.43,4.9587,0.046238,21.9376,synthetic
2001001264,Dr. Susan Lewis,Palliative Care,Austin,TX,Actiq,REP-S780,Sloan Muller,TERR-S14,2,5,8,4,1,19,13.3097,27877.0,4.0443,0.036926,13.848,synthetic
2001001265,Dr. Patricia Allen,Anesthesiology,Columbus,OH,Subsys,REP-S781,Samuel Gomez,TERR-S01,3,5,5,3,3,32,14.5956,23379.3,7.1399,0.064683,15.6377,synthetic
2001001266,Dr. Dorothy Scott,Oncology,Seattle,WA,Abstral,REP-S756,Sasha Tanaka,TERR-S04,2,3,5,4,0,21,8.6654,19436.68,1.5518,0.013816,8.7999,synthetic
2001001267,Dr. Margaret Thomas,Neurology,Atlanta,GA,Abstral,REP-S738,Summer Santos,TERR-S14,3,4,3,2,0,24,9.4197,19943.36,2.8481,0.025422,9.688,synthetic
2001001268,Dr. Margaret Smith,Pain Management,Boston,MA,Subsys,REP-S698,Summer Larsson,TERR-S02,1,10,9,8,0,16,40.6239,65686.53,4.9392,0.047079,42.6304,synthetic
2001001269,Dr. Patricia Davis,Pain Management,Miami,FL,Subsys,REP-S818,Summer Vargas,TERR-S10,3,8,3,2,3,23,23.1927,49203.84,4.6066,0.043215,24.2611,synthetic
2001001270,Dr. Donna Garcia,Anesthesiology,Columbus,OH,Actiq,REP-S761,Samuel Muller,TERR-S09,3,4,2,1,1,26,9.362,18705.81,0.7337,0.006607,9.4307,synthetic
2001001271,Dr. Emily Hernandez,Family Practice,Austin,TX,Abstral,REP-S635,Stephen Novak,TERR-S09,3,5,4,3,0,14,12.8798,22907.62,2.2247,0.020434,13.1663,synthetic
2001001272,Dr. Michael Allen,Oncology,Phoenix,AZ,Lazanda,REP-S689,Seth Larsson,TERR-S07,2,5,9,8,8,12,13.0331,30231.31,9.7192,0.086422,14.2998,synthetic
2001001273,Dr. Joseph Johnson,Pain Management,Chicago,IL,Subsys,REP-S682,Sophia Larsson,TERR-S14,2,4,7,5,1,19,9.2729,24078.14,5.1906,0.045788,9.7542,synthetic
2001001274,Dr. Kathleen Hernandez,Anesthesiology,Seattle,WA,Abstral,REP-S786,Stella Gomez,TERR-S06,3,7,4,3,3,21,18.3448,20983.61,4.9865,0.046204,19.2596,synthetic
2001001275,Dr. Nancy Carter,Pain Management,Denver,CO,Abstral,REP-S562,Sophia Kapoor,TERR-S06,3,5,2,1,0,12,14.4585,32049.85,1.9192,0.017792,14.736,synthetic
2001001276,Dr. Margaret Williams,Palliative Care,Boston,MA,Fentora,REP-S842,Sophia Kim,TERR-S06,3,4,5,4,0,27,11.7567,13681.16,1.586,0.014511,11.9431,synthetic
2001001277,Dr. Laura Scott,Pain Management,Portland,OR,Subsys,REP-S685,Simon Larsson,TERR-S03,1,5,12,10,5,25,12.9192,13132.38,6.8634,0.061756,13.8059,synthetic
2001001278,Dr. Sarah Hernandez,Oncology,Columbus,OH,Lazanda,REP-S601,Samuel O'Connor,TERR-S03,1,2,14,9,8,14,4.6097,4528.69,10.1855,0.080379,5.0792,synthetic
2001001279,Dr. Betty Scott,Neurology,Chicago,IL,Subsys,REP-S621,Samuel Novak,TERR-S09,3,6,4,3,1,21,15.2071,30226.59,3.7859,0.034906,15.7828,synthetic
2001001280,Dr. Elizabeth Davis,Anesthesiology,Nashville,TN,Subsys,REP-S588,Serena Nakamura,TERR-S04,2,5,6,5,0,10,12.7506,11190.07,3.1442,0.028739,13.1515,synthetic
2001001281,Dr. Linda Martinez,Neurology,Chicago,IL,Subsys,REP-S702,Sophia Rossi,TERR-S06,3,3,5,3,1,9,6.4984,15559.5,4.755,0.040382,6.8074,synthetic
2001001282,Dr. Nancy Smith,Pain Management,Columbus,OH,Subsys,REP-S591,Silas Nakamura,TERR-S07,1,6,13,9,7,21,16.836,38833.44,11.5275,0.103289,18.7768,synthetic
2001001283,Dr. Sandra White,Family Practice,Boston,MA,Abstral,REP-S822,Sophia Alvarez,TERR-S14,3,4,5,4,5,17,9.2171,21739.39,3.9485,0.035,9.581,synthetic
2001001284,Dr. Carol Williams,Oncology,Columbus,OH,Abstral,REP-S626,Stella Novak,TERR-S14,2,3,8,5,5,18,8.8955,12869.75,5.1661,0.045394,9.355,synthetic
2001001285,Dr. Sandra Brown,Emergency Medicine,Atlanta,GA,Actiq,REP-S839,Solomon Alvarez,TERR-S03,3,6,5,5,2,14,15.0277,18797.82,2.6172,0.024243,15.421,synthetic
2001001286,Dr. Sarah Ramirez,Palliative Care,Columbus,OH,Subsys,REP-S820,Sloan Vargas,TERR-S12,2,4,6,5,3,17,11.7628,16186.01,8.3512,0.07415,12.7452,synthetic
2001001287,Dr. Linda Green,Oncology,Detroit,MI,Fentora,REP-S535,Stephen Patel,TERR-S07,2,9,7,4,4,27,24.4253,48553.42,4.456,0.041916,25.5136,synthetic
2001001288,Dr. Stephanie Carter,Pain Management,Phoenix,AZ,Abstral,REP-S697,Stanley Larsson,TERR-S01,2,4,9,7,6,18,10.2088,9792.6,10.8088,0.093896,11.3122,synthetic
2001001289,Dr. Amanda Martinez,Internal Medicine,Philadelphia,PA,Subsys,REP-S574,Selena Kapoor,TERR-S04,3,7,5,4,1,22,20.5331,29577.04,1.9644,0.018559,20.9364,synthetic
2001001290,Dr. Charles Garcia,Pain Management,Jacksonville,FL,Lazanda,REP-S612,Sienna O'Connor,TERR-S14,2,3,8,6,5,26,7.2732,14769.6,9.2498,0.07818,7.9459,synthetic
2001001291,Dr. Joseph Jones,Anesthesiology,Las Vegas,NV,Actiq,REP-S575,Stephen Kapoor,TERR-S05,3,6,5,3,4,20,16.3528,17459.13,5.6881,0.052216,17.283,synthetic
2001001292,Dr. Karen Nelson,Neurology,Atlanta,GA,Abstral,REP-S587,Scott Nakamura,TERR-S03,2,7,5,4,2,22,19.103,28099.58,2.465,0.023153,19.5739,synthetic
2001001293,Dr. Lisa Martin,Internal Medicine,Nashville,TN,Fentora,REP-S771,Silas Muller,TERR-S05,3,5,3,2,1,26,12.3322,14647.46,3.1356,0.028591,12.7189,synthetic
2001001294,Dr. Barbara Lee,Pain Management,Philadelphia,PA,Subsys,REP-S525,Simon Patel,TERR-S11,3,5,4,4,5,23,13.3622,26642.48,6.5934,0.059535,14.2433,synthetic
2001001295,Dr. Charles Wilson,Neurology,Nashville,TN,Subsys,REP-S802,Sophia Vargas,TERR-S08,3,4,5,4,4,29,9.3571,8193.86,7.3332,0.064149,10.0433,synthetic
2001001296,Dr. Donna Johnson,Emergency Medicine,Denver,CO,Subsys,REP-S635,Stephen Novak,TERR-S09,3,4,4,3,0,27,9.367,12458.05,3.4903,0.031049,9.6939,synthetic
2001001297,Dr. Lisa Harris,Pain Management,Miami,FL,Actiq,REP-S842,Sophia Kim,TERR-S06,3,7,3,2,3,12,19.4155,37784.37,4.3991,0.040985,20.2696,synthetic
2001001298,Dr. Laura Taylor,Neurology,Austin,TX,Abstral,REP-S572,Sienna Kapoor,TERR-S02,2,7,5,3,1,22,19.3661,18979.0,1.8657,0.017585,19.7274,synthetic
2001001299,Dr. Kimberly Lewis,Oncology,Columbus,OH,Subsys,REP-S784,Sarah Gomez,TERR-S04,2,6,8,5,0,23,15.1598,20226.53,3.9351,0.036251,15.7563,synthetic
2001001300,Dr. Deborah Hall,Internal Medicine,Houston,TX,Lazanda,REP-S553,Spencer Chen,TERR-S11,3,8,3,2,2,9,22.7005,26517.85,1.7139,0.016283,23.0896,synthetic
2001001301,Dr. James Johnson,Anesthesiology,Seattle,WA,Actiq,REP-S770,Sadie Muller,TERR-S04,2,5,8,5,3,16,12.3493,27279.63,7.3434,0.065725,13.2561,synthetic
2001001302,Dr. Lisa Campbell,Family Practice,Seattle,WA,Subsys,REP-S844,Sarah Kim,TERR-S08,3,6,5,5,1,26,15.9307,29732.73,5.0915,0.046795,16.7418,synthetic
2001001303,Dr. Richard Lee,Anesthesiology,Nashville,TN,Fentora,REP-S782,Sophia Gomez,TERR-S02,2,6,8,4,3,10,15.5583,27434.22,3.6348,0.033582,16.1238,synthetic
2001001304,Dr. Barbara Jones,Oncology,Austin,TX,Subsys,REP-S672,Sienna Kowalski,TERR-S04,2,9,5,5,3,30,24.602,28163.18,7.2472,0.067323,26.3849,synthetic
2001001305,Dr. Amanda Gonzalez,Oncology,Detroit,MI,Abstral,REP-S586,Stella Nakamura,TERR-S02,2,5,8,6,7,15,14.0606,22631.79,6.9486,0.062855,15.0376,synthetic
2001001306,Dr. David Lee,Oncology,Portland,OR,Subsys,REP-S787,Scott Gomez,TERR-S07,2,4,7,5,6,12,11.8081,19566.18,7.4444,0.066379,12.6872,synthetic
2001001307,Dr. Charles Wilson,Pain Management,Jacksonville,FL,Fentora,REP-S772,Sienna Muller,TERR-S06,2,4,7,4,2,14,11.7421,10073.93,6.5317,0.058449,12.509,synthetic
2001001308,Dr. James Williams,Pain Management,Boston,MA,Subsys,REP-S668,Serena Kowalski,TERR-S14,1,10,13,11,11,27,33.5336,70298.01,10.968,0.101205,37.2115,synthetic
2001001309,Dr. Betty Ramirez,Anesthesiology,Boston,MA,Fentora,REP-S547,Scott Chen,TERR-S05,3,4,4,3,2,20,11.6047,29164.48,3.5445,0.032112,12.016,synthetic
2001001310,Dr. Joseph Johnson,Anesthesiology,Seattle,WA,Fentora,REP-S607,Scott O'Connor,TERR-S09,3,7,2,1,2,14,20.9727,23871.43,1.7559,0.016621,21.3409,synthetic
2001001311,Dr. Linda Lewis,Palliative Care,Columbus,OH,Lazanda,REP-S663,Sean Kowalski,TERR-S09,3,2,2,1,2,25,4.9549,12734.62,4.1005,0.03355,5.158,synthetic
2001001312,Dr. Stephanie Hall,Oncology,Las Vegas,NV,Actiq,REP-S763,Sean Muller,TERR-S11,3,6,5,4,1,21,17.5303,41453.81,5.9519,0.054779,18.5737,synthetic
2001001313,Dr. Deborah Lee,Pain Management,Philadelphia,PA,Actiq,REP-S521,Samuel Patel,TERR-S07,1,5,9,6,4,11,14.1989,19616.96,9.4035,0.084201,15.5341,synthetic
2001001314,Dr. Nancy Hill,Pain Management,Los Angeles,CA,Subsys,REP-S682,Sophia Larsson,TERR-S14,1,3,11,8,6,19,6.6848,11459.0,9.884,0.082481,7.3455,synthetic
2001001315,Dr. William Wilson,Orthopedics,Charlotte,NC,Abstral,REP-S727,Scott Santos,TERR-S03,3,8,4,2,3,30,21.9651,35863.5,5.3028,0.049474,23.1298,synthetic
2001001316,Dr. Thomas Lopez,Family Practice,Baltimore,MD,Subsys,REP-S547,Scott Chen,TERR-S05,3,7,3,2,3,13,19.6749,36966.56,3.5204,0.032952,20.3676,synthetic
2001001317,Dr. Ashley Thomas,Internal Medicine,Denver,CO,Abstral,REP-S779,Solomon Muller,TERR-S13,3,4,5,3,4,13,11.2818,23736.22,3.5407,0.032006,11.6812,synthetic
2001001318,Dr. Patricia Young,Internal Medicine,Phoenix,AZ,Subsys,REP-S664,Sarah Kowalski,TERR-S10,3,2,5,4,0,5,3.2781,3691.94,1.6832,0.012815,3.3333,synthetic
2001001319,Dr. Deborah Hall,Anesthesiology,Phoenix,AZ,Abstral,REP-S686,Stella Larsson,TERR-S04,2,9,8,7,3,7,25.472,49614.11,7.2495,0.067431,27.3186,synthetic
2001001320,Dr. Betty Robinson,Pain Management,New York,NY,Abstral,REP-S599,Solomon Nakamura,TERR-S01,2,5,7,6,6,26,13.0448,24921.19,9.6441,0.085787,14.3029,synthetic
2001001321,Dr. Michael Hall,Palliative Care,Charlotte,NC,Abstral,REP-S813,Spencer Vargas,TERR-S05,3,7,2,2,3,25,18.1912,25578.14,5.9756,0.055096,19.2782,synthetic
2001001322,Dr. Mary Nelson,Pain Management,Miami,FL,Subsys,REP-S819,Solomon Vargas,TERR-S11,3,8,4,3,1,27,22.0486,43851.57,4.1272,0.038722,22.9586,synthetic
2001001323,Dr. Sarah Lee,Oncology,Los Angeles,CA,Actiq,REP-S650,Sadie Dubois,TERR-S10,3,4,2,1,1,30,10.2062,10799.46,3.3294,0.029872,10.546,synthetic
2001001324,Dr. Sarah Nelson,Pain Management,Portland,OR,Subsys,REP-S541,Samuel Chen,TERR-S13,1,8,10,7,7,14,22.4846,57798.99,9.6044,0.087969,24.6441,synthetic
2001001325,Dr. Barbara Gonzalez,Pain Management,Austin,TX,Subsys,REP-S504,Sarah Brooks,TERR-S04,1,8,10,7,1,14,21.5013,55149.95,6.8804,0.063675,22.9807,synthetic
2001001326,Dr. Robert Allen,Internal Medicine,Portland,OR,Subsys,REP-S729,Seth Santos,TERR-S05,3,3,4,3,4,15,6.8875,7589.16,6.8231,0.057873,7.3574,synthetic
2001001327,Dr. Karen Johnson,Palliative Care,Denver,CO,Fentora,REP-S556,Sasha Chen,TERR-S14,2,7,8,4,5,23,20.1026,42451.57,5.9994,0.055578,21.3086,synthetic
2001001328,Dr. Carol White,Pain Management,Miami,FL,Subsys,REP-S558,Summer Chen,TERR-S02,1,6,10,8,7,26,17.5902,36933.21,10.8148,0.097427,19.4925,synthetic
2001001329,Dr. Thomas Scott,Family Practice,Philadelphia,PA,Abstral,REP-S713,Spencer Rossi,TERR-S03,3,6,2,2,1,32,15.4497,31964.4,2.2698,0.021094,15.8004,synthetic
2001001330,Dr. Ashley Johnson,Neurology,Jacksonville,FL,Abstral,REP-S583,Sean Nakamura,TERR-S13,2,5,9,7,7,16,14.0821,17683.46,8.9128,0.079937,15.3372,synthetic
2001001331,Dr. Thomas Lee,Neurology,Los Angeles,CA,Subsys,REP-S766,Stella Muller,TERR-S14,3,5,2,1,2,26,12.8622,12639.78,5.4152,0.049024,13.5587,synthetic
2001001332,Dr. Betty Campbell,Oncology,Boston,MA,Subsys,REP-S650,Sadie Dubois,TERR-S10,3,5,3,2,1,33,13.7301,26228.82,5.6599,0.051412,14.5072,synthetic
2001001333,Dr. Deborah Rivera,Pain Management,Boston,MA,Subsys,REP-S658,Summer Dubois,TERR-S04,2,5,5,4,2,19,12.0614,19624.46,6.3208,0.056729,12.8238,synthetic
2001001334,Dr. Melissa Thompson,Oncology,Las Vegas,NV,Lazanda,REP-S705,Simon Rossi,TERR-S09,3,8,3,2,1,20,23.5035,49695.17,3.4854,0.032885,24.3227,synthetic
2001001335,Dr. Linda Robinson,Pain Management,Boston,MA,Abstral,REP-S797,Stanley Gomez,TERR-S03,1,5,14,10,6,20,13.698,29315.56,11.4832,0.101671,15.2709,synthetic
2001001336,Dr. Karen Robinson,Pain Management,Jacksonville,FL,Abstral,REP-S679,Solomon Kowalski,TERR-S11,3,6,4,3,4,22,16.4448,17125.1,7.0739,0.064555,17.6081,synthetic
2001001337,Dr. Barbara Taylor,Family Practice,Detroit,MI,Abstral,REP-S703,Sean Rossi,TERR-S07,3,7,3,2,1,23,18.0038,18466.36,1.4601,0.013737,18.2666,synthetic
2001001338,Dr. Carol Brown,Anesthesiology,Portland,OR,Actiq,REP-S795,Stephen Gomez,TERR-S01,3,4,2,2,3,15,11.2999,28223.38,4.8951,0.043989,11.853,synthetic
2001001339,Dr. Margaret Sanchez,Pain Management,Nashville,TN,Fentora,REP-S766,Stella Muller,TERR-S14,2,7,6,4,1,19,18.2021,20500.29,5.261,0.048666,19.1597,synthetic
2001001340,Dr. Dorothy Garcia,Palliative Care,Miami,FL,Subsys,REP-S551,Silas Chen,TERR-S09,3,4,4,3,3,16,11.1418,27792.38,6.97,0.061997,11.9183,synthetic
2001001341,Dr. Margaret Sanchez,Orthopedics,Nashville,TN,Fentora,REP-S661,Samuel Kowalski,TERR-S07,3,4,5,3,3,19,11.581,14222.91,3.5941,0.032549,11.9973,synthetic
2001001342,Dr. Donna Anderson,Psychiatry,Miami,FL,Subsys,REP-S731,Silas Santos,TERR-S07,3,4,3,2,0,19,9.9525,11658.65,0.7046,0.006382,10.0226,synthetic
2001001343,Dr. Richard Ramirez,Pain Management,Los Angeles,CA,Abstral,REP-S560,Sloan Chen,TERR-S04,2,3,7,4,1,20,8.9837,11581.7,7.7733,0.067609,9.6821,synthetic
2001001344,Dr. Nancy Lopez,Palliative Care,Boston,MA,Abstral,REP-S532,Sienna Patel,TERR-S04,2,9,5,2,1,16,26.6648,32241.01,3.456,0.032768,27.5864,synthetic
2001001345,Dr. Robert Garcia,Pain Management,Boston,MA,Abstral,REP-S524,Sarah Patel,TERR-S10,3,8,2,2,0,12,23.7659,36692.37,2.9738,0.028138,24.4727,synthetic
2001001346,Dr. Sarah Anderson,Palliative Care,Miami,FL,Actiq,REP-S502,Sophia Brooks,TERR-S02,2,6,6,4,5,9,17.7921,39197.91,5.2227,0.048264,18.7213,synthetic
2001001347,Dr. Elizabeth Green,Anesthesiology,Atlanta,GA,Abstral,REP-S787,Scott Gomez,TERR-S07,2,4,7,5,6,6,9.8584,21139.34,5.824,0.051526,10.4325,synthetic
2001001348,Dr. Melissa Perez,Orthopedics,Miami,FL,Fentora,REP-S736,Sasha Santos,TERR-S12,3,6,2,2,1,14,16.5516,33285.6,2.7077,0.025214,16.9997,synthetic
2001001349,Dr. Ashley Nelson,Psychiatry,Seattle,WA,Lazanda,REP-S848,Serena Kim,TERR-S12,3,3,2,1,1,14,7.7121,18951.76,1.4349,0.012622,7.8227,synthetic
2001001350,Dr. Laura Rodriguez,Oncology,Austin,TX,Abstral,REP-S762,Sophia Muller,TERR-S10,3,6,2,1,0,11,15.3898,17319.36,0.7852,0.007346,15.5107,synthetic
