Prscrbr_NPI,Prscrbr_Last_Org_Name,Prscrbr_First_Name,Prscrbr_Type,Prscrbr_City,Prscrbr_State_Abrv,Prscrbr_State_FIPS,Brnd_Name,Gnrc_Name,Tot_Clms,Tot_30day_Fills,Tot_Drug_Cst,Rep_ID,Rep_Name,Territory_ID,Territory_Name,Territory_Volume_Decile,HCP_Tier,Target_Calls,Actual_Calls,Compliance_Pct,Call_Frequency_Monthly,Sample_Units_Dropped,Sample_Velocity,Digital_Touchpoints,Post_Tot_30day_Fills,Rx_Lift_Fills,Rx_Lift_Pct,call_data_source_label,is_real_cms_npi
1003000126,Enkeshafi,Ardalan,Internal Medicine,Bethesda,MD,24,Abrysvo,"Rsv Vacc, Pref A And Pref B/Pf",20,20.0,5994.01,REP-101,Alex Morgan,TERR-01,Northeast Metro,9,Tier 1 (High Potential),8,7,87.5,2.33,11,1.57,6,20.7,0.7,3.5,"Synthetic call data (seeded from territory volume decile + compliance distribution, independent of Rx outcome)",True
1003000126,Enkeshafi,Ardalan,Internal Medicine,Bethesda,MD,24,Boostrix Tdap,"Diphth,pertuss(Acell),tet Vac",12,12.0,648.26,REP-102,Brandon Hayes,TERR-01,Northeast Metro,9,Tier 2 (Med Potential),4,4,100.0,1.33,6,1.5,4,12.4,0.4,3.33,"Synthetic call data (seeded from territory volume decile + compliance distribution, independent of Rx outcome)",True
1003000142,Khalil,Rashid,Anesthesiology,Toledo,OH,39,Acetaminophen-Codeine,Acetaminophen With Codeine,24,24.0,362.48,REP-103,Claire Vance,TERR-02,Midwest Central,6,Tier 1 (High Potential),8,5,62.5,1.67,10,2.0,2,24.6,0.6,2.5,"Synthetic call data (seeded from territory volume decile + compliance distribution, independent of Rx outcome)",True
1003000142,Khalil,Rashid,Anesthesiology,Toledo,OH,39,Amitriptyline Hcl,Amitriptyline Hcl,47,47.0,271.17,REP-104,Derek Sterling,TERR-02,Midwest Central,6,Tier 2 (Med Potential),4,2,50.0,0.67,2,1.0,0,46.5,-0.5,-1.06,"Synthetic call data (seeded from territory volume decile + compliance distribution, independent of Rx outcome)",True
1003000142,Khalil,Rashid,Anesthesiology,Toledo,OH,39,Baclofen,Baclofen,47,47.0,333.35,REP-105,Elena Rostova,TERR-03,South Atlantic,8,Tier 1 (High Potential),8,9,112.5,3.0,24,2.67,9,49.8,2.8,5.96,"Synthetic call data (seeded from territory volume decile + compliance distribution, independent of Rx outcome)",True
1003000142,Khalil,Rashid,Anesthesiology,Toledo,OH,39,Belbuca,Buprenorphine Hcl,12,12.0,4388.84,REP-106,Fiona Gallagher,TERR-03,South Atlantic,8,Tier 1 (High Potential),8,10,125.0,3.33,22,2.2,6,12.1,0.1,0.83,"Synthetic call data (seeded from territory volume decile + compliance distribution, independent of Rx outcome)",True
1003000142,Khalil,Rashid,Anesthesiology,Toledo,OH,39,Celecoxib,Celecoxib,18,22.0,132.21,REP-107,Garrett Vance,TERR-04,Texas Gulf Coast,7,Tier 2 (Med Potential),4,3,75.0,1.0,4,1.33,3,24.2,2.2,10.0,"Synthetic call data (seeded from territory volume decile + compliance distribution, independent of Rx outcome)",True
1003000142,Khalil,Rashid,Anesthesiology,Toledo,OH,39,Cyclobenzaprine Hcl,Cyclobenzaprine Hcl,45,47.0,399.69,REP-108,Hannah Abbott,TERR-04,Texas Gulf Coast,7,Tier 1 (High Potential),8,11,137.5,3.67,23,2.09,5,50.7,3.7,7.87,"Synthetic call data (seeded from territory volume decile + compliance distribution, independent of Rx outcome)",True
1003000142,Khalil,Rashid,Anesthesiology,Toledo,OH,39,Dantrolene Sodium,Dantrolene Sodium,23,23.0,587.02,REP-109,Ian Malcolm,TERR-05,Pacific Northwest,5,Tier 3 (Low Potential),2,1,50.0,0.33,2,2.0,0,22.2,-0.8,-3.48,"Synthetic call data (seeded from territory volume decile + compliance distribution, independent of Rx outcome)",True
1003000142,Khalil,Rashid,Anesthesiology,Toledo,OH,39,Diclofenac Sodium,Diclofenac Sodium,47,51.7,1236.33,REP-110,Julia Roberts,TERR-05,Pacific Northwest,5,Tier 2 (Med Potential),4,4,100.0,1.33,7,1.75,2,55.7,4.0,7.74,"Synthetic call data (seeded from territory volume decile + compliance distribution, independent of Rx outcome)",True
1003000142,Khalil,Rashid,Anesthesiology,Toledo,OH,39,Duloxetine Hcl,Duloxetine Hcl,26,28.0,188.16,REP-111,Kevin Bacon,TERR-06,Southwest Mountain,4,Tier 3 (Low Potential),2,3,150.0,1.0,9,3.0,3,29.1,1.1,3.93,"Synthetic call data (seeded from territory volume decile + compliance distribution, independent of Rx outcome)",True
1003000142,Khalil,Rashid,Anesthesiology,Toledo,OH,39,Gabapentin,Gabapentin,293,386.0,4512.22,REP-112,Laura Croft,TERR-06,Southwest Mountain,4,Tier 2 (Med Potential),4,2,50.0,0.67,6,3.0,2,387.9,1.9,0.49,"Synthetic call data (seeded from territory volume decile + compliance distribution, independent of Rx outcome)",True
1003000142,Khalil,Rashid,Anesthesiology,Toledo,OH,39,Hydrocodone-Acetaminophen,Hydrocodone/Acetaminophen,340,340.0,6027.31,REP-101,Alex Morgan,TERR-01,Northeast Metro,9,Tier 1 (High Potential),8,6,75.0,2.0,11,1.83,2,337.7,-2.3,-0.68,"Synthetic call data (seeded from territory volume decile + compliance distribution, independent of Rx outcome)",True
1003000142,Khalil,Rashid,Anesthesiology,Toledo,OH,39,Lidocaine,Lidocaine,30,32.0,2934.97,REP-102,Brandon Hayes,TERR-01,Northeast Metro,9,Tier 1 (High Potential),8,10,125.0,3.33,19,1.9,10,33.7,1.7,5.31,"Synthetic call data (seeded from territory volume decile + compliance distribution, independent of Rx outcome)",True
1003000142,Khalil,Rashid,Anesthesiology,Toledo,OH,39,Meloxicam,Meloxicam,41,55.0,86.73,REP-103,Claire Vance,TERR-02,Midwest Central,6,Tier 2 (Med Potential),4,2,50.0,0.67,4,2.0,1,55.8,0.8,1.45,"Synthetic call data (seeded from territory volume decile + compliance distribution, independent of Rx outcome)",True
1003000142,Khalil,Rashid,Anesthesiology,Toledo,OH,39,Methocarbamol,Methocarbamol,21,23.0,256.34,REP-104,Derek Sterling,TERR-02,Midwest Central,6,Tier 2 (Med Potential),4,4,100.0,1.33,11,2.75,3,23.1,0.1,0.43,"Synthetic call data (seeded from territory volume decile + compliance distribution, independent of Rx outcome)",True
1003000142,Khalil,Rashid,Anesthesiology,Toledo,OH,39,Methylprednisolone,Methylprednisolone,20,20.0,127.08,REP-105,Elena Rostova,TERR-03,South Atlantic,8,Tier 1 (High Potential),8,6,75.0,2.0,12,2.0,2,20.3,0.3,1.5,"Synthetic call data (seeded from territory volume decile + compliance distribution, independent of Rx outcome)",True
1003000142,Khalil,Rashid,Anesthesiology,Toledo,OH,39,Morphine Sulfate Er,Morphine Sulfate,47,47.0,678.42,REP-106,Fiona Gallagher,TERR-03,South Atlantic,8,Tier 2 (Med Potential),4,4,100.0,1.33,10,2.5,3,46.2,-0.8,-1.7,"Synthetic call data (seeded from territory volume decile + compliance distribution, independent of Rx outcome)",True
1003000142,Khalil,Rashid,Anesthesiology,Toledo,OH,39,Movantik,Naloxegol Oxalate,45,47.0,18910.97,REP-107,Garrett Vance,TERR-04,Texas Gulf Coast,7,Tier 2 (Med Potential),4,2,50.0,0.67,3,1.5,0,46.7,-0.3,-0.64,"Synthetic call data (seeded from territory volume decile + compliance distribution, independent of Rx outcome)",True
1003000142,Khalil,Rashid,Anesthesiology,Toledo,OH,39,Nortriptyline Hcl,Nortriptyline Hcl,17,19.0,110.96,REP-108,Hannah Abbott,TERR-04,Texas Gulf Coast,7,Tier 2 (Med Potential),4,4,100.0,1.33,13,3.25,1,19.2,0.2,1.05,"Synthetic call data (seeded from territory volume decile + compliance distribution, independent of Rx outcome)",True
1003000142,Khalil,Rashid,Anesthesiology,Toledo,OH,39,Oxycodone Hcl,Oxycodone Hcl,61,61.0,696.96,REP-109,Ian Malcolm,TERR-05,Pacific Northwest,5,Tier 3 (Low Potential),2,1,50.0,0.33,3,3.0,1,62.1,1.1,1.8,"Synthetic call data (seeded from territory volume decile + compliance distribution, independent of Rx outcome)",True
1003000142,Khalil,Rashid,Anesthesiology,Toledo,OH,39,Oxycodone-Acetaminophen,Oxycodone Hcl/Acetaminophen,267,267.0,5344.44,REP-110,Julia Roberts,TERR-05,Pacific Northwest,5,Tier 2 (Med Potential),4,4,100.0,1.33,6,1.5,2,276.4,9.4,3.52,"Synthetic call data (seeded from territory volume decile + compliance distribution, independent of Rx outcome)",True
1003000142,Khalil,Rashid,Anesthesiology,Toledo,OH,39,Pregabalin,Pregabalin,111,127.0,3540.32,REP-111,Kevin Bacon,TERR-06,Southwest Mountain,4,Tier 3 (Low Potential),2,2,100.0,0.67,3,1.5,1,127.2,0.2,0.16,"Synthetic call data (seeded from territory volume decile + compliance distribution, independent of Rx outcome)",True
1003000142,Khalil,Rashid,Anesthesiology,Toledo,OH,39,Tizanidine Hcl,Tizanidine Hcl,142,160.0,1082.66,REP-112,Laura Croft,TERR-06,Southwest Mountain,4,Tier 3 (Low Potential),2,1,50.0,0.33,1,1.0,1,168.1,8.1,5.06,"Synthetic call data (seeded from territory volume decile + compliance distribution, independent of Rx outcome)",True
1003000142,Khalil,Rashid,Anesthesiology,Toledo,OH,39,Tramadol Hcl,Tramadol Hcl,101,101.0,530.12,REP-101,Alex Morgan,TERR-01,Northeast Metro,9,Tier 2 (Med Potential),4,3,75.0,1.0,6,2.0,1,104.5,3.5,3.47,"Synthetic call data (seeded from territory volume decile + compliance distribution, independent of Rx outcome)",True
1003000142,Khalil,Rashid,Anesthesiology,Toledo,OH,39,Trazodone Hcl,Trazodone Hcl,13,13.0,47.78,REP-102,Brandon Hayes,TERR-01,Northeast Metro,9,Tier 1 (High Potential),8,9,112.5,3.0,11,1.22,9,12.9,-0.1,-0.77,"Synthetic call data (seeded from territory volume decile + compliance distribution, independent of Rx outcome)",True
1003000167,Escobar,Julio,Dentist,Dayton,NV,32,Amoxicillin,Amoxicillin,47,47.0,102.79,REP-103,Claire Vance,TERR-02,Midwest Central,6,Tier 1 (High Potential),8,7,87.5,2.33,17,2.43,3,52.2,5.2,11.06,"Synthetic call data (seeded from territory volume decile + compliance distribution, independent of Rx outcome)",True
1003000167,Escobar,Julio,Dentist,Dayton,NV,32,Dexamethasone,Dexamethasone,13,13.0,22.43,REP-104,Derek Sterling,TERR-02,Midwest Central,6,Tier 3 (Low Potential),2,1,50.0,0.33,2,2.0,1,13.8,0.8,6.15,"Synthetic call data (seeded from territory volume decile + compliance distribution, independent of Rx outcome)",True
1003000423,Velotta,Jennifer,Obstetrics & Gynecology,Mentor,OH,39,Clobetasol Propionate,Clobetasol Propionate,18,19.4,479.42,REP-105,Elena Rostova,TERR-03,South Atlantic,8,Tier 2 (Med Potential),4,4,100.0,1.33,5,1.25,4,19.7,0.3,1.55,"Synthetic call data (seeded from territory volume decile + compliance distribution, independent of Rx outcome)",True
1003000423,Velotta,Jennifer,Obstetrics & Gynecology,Mentor,OH,39,Estradiol,Estradiol,42,142.4,3240.27,REP-106,Fiona Gallagher,TERR-03,South Atlantic,8,Tier 2 (Med Potential),4,5,125.0,1.67,14,2.8,3,147.9,5.5,3.86,"Synthetic call data (seeded from territory volume decile + compliance distribution, independent of Rx outcome)",True
1003000423,Velotta,Jennifer,Obstetrics & Gynecology,Mentor,OH,39,Nitrofurantoin Mono-Macro,Nitrofurantoin Monohyd/M-Cryst,13,15.0,175.27,REP-107,Garrett Vance,TERR-04,Texas Gulf Coast,7,Tier 2 (Med Potential),4,4,100.0,1.33,10,2.5,2,15.6,0.6,4.0,"Synthetic call data (seeded from territory volume decile + compliance distribution, independent of Rx outcome)",True
1003000480,Rothchild,Kevin,General Surgery,Aurora,CO,08,Omeprazole,Omeprazole,13,38.3,652.8,REP-108,Hannah Abbott,TERR-04,Texas Gulf Coast,7,Tier 2 (Med Potential),4,3,75.0,1.0,7,2.33,3,40.0,1.7,4.44,"Synthetic call data (seeded from territory volume decile + compliance distribution, independent of Rx outcome)",True
1003000530,Semonche,Amanda,Internal Medicine,Quakertown,PA,42,Albuterol Sulfate Hfa,Albuterol Sulfate,90,105.3,2518.44,REP-109,Ian Malcolm,TERR-05,Pacific Northwest,5,Tier 2 (Med Potential),4,3,75.0,1.0,7,2.33,3,101.3,-4.0,-3.8,"Synthetic call data (seeded from territory volume decile + compliance distribution, independent of Rx outcome)",True
1003000530,Semonche,Amanda,Internal Medicine,Quakertown,PA,42,Alendronate Sodium,Alendronate Sodium,94,222.9,1018.27,REP-110,Julia Roberts,TERR-05,Pacific Northwest,5,Tier 2 (Med Potential),4,4,100.0,1.33,7,1.75,1,228.9,6.0,2.69,"Synthetic call data (seeded from territory volume decile + compliance distribution, independent of Rx outcome)",True
1003000530,Semonche,Amanda,Internal Medicine,Quakertown,PA,42,Alfuzosin Hcl Er,Alfuzosin Hcl,16,16.0,119.55,REP-111,Kevin Bacon,TERR-06,Southwest Mountain,4,Tier 3 (Low Potential),2,2,100.0,0.67,6,3.0,0,16.4,0.4,2.5,"Synthetic call data (seeded from territory volume decile + compliance distribution, independent of Rx outcome)",True
1003000530,Semonche,Amanda,Internal Medicine,Quakertown,PA,42,Allopurinol,Allopurinol,65,165.0,765.11,REP-112,Laura Croft,TERR-06,Southwest Mountain,4,Tier 3 (Low Potential),2,0,0.0,0.0,0,0.0,0,168.2,3.2,1.94,"Synthetic call data (seeded from territory volume decile + compliance distribution, independent of Rx outcome)",True
1003000530,Semonche,Amanda,Internal Medicine,Quakertown,PA,42,Alprazolam,Alprazolam,36,53.0,156.46,REP-101,Alex Morgan,TERR-01,Northeast Metro,9,Tier 2 (Med Potential),4,3,75.0,1.0,5,1.67,2,53.1,0.1,0.19,"Synthetic call data (seeded from territory volume decile + compliance distribution, independent of Rx outcome)",True
1003000530,Semonche,Amanda,Internal Medicine,Quakertown,PA,42,Amitriptyline Hcl,Amitriptyline Hcl,12,36.0,303.17,REP-102,Brandon Hayes,TERR-01,Northeast Metro,9,Tier 1 (High Potential),8,7,87.5,2.33,17,2.43,6,36.5,0.5,1.39,"Synthetic call data (seeded from territory volume decile + compliance distribution, independent of Rx outcome)",True
1003000530,Semonche,Amanda,Internal Medicine,Quakertown,PA,42,Amlodipine Besylate,Amlodipine Besylate,474,1175.3,2990.89,REP-103,Claire Vance,TERR-02,Midwest Central,6,Tier 2 (Med Potential),4,1,25.0,0.33,2,2.0,0,1166.6,-8.7,-0.74,"Synthetic call data (seeded from territory volume decile + compliance distribution, independent of Rx outcome)",True
1003000530,Semonche,Amanda,Internal Medicine,Quakertown,PA,42,Amoxicillin-Clavulanate Potass,Amoxicillin/Potassium Clav,18,18.0,121.93,REP-104,Derek Sterling,TERR-02,Midwest Central,6,Tier 2 (Med Potential),4,1,25.0,0.33,1,1.0,0,18.2,0.2,1.11,"Synthetic call data (seeded from territory volume decile + compliance distribution, independent of Rx outcome)",True
1003000530,Semonche,Amanda,Internal Medicine,Quakertown,PA,42,Aripiprazole,Aripiprazole,30,53.0,3012.27,REP-105,Elena Rostova,TERR-03,South Atlantic,8,Tier 1 (High Potential),8,10,125.0,3.33,23,2.3,8,56.9,3.9,7.36,"Synthetic call data (seeded from territory volume decile + compliance distribution, independent of Rx outcome)",True
1003000530,Semonche,Amanda,Internal Medicine,Quakertown,PA,42,Atenolol,Atenolol,17,51.0,66.86,REP-106,Fiona Gallagher,TERR-03,South Atlantic,8,Tier 2 (Med Potential),4,5,125.0,1.67,12,2.4,3,55.8,4.8,9.41,"Synthetic call data (seeded from territory volume decile + compliance distribution, independent of Rx outcome)",True
1003000530,Semonche,Amanda,Internal Medicine,Quakertown,PA,42,Atorvastatin Calcium,Atorvastatin Calcium,451,1154.7,4970.46,REP-107,Garrett Vance,TERR-04,Texas Gulf Coast,7,Tier 1 (High Potential),8,4,50.0,1.33,10,2.5,3,1210.4,55.7,4.82,"Synthetic call data (seeded from territory volume decile + compliance distribution, independent of Rx outcome)",True
1003000530,Semonche,Amanda,Internal Medicine,Quakertown,PA,42,Azelastine Hcl,Azelastine Hcl,13,17.7,237.34,REP-108,Hannah Abbott,TERR-04,Texas Gulf Coast,7,Tier 2 (Med Potential),4,5,125.0,1.67,16,3.2,1,18.7,1.0,5.65,"Synthetic call data (seeded from territory volume decile + compliance distribution, independent of Rx outcome)",True
1003000530,Semonche,Amanda,Internal Medicine,Quakertown,PA,42,Basaglar Kwikpen U-100,"Insulin Glargine,hum.Rec.Anlog",11,11.4,4957.39,REP-109,Ian Malcolm,TERR-05,Pacific Northwest,5,Tier 2 (Med Potential),4,3,75.0,1.0,6,2.0,2,10.9,-0.5,-4.39,"Synthetic call data (seeded from territory volume decile + compliance distribution, independent of Rx outcome)",True
1003000530,Semonche,Amanda,Internal Medicine,Quakertown,PA,42,Bupropion Hcl Sr,Bupropion Hcl,19,33.0,414.79,REP-110,Julia Roberts,TERR-05,Pacific Northwest,5,Tier 2 (Med Potential),4,5,125.0,1.67,11,2.2,4,33.6,0.6,1.82,"Synthetic call data (seeded from territory volume decile + compliance distribution, independent of Rx outcome)",True
1003000530,Semonche,Amanda,Internal Medicine,Quakertown,PA,42,Bupropion Xl,Bupropion Hcl,105,215.0,2358.41,REP-111,Kevin Bacon,TERR-06,Southwest Mountain,4,Tier 2 (Med Potential),4,4,100.0,1.33,13,3.25,3,215.5,0.5,0.23,"Synthetic call data (seeded from territory volume decile + compliance distribution, independent of Rx outcome)",True
1003000530,Semonche,Amanda,Internal Medicine,Quakertown,PA,42,Buspirone Hcl,Buspirone Hcl,25,55.7,514.21,REP-112,Laura Croft,TERR-06,Southwest Mountain,4,Tier 3 (Low Potential),2,2,100.0,0.67,4,2.0,0,56.5,0.8,1.44,"Synthetic call data (seeded from territory volume decile + compliance distribution, independent of Rx outcome)",True
1003000530,Semonche,Amanda,Internal Medicine,Quakertown,PA,42,Butalbital-Acetaminophen-Caffe,Butalb/Acetaminophen/Caffeine,13,14.0,350.54,REP-101,Alex Morgan,TERR-01,Northeast Metro,9,Tier 1 (High Potential),8,7,87.5,2.33,12,1.71,2,14.7,0.7,5.0,"Synthetic call data (seeded from territory volume decile + compliance distribution, independent of Rx outcome)",True
1003000530,Semonche,Amanda,Internal Medicine,Quakertown,PA,42,Calcitriol,Calcitriol,12,12.0,312.33,REP-102,Brandon Hayes,TERR-01,Northeast Metro,9,Tier 1 (High Potential),8,8,100.0,2.67,24,3.0,2,12.6,0.6,5.0,"Synthetic call data (seeded from territory volume decile + compliance distribution, independent of Rx outcome)",True
1003000530,Semonche,Amanda,Internal Medicine,Quakertown,PA,42,Carvedilol,Carvedilol,49,107.0,387.58,REP-103,Claire Vance,TERR-02,Midwest Central,6,Tier 2 (Med Potential),4,3,75.0,1.0,6,2.0,2,110.1,3.1,2.9,"Synthetic call data (seeded from territory volume decile + compliance distribution, independent of Rx outcome)",True
1003000530,Semonche,Amanda,Internal Medicine,Quakertown,PA,42,Celecoxib,Celecoxib,14,22.0,106.34,REP-104,Derek Sterling,TERR-02,Midwest Central,6,Tier 2 (Med Potential),4,1,25.0,0.33,1,1.0,0,23.4,1.4,6.36,"Synthetic call data (seeded from territory volume decile + compliance distribution, independent of Rx outcome)",True
1003000530,Semonche,Amanda,Internal Medicine,Quakertown,PA,42,Chlorhexidine Gluconate,Chlorhexidine Gluconate,20,20.0,205.09,REP-105,Elena Rostova,TERR-03,South Atlantic,8,Tier 2 (Med Potential),4,4,100.0,1.33,10,2.5,1,20.9,0.9,4.5,"Synthetic call data (seeded from territory volume decile + compliance distribution, independent of Rx outcome)",True
1003000530,Semonche,Amanda,Internal Medicine,Quakertown,PA,42,Citalopram Hbr,Citalopram Hydrobromide,32,68.7,123.33,REP-106,Fiona Gallagher,TERR-03,South Atlantic,8,Tier 1 (High Potential),8,11,137.5,3.67,32,2.91,12,69.4,0.7,1.02,"Synthetic call data (seeded from territory volume decile + compliance distribution, independent of Rx outcome)",True
1003000530,Semonche,Amanda,Internal Medicine,Quakertown,PA,42,Clonazepam,Clonazepam,30,38.0,277.11,REP-107,Garrett Vance,TERR-04,Texas Gulf Coast,7,Tier 2 (Med Potential),4,2,50.0,0.67,4,2.0,2,40.2,2.2,5.79,"Synthetic call data (seeded from territory volume decile + compliance distribution, independent of Rx outcome)",True
1003000530,Semonche,Amanda,Internal Medicine,Quakertown,PA,42,Clonidine Hcl,Clonidine Hcl,18,43.2,72.27,REP-108,Hannah Abbott,TERR-04,Texas Gulf Coast,7,Tier 2 (Med Potential),4,4,100.0,1.33,8,2.0,4,45.0,1.8,4.17,"Synthetic call data (seeded from territory volume decile + compliance distribution, independent of Rx outcome)",True
1003000530,Semonche,Amanda,Internal Medicine,Quakertown,PA,42,Clopidogrel,Clopidogrel Bisulfate,79,185.0,1183.79,REP-109,Ian Malcolm,TERR-05,Pacific Northwest,5,Tier 3 (Low Potential),2,2,100.0,0.67,6,3.0,1,192.9,7.9,4.27,"Synthetic call data (seeded from territory volume decile + compliance distribution, independent of Rx outcome)",True
1003000530,Semonche,Amanda,Internal Medicine,Quakertown,PA,42,Diazepam,Diazepam,11,13.0,49.66,REP-110,Julia Roberts,TERR-05,Pacific Northwest,5,Tier 2 (Med Potential),4,3,75.0,1.0,9,3.0,3,13.4,0.4,3.08,"Synthetic call data (seeded from territory volume decile + compliance distribution, independent of Rx outcome)",True
1003000530,Semonche,Amanda,Internal Medicine,Quakertown,PA,42,Dicyclomine Hcl,Dicyclomine Hcl,13,29.0,555.22,REP-111,Kevin Bacon,TERR-06,Southwest Mountain,4,Tier 2 (Med Potential),4,5,125.0,1.67,16,3.2,4,29.7,0.7,2.41,"Synthetic call data (seeded from territory volume decile + compliance distribution, independent of Rx outcome)",True
1003000530,Semonche,Amanda,Internal Medicine,Quakertown,PA,42,Digoxin,Digoxin,12,14.0,2133.66,REP-112,Laura Croft,TERR-06,Southwest Mountain,4,Tier 2 (Med Potential),4,3,75.0,1.0,10,3.33,1,14.4,0.4,2.86,"Synthetic call data (seeded from territory volume decile + compliance distribution, independent of Rx outcome)",True
1003000530,Semonche,Amanda,Internal Medicine,Quakertown,PA,42,Diltiazem 24hr Er (Cd),Diltiazem Hcl,12,14.0,225.19,REP-101,Alex Morgan,TERR-01,Northeast Metro,9,Tier 1 (High Potential),8,9,112.5,3.0,20,2.22,7,15.3,1.3,9.29,"Synthetic call data (seeded from territory volume decile + compliance distribution, independent of Rx outcome)",True
1003000530,Semonche,Amanda,Internal Medicine,Quakertown,PA,42,Divalproex Sodium Er,Divalproex Sodium,12,12.0,382.04,REP-102,Brandon Hayes,TERR-01,Northeast Metro,9,Tier 2 (Med Potential),4,4,100.0,1.33,5,1.25,1,12.0,0.0,0.0,"Synthetic call data (seeded from territory volume decile + compliance distribution, independent of Rx outcome)",True
1003000530,Semonche,Amanda,Internal Medicine,Quakertown,PA,42,Dofetilide,Dofetilide,12,12.0,1100.52,REP-103,Claire Vance,TERR-02,Midwest Central,6,Tier 2 (Med Potential),4,2,50.0,0.67,4,2.0,2,12.5,0.5,4.17,"Synthetic call data (seeded from territory volume decile + compliance distribution, independent of Rx outcome)",True
1003000530,Semonche,Amanda,Internal Medicine,Quakertown,PA,42,Donepezil Hcl,Donepezil Hcl,15,29.0,263.01,REP-104,Derek Sterling,TERR-02,Midwest Central,6,Tier 1 (High Potential),8,7,87.5,2.33,20,2.86,7,29.1,0.1,0.34,"Synthetic call data (seeded from territory volume decile + compliance distribution, independent of Rx outcome)",True
1003000530,Semonche,Amanda,Internal Medicine,Quakertown,PA,42,Doxazosin Mesylate,Doxazosin Mesylate,14,36.0,393.77,REP-105,Elena Rostova,TERR-03,South Atlantic,8,Tier 1 (High Potential),8,8,100.0,2.67,17,2.12,3,37.0,1.0,2.78,"Synthetic call data (seeded from territory volume decile + compliance distribution, independent of Rx outcome)",True
1003000530,Semonche,Amanda,Internal Medicine,Quakertown,PA,42,Doxycycline Hyclate,Doxycycline Hyclate,37,37.0,233.38,REP-106,Fiona Gallagher,TERR-03,South Atlantic,8,Tier 2 (Med Potential),4,4,100.0,1.33,9,2.25,2,39.1,2.1,5.68,"Synthetic call data (seeded from territory volume decile + compliance distribution, independent of Rx outcome)",True
1003000530,Semonche,Amanda,Internal Medicine,Quakertown,PA,42,Duloxetine Hcl,Duloxetine Hcl,61,133.2,1155.74,REP-107,Garrett Vance,TERR-04,Texas Gulf Coast,7,Tier 2 (Med Potential),4,1,25.0,0.33,2,2.0,0,132.6,-0.6,-0.45,"Synthetic call data (seeded from territory volume decile + compliance distribution, independent of Rx outcome)",True
1003000530,Semonche,Amanda,Internal Medicine,Quakertown,PA,42,Eliquis,Apixaban,138,223.0,126538.49,REP-108,Hannah Abbott,TERR-04,Texas Gulf Coast,7,Tier 1 (High Potential),8,8,100.0,2.67,26,3.25,7,235.8,12.8,5.74,"Synthetic call data (seeded from territory volume decile + compliance distribution, independent of Rx outcome)",True
1003000530,Semonche,Amanda,Internal Medicine,Quakertown,PA,42,Enalapril Maleate,Enalapril Maleate,17,49.0,507.71,REP-109,Ian Malcolm,TERR-05,Pacific Northwest,5,Tier 2 (Med Potential),4,2,50.0,0.67,2,1.0,0,51.0,2.0,4.08,"Synthetic call data (seeded from territory volume decile + compliance distribution, independent of Rx outcome)",True
1003000530,Semonche,Amanda,Internal Medicine,Quakertown,PA,42,Escitalopram Oxalate,Escitalopram Oxalate,68,184.9,1029.6,REP-110,Julia Roberts,TERR-05,Pacific Northwest,5,Tier 2 (Med Potential),4,3,75.0,1.0,4,1.33,2,191.1,6.2,3.35,"Synthetic call data (seeded from territory volume decile + compliance distribution, independent of Rx outcome)",True
1003000530,Semonche,Amanda,Internal Medicine,Quakertown,PA,42,Eszopiclone,Eszopiclone,12,12.0,88.36,REP-111,Kevin Bacon,TERR-06,Southwest Mountain,4,Tier 2 (Med Potential),4,6,150.0,2.0,9,1.5,6,12.5,0.5,4.17,"Synthetic call data (seeded from territory volume decile + compliance distribution, independent of Rx outcome)",True
1003000530,Semonche,Amanda,Internal Medicine,Quakertown,PA,42,Ezetimibe,Ezetimibe,24,58.0,492.59,REP-112,Laura Croft,TERR-06,Southwest Mountain,4,Tier 2 (Med Potential),4,3,75.0,1.0,6,2.0,2,59.4,1.4,2.41,"Synthetic call data (seeded from territory volume decile + compliance distribution, independent of Rx outcome)",True
1003000530,Semonche,Amanda,Internal Medicine,Quakertown,PA,42,Famotidine,Famotidine,144,332.4,1574.86,REP-101,Alex Morgan,TERR-01,Northeast Metro,9,Tier 2 (Med Potential),4,3,75.0,1.0,6,2.0,1,357.5,25.1,7.55,"Synthetic call data (seeded from territory volume decile + compliance distribution, independent of Rx outcome)",True
1003000530,Semonche,Amanda,Internal Medicine,Quakertown,PA,42,Fenofibrate,Fenofibrate,28,64.0,727.1,REP-102,Brandon Hayes,TERR-01,Northeast Metro,9,Tier 1 (High Potential),8,7,87.5,2.33,12,1.71,3,65.0,1.0,1.56,"Synthetic call data (seeded from territory volume decile + compliance distribution, independent of Rx outcome)",True
1003000530,Semonche,Amanda,Internal Medicine,Quakertown,PA,42,Finasteride,Finasteride,35,103.6,802.04,REP-103,Claire Vance,TERR-02,Midwest Central,6,Tier 2 (Med Potential),4,1,25.0,0.33,1,1.0,0,108.3,4.7,4.54,"Synthetic call data (seeded from territory volume decile + compliance distribution, independent of Rx outcome)",True
1003000530,Semonche,Amanda,Internal Medicine,Quakertown,PA,42,Fluticasone Propionate,Fluticasone Propionate,57,111.6,699.66,REP-104,Derek Sterling,TERR-02,Midwest Central,6,Tier 2 (Med Potential),4,1,25.0,0.33,3,3.0,0,109.9,-1.7,-1.52,"Synthetic call data (seeded from territory volume decile + compliance distribution, independent of Rx outcome)",True
1003000530,Semonche,Amanda,Internal Medicine,Quakertown,PA,42,Fluticasone-Salmeterol,Fluticasone Propion/Salmeterol,52,62.0,5181.6,REP-105,Elena Rostova,TERR-03,South Atlantic,8,Tier 2 (Med Potential),4,5,125.0,1.67,7,1.4,5,63.5,1.5,2.42,"Synthetic call data (seeded from territory volume decile + compliance distribution, independent of Rx outcome)",True
1003000530,Semonche,Amanda,Internal Medicine,Quakertown,PA,42,Fosinopril Sodium,Fosinopril Sodium,18,45.5,199.84,REP-106,Fiona Gallagher,TERR-03,South Atlantic,8,Tier 2 (Med Potential),4,4,100.0,1.33,11,2.75,4,45.3,-0.2,-0.44,"Synthetic call data (seeded from territory volume decile + compliance distribution, independent of Rx outcome)",True
1003000530,Semonche,Amanda,Internal Medicine,Quakertown,PA,42,Furosemide,Furosemide,76,169.0,433.34,REP-107,Garrett Vance,TERR-04,Texas Gulf Coast,7,Tier 2 (Med Potential),4,2,50.0,0.67,5,2.5,2,169.9,0.9,0.53,"Synthetic call data (seeded from territory volume decile + compliance distribution, independent of Rx outcome)",True
1003000530,Semonche,Amanda,Internal Medicine,Quakertown,PA,42,Gabapentin,Gabapentin,194,322.1,2554.6,REP-108,Hannah Abbott,TERR-04,Texas Gulf Coast,7,Tier 2 (Med Potential),4,4,100.0,1.33,10,2.5,4,328.8,6.7,2.08,"Synthetic call data (seeded from territory volume decile + compliance distribution, independent of Rx outcome)",True
1003000530,Semonche,Amanda,Internal Medicine,Quakertown,PA,42,Glimepiride,Glimepiride,24,52.0,204.05,REP-109,Ian Malcolm,TERR-05,Pacific Northwest,5,Tier 2 (Med Potential),4,1,25.0,0.33,1,1.0,0,54.3,2.3,4.42,"Synthetic call data (seeded from territory volume decile + compliance distribution, independent of Rx outcome)",True
1003000530,Semonche,Amanda,Internal Medicine,Quakertown,PA,42,Glipizide,Glipizide,90,204.0,1131.7,REP-110,Julia Roberts,TERR-05,Pacific Northwest,5,Tier 2 (Med Potential),4,4,100.0,1.33,13,3.25,4,212.4,8.4,4.12,"Synthetic call data (seeded from territory volume decile + compliance distribution, independent of Rx outcome)",True
1003000530,Semonche,Amanda,Internal Medicine,Quakertown,PA,42,Glycopyrrolate,Glycopyrrolate,12,12.2,846.73,REP-111,Kevin Bacon,TERR-06,Southwest Mountain,4,Tier 3 (Low Potential),2,2,100.0,0.67,5,2.5,1,13.6,1.4,11.48,"Synthetic call data (seeded from territory volume decile + compliance distribution, independent of Rx outcome)",True
1003000530,Semonche,Amanda,Internal Medicine,Quakertown,PA,42,Hydrochlorothiazide,Hydrochlorothiazide,212,534.9,764.54,REP-112,Laura Croft,TERR-06,Southwest Mountain,4,Tier 2 (Med Potential),4,4,100.0,1.33,9,2.25,3,558.2,23.3,4.36,"Synthetic call data (seeded from territory volume decile + compliance distribution, independent of Rx outcome)",True
1003000530,Semonche,Amanda,Internal Medicine,Quakertown,PA,42,Hydrocodone-Acetaminophen,Hydrocodone/Acetaminophen,34,34.0,835.79,REP-101,Alex Morgan,TERR-01,Northeast Metro,9,Tier 1 (High Potential),8,10,125.0,3.33,34,3.4,7,35.4,1.4,4.12,"Synthetic call data (seeded from territory volume decile + compliance distribution, independent of Rx outcome)",True
1003000530,Semonche,Amanda,Internal Medicine,Quakertown,PA,42,Ipratropium Bromide,Ipratropium Bromide,13,21.8,429.5,REP-102,Brandon Hayes,TERR-01,Northeast Metro,9,Tier 1 (High Potential),8,9,112.5,3.0,28,3.11,2,22.6,0.8,3.67,"Synthetic call data (seeded from territory volume decile + compliance distribution, independent of Rx outcome)",True
1003000530,Semonche,Amanda,Internal Medicine,Quakertown,PA,42,Irbesartan,Irbesartan,23,45.0,541.08,REP-103,Claire Vance,TERR-02,Midwest Central,6,Tier 2 (Med Potential),4,3,75.0,1.0,5,1.67,1,47.0,2.0,4.44,"Synthetic call data (seeded from territory volume decile + compliance distribution, independent of Rx outcome)",True
1003000530,Semonche,Amanda,Internal Medicine,Quakertown,PA,42,Isosorbide Mononitrate Er,Isosorbide Mononitrate,19,32.0,34.33,REP-104,Derek Sterling,TERR-02,Midwest Central,6,Tier 2 (Med Potential),4,2,50.0,0.67,6,3.0,1,32.8,0.8,2.5,"Synthetic call data (seeded from territory volume decile + compliance distribution, independent of Rx outcome)",True
1003000530,Semonche,Amanda,Internal Medicine,Quakertown,PA,42,Januvia,Sitagliptin Phosphate,19,33.0,17629.38,REP-105,Elena Rostova,TERR-03,South Atlantic,8,Tier 1 (High Potential),8,10,125.0,3.33,14,1.4,10,34.3,1.3,3.94,"Synthetic call data (seeded from territory volume decile + compliance distribution, independent of Rx outcome)",True
1003000530,Semonche,Amanda,Internal Medicine,Quakertown,PA,42,Jardiance,Empagliflozin,31,65.0,37157.23,REP-106,Fiona Gallagher,TERR-03,South Atlantic,8,Tier 2 (Med Potential),4,4,100.0,1.33,4,1.0,2,69.0,4.0,6.15,"Synthetic call data (seeded from territory volume decile + compliance distribution, independent of Rx outcome)",True
1003000530,Semonche,Amanda,Internal Medicine,Quakertown,PA,42,Klor-Con M20,Potassium Chloride,28,83.7,699.43,REP-107,Garrett Vance,TERR-04,Texas Gulf Coast,7,Tier 2 (Med Potential),4,2,50.0,0.67,4,2.0,1,84.3,0.6,0.72,"Synthetic call data (seeded from territory volume decile + compliance distribution, independent of Rx outcome)",True
1003000530,Semonche,Amanda,Internal Medicine,Quakertown,PA,42,Lamotrigine,Lamotrigine,20,20.3,208.26,REP-108,Hannah Abbott,TERR-04,Texas Gulf Coast,7,Tier 2 (Med Potential),4,3,75.0,1.0,5,1.67,0,21.9,1.6,7.88,"Synthetic call data (seeded from territory volume decile + compliance distribution, independent of Rx outcome)",True
1003000530,Semonche,Amanda,Internal Medicine,Quakertown,PA,42,Levothyroxine Sodium,Levothyroxine Sodium,430,831.4,3333.23,REP-109,Ian Malcolm,TERR-05,Pacific Northwest,5,Tier 2 (Med Potential),4,4,100.0,1.33,10,2.5,4,849.0,17.6,2.12,"Synthetic call data (seeded from territory volume decile + compliance distribution, independent of Rx outcome)",True
1003000530,Semonche,Amanda,Internal Medicine,Quakertown,PA,42,Lisinopril,Lisinopril,381,927.5,3548.32,REP-110,Julia Roberts,TERR-05,Pacific Northwest,5,Tier 2 (Med Potential),4,4,100.0,1.33,10,2.5,4,942.9,15.4,1.66,"Synthetic call data (seeded from territory volume decile + compliance distribution, independent of Rx outcome)",True
1003000530,Semonche,Amanda,Internal Medicine,Quakertown,PA,42,Lisinopril-Hydrochlorothiazide,Lisinopril/Hydrochlorothiazide,36,107.3,667.83,REP-111,Kevin Bacon,TERR-06,Southwest Mountain,4,Tier 2 (Med Potential),4,2,50.0,0.67,4,2.0,1,105.6,-1.7,-1.58,"Synthetic call data (seeded from territory volume decile + compliance distribution, independent of Rx outcome)",True
1003000530,Semonche,Amanda,Internal Medicine,Quakertown,PA,42,Loperamide,Loperamide Hcl,12,16.1,210.76,REP-112,Laura Croft,TERR-06,Southwest Mountain,4,Tier 3 (Low Potential),2,1,50.0,0.33,1,1.0,0,16.2,0.1,0.62,"Synthetic call data (seeded from territory volume decile + compliance distribution, independent of Rx outcome)",True
1003000530,Semonche,Amanda,Internal Medicine,Quakertown,PA,42,Lorazepam,Lorazepam,62,70.5,392.53,REP-101,Alex Morgan,TERR-01,Northeast Metro,9,Tier 1 (High Potential),8,9,112.5,3.0,25,2.78,5,73.7,3.2,4.54,"Synthetic call data (seeded from territory volume decile + compliance distribution, independent of Rx outcome)",True
1003000530,Semonche,Amanda,Internal Medicine,Quakertown,PA,42,Losartan Potassium,Losartan Potassium,247,557.9,2872.59,REP-102,Brandon Hayes,TERR-01,Northeast Metro,9,Tier 1 (High Potential),8,9,112.5,3.0,22,2.44,9,574.4,16.5,2.96,"Synthetic call data (seeded from territory volume decile + compliance distribution, independent of Rx outcome)",True
1003000530,Semonche,Amanda,Internal Medicine,Quakertown,PA,42,Meclizine Hcl,Meclizine Hcl,12,12.0,41.84,REP-103,Claire Vance,TERR-02,Midwest Central,6,Tier 3 (Low Potential),2,1,50.0,0.33,3,3.0,0,12.6,0.6,5.0,"Synthetic call data (seeded from territory volume decile + compliance distribution, independent of Rx outcome)",True
1003000530,Semonche,Amanda,Internal Medicine,Quakertown,PA,42,Meloxicam,Meloxicam,39,77.0,154.58,REP-104,Derek Sterling,TERR-02,Midwest Central,6,Tier 2 (Med Potential),4,2,50.0,0.67,2,1.0,2,77.1,0.1,0.13,"Synthetic call data (seeded from territory volume decile + compliance distribution, independent of Rx outcome)",True
1003000530,Semonche,Amanda,Internal Medicine,Quakertown,PA,42,Memantine Hcl,Memantine Hcl,11,13.0,262.96,REP-105,Elena Rostova,TERR-03,South Atlantic,8,Tier 2 (Med Potential),4,3,75.0,1.0,5,1.67,3,13.4,0.4,3.08,"Synthetic call data (seeded from territory volume decile + compliance distribution, independent of Rx outcome)",True
1003000530,Semonche,Amanda,Internal Medicine,Quakertown,PA,42,Metformin Hcl,Metformin Hcl,150,359.0,1399.29,REP-106,Fiona Gallagher,TERR-03,South Atlantic,8,Tier 1 (High Potential),8,9,112.5,3.0,24,2.67,8,373.2,14.2,3.96,"Synthetic call data (seeded from territory volume decile + compliance distribution, independent of Rx outcome)",True
1003000530,Semonche,Amanda,Internal Medicine,Quakertown,PA,42,Metformin Hcl Er,Metformin Hcl,55,145.0,1066.82,REP-107,Garrett Vance,TERR-04,Texas Gulf Coast,7,Tier 2 (Med Potential),4,3,75.0,1.0,6,2.0,2,157.8,12.8,8.83,"Synthetic call data (seeded from territory volume decile + compliance distribution, independent of Rx outcome)",True
1003000530,Semonche,Amanda,Internal Medicine,Quakertown,PA,42,Methocarbamol,Methocarbamol,18,18.0,135.61,REP-108,Hannah Abbott,TERR-04,Texas Gulf Coast,7,Tier 2 (Med Potential),4,3,75.0,1.0,4,1.33,2,19.0,1.0,5.56,"Synthetic call data (seeded from territory volume decile + compliance distribution, independent of Rx outcome)",True
1003000530,Semonche,Amanda,Internal Medicine,Quakertown,PA,42,Metoprolol Succinate,Metoprolol Succinate,195,463.3,3844.16,REP-109,Ian Malcolm,TERR-05,Pacific Northwest,5,Tier 3 (Low Potential),2,1,50.0,0.33,2,2.0,0,469.5,6.2,1.34,"Synthetic call data (seeded from territory volume decile + compliance distribution, independent of Rx outcome)",True
1003000530,Semonche,Amanda,Internal Medicine,Quakertown,PA,42,Metoprolol Tartrate,Metoprolol Tartrate,173,452.5,1132.31,REP-110,Julia Roberts,TERR-05,Pacific Northwest,5,Tier 2 (Med Potential),4,5,125.0,1.67,11,2.2,1,494.4,41.9,9.26,"Synthetic call data (seeded from territory volume decile + compliance distribution, independent of Rx outcome)",True
1003000530,Semonche,Amanda,Internal Medicine,Quakertown,PA,42,Mirtazapine,Mirtazapine,34,56.3,329.27,REP-111,Kevin Bacon,TERR-06,Southwest Mountain,4,Tier 3 (Low Potential),2,2,100.0,0.67,6,3.0,1,55.9,-0.4,-0.71,"Synthetic call data (seeded from territory volume decile + compliance distribution, independent of Rx outcome)",True
1003000530,Semonche,Amanda,Internal Medicine,Quakertown,PA,42,Montelukast Sodium,Montelukast Sodium,27,77.0,267.03,REP-112,Laura Croft,TERR-06,Southwest Mountain,4,Tier 2 (Med Potential),4,2,50.0,0.67,5,2.5,1,81.6,4.6,5.97,"Synthetic call data (seeded from territory volume decile + compliance distribution, independent of Rx outcome)",True
1003000530,Semonche,Amanda,Internal Medicine,Quakertown,PA,42,Myrbetriq,Mirabegron,27,29.0,12856.04,REP-101,Alex Morgan,TERR-01,Northeast Metro,9,Tier 2 (Med Potential),4,5,125.0,1.67,16,3.2,5,30.3,1.3,4.48,"Synthetic call data (seeded from territory volume decile + compliance distribution, independent of Rx outcome)",True
1003000530,Semonche,Amanda,Internal Medicine,Quakertown,PA,42,Nebivolol Hcl,Nebivolol Hcl,24,38.0,2204.81,REP-102,Brandon Hayes,TERR-01,Northeast Metro,9,Tier 1 (High Potential),8,10,125.0,3.33,14,1.4,9,38.7,0.7,1.84,"Synthetic call data (seeded from territory volume decile + compliance distribution, independent of Rx outcome)",True
1003000530,Semonche,Amanda,Internal Medicine,Quakertown,PA,42,Olmesartan Medoxomil,Olmesartan Medoxomil,54,122.3,660.51,REP-103,Claire Vance,TERR-02,Midwest Central,6,Tier 2 (Med Potential),4,2,50.0,0.67,6,3.0,1,126.1,3.8,3.11,"Synthetic call data (seeded from territory volume decile + compliance distribution, independent of Rx outcome)",True
1003000530,Semonche,Amanda,Internal Medicine,Quakertown,PA,42,Omeprazole,Omeprazole,126,263.4,1359.64,REP-104,Derek Sterling,TERR-02,Midwest Central,6,Tier 1 (High Potential),8,2,25.0,0.67,6,3.0,2,258.8,-4.6,-1.75,"Synthetic call data (seeded from territory volume decile + compliance distribution, independent of Rx outcome)",True
1003000530,Semonche,Amanda,Internal Medicine,Quakertown,PA,42,Ondansetron Odt,Ondansetron,15,15.0,104.9,REP-105,Elena Rostova,TERR-03,South Atlantic,8,Tier 1 (High Potential),8,7,87.5,2.33,10,1.43,5,16.2,1.2,8.0,"Synthetic call data (seeded from territory volume decile + compliance distribution, independent of Rx outcome)",True
1003000530,Semonche,Amanda,Internal Medicine,Quakertown,PA,42,Oxybutynin Chloride Er,Oxybutynin Chloride,21,45.0,1001.27,REP-106,Fiona Gallagher,TERR-03,South Atlantic,8,Tier 2 (Med Potential),4,6,150.0,2.0,17,2.83,2,44.2,-0.8,-1.78,"Synthetic call data (seeded from territory volume decile + compliance distribution, independent of Rx outcome)",True
1003000530,Semonche,Amanda,Internal Medicine,Quakertown,PA,42,Oxycodone-Acetaminophen,Oxycodone Hcl/Acetaminophen,13,13.0,207.62,REP-107,Garrett Vance,TERR-04,Texas Gulf Coast,7,Tier 2 (Med Potential),4,1,25.0,0.33,2,2.0,0,12.9,-0.1,-0.77,"Synthetic call data (seeded from territory volume decile + compliance distribution, independent of Rx outcome)",True
1003000530,Semonche,Amanda,Internal Medicine,Quakertown,PA,42,Pantoprazole Sodium,Pantoprazole Sodium,167,295.2,2398.21,REP-108,Hannah Abbott,TERR-04,Texas Gulf Coast,7,Tier 1 (High Potential),8,5,62.5,1.67,11,2.2,4,303.0,7.8,2.64,"Synthetic call data (seeded from territory volume decile + compliance distribution, independent of Rx outcome)",True
1003000530,Semonche,Amanda,Internal Medicine,Quakertown,PA,42,Paroxetine Hcl,Paroxetine Hcl,17,31.0,283.58,REP-109,Ian Malcolm,TERR-05,Pacific Northwest,5,Tier 3 (Low Potential),2,1,50.0,0.33,1,1.0,1,30.7,-0.3,-0.97,"Synthetic call data (seeded from territory volume decile + compliance distribution, independent of Rx outcome)",True
1003000530,Semonche,Amanda,Internal Medicine,Quakertown,PA,42,Paxlovid,Nirmatrelvir/Ritonavir,12,12.0,1429.4,REP-110,Julia Roberts,TERR-05,Pacific Northwest,5,Tier 3 (Low Potential),2,2,100.0,0.67,6,3.0,1,12.6,0.6,5.0,"Synthetic call data (seeded from territory volume decile + compliance distribution, independent of Rx outcome)",True
1003000530,Semonche,Amanda,Internal Medicine,Quakertown,PA,42,Potassium Chloride,Potassium Chloride,71,119.0,1442.91,REP-111,Kevin Bacon,TERR-06,Southwest Mountain,4,Tier 2 (Med Potential),4,4,100.0,1.33,10,2.5,1,122.3,3.3,2.77,"Synthetic call data (seeded from territory volume decile + compliance distribution, independent of Rx outcome)",True
1003000530,Semonche,Amanda,Internal Medicine,Quakertown,PA,42,Pramipexole Dihydrochloride,Pramipexole Di-Hcl,11,27.0,84.62,REP-112,Laura Croft,TERR-06,Southwest Mountain,4,Tier 3 (Low Potential),2,1,50.0,0.33,2,2.0,0,27.4,0.4,1.48,"Synthetic call data (seeded from territory volume decile + compliance distribution, independent of Rx outcome)",True
1003000530,Semonche,Amanda,Internal Medicine,Quakertown,PA,42,Pravastatin Sodium,Pravastatin Sodium,244,676.0,4155.84,REP-101,Alex Morgan,TERR-01,Northeast Metro,9,Tier 1 (High Potential),8,11,137.5,3.67,36,3.27,9,724.2,48.2,7.13,"Synthetic call data (seeded from territory volume decile + compliance distribution, independent of Rx outcome)",True
1003000530,Semonche,Amanda,Internal Medicine,Quakertown,PA,42,Prednisone,Prednisone,24,27.0,111.03,REP-102,Brandon Hayes,TERR-01,Northeast Metro,9,Tier 1 (High Potential),8,10,125.0,3.33,19,1.9,4,29.0,2.0,7.41,"Synthetic call data (seeded from territory volume decile + compliance distribution, independent of Rx outcome)",True
1003000530,Semonche,Amanda,Internal Medicine,Quakertown,PA,42,Pregabalin,Pregabalin,31,55.0,383.26,REP-103,Claire Vance,TERR-02,Midwest Central,6,Tier 2 (Med Potential),4,4,100.0,1.33,7,1.75,2,56.5,1.5,2.73,"Synthetic call data (seeded from territory volume decile + compliance distribution, independent of Rx outcome)",True
1003000530,Semonche,Amanda,Internal Medicine,Quakertown,PA,42,Quetiapine Fumarate,Quetiapine Fumarate,24,46.0,401.76,REP-104,Derek Sterling,TERR-02,Midwest Central,6,Tier 3 (Low Potential),2,1,50.0,0.33,2,2.0,1,45.3,-0.7,-1.52,"Synthetic call data (seeded from territory volume decile + compliance distribution, independent of Rx outcome)",True
1003000530,Semonche,Amanda,Internal Medicine,Quakertown,PA,42,Ropinirole Hcl,Ropinirole Hcl,39,65.4,510.95,REP-105,Elena Rostova,TERR-03,South Atlantic,8,Tier 1 (High Potential),8,8,100.0,2.67,9,1.12,3,68.0,2.6,3.98,"Synthetic call data (seeded from territory volume decile + compliance distribution, independent of Rx outcome)",True
1003000530,Semonche,Amanda,Internal Medicine,Quakertown,PA,42,Rosuvastatin Calcium,Rosuvastatin Calcium,139,348.3,3058.04,REP-106,Fiona Gallagher,TERR-03,South Atlantic,8,Tier 2 (Med Potential),4,4,100.0,1.33,13,3.25,4,355.3,7.0,2.01,"Synthetic call data (seeded from territory volume decile + compliance distribution, independent of Rx outcome)",True
1003000530,Semonche,Amanda,Internal Medicine,Quakertown,PA,42,Rybelsus,Semaglutide,16,38.0,33295.05,REP-107,Garrett Vance,TERR-04,Texas Gulf Coast,7,Tier 1 (High Potential),8,2,25.0,0.67,5,2.5,1,40.3,2.3,6.05,"Synthetic call data (seeded from territory volume decile + compliance distribution, independent of Rx outcome)",True
1003000530,Semonche,Amanda,Internal Medicine,Quakertown,PA,42,Sertraline Hcl,Sertraline Hcl,117,255.5,948.21,REP-108,Hannah Abbott,TERR-04,Texas Gulf Coast,7,Tier 1 (High Potential),8,5,62.5,1.67,11,2.2,2,260.7,5.2,2.04,"Synthetic call data (seeded from territory volume decile + compliance distribution, independent of Rx outcome)",True
1003000530,Semonche,Amanda,Internal Medicine,Quakertown,PA,42,Simvastatin,Simvastatin,188,503.9,2406.59,REP-109,Ian Malcolm,TERR-05,Pacific Northwest,5,Tier 3 (Low Potential),2,2,100.0,0.67,6,3.0,1,521.0,17.1,3.39,"Synthetic call data (seeded from territory volume decile + compliance distribution, independent of Rx outcome)",True
1003000530,Semonche,Amanda,Internal Medicine,Quakertown,PA,42,Spiriva Handihaler,Tiotropium Bromide,11,29.0,13855.12,REP-110,Julia Roberts,TERR-05,Pacific Northwest,5,Tier 2 (Med Potential),4,4,100.0,1.33,13,3.25,3,30.0,1.0,3.45,"Synthetic call data (seeded from territory volume decile + compliance distribution, independent of Rx outcome)",True
1003000530,Semonche,Amanda,Internal Medicine,Quakertown,PA,42,Spironolactone,Spironolactone,20,59.0,281.89,REP-111,Kevin Bacon,TERR-06,Southwest Mountain,4,Tier 2 (Med Potential),4,3,75.0,1.0,9,3.0,3,58.6,-0.4,-0.68,"Synthetic call data (seeded from territory volume decile + compliance distribution, independent of Rx outcome)",True
1003000530,Semonche,Amanda,Internal Medicine,Quakertown,PA,42,Stiolto Respimat,Tiotropium Br/Olodaterol Hcl,17,26.0,11756.24,REP-112,Laura Croft,TERR-06,Southwest Mountain,4,Tier 3 (Low Potential),2,2,100.0,0.67,6,3.0,1,26.7,0.7,2.69,"Synthetic call data (seeded from territory volume decile + compliance distribution, independent of Rx outcome)",True
1003000530,Semonche,Amanda,Internal Medicine,Quakertown,PA,42,Sucralfate,Sucralfate,13,15.0,538.81,REP-101,Alex Morgan,TERR-01,Northeast Metro,9,Tier 1 (High Potential),8,8,100.0,2.67,24,3.0,6,15.8,0.8,5.33,"Synthetic call data (seeded from territory volume decile + compliance distribution, independent of Rx outcome)",True
1003000530,Semonche,Amanda,Internal Medicine,Quakertown,PA,42,Sulfamethoxazole-Trimethoprim,Sulfamethoxazole/Trimethoprim,13,13.0,34.64,REP-102,Brandon Hayes,TERR-01,Northeast Metro,9,Tier 2 (Med Potential),4,4,100.0,1.33,12,3.0,1,13.7,0.7,5.38,"Synthetic call data (seeded from territory volume decile + compliance distribution, independent of Rx outcome)",True
1003000530,Semonche,Amanda,Internal Medicine,Quakertown,PA,42,Symbicort,Budesonide/Formoterol Fumarate,11,21.0,4214.56,REP-103,Claire Vance,TERR-02,Midwest Central,6,Tier 2 (Med Potential),4,3,75.0,1.0,4,1.33,2,21.2,0.2,0.95,"Synthetic call data (seeded from territory volume decile + compliance distribution, independent of Rx outcome)",True
1003000530,Semonche,Amanda,Internal Medicine,Quakertown,PA,42,Synthroid,Levothyroxine Sodium,35,71.0,2305.05,REP-104,Derek Sterling,TERR-02,Midwest Central,6,Tier 2 (Med Potential),4,1,25.0,0.33,1,1.0,0,70.2,-0.8,-1.13,"Synthetic call data (seeded from territory volume decile + compliance distribution, independent of Rx outcome)",True
1003000530,Semonche,Amanda,Internal Medicine,Quakertown,PA,42,Tamsulosin Hcl,Tamsulosin Hcl,86,202.0,1511.36,REP-105,Elena Rostova,TERR-03,South Atlantic,8,Tier 2 (Med Potential),4,3,75.0,1.0,6,2.0,2,208.4,6.4,3.17,"Synthetic call data (seeded from territory volume decile + compliance distribution, independent of Rx outcome)",True
1003000530,Semonche,Amanda,Internal Medicine,Quakertown,PA,42,Tizanidine Hcl,Tizanidine Hcl,14,16.0,75.68,REP-106,Fiona Gallagher,TERR-03,South Atlantic,8,Tier 2 (Med Potential),4,4,100.0,1.33,5,1.25,2,16.4,0.4,2.5,"Synthetic call data (seeded from territory volume decile + compliance distribution, independent of Rx outcome)",True
1003000530,Semonche,Amanda,Internal Medicine,Quakertown,PA,42,Topiramate,Topiramate,20,38.0,168.85,REP-107,Garrett Vance,TERR-04,Texas Gulf Coast,7,Tier 1 (High Potential),8,8,100.0,2.67,25,3.12,7,40.1,2.1,5.53,"Synthetic call data (seeded from territory volume decile + compliance distribution, independent of Rx outcome)",True
1003000530,Semonche,Amanda,Internal Medicine,Quakertown,PA,42,Torsemide,Torsemide,28,42.0,164.25,REP-108,Hannah Abbott,TERR-04,Texas Gulf Coast,7,Tier 2 (Med Potential),4,4,100.0,1.33,8,2.0,2,43.2,1.2,2.86,"Synthetic call data (seeded from territory volume decile + compliance distribution, independent of Rx outcome)",True
1003000530,Semonche,Amanda,Internal Medicine,Quakertown,PA,42,Tradjenta,Linagliptin,16,16.0,8396.91,REP-109,Ian Malcolm,TERR-05,Pacific Northwest,5,Tier 3 (Low Potential),2,1,50.0,0.33,2,2.0,0,15.9,-0.1,-0.62,"Synthetic call data (seeded from territory volume decile + compliance distribution, independent of Rx outcome)",True
1003000530,Semonche,Amanda,Internal Medicine,Quakertown,PA,42,Tramadol Hcl,Tramadol Hcl,19,19.0,62.43,REP-110,Julia Roberts,TERR-05,Pacific Northwest,5,Tier 2 (Med Potential),4,4,100.0,1.33,12,3.0,3,19.8,0.8,4.21,"Synthetic call data (seeded from territory volume decile + compliance distribution, independent of Rx outcome)",True
1003000530,Semonche,Amanda,Internal Medicine,Quakertown,PA,42,Tramadol Hcl Er,Tramadol Hcl,11,11.0,289.65,REP-111,Kevin Bacon,TERR-06,Southwest Mountain,4,Tier 3 (Low Potential),2,2,100.0,0.67,3,1.5,1,11.3,0.3,2.73,"Synthetic call data (seeded from territory volume decile + compliance distribution, independent of Rx outcome)",True
1003000530,Semonche,Amanda,Internal Medicine,Quakertown,PA,42,Tramadol Hcl-Acetaminophen,Tramadol Hcl/Acetaminophen,12,12.0,108.96,REP-112,Laura Croft,TERR-06,Southwest Mountain,4,Tier 2 (Med Potential),4,3,75.0,1.0,8,2.67,1,12.6,0.6,5.0,"Synthetic call data (seeded from territory volume decile + compliance distribution, independent of Rx outcome)",True
1003000530,Semonche,Amanda,Internal Medicine,Quakertown,PA,42,Trazodone Hcl,Trazodone Hcl,78,160.0,1832.81,REP-101,Alex Morgan,TERR-01,Northeast Metro,9,Tier 1 (High Potential),8,6,75.0,2.0,9,1.5,3,165.2,5.2,3.25,"Synthetic call data (seeded from territory volume decile + compliance distribution, independent of Rx outcome)",True
1003000530,Semonche,Amanda,Internal Medicine,Quakertown,PA,42,Trelegy Ellipta,Fluticasone/Umeclidin/Vilanter,11,15.0,8635.9,REP-102,Brandon Hayes,TERR-01,Northeast Metro,9,Tier 1 (High Potential),8,6,75.0,2.0,15,2.5,5,14.9,-0.1,-0.67,"Synthetic call data (seeded from territory volume decile + compliance distribution, independent of Rx outcome)",True
1003000530,Semonche,Amanda,Internal Medicine,Quakertown,PA,42,Triamcinolone Acetonide,Triamcinolone Acetonide,19,21.0,99.48,REP-103,Claire Vance,TERR-02,Midwest Central,6,Tier 2 (Med Potential),4,4,100.0,1.33,8,2.0,3,21.8,0.8,3.81,"Synthetic call data (seeded from territory volume decile + compliance distribution, independent of Rx outcome)",True
1003000530,Semonche,Amanda,Internal Medicine,Quakertown,PA,42,Ultra-Fine Mini Pen Needle,"Pen Needle, Diabetic",15,15.0,985.68,REP-104,Derek Sterling,TERR-02,Midwest Central,6,Tier 1 (High Potential),8,3,37.5,1.0,7,2.33,1,15.0,0.0,0.0,"Synthetic call data (seeded from territory volume decile + compliance distribution, independent of Rx outcome)",True
1003000530,Semonche,Amanda,Internal Medicine,Quakertown,PA,42,Valsartan,Valsartan,73,175.9,2438.77,REP-105,Elena Rostova,TERR-03,South Atlantic,8,Tier 1 (High Potential),8,9,112.5,3.0,15,1.67,9,182.9,7.0,3.98,"Synthetic call data (seeded from territory volume decile + compliance distribution, independent of Rx outcome)",True
1003000530,Semonche,Amanda,Internal Medicine,Quakertown,PA,42,Valsartan-Hydrochlorothiazide,Valsartan/Hydrochlorothiazide,19,57.0,1797.04,REP-106,Fiona Gallagher,TERR-03,South Atlantic,8,Tier 1 (High Potential),8,8,100.0,2.67,18,2.25,5,59.4,2.4,4.21,"Synthetic call data (seeded from territory volume decile + compliance distribution, independent of Rx outcome)",True
1003000530,Semonche,Amanda,Internal Medicine,Quakertown,PA,42,Venlafaxine Hcl,Venlafaxine Hcl,12,24.0,384.61,REP-107,Garrett Vance,TERR-04,Texas Gulf Coast,7,Tier 2 (Med Potential),4,3,75.0,1.0,10,3.33,1,24.8,0.8,3.33,"Synthetic call data (seeded from territory volume decile + compliance distribution, independent of Rx outcome)",True
1003000530,Semonche,Amanda,Internal Medicine,Quakertown,PA,42,Venlafaxine Hcl Er,Venlafaxine Hcl,59,149.0,836.53,REP-108,Hannah Abbott,TERR-04,Texas Gulf Coast,7,Tier 2 (Med Potential),4,4,100.0,1.33,9,2.25,1,154.1,5.1,3.42,"Synthetic call data (seeded from territory volume decile + compliance distribution, independent of Rx outcome)",True
1003000530,Semonche,Amanda,Internal Medicine,Quakertown,PA,42,Warfarin Sodium,Warfarin Sodium,23,59.6,147.17,REP-109,Ian Malcolm,TERR-05,Pacific Northwest,5,Tier 2 (Med Potential),4,2,50.0,0.67,6,3.0,0,60.9,1.3,2.18,"Synthetic call data (seeded from territory volume decile + compliance distribution, independent of Rx outcome)",True
1003000530,Semonche,Amanda,Internal Medicine,Quakertown,PA,42,Wixela Inhub,Fluticasone Propion/Salmeterol,13,19.0,1237.77,REP-110,Julia Roberts,TERR-05,Pacific Northwest,5,Tier 3 (Low Potential),2,2,100.0,0.67,4,2.0,1,20.1,1.1,5.79,"Synthetic call data (seeded from territory volume decile + compliance distribution, independent of Rx outcome)",True
1003000530,Semonche,Amanda,Internal Medicine,Quakertown,PA,42,Xarelto,Rivaroxaban,19,45.0,24157.49,REP-111,Kevin Bacon,TERR-06,Southwest Mountain,4,Tier 2 (Med Potential),4,5,125.0,1.67,15,3.0,4,44.8,-0.2,-0.44,"Synthetic call data (seeded from territory volume decile + compliance distribution, independent of Rx outcome)",True
1003000530,Semonche,Amanda,Internal Medicine,Quakertown,PA,42,Zolpidem Tartrate,Zolpidem Tartrate,37,63.0,483.61,REP-112,Laura Croft,TERR-06,Southwest Mountain,4,Tier 2 (Med Potential),4,3,75.0,1.0,6,2.0,3,65.3,2.3,3.65,"Synthetic call data (seeded from territory volume decile + compliance distribution, independent of Rx outcome)",True
1003000530,Semonche,Amanda,Internal Medicine,Quakertown,PA,42,Zolpidem Tartrate Er,Zolpidem Tartrate,13,13.0,70.33,REP-101,Alex Morgan,TERR-01,Northeast Metro,9,Tier 1 (High Potential),8,11,137.5,3.67,30,2.73,12,13.8,0.8,6.15,"Synthetic call data (seeded from territory volume decile + compliance distribution, independent of Rx outcome)",True
1003000597,Kim,Dae,Urology,Tulsa,OK,40,Alfuzosin Hcl Er,Alfuzosin Hcl,14,42.0,281.97,REP-102,Brandon Hayes,TERR-01,Northeast Metro,9,Tier 1 (High Potential),8,9,112.5,3.0,28,3.11,5,43.6,1.6,3.81,"Synthetic call data (seeded from territory volume decile + compliance distribution, independent of Rx outcome)",True
1003000597,Kim,Dae,Urology,Tulsa,OK,40,Amoxicillin-Clavulanate Potass,Amoxicillin/Potassium Clav,181,183.0,2286.08,REP-103,Claire Vance,TERR-02,Midwest Central,6,Tier 3 (Low Potential),2,1,50.0,0.33,2,2.0,0,180.8,-2.2,-1.2,"Synthetic call data (seeded from territory volume decile + compliance distribution, independent of Rx outcome)",True
1003000597,Kim,Dae,Urology,Tulsa,OK,40,Cephalexin,Cephalexin,33,83.7,411.45,REP-104,Derek Sterling,TERR-02,Midwest Central,6,Tier 2 (Med Potential),4,2,50.0,0.67,6,3.0,1,83.2,-0.5,-0.6,"Synthetic call data (seeded from territory volume decile + compliance distribution, independent of Rx outcome)",True
1003000597,Kim,Dae,Urology,Tulsa,OK,40,Ciprofloxacin Hcl,Ciprofloxacin Hcl,71,71.0,190.78,REP-105,Elena Rostova,TERR-03,South Atlantic,8,Tier 2 (Med Potential),4,4,100.0,1.33,13,3.25,2,72.6,1.6,2.25,"Synthetic call data (seeded from territory volume decile + compliance distribution, independent of Rx outcome)",True
1003000597,Kim,Dae,Urology,Tulsa,OK,40,Estradiol,Estradiol,17,34.6,931.36,REP-106,Fiona Gallagher,TERR-03,South Atlantic,8,Tier 2 (Med Potential),4,4,100.0,1.33,6,1.5,3,34.5,-0.1,-0.29,"Synthetic call data (seeded from territory volume decile + compliance distribution, independent of Rx outcome)",True
1003000597,Kim,Dae,Urology,Tulsa,OK,40,Finasteride,Finasteride,190,525.2,3093.34,REP-107,Garrett Vance,TERR-04,Texas Gulf Coast,7,Tier 2 (Med Potential),4,2,50.0,0.67,6,3.0,1,542.3,17.1,3.26,"Synthetic call data (seeded from territory volume decile + compliance distribution, independent of Rx outcome)",True
1003000597,Kim,Dae,Urology,Tulsa,OK,40,Gemtesa,Vibegron,166,286.0,135545.4,REP-108,Hannah Abbott,TERR-04,Texas Gulf Coast,7,Tier 2 (Med Potential),4,5,125.0,1.67,7,1.4,3,293.1,7.1,2.48,"Synthetic call data (seeded from territory volume decile + compliance distribution, independent of Rx outcome)",True
1003000597,Kim,Dae,Urology,Tulsa,OK,40,Hydrocodone-Acetaminophen,Hydrocodone/Acetaminophen,307,307.0,1638.42,REP-109,Ian Malcolm,TERR-05,Pacific Northwest,5,Tier 3 (Low Potential),2,1,50.0,0.33,3,3.0,0,308.9,1.9,0.62,"Synthetic call data (seeded from territory volume decile + compliance distribution, independent of Rx outcome)",True
1003000597,Kim,Dae,Urology,Tulsa,OK,40,Myrbetriq,Mirabegron,16,26.0,11354.96,REP-110,Julia Roberts,TERR-05,Pacific Northwest,5,Tier 2 (Med Potential),4,4,100.0,1.33,12,3.0,4,29.1,3.1,11.92,"Synthetic call data (seeded from territory volume decile + compliance distribution, independent of Rx outcome)",True
1003000597,Kim,Dae,Urology,Tulsa,OK,40,Nitrofurantoin Mono-Macro,Nitrofurantoin Monohyd/M-Cryst,11,11.0,129.89,REP-111,Kevin Bacon,TERR-06,Southwest Mountain,4,Tier 3 (Low Potential),2,2,100.0,0.67,3,1.5,0,11.1,0.1,0.91,"Synthetic call data (seeded from territory volume decile + compliance distribution, independent of Rx outcome)",True
1003000597,Kim,Dae,Urology,Tulsa,OK,40,Orgovyx,Relugolix,15,15.0,39310.21,REP-112,Laura Croft,TERR-06,Southwest Mountain,4,Tier 2 (Med Potential),4,3,75.0,1.0,10,3.33,3,16.2,1.2,8.0,"Synthetic call data (seeded from territory volume decile + compliance distribution, independent of Rx outcome)",True
1003000597,Kim,Dae,Urology,Tulsa,OK,40,Oxybutynin Chloride,Oxybutynin Chloride,12,16.0,73.88,REP-101,Alex Morgan,TERR-01,Northeast Metro,9,Tier 2 (Med Potential),4,4,100.0,1.33,13,3.25,1,16.4,0.4,2.5,"Synthetic call data (seeded from territory volume decile + compliance distribution, independent of Rx outcome)",True
1003000597,Kim,Dae,Urology,Tulsa,OK,40,Oxybutynin Chloride Er,Oxybutynin Chloride,64,128.7,1277.95,REP-102,Brandon Hayes,TERR-01,Northeast Metro,9,Tier 1 (High Potential),8,9,112.5,3.0,14,1.56,7,130.5,1.8,1.4,"Synthetic call data (seeded from territory volume decile + compliance distribution, independent of Rx outcome)",True
1003000597,Kim,Dae,Urology,Tulsa,OK,40,Oxycodone-Acetaminophen,Oxycodone Hcl/Acetaminophen,14,14.0,84.99,REP-103,Claire Vance,TERR-02,Midwest Central,6,Tier 2 (Med Potential),4,1,25.0,0.33,3,3.0,0,14.3,0.3,2.14,"Synthetic call data (seeded from territory volume decile + compliance distribution, independent of Rx outcome)",True
1003000597,Kim,Dae,Urology,Tulsa,OK,40,Solifenacin Succinate,Solifenacin Succinate,95,175.7,3076.56,REP-104,Derek Sterling,TERR-02,Midwest Central,6,Tier 2 (Med Potential),4,2,50.0,0.67,4,2.0,0,178.4,2.7,1.54,"Synthetic call data (seeded from territory volume decile + compliance distribution, independent of Rx outcome)",True
1003000597,Kim,Dae,Urology,Tulsa,OK,40,Sulfamethoxazole-Trimethoprim,Sulfamethoxazole/Trimethoprim,72,73.0,115.26,REP-105,Elena Rostova,TERR-03,South Atlantic,8,Tier 2 (Med Potential),4,2,50.0,0.67,5,2.5,2,76.1,3.1,4.25,"Synthetic call data (seeded from territory volume decile + compliance distribution, independent of Rx outcome)",True
1003000597,Kim,Dae,Urology,Tulsa,OK,40,Tamsulosin Hcl,Tamsulosin Hcl,519,1270.6,6490.04,REP-106,Fiona Gallagher,TERR-03,South Atlantic,8,Tier 1 (High Potential),8,6,75.0,2.0,17,2.83,3,1332.4,61.8,4.86,"Synthetic call data (seeded from territory volume decile + compliance distribution, independent of Rx outcome)",True
1003000597,Kim,Dae,Urology,Tulsa,OK,40,Tramadol Hcl,Tramadol Hcl,31,31.0,87.59,REP-107,Garrett Vance,TERR-04,Texas Gulf Coast,7,Tier 2 (Med Potential),4,3,75.0,1.0,3,1.0,1,33.3,2.3,7.42,"Synthetic call data (seeded from territory volume decile + compliance distribution, independent of Rx outcome)",True
1003000720,Hernandez,Otniel,Nurse Practitioner,Fort Myers,FL,12,Albuterol Sulfate Hfa,Albuterol Sulfate,11,11.3,288.45,REP-108,Hannah Abbott,TERR-04,Texas Gulf Coast,7,Tier 2 (Med Potential),4,3,75.0,1.0,7,2.33,3,11.8,0.5,4.42,"Synthetic call data (seeded from territory volume decile + compliance distribution, independent of Rx outcome)",True
1003000720,Hernandez,Otniel,Nurse Practitioner,Fort Myers,FL,12,Methylprednisolone,Methylprednisolone,15,15.0,116.02,REP-109,Ian Malcolm,TERR-05,Pacific Northwest,5,Tier 2 (Med Potential),4,3,75.0,1.0,4,1.33,1,14.5,-0.5,-3.33,"Synthetic call data (seeded from territory volume decile + compliance distribution, independent of Rx outcome)",True
1003000738,Zumwalt,Juliette,Physician Assistant,Houston,TX,48,Meloxicam,Meloxicam,27,27.0,40.49,REP-110,Julia Roberts,TERR-05,Pacific Northwest,5,Tier 2 (Med Potential),4,4,100.0,1.33,10,2.5,1,28.3,1.3,4.81,"Synthetic call data (seeded from territory volume decile + compliance distribution, independent of Rx outcome)",True
1003000746,Gallegos,Mike,Pharmacist,Placitas,NM,35,Abrysvo,"Rsv Vacc, Pref A And Pref B/Pf",30,30.0,8830.52,REP-111,Kevin Bacon,TERR-06,Southwest Mountain,4,Tier 2 (Med Potential),4,4,100.0,1.33,5,1.25,2,29.9,-0.1,-0.33,"Synthetic call data (seeded from territory volume decile + compliance distribution, independent of Rx outcome)",True
1003000746,Gallegos,Mike,Pharmacist,Placitas,NM,35,Shingrix,Varicella-Zoster Ge/As01b/Pf,25,25.0,5200.07,REP-112,Laura Croft,TERR-06,Southwest Mountain,4,Tier 3 (Low Potential),2,2,100.0,0.67,2,1.0,1,25.0,0.0,0.0,"Synthetic call data (seeded from territory volume decile + compliance distribution, independent of Rx outcome)",True
1003000902,Lohano,Jaivanti,Family Practice,Louisville,KY,21,Acyclovir,Acyclovir,19,19.0,210.85,REP-101,Alex Morgan,TERR-01,Northeast Metro,9,Tier 1 (High Potential),8,10,125.0,3.33,12,1.2,5,20.6,1.6,8.42,"Synthetic call data (seeded from territory volume decile + compliance distribution, independent of Rx outcome)",True
1003000902,Lohano,Jaivanti,Family Practice,Louisville,KY,21,Albuterol Sulfate Hfa,Albuterol Sulfate,218,242.9,4672.7,REP-102,Brandon Hayes,TERR-01,Northeast Metro,9,Tier 2 (Med Potential),4,3,75.0,1.0,9,3.0,2,261.0,18.1,7.45,"Synthetic call data (seeded from territory volume decile + compliance distribution, independent of Rx outcome)",True
1003000902,Lohano,Jaivanti,Family Practice,Louisville,KY,21,Alendronate Sodium,Alendronate Sodium,31,87.0,128.15,REP-103,Claire Vance,TERR-02,Midwest Central,6,Tier 1 (High Potential),8,2,25.0,0.67,4,2.0,1,89.4,2.4,2.76,"Synthetic call data (seeded from territory volume decile + compliance distribution, independent of Rx outcome)",True
1003000902,Lohano,Jaivanti,Family Practice,Louisville,KY,21,Allopurinol,Allopurinol,36,105.0,322.73,REP-104,Derek Sterling,TERR-02,Midwest Central,6,Tier 1 (High Potential),8,2,25.0,0.67,4,2.0,1,103.1,-1.9,-1.81,"Synthetic call data (seeded from territory volume decile + compliance distribution, independent of Rx outcome)",True
1003000902,Lohano,Jaivanti,Family Practice,Louisville,KY,21,Alprazolam,Alprazolam,55,57.0,156.98,REP-105,Elena Rostova,TERR-03,South Atlantic,8,Tier 2 (Med Potential),4,5,125.0,1.67,15,3.0,1,61.8,4.8,8.42,"Synthetic call data (seeded from territory volume decile + compliance distribution, independent of Rx outcome)",True
1003000902,Lohano,Jaivanti,Family Practice,Louisville,KY,21,Amitriptyline Hcl,Amitriptyline Hcl,14,18.0,57.64,REP-106,Fiona Gallagher,TERR-03,South Atlantic,8,Tier 2 (Med Potential),4,7,175.0,2.33,24,3.43,3,19.2,1.2,6.67,"Synthetic call data (seeded from territory volume decile + compliance distribution, independent of Rx outcome)",True
1003000902,Lohano,Jaivanti,Family Practice,Louisville,KY,21,Amlodipine Besylate,Amlodipine Besylate,230,572.0,987.4,REP-107,Garrett Vance,TERR-04,Texas Gulf Coast,7,Tier 1 (High Potential),8,5,62.5,1.67,6,1.2,5,586.5,14.5,2.53,"Synthetic call data (seeded from territory volume decile + compliance distribution, independent of Rx outcome)",True
1003000902,Lohano,Jaivanti,Family Practice,Louisville,KY,21,Anoro Ellipta,Umeclidinium Brm/Vilanterol Tr,30,30.0,14146.66,REP-108,Hannah Abbott,TERR-04,Texas Gulf Coast,7,Tier 2 (Med Potential),4,2,50.0,0.67,4,2.0,0,30.5,0.5,1.67,"Synthetic call data (seeded from territory volume decile + compliance distribution, independent of Rx outcome)",True
1003000902,Lohano,Jaivanti,Family Practice,Louisville,KY,21,Arnuity Ellipta,Fluticasone Furoate,11,11.0,2566.93,REP-109,Ian Malcolm,TERR-05,Pacific Northwest,5,Tier 2 (Med Potential),4,2,50.0,0.67,6,3.0,1,11.3,0.3,2.73,"Synthetic call data (seeded from territory volume decile + compliance distribution, independent of Rx outcome)",True
1003000902,Lohano,Jaivanti,Family Practice,Louisville,KY,21,Atenolol,Atenolol,40,120.0,212.67,REP-110,Julia Roberts,TERR-05,Pacific Northwest,5,Tier 2 (Med Potential),4,3,75.0,1.0,7,2.33,3,126.1,6.1,5.08,"Synthetic call data (seeded from territory volume decile + compliance distribution, independent of Rx outcome)",True
1003000902,Lohano,Jaivanti,Family Practice,Louisville,KY,21,Atorvastatin Calcium,Atorvastatin Calcium,667,1532.9,4027.94,REP-111,Kevin Bacon,TERR-06,Southwest Mountain,4,Tier 3 (Low Potential),2,3,150.0,1.0,4,1.33,2,1539.6,6.7,0.44,"Synthetic call data (seeded from territory volume decile + compliance distribution, independent of Rx outcome)",True
1003000902,Lohano,Jaivanti,Family Practice,Louisville,KY,21,Azithromycin,Azithromycin,53,53.0,151.3,REP-112,Laura Croft,TERR-06,Southwest Mountain,4,Tier 3 (Low Potential),2,1,50.0,0.33,2,2.0,0,53.2,0.2,0.38,"Synthetic call data (seeded from territory volume decile + compliance distribution, independent of Rx outcome)",True
1003000902,Lohano,Jaivanti,Family Practice,Louisville,KY,21,Baclofen,Baclofen,25,25.0,80.6,REP-101,Alex Morgan,TERR-01,Northeast Metro,9,Tier 1 (High Potential),8,10,125.0,3.33,16,1.6,11,26.5,1.5,6.0,"Synthetic call data (seeded from territory volume decile + compliance distribution, independent of Rx outcome)",True
1003000902,Lohano,Jaivanti,Family Practice,Louisville,KY,21,Belsomra,Suvorexant,12,12.0,5224.92,REP-102,Brandon Hayes,TERR-01,Northeast Metro,9,Tier 1 (High Potential),8,10,125.0,3.33,23,2.3,3,12.1,0.1,0.83,"Synthetic call data (seeded from territory volume decile + compliance distribution, independent of Rx outcome)",True
1003000902,Lohano,Jaivanti,Family Practice,Louisville,KY,21,Benazepril Hcl,Benazepril Hcl,21,39.4,53.71,REP-103,Claire Vance,TERR-02,Midwest Central,6,Tier 1 (High Potential),8,6,75.0,2.0,19,3.17,3,42.0,2.6,6.6,"Synthetic call data (seeded from territory volume decile + compliance distribution, independent of Rx outcome)",True
1003000902,Lohano,Jaivanti,Family Practice,Louisville,KY,21,Breo Ellipta,Fluticasone/Vilanterol,40,60.0,23639.61,REP-104,Derek Sterling,TERR-02,Midwest Central,6,Tier 2 (Med Potential),4,3,75.0,1.0,7,2.33,3,62.4,2.4,4.0,"Synthetic call data (seeded from territory volume decile + compliance distribution, independent of Rx outcome)",True
1003000902,Lohano,Jaivanti,Family Practice,Louisville,KY,21,Breyna,Budesonide/Formoterol Fumarate,11,19.1,1305.08,REP-105,Elena Rostova,TERR-03,South Atlantic,8,Tier 2 (Med Potential),4,4,100.0,1.33,13,3.25,4,20.6,1.5,7.85,"Synthetic call data (seeded from territory volume decile + compliance distribution, independent of Rx outcome)",True
1003000902,Lohano,Jaivanti,Family Practice,Louisville,KY,21,Breztri Aerosphere,Budesonide/Glycopyr/Formoterol,14,18.0,11254.7,REP-106,Fiona Gallagher,TERR-03,South Atlantic,8,Tier 1 (High Potential),8,10,125.0,3.33,32,3.2,3,18.8,0.8,4.44,"Synthetic call data (seeded from territory volume decile + compliance distribution, independent of Rx outcome)",True
1003000902,Lohano,Jaivanti,Family Practice,Louisville,KY,21,Budesonide-Formoterol Fumarate,Budesonide/Formoterol Fumarate,14,16.0,1065.45,REP-107,Garrett Vance,TERR-04,Texas Gulf Coast,7,Tier 2 (Med Potential),4,3,75.0,1.0,5,1.67,3,16.5,0.5,3.12,"Synthetic call data (seeded from territory volume decile + compliance distribution, independent of Rx outcome)",True
1003000902,Lohano,Jaivanti,Family Practice,Louisville,KY,21,Bumetanide,Bumetanide,24,24.0,172.42,REP-108,Hannah Abbott,TERR-04,Texas Gulf Coast,7,Tier 2 (Med Potential),4,4,100.0,1.33,10,2.5,4,25.1,1.1,4.58,"Synthetic call data (seeded from territory volume decile + compliance distribution, independent of Rx outcome)",True
1003000902,Lohano,Jaivanti,Family Practice,Louisville,KY,21,Bupropion Hcl Sr,Bupropion Hcl,14,24.0,148.94,REP-109,Ian Malcolm,TERR-05,Pacific Northwest,5,Tier 2 (Med Potential),4,1,25.0,0.33,2,2.0,0,24.6,0.6,2.5,"Synthetic call data (seeded from territory volume decile + compliance distribution, independent of Rx outcome)",True
1003000902,Lohano,Jaivanti,Family Practice,Louisville,KY,21,Bupropion Xl,Bupropion Hcl,24,40.0,352.33,REP-110,Julia Roberts,TERR-05,Pacific Northwest,5,Tier 3 (Low Potential),2,2,100.0,0.67,3,1.5,1,41.1,1.1,2.75,"Synthetic call data (seeded from territory volume decile + compliance distribution, independent of Rx outcome)",True
1003000902,Lohano,Jaivanti,Family Practice,Louisville,KY,21,Buspirone Hcl,Buspirone Hcl,98,129.0,693.37,REP-111,Kevin Bacon,TERR-06,Southwest Mountain,4,Tier 2 (Med Potential),4,5,125.0,1.67,10,2.0,2,133.6,4.6,3.57,"Synthetic call data (seeded from territory volume decile + compliance distribution, independent of Rx outcome)",True
1003000902,Lohano,Jaivanti,Family Practice,Louisville,KY,21,Carvedilol,Carvedilol,61,111.0,183.93,REP-112,Laura Croft,TERR-06,Southwest Mountain,4,Tier 3 (Low Potential),2,1,50.0,0.33,1,1.0,0,115.0,4.0,3.6,"Synthetic call data (seeded from territory volume decile + compliance distribution, independent of Rx outcome)",True
1003000902,Lohano,Jaivanti,Family Practice,Louisville,KY,21,Celecoxib,Celecoxib,24,48.0,615.88,REP-101,Alex Morgan,TERR-01,Northeast Metro,9,Tier 1 (High Potential),8,5,62.5,1.67,13,2.6,4,52.2,4.2,8.75,"Synthetic call data (seeded from territory volume decile + compliance distribution, independent of Rx outcome)",True
1003000902,Lohano,Jaivanti,Family Practice,Louisville,KY,21,Cephalexin,Cephalexin,19,19.0,55.61,REP-102,Brandon Hayes,TERR-01,Northeast Metro,9,Tier 1 (High Potential),8,8,100.0,2.67,16,2.0,6,18.9,-0.1,-0.53,"Synthetic call data (seeded from territory volume decile + compliance distribution, independent of Rx outcome)",True
1003000902,Lohano,Jaivanti,Family Practice,Louisville,KY,21,Chlorthalidone,Chlorthalidone,13,39.0,131.44,REP-103,Claire Vance,TERR-02,Midwest Central,6,Tier 2 (Med Potential),4,3,75.0,1.0,8,2.67,1,40.2,1.2,3.08,"Synthetic call data (seeded from territory volume decile + compliance distribution, independent of Rx outcome)",True
1003000902,Lohano,Jaivanti,Family Practice,Louisville,KY,21,Ciprofloxacin Hcl,Ciprofloxacin Hcl,13,13.0,56.99,REP-104,Derek Sterling,TERR-02,Midwest Central,6,Tier 3 (Low Potential),2,1,50.0,0.33,3,3.0,0,13.5,0.5,3.85,"Synthetic call data (seeded from territory volume decile + compliance distribution, independent of Rx outcome)",True
1003000902,Lohano,Jaivanti,Family Practice,Louisville,KY,21,Citalopram Hbr,Citalopram Hydrobromide,70,168.0,256.72,REP-105,Elena Rostova,TERR-03,South Atlantic,8,Tier 1 (High Potential),8,8,100.0,2.67,10,1.25,2,180.6,12.6,7.5,"Synthetic call data (seeded from territory volume decile + compliance distribution, independent of Rx outcome)",True
1003000902,Lohano,Jaivanti,Family Practice,Louisville,KY,21,Clonazepam,Clonazepam,52,52.0,191.92,REP-106,Fiona Gallagher,TERR-03,South Atlantic,8,Tier 1 (High Potential),8,7,87.5,2.33,8,1.14,6,52.8,0.8,1.54,"Synthetic call data (seeded from territory volume decile + compliance distribution, independent of Rx outcome)",True
1003000902,Lohano,Jaivanti,Family Practice,Louisville,KY,21,Clonidine Hcl,Clonidine Hcl,57,107.0,209.72,REP-107,Garrett Vance,TERR-04,Texas Gulf Coast,7,Tier 1 (High Potential),8,5,62.5,1.67,13,2.6,1,114.0,7.0,6.54,"Synthetic call data (seeded from territory volume decile + compliance distribution, independent of Rx outcome)",True
1003000902,Lohano,Jaivanti,Family Practice,Louisville,KY,21,Clopidogrel,Clopidogrel Bisulfate,87,179.2,665.21,REP-108,Hannah Abbott,TERR-04,Texas Gulf Coast,7,Tier 2 (Med Potential),4,3,75.0,1.0,4,1.33,2,192.5,13.3,7.42,"Synthetic call data (seeded from territory volume decile + compliance distribution, independent of Rx outcome)",True
1003000902,Lohano,Jaivanti,Family Practice,Louisville,KY,21,Clotrimazole-Betamethasone,Clotrimazole/Betamethasone Dip,16,16.0,212.98,REP-109,Ian Malcolm,TERR-05,Pacific Northwest,5,Tier 2 (Med Potential),4,4,100.0,1.33,4,1.0,1,16.4,0.4,2.5,"Synthetic call data (seeded from territory volume decile + compliance distribution, independent of Rx outcome)",True
1003000902,Lohano,Jaivanti,Family Practice,Louisville,KY,21,Cyclobenzaprine Hcl,Cyclobenzaprine Hcl,45,49.0,36.9,REP-110,Julia Roberts,TERR-05,Pacific Northwest,5,Tier 3 (Low Potential),2,2,100.0,0.67,4,2.0,2,51.3,2.3,4.69,"Synthetic call data (seeded from territory volume decile + compliance distribution, independent of Rx outcome)",True
1003000902,Lohano,Jaivanti,Family Practice,Louisville,KY,21,Dextroamphetamine-Amphetamine,Dextroamphetamine/Amphetamine,23,23.0,509.06,REP-111,Kevin Bacon,TERR-06,Southwest Mountain,4,Tier 2 (Med Potential),4,4,100.0,1.33,7,1.75,1,24.0,1.0,4.35,"Synthetic call data (seeded from territory volume decile + compliance distribution, independent of Rx outcome)",True
1003000902,Lohano,Jaivanti,Family Practice,Louisville,KY,21,Diclofenac Sodium,Diclofenac Sodium,29,43.0,75.99,REP-112,Laura Croft,TERR-06,Southwest Mountain,4,Tier 3 (Low Potential),2,1,50.0,0.33,2,2.0,0,45.8,2.8,6.51,"Synthetic call data (seeded from territory volume decile + compliance distribution, independent of Rx outcome)",True
1003000902,Lohano,Jaivanti,Family Practice,Louisville,KY,21,Dicyclomine Hcl,Dicyclomine Hcl,22,24.0,225.76,REP-101,Alex Morgan,TERR-01,Northeast Metro,9,Tier 1 (High Potential),8,10,125.0,3.33,20,2.0,4,25.7,1.7,7.08,"Synthetic call data (seeded from territory volume decile + compliance distribution, independent of Rx outcome)",True
1003000902,Lohano,Jaivanti,Family Practice,Louisville,KY,21,Digoxin,Digoxin,16,16.0,130.73,REP-102,Brandon Hayes,TERR-01,Northeast Metro,9,Tier 2 (Med Potential),4,4,100.0,1.33,8,2.0,1,15.9,-0.1,-0.62,"Synthetic call data (seeded from territory volume decile + compliance distribution, independent of Rx outcome)",True
1003000902,Lohano,Jaivanti,Family Practice,Louisville,KY,21,Diltiazem 24hr Er (Cd),Diltiazem Hcl,26,42.0,1363.45,REP-103,Claire Vance,TERR-02,Midwest Central,6,Tier 2 (Med Potential),4,2,50.0,0.67,5,2.5,2,43.8,1.8,4.29,"Synthetic call data (seeded from territory volume decile + compliance distribution, independent of Rx outcome)",True
1003000902,Lohano,Jaivanti,Family Practice,Louisville,KY,21,Donepezil Hcl,Donepezil Hcl,13,15.0,48.67,REP-104,Derek Sterling,TERR-02,Midwest Central,6,Tier 1 (High Potential),8,5,62.5,1.67,12,2.4,1,15.0,0.0,0.0,"Synthetic call data (seeded from territory volume decile + compliance distribution, independent of Rx outcome)",True
1003000902,Lohano,Jaivanti,Family Practice,Louisville,KY,21,Duloxetine Hcl,Duloxetine Hcl,23,35.0,196.15,REP-105,Elena Rostova,TERR-03,South Atlantic,8,Tier 1 (High Potential),8,11,137.5,3.67,17,1.55,5,37.2,2.2,6.29,"Synthetic call data (seeded from territory volume decile + compliance distribution, independent of Rx outcome)",True
1003000902,Lohano,Jaivanti,Family Practice,Louisville,KY,21,Eliquis,Apixaban,102,146.0,82462.93,REP-106,Fiona Gallagher,TERR-03,South Atlantic,8,Tier 2 (Med Potential),4,5,125.0,1.67,6,1.2,3,152.2,6.2,4.25,"Synthetic call data (seeded from territory volume decile + compliance distribution, independent of Rx outcome)",True
1003000902,Lohano,Jaivanti,Family Practice,Louisville,KY,21,Escitalopram Oxalate,Escitalopram Oxalate,112,260.0,950.48,REP-107,Garrett Vance,TERR-04,Texas Gulf Coast,7,Tier 2 (Med Potential),4,2,50.0,0.67,2,1.0,1,270.0,10.0,3.85,"Synthetic call data (seeded from territory volume decile + compliance distribution, independent of Rx outcome)",True
1003000902,Lohano,Jaivanti,Family Practice,Louisville,KY,21,Esomeprazole Magnesium,Esomeprazole Magnesium,35,90.0,444.08,REP-108,Hannah Abbott,TERR-04,Texas Gulf Coast,7,Tier 2 (Med Potential),4,3,75.0,1.0,10,3.33,1,90.1,0.1,0.11,"Synthetic call data (seeded from territory volume decile + compliance distribution, independent of Rx outcome)",True
1003000902,Lohano,Jaivanti,Family Practice,Louisville,KY,21,Ezetimibe,Ezetimibe,21,59.0,235.47,REP-109,Ian Malcolm,TERR-05,Pacific Northwest,5,Tier 2 (Med Potential),4,4,100.0,1.33,5,1.25,4,58.8,-0.2,-0.34,"Synthetic call data (seeded from territory volume decile + compliance distribution, independent of Rx outcome)",True
1003000902,Lohano,Jaivanti,Family Practice,Louisville,KY,21,Famotidine,Famotidine,28,60.3,213.22,REP-110,Julia Roberts,TERR-05,Pacific Northwest,5,Tier 2 (Med Potential),4,4,100.0,1.33,9,2.25,3,61.5,1.2,1.99,"Synthetic call data (seeded from territory volume decile + compliance distribution, independent of Rx outcome)",True
1003000902,Lohano,Jaivanti,Family Practice,Louisville,KY,21,Fenofibrate,Fenofibrate Nanocrystallized,69,153.9,1852.43,REP-111,Kevin Bacon,TERR-06,Southwest Mountain,4,Tier 2 (Med Potential),4,4,100.0,1.33,8,2.0,2,156.4,2.5,1.62,"Synthetic call data (seeded from territory volume decile + compliance distribution, independent of Rx outcome)",True
1003000902,Lohano,Jaivanti,Family Practice,Louisville,KY,21,Fluconazole,Fluconazole,35,35.0,127.66,REP-112,Laura Croft,TERR-06,Southwest Mountain,4,Tier 3 (Low Potential),2,1,50.0,0.33,1,1.0,0,33.9,-1.1,-3.14,"Synthetic call data (seeded from territory volume decile + compliance distribution, independent of Rx outcome)",True
1003000902,Lohano,Jaivanti,Family Practice,Louisville,KY,21,Fluoxetine Hcl,Fluoxetine Hcl,32,82.0,116.33,REP-101,Alex Morgan,TERR-01,Northeast Metro,9,Tier 2 (Med Potential),4,3,75.0,1.0,10,3.33,2,88.5,6.5,7.93,"Synthetic call data (seeded from territory volume decile + compliance distribution, independent of Rx outcome)",True
1003000902,Lohano,Jaivanti,Family Practice,Louisville,KY,21,Fluticasone Propionate,Fluticasone Propionate,75,138.0,1111.49,REP-102,Brandon Hayes,TERR-01,Northeast Metro,9,Tier 2 (Med Potential),4,6,150.0,2.0,8,1.33,6,140.6,2.6,1.88,"Synthetic call data (seeded from territory volume decile + compliance distribution, independent of Rx outcome)",True
1003000902,Lohano,Jaivanti,Family Practice,Louisville,KY,21,Fluticasone-Salmeterol,Fluticasone Propion/Salmeterol,34,48.0,2561.17,REP-103,Claire Vance,TERR-02,Midwest Central,6,Tier 2 (Med Potential),4,3,75.0,1.0,7,2.33,3,48.0,0.0,0.0,"Synthetic call data (seeded from territory volume decile + compliance distribution, independent of Rx outcome)",True
1003000902,Lohano,Jaivanti,Family Practice,Louisville,KY,21,Furosemide,Furosemide,116,176.0,332.91,REP-104,Derek Sterling,TERR-02,Midwest Central,6,Tier 3 (Low Potential),2,1,50.0,0.33,1,1.0,0,181.9,5.9,3.35,"Synthetic call data (seeded from territory volume decile + compliance distribution, independent of Rx outcome)",True
1003000902,Lohano,Jaivanti,Family Practice,Louisville,KY,21,Gabapentin,Gabapentin,227,323.0,1945.94,REP-105,Elena Rostova,TERR-03,South Atlantic,8,Tier 2 (Med Potential),4,5,125.0,1.67,9,1.8,3,339.3,16.3,5.05,"Synthetic call data (seeded from territory volume decile + compliance distribution, independent of Rx outcome)",True
1003000902,Lohano,Jaivanti,Family Practice,Louisville,KY,21,Glimepiride,Glimepiride,43,103.0,225.03,REP-106,Fiona Gallagher,TERR-03,South Atlantic,8,Tier 1 (High Potential),8,10,125.0,3.33,29,2.9,4,112.2,9.2,8.93,"Synthetic call data (seeded from territory volume decile + compliance distribution, independent of Rx outcome)",True
1003000902,Lohano,Jaivanti,Family Practice,Louisville,KY,21,Glipizide Er,Glipizide,16,24.0,155.23,REP-107,Garrett Vance,TERR-04,Texas Gulf Coast,7,Tier 1 (High Potential),8,2,25.0,0.67,3,1.5,2,23.4,-0.6,-2.5,"Synthetic call data (seeded from territory volume decile + compliance distribution, independent of Rx outcome)",True
1003000902,Lohano,Jaivanti,Family Practice,Louisville,KY,21,Hydralazine Hcl,Hydralazine Hcl,40,86.0,472.03,REP-108,Hannah Abbott,TERR-04,Texas Gulf Coast,7,Tier 2 (Med Potential),4,3,75.0,1.0,9,3.0,1,88.9,2.9,3.37,"Synthetic call data (seeded from territory volume decile + compliance distribution, independent of Rx outcome)",True
1003000902,Lohano,Jaivanti,Family Practice,Louisville,KY,21,Hydrochlorothiazide,Hydrochlorothiazide,85,205.0,127.64,REP-109,Ian Malcolm,TERR-05,Pacific Northwest,5,Tier 2 (Med Potential),4,2,50.0,0.67,5,2.5,1,206.7,1.7,0.83,"Synthetic call data (seeded from territory volume decile + compliance distribution, independent of Rx outcome)",True
1003000902,Lohano,Jaivanti,Family Practice,Louisville,KY,21,Hydrocodone-Acetaminophen,Hydrocodone/Acetaminophen,43,43.0,689.44,REP-110,Julia Roberts,TERR-05,Pacific Northwest,5,Tier 3 (Low Potential),2,3,150.0,1.0,6,2.0,2,43.3,0.3,0.7,"Synthetic call data (seeded from territory volume decile + compliance distribution, independent of Rx outcome)",True
1003000902,Lohano,Jaivanti,Family Practice,Louisville,KY,21,Hydroxyzine Hcl,Hydroxyzine Hcl,36,48.0,186.74,REP-111,Kevin Bacon,TERR-06,Southwest Mountain,4,Tier 2 (Med Potential),4,5,125.0,1.67,15,3.0,3,48.5,0.5,1.04,"Synthetic call data (seeded from territory volume decile + compliance distribution, independent of Rx outcome)",True
1003000902,Lohano,Jaivanti,Family Practice,Louisville,KY,21,Ibuprofen,Ibuprofen,21,21.0,51.25,REP-112,Laura Croft,TERR-06,Southwest Mountain,4,Tier 2 (Med Potential),4,3,75.0,1.0,4,1.33,2,21.6,0.6,2.86,"Synthetic call data (seeded from territory volume decile + compliance distribution, independent of Rx outcome)",True
1003000902,Lohano,Jaivanti,Family Practice,Louisville,KY,21,Isosorbide Mononitrate Er,Isosorbide Mononitrate,29,45.0,110.26,REP-101,Alex Morgan,TERR-01,Northeast Metro,9,Tier 2 (Med Potential),4,3,75.0,1.0,8,2.67,1,48.4,3.4,7.56,"Synthetic call data (seeded from territory volume decile + compliance distribution, independent of Rx outcome)",True
1003000902,Lohano,Jaivanti,Family Practice,Louisville,KY,21,Janumet,Sitagliptin Phos/Metformin Hcl,12,12.0,6764.28,REP-102,Brandon Hayes,TERR-01,Northeast Metro,9,Tier 1 (High Potential),8,10,125.0,3.33,33,3.3,10,12.4,0.4,3.33,"Synthetic call data (seeded from territory volume decile + compliance distribution, independent of Rx outcome)",True
1003000902,Lohano,Jaivanti,Family Practice,Louisville,KY,21,Januvia,Sitagliptin Phosphate,18,22.0,12254.97,REP-103,Claire Vance,TERR-02,Midwest Central,6,Tier 2 (Med Potential),4,1,25.0,0.33,3,3.0,0,21.7,-0.3,-1.36,"Synthetic call data (seeded from territory volume decile + compliance distribution, independent of Rx outcome)",True
1003000902,Lohano,Jaivanti,Family Practice,Louisville,KY,21,Jardiance,Empagliflozin,40,54.0,32328.42,REP-104,Derek Sterling,TERR-02,Midwest Central,6,Tier 2 (Med Potential),4,5,125.0,1.67,7,1.4,5,54.6,0.6,1.11,"Synthetic call data (seeded from territory volume decile + compliance distribution, independent of Rx outcome)",True
1003000902,Lohano,Jaivanti,Family Practice,Louisville,KY,21,Lantus Solostar,"Insulin Glargine,hum.Rec.Anlog",30,58.6,3709.56,REP-105,Elena Rostova,TERR-03,South Atlantic,8,Tier 1 (High Potential),8,7,87.5,2.33,18,2.57,4,62.0,3.4,5.8,"Synthetic call data (seeded from territory volume decile + compliance distribution, independent of Rx outcome)",True
1003000902,Lohano,Jaivanti,Family Practice,Louisville,KY,21,Levothyroxine Sodium,Levothyroxine Sodium,246,572.3,1850.16,REP-106,Fiona Gallagher,TERR-03,South Atlantic,8,Tier 1 (High Potential),8,6,75.0,2.0,19,3.17,4,586.9,14.6,2.55,"Synthetic call data (seeded from territory volume decile + compliance distribution, independent of Rx outcome)",True
1003000902,Lohano,Jaivanti,Family Practice,Louisville,KY,21,Lisinopril,Lisinopril,337,787.2,1615.83,REP-107,Garrett Vance,TERR-04,Texas Gulf Coast,7,Tier 2 (Med Potential),4,3,75.0,1.0,3,1.0,3,810.1,22.9,2.91,"Synthetic call data (seeded from territory volume decile + compliance distribution, independent of Rx outcome)",True
1003000902,Lohano,Jaivanti,Family Practice,Louisville,KY,21,Lisinopril-Hydrochlorothiazide,Lisinopril/Hydrochlorothiazide,59,177.0,361.43,REP-108,Hannah Abbott,TERR-04,Texas Gulf Coast,7,Tier 2 (Med Potential),4,5,125.0,1.67,15,3.0,3,182.2,5.2,2.94,"Synthetic call data (seeded from territory volume decile + compliance distribution, independent of Rx outcome)",True
1003000902,Lohano,Jaivanti,Family Practice,Louisville,KY,21,Lorazepam,Lorazepam,54,54.0,319.24,REP-109,Ian Malcolm,TERR-05,Pacific Northwest,5,Tier 2 (Med Potential),4,2,50.0,0.67,3,1.5,1,56.2,2.2,4.07,"Synthetic call data (seeded from territory volume decile + compliance distribution, independent of Rx outcome)",True
1003000902,Lohano,Jaivanti,Family Practice,Louisville,KY,21,Losartan Potassium,Losartan Potassium,124,322.9,1053.46,REP-110,Julia Roberts,TERR-05,Pacific Northwest,5,Tier 2 (Med Potential),4,4,100.0,1.33,12,3.0,3,338.2,15.3,4.74,"Synthetic call data (seeded from territory volume decile + compliance distribution, independent of Rx outcome)",True
1003000902,Lohano,Jaivanti,Family Practice,Louisville,KY,21,Losartan-Hydrochlorothiazide,Losartan/Hydrochlorothiazide,25,75.0,226.51,REP-111,Kevin Bacon,TERR-06,Southwest Mountain,4,Tier 2 (Med Potential),4,5,125.0,1.67,13,2.6,4,76.3,1.3,1.73,"Synthetic call data (seeded from territory volume decile + compliance distribution, independent of Rx outcome)",True
1003000902,Lohano,Jaivanti,Family Practice,Louisville,KY,21,Lovastatin,Lovastatin,21,63.0,106.14,REP-112,Laura Croft,TERR-06,Southwest Mountain,4,Tier 3 (Low Potential),2,2,100.0,0.67,4,2.0,1,63.5,0.5,0.79,"Synthetic call data (seeded from territory volume decile + compliance distribution, independent of Rx outcome)",True
1003000902,Lohano,Jaivanti,Family Practice,Louisville,KY,21,Meclizine Hcl,Meclizine Hcl,25,25.0,88.18,REP-101,Alex Morgan,TERR-01,Northeast Metro,9,Tier 1 (High Potential),8,10,125.0,3.33,27,2.7,5,26.2,1.2,4.8,"Synthetic call data (seeded from territory volume decile + compliance distribution, independent of Rx outcome)",True
1003000902,Lohano,Jaivanti,Family Practice,Louisville,KY,21,Meloxicam,Meloxicam,104,132.0,109.48,REP-102,Brandon Hayes,TERR-01,Northeast Metro,9,Tier 2 (Med Potential),4,4,100.0,1.33,10,2.5,3,134.4,2.4,1.82,"Synthetic call data (seeded from territory volume decile + compliance distribution, independent of Rx outcome)",True
1003000902,Lohano,Jaivanti,Family Practice,Louisville,KY,21,Metformin Hcl,Metformin Hcl,210,469.0,705.15,REP-103,Claire Vance,TERR-02,Midwest Central,6,Tier 3 (Low Potential),2,1,50.0,0.33,1,1.0,1,466.8,-2.2,-0.47,"Synthetic call data (seeded from territory volume decile + compliance distribution, independent of Rx outcome)",True
1003000902,Lohano,Jaivanti,Family Practice,Louisville,KY,21,Metformin Hcl Er,Metformin Hcl,13,31.0,87.09,REP-104,Derek Sterling,TERR-02,Midwest Central,6,Tier 3 (Low Potential),2,1,50.0,0.33,2,2.0,0,28.8,-2.2,-7.1,"Synthetic call data (seeded from territory volume decile + compliance distribution, independent of Rx outcome)",True
1003000902,Lohano,Jaivanti,Family Practice,Louisville,KY,21,Methocarbamol,Methocarbamol,15,15.0,25.37,REP-105,Elena Rostova,TERR-03,South Atlantic,8,Tier 2 (Med Potential),4,4,100.0,1.33,13,3.25,3,15.8,0.8,5.33,"Synthetic call data (seeded from territory volume decile + compliance distribution, independent of Rx outcome)",True
1003000902,Lohano,Jaivanti,Family Practice,Louisville,KY,21,Methylprednisolone,Methylprednisolone,30,30.0,116.71,REP-106,Fiona Gallagher,TERR-03,South Atlantic,8,Tier 2 (Med Potential),4,3,75.0,1.0,4,1.33,1,30.7,0.7,2.33,"Synthetic call data (seeded from territory volume decile + compliance distribution, independent of Rx outcome)",True
1003000902,Lohano,Jaivanti,Family Practice,Louisville,KY,21,Metoclopramide Hcl,Metoclopramide Hcl,15,27.0,60.44,REP-107,Garrett Vance,TERR-04,Texas Gulf Coast,7,Tier 2 (Med Potential),4,3,75.0,1.0,3,1.0,1,28.2,1.2,4.44,"Synthetic call data (seeded from territory volume decile + compliance distribution, independent of Rx outcome)",True
1003000902,Lohano,Jaivanti,Family Practice,Louisville,KY,21,Metoprolol Succinate,Metoprolol Succinate,125,259.8,1244.4,REP-108,Hannah Abbott,TERR-04,Texas Gulf Coast,7,Tier 2 (Med Potential),4,4,100.0,1.33,6,1.5,2,263.4,3.6,1.39,"Synthetic call data (seeded from territory volume decile + compliance distribution, independent of Rx outcome)",True
1003000902,Lohano,Jaivanti,Family Practice,Louisville,KY,21,Metoprolol Tartrate,Metoprolol Tartrate,146,304.6,637.23,REP-109,Ian Malcolm,TERR-05,Pacific Northwest,5,Tier 3 (Low Potential),2,0,0.0,0.0,0,0.0,0,305.4,0.8,0.26,"Synthetic call data (seeded from territory volume decile + compliance distribution, independent of Rx outcome)",True
1003000902,Lohano,Jaivanti,Family Practice,Louisville,KY,21,Mirtazapine,Mirtazapine,45,47.0,271.9,REP-110,Julia Roberts,TERR-05,Pacific Northwest,5,Tier 3 (Low Potential),2,3,150.0,1.0,4,1.33,1,46.4,-0.6,-1.28,"Synthetic call data (seeded from territory volume decile + compliance distribution, independent of Rx outcome)",True
1003000902,Lohano,Jaivanti,Family Practice,Louisville,KY,21,Montelukast Sodium,Montelukast Sodium,116,271.2,444.63,REP-111,Kevin Bacon,TERR-06,Southwest Mountain,4,Tier 2 (Med Potential),4,6,150.0,2.0,20,3.33,6,276.7,5.5,2.03,"Synthetic call data (seeded from territory volume decile + compliance distribution, independent of Rx outcome)",True
1003000902,Lohano,Jaivanti,Family Practice,Louisville,KY,21,Morphine Sulfate,Morphine Sulfate,18,18.0,267.34,REP-112,Laura Croft,TERR-06,Southwest Mountain,4,Tier 2 (Med Potential),4,3,75.0,1.0,8,2.67,3,18.8,0.8,4.44,"Synthetic call data (seeded from territory volume decile + compliance distribution, independent of Rx outcome)",True
1003000902,Lohano,Jaivanti,Family Practice,Louisville,KY,21,Myrbetriq,Mirabegron,12,12.0,5400.01,REP-101,Alex Morgan,TERR-01,Northeast Metro,9,Tier 1 (High Potential),8,9,112.5,3.0,17,1.89,10,12.6,0.6,5.0,"Synthetic call data (seeded from territory volume decile + compliance distribution, independent of Rx outcome)",True
1003000902,Lohano,Jaivanti,Family Practice,Louisville,KY,21,Nitrofurantoin Mono-Macro,Nitrofurantoin Monohyd/M-Cryst,34,34.0,293.52,REP-102,Brandon Hayes,TERR-01,Northeast Metro,9,Tier 1 (High Potential),8,10,125.0,3.33,30,3.0,6,33.8,-0.2,-0.59,"Synthetic call data (seeded from territory volume decile + compliance distribution, independent of Rx outcome)",True
1003000902,Lohano,Jaivanti,Family Practice,Louisville,KY,21,Olmesartan Medoxomil,Olmesartan Medoxomil,12,36.0,210.13,REP-103,Claire Vance,TERR-02,Midwest Central,6,Tier 2 (Med Potential),4,2,50.0,0.67,6,3.0,1,37.2,1.2,3.33,"Synthetic call data (seeded from territory volume decile + compliance distribution, independent of Rx outcome)",True
1003000902,Lohano,Jaivanti,Family Practice,Louisville,KY,21,Omeprazole,Omeprazole,245,513.0,1175.2,REP-104,Derek Sterling,TERR-02,Midwest Central,6,Tier 2 (Med Potential),4,1,25.0,0.33,2,2.0,1,515.4,2.4,0.47,"Synthetic call data (seeded from territory volume decile + compliance distribution, independent of Rx outcome)",True
1003000902,Lohano,Jaivanti,Family Practice,Louisville,KY,21,Ondansetron Hcl,Ondansetron Hcl,27,27.0,164.12,REP-105,Elena Rostova,TERR-03,South Atlantic,8,Tier 1 (High Potential),8,10,125.0,3.33,31,3.1,8,29.8,2.8,10.37,"Synthetic call data (seeded from territory volume decile + compliance distribution, independent of Rx outcome)",True
1003000902,Lohano,Jaivanti,Family Practice,Louisville,KY,21,Ondansetron Odt,Ondansetron,43,43.0,995.12,REP-106,Fiona Gallagher,TERR-03,South Atlantic,8,Tier 2 (Med Potential),4,4,100.0,1.33,13,3.25,4,45.7,2.7,6.28,"Synthetic call data (seeded from territory volume decile + compliance distribution, independent of Rx outcome)",True
1003000902,Lohano,Jaivanti,Family Practice,Louisville,KY,21,Ozempic,Semaglutide,35,42.3,37646.44,REP-107,Garrett Vance,TERR-04,Texas Gulf Coast,7,Tier 2 (Med Potential),4,2,50.0,0.67,4,2.0,1,40.9,-1.4,-3.31,"Synthetic call data (seeded from territory volume decile + compliance distribution, independent of Rx outcome)",True
1003000902,Lohano,Jaivanti,Family Practice,Louisville,KY,21,Pantoprazole Sodium,Pantoprazole Sodium,161,320.8,1376.29,REP-108,Hannah Abbott,TERR-04,Texas Gulf Coast,7,Tier 1 (High Potential),8,6,75.0,2.0,18,3.0,5,323.0,2.2,0.69,"Synthetic call data (seeded from territory volume decile + compliance distribution, independent of Rx outcome)",True
1003000902,Lohano,Jaivanti,Family Practice,Louisville,KY,21,Paroxetine Hcl,Paroxetine Hcl,37,95.0,311.31,REP-109,Ian Malcolm,TERR-05,Pacific Northwest,5,Tier 3 (Low Potential),2,1,50.0,0.33,1,1.0,0,97.7,2.7,2.84,"Synthetic call data (seeded from territory volume decile + compliance distribution, independent of Rx outcome)",True
1003000902,Lohano,Jaivanti,Family Practice,Louisville,KY,21,Potassium Chloride,Potassium Chloride,127,239.1,1427.0,REP-110,Julia Roberts,TERR-05,Pacific Northwest,5,Tier 2 (Med Potential),4,5,125.0,1.67,14,2.8,2,246.7,7.6,3.18,"Synthetic call data (seeded from territory volume decile + compliance distribution, independent of Rx outcome)",True
1003000902,Lohano,Jaivanti,Family Practice,Louisville,KY,21,Pramipexole Dihydrochloride,Pramipexole Di-Hcl,16,26.0,290.39,REP-111,Kevin Bacon,TERR-06,Southwest Mountain,4,Tier 3 (Low Potential),2,2,100.0,0.67,5,2.5,1,26.4,0.4,1.54,"Synthetic call data (seeded from territory volume decile + compliance distribution, independent of Rx outcome)",True
1003000902,Lohano,Jaivanti,Family Practice,Louisville,KY,21,Pravastatin Sodium,Pravastatin Sodium,99,239.0,685.65,REP-112,Laura Croft,TERR-06,Southwest Mountain,4,Tier 3 (Low Potential),2,1,50.0,0.33,2,2.0,0,237.3,-1.7,-0.71,"Synthetic call data (seeded from territory volume decile + compliance distribution, independent of Rx outcome)",True
1003000902,Lohano,Jaivanti,Family Practice,Louisville,KY,21,Prednisone,Prednisone,49,57.0,36.84,REP-101,Alex Morgan,TERR-01,Northeast Metro,9,Tier 1 (High Potential),8,9,112.5,3.0,15,1.67,9,61.0,4.0,7.02,"Synthetic call data (seeded from territory volume decile + compliance distribution, independent of Rx outcome)",True
1003000902,Lohano,Jaivanti,Family Practice,Louisville,KY,21,Pregabalin,Pregabalin,20,30.0,321.53,REP-102,Brandon Hayes,TERR-01,Northeast Metro,9,Tier 2 (Med Potential),4,4,100.0,1.33,7,1.75,2,31.2,1.2,4.0,"Synthetic call data (seeded from territory volume decile + compliance distribution, independent of Rx outcome)",True
1003000902,Lohano,Jaivanti,Family Practice,Louisville,KY,21,Propranolol Hcl,Propranolol Hcl,15,21.4,146.7,REP-103,Claire Vance,TERR-02,Midwest Central,6,Tier 2 (Med Potential),4,4,100.0,1.33,10,2.5,1,21.8,0.4,1.87,"Synthetic call data (seeded from territory volume decile + compliance distribution, independent of Rx outcome)",True
1003000902,Lohano,Jaivanti,Family Practice,Louisville,KY,21,Quetiapine Fumarate,Quetiapine Fumarate,36,67.0,340.98,REP-104,Derek Sterling,TERR-02,Midwest Central,6,Tier 2 (Med Potential),4,1,25.0,0.33,2,2.0,0,66.9,-0.1,-0.15,"Synthetic call data (seeded from territory volume decile + compliance distribution, independent of Rx outcome)",True
1003000902,Lohano,Jaivanti,Family Practice,Louisville,KY,21,Ropinirole Hcl,Ropinirole Hcl,23,38.0,87.57,REP-105,Elena Rostova,TERR-03,South Atlantic,8,Tier 2 (Med Potential),4,3,75.0,1.0,8,2.67,1,39.3,1.3,3.42,"Synthetic call data (seeded from territory volume decile + compliance distribution, independent of Rx outcome)",True
1003000902,Lohano,Jaivanti,Family Practice,Louisville,KY,21,Rosuvastatin Calcium,Rosuvastatin Calcium,63,171.0,602.27,REP-106,Fiona Gallagher,TERR-03,South Atlantic,8,Tier 1 (High Potential),8,10,125.0,3.33,14,1.4,5,178.8,7.8,4.56,"Synthetic call data (seeded from territory volume decile + compliance distribution, independent of Rx outcome)",True
1003000902,Lohano,Jaivanti,Family Practice,Louisville,KY,21,Sertraline Hcl,Sertraline Hcl,99,245.0,243.31,REP-107,Garrett Vance,TERR-04,Texas Gulf Coast,7,Tier 2 (Med Potential),4,2,50.0,0.67,6,3.0,1,252.5,7.5,3.06,"Synthetic call data (seeded from territory volume decile + compliance distribution, independent of Rx outcome)",True
1003000902,Lohano,Jaivanti,Family Practice,Louisville,KY,21,Simvastatin,Simvastatin,100,274.0,500.63,REP-108,Hannah Abbott,TERR-04,Texas Gulf Coast,7,Tier 1 (High Potential),8,5,62.5,1.67,16,3.2,3,286.3,12.3,4.49,"Synthetic call data (seeded from territory volume decile + compliance distribution, independent of Rx outcome)",True
1003000902,Lohano,Jaivanti,Family Practice,Louisville,KY,21,Spironolactone,Spironolactone,16,36.0,59.54,REP-109,Ian Malcolm,TERR-05,Pacific Northwest,5,Tier 2 (Med Potential),4,3,75.0,1.0,4,1.33,2,35.8,-0.2,-0.56,"Synthetic call data (seeded from territory volume decile + compliance distribution, independent of Rx outcome)",True
1003000902,Lohano,Jaivanti,Family Practice,Louisville,KY,21,Sulfamethoxazole-Trimethoprim,Sulfamethoxazole/Trimethoprim,11,11.0,18.05,REP-110,Julia Roberts,TERR-05,Pacific Northwest,5,Tier 2 (Med Potential),4,5,125.0,1.67,10,2.0,5,11.3,0.3,2.73,"Synthetic call data (seeded from territory volume decile + compliance distribution, independent of Rx outcome)",True
1003000902,Lohano,Jaivanti,Family Practice,Louisville,KY,21,Symbicort,Budesonide/Formoterol Fumarate,22,36.0,7626.7,REP-111,Kevin Bacon,TERR-06,Southwest Mountain,4,Tier 3 (Low Potential),2,1,50.0,0.33,3,3.0,0,37.2,1.2,3.33,"Synthetic call data (seeded from territory volume decile + compliance distribution, independent of Rx outcome)",True
1003000902,Lohano,Jaivanti,Family Practice,Louisville,KY,21,Synthroid,Levothyroxine Sodium,38,98.0,2669.76,REP-112,Laura Croft,TERR-06,Southwest Mountain,4,Tier 3 (Low Potential),2,1,50.0,0.33,1,1.0,0,97.6,-0.4,-0.41,"Synthetic call data (seeded from territory volume decile + compliance distribution, independent of Rx outcome)",True
1003000902,Lohano,Jaivanti,Family Practice,Louisville,KY,21,Tamsulosin Hcl,Tamsulosin Hcl,54,104.5,258.49,REP-101,Alex Morgan,TERR-01,Northeast Metro,9,Tier 1 (High Potential),8,7,87.5,2.33,22,3.14,7,108.6,4.1,3.92,"Synthetic call data (seeded from territory volume decile + compliance distribution, independent of Rx outcome)",True
1003000902,Lohano,Jaivanti,Family Practice,Louisville,KY,21,Tizanidine Hcl,Tizanidine Hcl,43,47.0,349.79,REP-102,Brandon Hayes,TERR-01,Northeast Metro,9,Tier 2 (Med Potential),4,4,100.0,1.33,11,2.75,1,48.9,1.9,4.04,"Synthetic call data (seeded from territory volume decile + compliance distribution, independent of Rx outcome)",True
1003000902,Lohano,Jaivanti,Family Practice,Louisville,KY,21,Topiramate,Topiramate,14,16.0,110.86,REP-103,Claire Vance,TERR-02,Midwest Central,6,Tier 3 (Low Potential),2,1,50.0,0.33,2,2.0,0,15.3,-0.7,-4.38,"Synthetic call data (seeded from territory volume decile + compliance distribution, independent of Rx outcome)",True
1003000902,Lohano,Jaivanti,Family Practice,Louisville,KY,21,Tramadol Hcl,Tramadol Hcl,29,29.0,116.63,REP-104,Derek Sterling,TERR-02,Midwest Central,6,Tier 2 (Med Potential),4,1,25.0,0.33,1,1.0,0,29.8,0.8,2.76,"Synthetic call data (seeded from territory volume decile + compliance distribution, independent of Rx outcome)",True
1003000902,Lohano,Jaivanti,Family Practice,Louisville,KY,21,Trazodone Hcl,Trazodone Hcl,74,121.0,257.91,REP-105,Elena Rostova,TERR-03,South Atlantic,8,Tier 1 (High Potential),8,9,112.5,3.0,19,2.11,9,126.7,5.7,4.71,"Synthetic call data (seeded from territory volume decile + compliance distribution, independent of Rx outcome)",True
1003000902,Lohano,Jaivanti,Family Practice,Louisville,KY,21,Trelegy Ellipta,Fluticasone/Umeclidin/Vilanter,54,54.0,33973.79,REP-106,Fiona Gallagher,TERR-03,South Atlantic,8,Tier 1 (High Potential),8,9,112.5,3.0,12,1.33,9,57.0,3.0,5.56,"Synthetic call data (seeded from territory volume decile + compliance distribution, independent of Rx outcome)",True
1003000902,Lohano,Jaivanti,Family Practice,Louisville,KY,21,Triamterene-Hydrochlorothiazid,Triamterene/Hydrochlorothiazid,22,66.0,141.38,REP-107,Garrett Vance,TERR-04,Texas Gulf Coast,7,Tier 2 (Med Potential),4,3,75.0,1.0,6,2.0,3,67.6,1.6,2.42,"Synthetic call data (seeded from territory volume decile + compliance distribution, independent of Rx outcome)",True
1003000902,Lohano,Jaivanti,Family Practice,Louisville,KY,21,Trintellix,Vortioxetine Hydrobromide,12,12.0,5780.28,REP-108,Hannah Abbott,TERR-04,Texas Gulf Coast,7,Tier 2 (Med Potential),4,5,125.0,1.67,6,1.2,2,13.2,1.2,10.0,"Synthetic call data (seeded from territory volume decile + compliance distribution, independent of Rx outcome)",True
1003000902,Lohano,Jaivanti,Family Practice,Louisville,KY,21,Valacyclovir,Valacyclovir Hcl,12,26.0,706.44,REP-109,Ian Malcolm,TERR-05,Pacific Northwest,5,Tier 2 (Med Potential),4,1,25.0,0.33,3,3.0,1,26.7,0.7,2.69,"Synthetic call data (seeded from territory volume decile + compliance distribution, independent of Rx outcome)",True
1003000902,Lohano,Jaivanti,Family Practice,Louisville,KY,21,Valsartan,Valsartan,13,39.0,21.44,REP-110,Julia Roberts,TERR-05,Pacific Northwest,5,Tier 2 (Med Potential),4,5,125.0,1.67,13,2.6,3,40.6,1.6,4.1,"Synthetic call data (seeded from territory volume decile + compliance distribution, independent of Rx outcome)",True
1003000902,Lohano,Jaivanti,Family Practice,Louisville,KY,21,Valsartan-Hydrochlorothiazide,Valsartan/Hydrochlorothiazide,16,22.0,159.58,REP-111,Kevin Bacon,TERR-06,Southwest Mountain,4,Tier 3 (Low Potential),2,2,100.0,0.67,4,2.0,1,22.2,0.2,0.91,"Synthetic call data (seeded from territory volume decile + compliance distribution, independent of Rx outcome)",True
1003000902,Lohano,Jaivanti,Family Practice,Louisville,KY,21,Venlafaxine Hcl Er,Venlafaxine Hcl,43,84.0,284.06,REP-112,Laura Croft,TERR-06,Southwest Mountain,4,Tier 3 (Low Potential),2,1,50.0,0.33,3,3.0,0,81.6,-2.4,-2.86,"Synthetic call data (seeded from territory volume decile + compliance distribution, independent of Rx outcome)",True
1003000902,Lohano,Jaivanti,Family Practice,Louisville,KY,21,Ventolin Hfa,Albuterol Sulfate,20,20.2,1056.63,REP-101,Alex Morgan,TERR-01,Northeast Metro,9,Tier 1 (High Potential),8,5,62.5,1.67,6,1.2,2,20.7,0.5,2.48,"Synthetic call data (seeded from territory volume decile + compliance distribution, independent of Rx outcome)",True
1003000902,Lohano,Jaivanti,Family Practice,Louisville,KY,21,Verapamil Er,Verapamil Hcl,27,81.0,522.45,REP-102,Brandon Hayes,TERR-01,Northeast Metro,9,Tier 1 (High Potential),8,11,137.5,3.67,20,1.82,9,85.2,4.2,5.19,"Synthetic call data (seeded from territory volume decile + compliance distribution, independent of Rx outcome)",True
1003000902,Lohano,Jaivanti,Family Practice,Louisville,KY,21,Xarelto,Rivaroxaban,21,39.0,21707.94,REP-103,Claire Vance,TERR-02,Midwest Central,6,Tier 2 (Med Potential),4,2,50.0,0.67,5,2.5,1,41.0,2.0,5.13,"Synthetic call data (seeded from territory volume decile + compliance distribution, independent of Rx outcome)",True
1003000902,Lohano,Jaivanti,Family Practice,Louisville,KY,21,Zolpidem Tartrate,Zolpidem Tartrate,82,90.0,329.66,REP-104,Derek Sterling,TERR-02,Midwest Central,6,Tier 3 (Low Potential),2,1,50.0,0.33,1,1.0,1,90.5,0.5,0.56,"Synthetic call data (seeded from territory volume decile + compliance distribution, independent of Rx outcome)",True
1003000902,Lohano,Jaivanti,Family Practice,Louisville,KY,21,Zonisamide,Zonisamide,12,12.0,276.08,REP-105,Elena Rostova,TERR-03,South Atlantic,8,Tier 1 (High Potential),8,9,112.5,3.0,22,2.44,2,12.6,0.6,5.0,"Synthetic call data (seeded from territory volume decile + compliance distribution, independent of Rx outcome)",True
1003000936,Stellingworth,Mark,Cardiology,Hartsville,SC,45,Acetazolamide,Acetazolamide,11,15.0,582.93,REP-106,Fiona Gallagher,TERR-03,South Atlantic,8,Tier 2 (Med Potential),4,5,125.0,1.67,10,2.0,5,15.2,0.2,1.33,"Synthetic call data (seeded from territory volume decile + compliance distribution, independent of Rx outcome)",True
1003000936,Stellingworth,Mark,Cardiology,Hartsville,SC,45,Amiodarone Hcl,Amiodarone Hcl,19,33.0,262.01,REP-107,Garrett Vance,TERR-04,Texas Gulf Coast,7,Tier 2 (Med Potential),4,2,50.0,0.67,2,1.0,2,33.2,0.2,0.61,"Synthetic call data (seeded from territory volume decile + compliance distribution, independent of Rx outcome)",True
1003000936,Stellingworth,Mark,Cardiology,Hartsville,SC,45,Amlodipine Besylate,Amlodipine Besylate,164,284.0,598.83,REP-108,Hannah Abbott,TERR-04,Texas Gulf Coast,7,Tier 1 (High Potential),8,9,112.5,3.0,30,3.33,2,299.8,15.8,5.56,"Synthetic call data (seeded from territory volume decile + compliance distribution, independent of Rx outcome)",True
1003000936,Stellingworth,Mark,Cardiology,Hartsville,SC,45,Atorvastatin Calcium,Atorvastatin Calcium,25,66.0,258.71,REP-109,Ian Malcolm,TERR-05,Pacific Northwest,5,Tier 2 (Med Potential),4,2,50.0,0.67,5,2.5,1,65.8,-0.2,-0.3,"Synthetic call data (seeded from territory volume decile + compliance distribution, independent of Rx outcome)",True
1003000936,Stellingworth,Mark,Cardiology,Hartsville,SC,45,Brilinta,Ticagrelor,11,11.0,5168.69,REP-110,Julia Roberts,TERR-05,Pacific Northwest,5,Tier 2 (Med Potential),4,5,125.0,1.67,9,1.8,4,11.7,0.7,6.36,"Synthetic call data (seeded from territory volume decile + compliance distribution, independent of Rx outcome)",True
1003000936,Stellingworth,Mark,Cardiology,Hartsville,SC,45,Bumetanide,Bumetanide,11,13.0,121.55,REP-111,Kevin Bacon,TERR-06,Southwest Mountain,4,Tier 3 (Low Potential),2,2,100.0,0.67,4,2.0,1,13.3,0.3,2.31,"Synthetic call data (seeded from territory volume decile + compliance distribution, independent of Rx outcome)",True
1003000936,Stellingworth,Mark,Cardiology,Hartsville,SC,45,Carvedilol,Carvedilol,48,80.0,259.39,REP-112,Laura Croft,TERR-06,Southwest Mountain,4,Tier 2 (Med Potential),4,1,25.0,0.33,2,2.0,1,81.6,1.6,2.0,"Synthetic call data (seeded from territory volume decile + compliance distribution, independent of Rx outcome)",True
1003000936,Stellingworth,Mark,Cardiology,Hartsville,SC,45,Chlorthalidone,Chlorthalidone,74,149.0,988.75,REP-101,Alex Morgan,TERR-01,Northeast Metro,9,Tier 1 (High Potential),8,10,125.0,3.33,17,1.7,5,154.1,5.1,3.42,"Synthetic call data (seeded from territory volume decile + compliance distribution, independent of Rx outcome)",True
1003000936,Stellingworth,Mark,Cardiology,Hartsville,SC,45,Diltiazem 24hr Er (Cd),Diltiazem Hcl,12,16.0,213.44,REP-102,Brandon Hayes,TERR-01,Northeast Metro,9,Tier 2 (Med Potential),4,3,75.0,1.0,10,3.33,3,15.8,-0.2,-1.25,"Synthetic call data (seeded from territory volume decile + compliance distribution, independent of Rx outcome)",True
1003000936,Stellingworth,Mark,Cardiology,Hartsville,SC,45,Eliquis,Apixaban,84,117.5,65098.88,REP-103,Claire Vance,TERR-02,Midwest Central,6,Tier 3 (Low Potential),2,2,100.0,0.67,5,2.5,1,130.5,13.0,11.06,"Synthetic call data (seeded from territory volume decile + compliance distribution, independent of Rx outcome)",True
1003000936,Stellingworth,Mark,Cardiology,Hartsville,SC,45,Entresto,Sacubitril/Valsartan,42,48.0,31700.29,REP-104,Derek Sterling,TERR-02,Midwest Central,6,Tier 1 (High Potential),8,5,62.5,1.67,14,2.8,4,48.4,0.4,0.83,"Synthetic call data (seeded from territory volume decile + compliance distribution, independent of Rx outcome)",True
1003000936,Stellingworth,Mark,Cardiology,Hartsville,SC,45,Ezetimibe,Ezetimibe,232,316.0,2443.19,REP-105,Elena Rostova,TERR-03,South Atlantic,8,Tier 1 (High Potential),8,9,112.5,3.0,21,2.33,9,344.1,28.1,8.89,"Synthetic call data (seeded from territory volume decile + compliance distribution, independent of Rx outcome)",True
1003000936,Stellingworth,Mark,Cardiology,Hartsville,SC,45,Furosemide,Furosemide,16,28.0,43.01,REP-106,Fiona Gallagher,TERR-03,South Atlantic,8,Tier 2 (Med Potential),4,6,150.0,2.0,17,2.83,5,29.1,1.1,3.93,"Synthetic call data (seeded from territory volume decile + compliance distribution, independent of Rx outcome)",True
1003000936,Stellingworth,Mark,Cardiology,Hartsville,SC,45,Isosorbide Mononitrate Er,Isosorbide Mononitrate,47,73.0,234.5,REP-107,Garrett Vance,TERR-04,Texas Gulf Coast,7,Tier 2 (Med Potential),4,3,75.0,1.0,5,1.67,3,77.3,4.3,5.89,"Synthetic call data (seeded from territory volume decile + compliance distribution, independent of Rx outcome)",True
1003000936,Stellingworth,Mark,Cardiology,Hartsville,SC,45,Jardiance,Empagliflozin,14,18.0,10566.1,REP-108,Hannah Abbott,TERR-04,Texas Gulf Coast,7,Tier 2 (Med Potential),4,5,125.0,1.67,12,2.4,3,17.5,-0.5,-2.78,"Synthetic call data (seeded from territory volume decile + compliance distribution, independent of Rx outcome)",True
1003000936,Stellingworth,Mark,Cardiology,Hartsville,SC,45,Lisinopril,Lisinopril,21,39.0,92.17,REP-109,Ian Malcolm,TERR-05,Pacific Northwest,5,Tier 2 (Med Potential),4,2,50.0,0.67,4,2.0,1,38.8,-0.2,-0.51,"Synthetic call data (seeded from territory volume decile + compliance distribution, independent of Rx outcome)",True
1003000936,Stellingworth,Mark,Cardiology,Hartsville,SC,45,Losartan Potassium,Losartan Potassium,59,161.0,676.02,REP-110,Julia Roberts,TERR-05,Pacific Northwest,5,Tier 2 (Med Potential),4,3,75.0,1.0,10,3.33,3,171.5,10.5,6.52,"Synthetic call data (seeded from territory volume decile + compliance distribution, independent of Rx outcome)",True
1003000936,Stellingworth,Mark,Cardiology,Hartsville,SC,45,Metoprolol Succinate,Metoprolol Succinate,57,79.0,539.53,REP-111,Kevin Bacon,TERR-06,Southwest Mountain,4,Tier 2 (Med Potential),4,4,100.0,1.33,9,2.25,1,80.9,1.9,2.41,"Synthetic call data (seeded from territory volume decile + compliance distribution, independent of Rx outcome)",True
1003000936,Stellingworth,Mark,Cardiology,Hartsville,SC,45,Metoprolol Tartrate,Metoprolol Tartrate,44,82.0,117.86,REP-112,Laura Croft,TERR-06,Southwest Mountain,4,Tier 2 (Med Potential),4,2,50.0,0.67,3,1.5,1,81.2,-0.8,-0.98,"Synthetic call data (seeded from territory volume decile + compliance distribution, independent of Rx outcome)",True
1003000936,Stellingworth,Mark,Cardiology,Hartsville,SC,45,Nebivolol Hcl,Nebivolol Hcl,53,70.0,2044.74,REP-101,Alex Morgan,TERR-01,Northeast Metro,9,Tier 1 (High Potential),8,10,125.0,3.33,24,2.4,6,75.1,5.1,7.29,"Synthetic call data (seeded from territory volume decile + compliance distribution, independent of Rx outcome)",True
1003000936,Stellingworth,Mark,Cardiology,Hartsville,SC,45,Nexlizet,Bempedoic Acid/Ezetimibe,11,15.0,5951.72,REP-102,Brandon Hayes,TERR-01,Northeast Metro,9,Tier 2 (Med Potential),4,3,75.0,1.0,4,1.33,1,15.2,0.2,1.33,"Synthetic call data (seeded from territory volume decile + compliance distribution, independent of Rx outcome)",True
1003000936,Stellingworth,Mark,Cardiology,Hartsville,SC,45,Potassium Chloride,Potassium Chloride,13,21.0,150.25,REP-103,Claire Vance,TERR-02,Midwest Central,6,Tier 3 (Low Potential),2,1,50.0,0.33,2,2.0,0,21.7,0.7,3.33,"Synthetic call data (seeded from territory volume decile + compliance distribution, independent of Rx outcome)",True
1003000936,Stellingworth,Mark,Cardiology,Hartsville,SC,45,Pravastatin Sodium,Pravastatin Sodium,22,42.0,279.12,REP-104,Derek Sterling,TERR-02,Midwest Central,6,Tier 2 (Med Potential),4,2,50.0,0.67,3,1.5,1,43.2,1.2,2.86,"Synthetic call data (seeded from territory volume decile + compliance distribution, independent of Rx outcome)",True
1003000936,Stellingworth,Mark,Cardiology,Hartsville,SC,45,Repatha Syringe,Evolocumab,14,14.0,3868.38,REP-105,Elena Rostova,TERR-03,South Atlantic,8,Tier 2 (Med Potential),4,4,100.0,1.33,7,1.75,3,14.1,0.1,0.71,"Synthetic call data (seeded from territory volume decile + compliance distribution, independent of Rx outcome)",True
1003000936,Stellingworth,Mark,Cardiology,Hartsville,SC,45,Rosuvastatin Calcium,Rosuvastatin Calcium,90,246.8,1153.82,REP-106,Fiona Gallagher,TERR-03,South Atlantic,8,Tier 2 (Med Potential),4,4,100.0,1.33,13,3.25,4,248.1,1.3,0.53,"Synthetic call data (seeded from territory volume decile + compliance distribution, independent of Rx outcome)",True
1003000936,Stellingworth,Mark,Cardiology,Hartsville,SC,45,Spironolactone,Spironolactone,53,101.0,259.07,REP-107,Garrett Vance,TERR-04,Texas Gulf Coast,7,Tier 2 (Med Potential),4,4,100.0,1.33,8,2.0,2,107.1,6.1,6.04,"Synthetic call data (seeded from territory volume decile + compliance distribution, independent of Rx outcome)",True
1003001207,Gorji,Niloo,Dentist,Tolland,CT,09,Amoxicillin,Amoxicillin,32,32.0,73.29,REP-108,Hannah Abbott,TERR-04,Texas Gulf Coast,7,Tier 1 (High Potential),8,7,87.5,2.33,14,2.0,5,33.3,1.3,4.06,"Synthetic call data (seeded from territory volume decile + compliance distribution, independent of Rx outcome)",True
1003001207,Gorji,Niloo,Dentist,Tolland,CT,09,Pilocarpine Hcl,Pilocarpine Hcl,12,24.0,539.12,REP-109,Ian Malcolm,TERR-05,Pacific Northwest,5,Tier 2 (Med Potential),4,1,25.0,0.33,2,2.0,0,24.6,0.6,2.5,"Synthetic call data (seeded from territory volume decile + compliance distribution, independent of Rx outcome)",True
1003001256,Caragol,Jennifer,Family Practice,Evans,CO,08,Alendronate Sodium,Alendronate Sodium,11,30.8,135.15,REP-110,Julia Roberts,TERR-05,Pacific Northwest,5,Tier 3 (Low Potential),2,2,100.0,0.67,5,2.5,1,31.3,0.5,1.62,"Synthetic call data (seeded from territory volume decile + compliance distribution, independent of Rx outcome)",True
1003001256,Caragol,Jennifer,Family Practice,Evans,CO,08,Amlodipine Besylate,Amlodipine Besylate,27,77.0,179.69,REP-111,Kevin Bacon,TERR-06,Southwest Mountain,4,Tier 3 (Low Potential),2,3,150.0,1.0,5,1.67,1,77.9,0.9,1.17,"Synthetic call data (seeded from territory volume decile + compliance distribution, independent of Rx outcome)",True
1003001256,Caragol,Jennifer,Family Practice,Evans,CO,08,Atorvastatin Calcium,Atorvastatin Calcium,47,115.0,360.65,REP-112,Laura Croft,TERR-06,Southwest Mountain,4,Tier 2 (Med Potential),4,3,75.0,1.0,8,2.67,3,117.1,2.1,1.83,"Synthetic call data (seeded from territory volume decile + compliance distribution, independent of Rx outcome)",True
1003001256,Caragol,Jennifer,Family Practice,Evans,CO,08,Fluticasone Propionate,Fluticasone Propionate,19,19.0,332.94,REP-101,Alex Morgan,TERR-01,Northeast Metro,9,Tier 2 (Med Potential),4,3,75.0,1.0,10,3.33,2,19.5,0.5,2.63,"Synthetic call data (seeded from territory volume decile + compliance distribution, independent of Rx outcome)",True
1003001256,Caragol,Jennifer,Family Practice,Evans,CO,08,Gabapentin,Gabapentin,14,36.0,203.6,REP-102,Brandon Hayes,TERR-01,Northeast Metro,9,Tier 2 (Med Potential),4,4,100.0,1.33,13,3.25,2,38.0,2.0,5.56,"Synthetic call data (seeded from territory volume decile + compliance distribution, independent of Rx outcome)",True
1003001256,Caragol,Jennifer,Family Practice,Evans,CO,08,Hydroxyzine Hcl,Hydroxyzine Hcl,16,16.0,110.85,REP-103,Claire Vance,TERR-02,Midwest Central,6,Tier 2 (Med Potential),4,1,25.0,0.33,1,1.0,0,16.5,0.5,3.12,"Synthetic call data (seeded from territory volume decile + compliance distribution, independent of Rx outcome)",True
1003001256,Caragol,Jennifer,Family Practice,Evans,CO,08,Jardiance,Empagliflozin,13,20.0,12463.6,REP-104,Derek Sterling,TERR-02,Midwest Central,6,Tier 3 (Low Potential),2,1,50.0,0.33,3,3.0,0,20.0,0.0,0.0,"Synthetic call data (seeded from territory volume decile + compliance distribution, independent of Rx outcome)",True
1003001256,Caragol,Jennifer,Family Practice,Evans,CO,08,Levothyroxine Sodium,Levothyroxine Sodium,23,44.0,94.32,REP-105,Elena Rostova,TERR-03,South Atlantic,8,Tier 2 (Med Potential),4,5,125.0,1.67,12,2.4,5,46.1,2.1,4.77,"Synthetic call data (seeded from territory volume decile + compliance distribution, independent of Rx outcome)",True
1003001256,Caragol,Jennifer,Family Practice,Evans,CO,08,Lisinopril,Lisinopril,34,94.7,190.54,REP-106,Fiona Gallagher,TERR-03,South Atlantic,8,Tier 2 (Med Potential),4,5,125.0,1.67,14,2.8,2,96.8,2.1,2.22,"Synthetic call data (seeded from territory volume decile + compliance distribution, independent of Rx outcome)",True
1003001256,Caragol,Jennifer,Family Practice,Evans,CO,08,Losartan Potassium,Losartan Potassium,14,36.0,88.08,REP-107,Garrett Vance,TERR-04,Texas Gulf Coast,7,Tier 1 (High Potential),8,5,62.5,1.67,6,1.2,3,38.6,2.6,7.22,"Synthetic call data (seeded from territory volume decile + compliance distribution, independent of Rx outcome)",True
1003001256,Caragol,Jennifer,Family Practice,Evans,CO,08,Metformin Hcl,Metformin Hcl,22,36.0,117.56,REP-108,Hannah Abbott,TERR-04,Texas Gulf Coast,7,Tier 2 (Med Potential),4,5,125.0,1.67,8,1.6,5,38.8,2.8,7.78,"Synthetic call data (seeded from territory volume decile + compliance distribution, independent of Rx outcome)",True
1003001256,Caragol,Jennifer,Family Practice,Evans,CO,08,Myrbetriq,Mirabegron,12,12.0,5529.82,REP-109,Ian Malcolm,TERR-05,Pacific Northwest,5,Tier 2 (Med Potential),4,1,25.0,0.33,2,2.0,0,11.8,-0.2,-1.67,"Synthetic call data (seeded from territory volume decile + compliance distribution, independent of Rx outcome)",True
1003001256,Caragol,Jennifer,Family Practice,Evans,CO,08,Omeprazole,Omeprazole,11,34.3,205.0,REP-110,Julia Roberts,TERR-05,Pacific Northwest,5,Tier 3 (Low Potential),2,2,100.0,0.67,6,3.0,2,35.2,0.9,2.62,"Synthetic call data (seeded from territory volume decile + compliance distribution, independent of Rx outcome)",True
1003001256,Caragol,Jennifer,Family Practice,Evans,CO,08,Oxybutynin Chloride Er,Oxybutynin Chloride,15,21.0,88.44,REP-111,Kevin Bacon,TERR-06,Southwest Mountain,4,Tier 3 (Low Potential),2,2,100.0,0.67,5,2.5,0,21.8,0.8,3.81,"Synthetic call data (seeded from territory volume decile + compliance distribution, independent of Rx outcome)",True
1003001256,Caragol,Jennifer,Family Practice,Evans,CO,08,Oxycodone Hcl,Oxycodone Hcl,19,19.0,639.16,REP-112,Laura Croft,TERR-06,Southwest Mountain,4,Tier 3 (Low Potential),2,1,50.0,0.33,2,2.0,0,19.8,0.8,4.21,"Synthetic call data (seeded from territory volume decile + compliance distribution, independent of Rx outcome)",True
1003001256,Caragol,Jennifer,Family Practice,Evans,CO,08,Pantoprazole Sodium,Pantoprazole Sodium,22,42.0,288.96,REP-101,Alex Morgan,TERR-01,Northeast Metro,9,Tier 1 (High Potential),8,10,125.0,3.33,15,1.5,8,44.0,2.0,4.76,"Synthetic call data (seeded from territory volume decile + compliance distribution, independent of Rx outcome)",True
1003001256,Caragol,Jennifer,Family Practice,Evans,CO,08,Venlafaxine Hcl Er,Venlafaxine Hcl,15,24.3,1264.89,REP-102,Brandon Hayes,TERR-01,Northeast Metro,9,Tier 2 (Med Potential),4,5,125.0,1.67,15,3.0,3,24.7,0.4,1.65,"Synthetic call data (seeded from territory volume decile + compliance distribution, independent of Rx outcome)",True
1003001363,Stevens,Charles,Anesthesiology,El Centro,CA,06,Acetaminophen-Codeine,Acetaminophen With Codeine,123,123.0,2901.36,REP-103,Claire Vance,TERR-02,Midwest Central,6,Tier 2 (Med Potential),4,2,50.0,0.67,6,3.0,1,125.0,2.0,1.63,"Synthetic call data (seeded from territory volume decile + compliance distribution, independent of Rx outcome)",True
1003001363,Stevens,Charles,Anesthesiology,El Centro,CA,06,Amitriptyline Hcl,Amitriptyline Hcl,93,107.0,2369.41,REP-104,Derek Sterling,TERR-02,Midwest Central,6,Tier 2 (Med Potential),4,1,25.0,0.33,1,1.0,0,112.5,5.5,5.14,"Synthetic call data (seeded from territory volume decile + compliance distribution, independent of Rx outcome)",True
1003001363,Stevens,Charles,Anesthesiology,El Centro,CA,06,Baclofen,Baclofen,515,565.1,7542.06,REP-105,Elena Rostova,TERR-03,South Atlantic,8,Tier 2 (Med Potential),4,3,75.0,1.0,4,1.33,1,603.3,38.2,6.76,"Synthetic call data (seeded from territory volume decile + compliance distribution, independent of Rx outcome)",True
1003001363,Stevens,Charles,Anesthesiology,El Centro,CA,06,Belsomra,Suvorexant,17,17.0,7281.52,REP-106,Fiona Gallagher,TERR-03,South Atlantic,8,Tier 1 (High Potential),8,11,137.5,3.67,18,1.64,10,18.0,1.0,5.88,"Synthetic call data (seeded from territory volume decile + compliance distribution, independent of Rx outcome)",True
1003001363,Stevens,Charles,Anesthesiology,El Centro,CA,06,Buprenorphine,Buprenorphine,30,30.0,8844.58,REP-107,Garrett Vance,TERR-04,Texas Gulf Coast,7,Tier 2 (Med Potential),4,3,75.0,1.0,9,3.0,2,31.3,1.3,4.33,"Synthetic call data (seeded from territory volume decile + compliance distribution, independent of Rx outcome)",True
1003001363,Stevens,Charles,Anesthesiology,El Centro,CA,06,Buprenorphine-Naloxone,Buprenorphine Hcl/Naloxone Hcl,12,12.0,654.74,REP-108,Hannah Abbott,TERR-04,Texas Gulf Coast,7,Tier 2 (Med Potential),4,4,100.0,1.33,5,1.25,3,12.4,0.4,3.33,"Synthetic call data (seeded from territory volume decile + compliance distribution, independent of Rx outcome)",True
1003001363,Stevens,Charles,Anesthesiology,El Centro,CA,06,Celecoxib,Celecoxib,67,73.0,1346.92,REP-109,Ian Malcolm,TERR-05,Pacific Northwest,5,Tier 2 (Med Potential),4,2,50.0,0.67,3,1.5,2,73.4,0.4,0.55,"Synthetic call data (seeded from territory volume decile + compliance distribution, independent of Rx outcome)",True
1003001363,Stevens,Charles,Anesthesiology,El Centro,CA,06,Cyclobenzaprine Hcl,Cyclobenzaprine Hcl,354,367.4,3359.89,REP-110,Julia Roberts,TERR-05,Pacific Northwest,5,Tier 2 (Med Potential),4,5,125.0,1.67,7,1.4,3,380.8,13.4,3.65,"Synthetic call data (seeded from territory volume decile + compliance distribution, independent of Rx outcome)",True
1003001363,Stevens,Charles,Anesthesiology,El Centro,CA,06,Diclofenac Epolamine,Diclofenac Epolamine,20,20.0,12462.34,REP-111,Kevin Bacon,TERR-06,Southwest Mountain,4,Tier 2 (Med Potential),4,5,125.0,1.67,7,1.4,3,20.8,0.8,4.0,"Synthetic call data (seeded from territory volume decile + compliance distribution, independent of Rx outcome)",True
1003001363,Stevens,Charles,Anesthesiology,El Centro,CA,06,Diclofenac Sodium,Diclofenac Sodium,194,216.8,10872.42,REP-112,Laura Croft,TERR-06,Southwest Mountain,4,Tier 3 (Low Potential),2,1,50.0,0.33,3,3.0,0,214.7,-2.1,-0.97,"Synthetic call data (seeded from territory volume decile + compliance distribution, independent of Rx outcome)",True
1003001363,Stevens,Charles,Anesthesiology,El Centro,CA,06,Duloxetine Hcl,Duloxetine Hcl,133,154.0,1780.25,REP-101,Alex Morgan,TERR-01,Northeast Metro,9,Tier 1 (High Potential),8,4,50.0,1.33,5,1.25,3,159.7,5.7,3.7,"Synthetic call data (seeded from territory volume decile + compliance distribution, independent of Rx outcome)",True
1003001363,Stevens,Charles,Anesthesiology,El Centro,CA,06,Emgality Pen,Galcanezumab-Gnlm,12,12.0,7790.04,REP-102,Brandon Hayes,TERR-01,Northeast Metro,9,Tier 1 (High Potential),8,7,87.5,2.33,18,2.57,3,12.6,0.6,5.0,"Synthetic call data (seeded from territory volume decile + compliance distribution, independent of Rx outcome)",True
1003001363,Stevens,Charles,Anesthesiology,El Centro,CA,06,Eszopiclone,Eszopiclone,42,42.0,287.05,REP-103,Claire Vance,TERR-02,Midwest Central,6,Tier 2 (Med Potential),4,2,50.0,0.67,3,1.5,1,44.2,2.2,5.24,"Synthetic call data (seeded from territory volume decile + compliance distribution, independent of Rx outcome)",True
1003001363,Stevens,Charles,Anesthesiology,El Centro,CA,06,Famotidine,Famotidine,15,19.0,117.9,REP-104,Derek Sterling,TERR-02,Midwest Central,6,Tier 2 (Med Potential),4,2,50.0,0.67,3,1.5,1,19.2,0.2,1.05,"Synthetic call data (seeded from territory volume decile + compliance distribution, independent of Rx outcome)",True
1003001363,Stevens,Charles,Anesthesiology,El Centro,CA,06,Fentanyl,Fentanyl,76,76.0,10969.16,REP-105,Elena Rostova,TERR-03,South Atlantic,8,Tier 2 (Med Potential),4,5,125.0,1.67,7,1.4,3,78.6,2.6,3.42,"Synthetic call data (seeded from territory volume decile + compliance distribution, independent of Rx outcome)",True
1003001363,Stevens,Charles,Anesthesiology,El Centro,CA,06,Gabapentin,Gabapentin,1301,1422.0,15198.99,REP-106,Fiona Gallagher,TERR-03,South Atlantic,8,Tier 2 (Med Potential),4,6,150.0,2.0,20,3.33,3,1439.2,17.2,1.21,"Synthetic call data (seeded from territory volume decile + compliance distribution, independent of Rx outcome)",True
1003001363,Stevens,Charles,Anesthesiology,El Centro,CA,06,Hydrocodone-Acetaminophen,Hydrocodone/Acetaminophen,1711,1713.0,52745.88,REP-107,Garrett Vance,TERR-04,Texas Gulf Coast,7,Tier 2 (Med Potential),4,3,75.0,1.0,6,2.0,3,1681.2,-31.8,-1.86,"Synthetic call data (seeded from territory volume decile + compliance distribution, independent of Rx outcome)",True
1003001363,Stevens,Charles,Anesthesiology,El Centro,CA,06,Hydromorphone Hcl,Hydromorphone Hcl,51,51.0,874.63,REP-108,Hannah Abbott,TERR-04,Texas Gulf Coast,7,Tier 1 (High Potential),8,8,100.0,2.67,27,3.38,4,52.4,1.4,2.75,"Synthetic call data (seeded from territory volume decile + compliance distribution, independent of Rx outcome)",True
1003001363,Stevens,Charles,Anesthesiology,El Centro,CA,06,Ibu,Ibuprofen,17,17.0,113.56,REP-109,Ian Malcolm,TERR-05,Pacific Northwest,5,Tier 2 (Med Potential),4,2,50.0,0.67,4,2.0,2,18.0,1.0,5.88,"Synthetic call data (seeded from territory volume decile + compliance distribution, independent of Rx outcome)",True
1003001363,Stevens,Charles,Anesthesiology,El Centro,CA,06,Ibuprofen,Ibuprofen,306,319.0,1942.56,REP-110,Julia Roberts,TERR-05,Pacific Northwest,5,Tier 2 (Med Potential),4,4,100.0,1.33,13,3.25,1,334.9,15.9,4.98,"Synthetic call data (seeded from territory volume decile + compliance distribution, independent of Rx outcome)",True
1003001363,Stevens,Charles,Anesthesiology,El Centro,CA,06,Lidocaine,Lidocaine,167,197.2,18983.92,REP-111,Kevin Bacon,TERR-06,Southwest Mountain,4,Tier 3 (Low Potential),2,2,100.0,0.67,6,3.0,1,196.5,-0.7,-0.35,"Synthetic call data (seeded from territory volume decile + compliance distribution, independent of Rx outcome)",True
1003001363,Stevens,Charles,Anesthesiology,El Centro,CA,06,Linzess,Linaclotide,41,41.0,21384.12,REP-112,Laura Croft,TERR-06,Southwest Mountain,4,Tier 3 (Low Potential),2,2,100.0,0.67,3,1.5,2,44.4,3.4,8.29,"Synthetic call data (seeded from territory volume decile + compliance distribution, independent of Rx outcome)",True
1003001363,Stevens,Charles,Anesthesiology,El Centro,CA,06,Lubiprostone,Lubiprostone,43,49.0,6567.86,REP-101,Alex Morgan,TERR-01,Northeast Metro,9,Tier 1 (High Potential),8,9,112.5,3.0,27,3.0,6,52.5,3.5,7.14,"Synthetic call data (seeded from territory volume decile + compliance distribution, independent of Rx outcome)",True
1003001363,Stevens,Charles,Anesthesiology,El Centro,CA,06,Meloxicam,Meloxicam,330,358.0,999.15,REP-102,Brandon Hayes,TERR-01,Northeast Metro,9,Tier 2 (Med Potential),4,3,75.0,1.0,7,2.33,2,364.4,6.4,1.79,"Synthetic call data (seeded from territory volume decile + compliance distribution, independent of Rx outcome)",True
1003001363,Stevens,Charles,Anesthesiology,El Centro,CA,06,Metaxalone,Metaxalone,16,16.0,1551.69,REP-103,Claire Vance,TERR-02,Midwest Central,6,Tier 1 (High Potential),8,4,50.0,1.33,4,1.0,1,17.3,1.3,8.12,"Synthetic call data (seeded from territory volume decile + compliance distribution, independent of Rx outcome)",True
1003001363,Stevens,Charles,Anesthesiology,El Centro,CA,06,Methadone Hcl,Methadone Hcl,30,30.0,417.11,REP-104,Derek Sterling,TERR-02,Midwest Central,6,Tier 1 (High Potential),8,2,25.0,0.67,4,2.0,1,31.4,1.4,4.67,"Synthetic call data (seeded from territory volume decile + compliance distribution, independent of Rx outcome)",True
1003001363,Stevens,Charles,Anesthesiology,El Centro,CA,06,Methocarbamol,Methocarbamol,96,100.0,1167.39,REP-105,Elena Rostova,TERR-03,South Atlantic,8,Tier 1 (High Potential),8,9,112.5,3.0,16,1.78,7,108.5,8.5,8.5,"Synthetic call data (seeded from territory volume decile + compliance distribution, independent of Rx outcome)",True
1003001363,Stevens,Charles,Anesthesiology,El Centro,CA,06,Morphine Sulfate,Morphine Sulfate,71,71.0,2165.08,REP-106,Fiona Gallagher,TERR-03,South Atlantic,8,Tier 1 (High Potential),8,9,112.5,3.0,27,3.0,4,72.3,1.3,1.83,"Synthetic call data (seeded from territory volume decile + compliance distribution, independent of Rx outcome)",True
1003001363,Stevens,Charles,Anesthesiology,El Centro,CA,06,Morphine Sulfate Er,Morphine Sulfate,486,487.0,13050.79,REP-107,Garrett Vance,TERR-04,Texas Gulf Coast,7,Tier 1 (High Potential),8,4,50.0,1.33,11,2.75,2,496.7,9.7,1.99,"Synthetic call data (seeded from territory volume decile + compliance distribution, independent of Rx outcome)",True
1003001363,Stevens,Charles,Anesthesiology,El Centro,CA,06,Movantik,Naloxegol Oxalate,102,112.0,43867.81,REP-108,Hannah Abbott,TERR-04,Texas Gulf Coast,7,Tier 2 (Med Potential),4,5,125.0,1.67,7,1.4,2,116.0,4.0,3.57,"Synthetic call data (seeded from territory volume decile + compliance distribution, independent of Rx outcome)",True
1003001363,Stevens,Charles,Anesthesiology,El Centro,CA,06,Nabumetone,Nabumetone,18,18.0,187.14,REP-109,Ian Malcolm,TERR-05,Pacific Northwest,5,Tier 2 (Med Potential),4,1,25.0,0.33,2,2.0,0,18.6,0.6,3.33,"Synthetic call data (seeded from territory volume decile + compliance distribution, independent of Rx outcome)",True
1003001363,Stevens,Charles,Anesthesiology,El Centro,CA,06,Naloxone Hcl,Naloxone Hcl,288,290.0,18768.14,REP-110,Julia Roberts,TERR-05,Pacific Northwest,5,Tier 2 (Med Potential),4,3,75.0,1.0,5,1.67,2,298.0,8.0,2.76,"Synthetic call data (seeded from territory volume decile + compliance distribution, independent of Rx outcome)",True
1003001363,Stevens,Charles,Anesthesiology,El Centro,CA,06,Naproxen,Naproxen,62,66.0,1040.68,REP-111,Kevin Bacon,TERR-06,Southwest Mountain,4,Tier 2 (Med Potential),4,6,150.0,2.0,13,2.17,3,65.8,-0.2,-0.3,"Synthetic call data (seeded from territory volume decile + compliance distribution, independent of Rx outcome)",True
1003001363,Stevens,Charles,Anesthesiology,El Centro,CA,06,Omeprazole,Omeprazole,79,115.0,637.92,REP-112,Laura Croft,TERR-06,Southwest Mountain,4,Tier 3 (Low Potential),2,2,100.0,0.67,4,2.0,1,115.5,0.5,0.43,"Synthetic call data (seeded from territory volume decile + compliance distribution, independent of Rx outcome)",True
1003001363,Stevens,Charles,Anesthesiology,El Centro,CA,06,Ondansetron Odt,Ondansetron,50,50.0,1077.1,REP-101,Alex Morgan,TERR-01,Northeast Metro,9,Tier 1 (High Potential),8,9,112.5,3.0,22,2.44,4,51.6,1.6,3.2,"Synthetic call data (seeded from territory volume decile + compliance distribution, independent of Rx outcome)",True
1003001363,Stevens,Charles,Anesthesiology,El Centro,CA,06,Oxycodone Hcl,Oxycodone Hcl,730,730.0,15603.12,REP-102,Brandon Hayes,TERR-01,Northeast Metro,9,Tier 2 (Med Potential),4,4,100.0,1.33,13,3.25,3,739.8,9.8,1.34,"Synthetic call data (seeded from territory volume decile + compliance distribution, independent of Rx outcome)",True
1003001363,Stevens,Charles,Anesthesiology,El Centro,CA,06,Oxycodone-Acetaminophen,Oxycodone Hcl/Acetaminophen,944,944.0,31940.07,REP-103,Claire Vance,TERR-02,Midwest Central,6,Tier 3 (Low Potential),2,1,50.0,0.33,2,2.0,0,913.5,-30.5,-3.23,"Synthetic call data (seeded from territory volume decile + compliance distribution, independent of Rx outcome)",True
1003001363,Stevens,Charles,Anesthesiology,El Centro,CA,06,Oxycontin,Oxycodone Hcl,57,57.0,42031.44,REP-104,Derek Sterling,TERR-02,Midwest Central,6,Tier 2 (Med Potential),4,3,75.0,1.0,4,1.33,2,57.6,0.6,1.05,"Synthetic call data (seeded from territory volume decile + compliance distribution, independent of Rx outcome)",True
1003001363,Stevens,Charles,Anesthesiology,El Centro,CA,06,Pantoprazole Sodium,Pantoprazole Sodium,28,30.0,180.53,REP-105,Elena Rostova,TERR-03,South Atlantic,8,Tier 1 (High Potential),8,9,112.5,3.0,27,3.0,7,32.4,2.4,8.0,"Synthetic call data (seeded from territory volume decile + compliance distribution, independent of Rx outcome)",True
1003001363,Stevens,Charles,Anesthesiology,El Centro,CA,06,Pregabalin,Pregabalin,547,564.0,14763.75,REP-106,Fiona Gallagher,TERR-03,South Atlantic,8,Tier 2 (Med Potential),4,4,100.0,1.33,6,1.5,3,560.5,-3.5,-0.62,"Synthetic call data (seeded from territory volume decile + compliance distribution, independent of Rx outcome)",True
1003001363,Stevens,Charles,Anesthesiology,El Centro,CA,06,Relistor,Methylnaltrexone Bromide,91,91.0,217087.92,REP-107,Garrett Vance,TERR-04,Texas Gulf Coast,7,Tier 2 (Med Potential),4,4,100.0,1.33,5,1.25,4,99.1,8.1,8.9,"Synthetic call data (seeded from territory volume decile + compliance distribution, independent of Rx outcome)",True
1003001363,Stevens,Charles,Anesthesiology,El Centro,CA,06,Sumatriptan Succinate,Sumatriptan Succinate,21,21.0,403.45,REP-108,Hannah Abbott,TERR-04,Texas Gulf Coast,7,Tier 2 (Med Potential),4,3,75.0,1.0,9,3.0,1,22.1,1.1,5.24,"Synthetic call data (seeded from territory volume decile + compliance distribution, independent of Rx outcome)",True
1003001363,Stevens,Charles,Anesthesiology,El Centro,CA,06,Tizanidine Hcl,Tizanidine Hcl,215,249.0,1857.18,REP-109,Ian Malcolm,TERR-05,Pacific Northwest,5,Tier 2 (Med Potential),4,2,50.0,0.67,5,2.5,1,253.8,4.8,1.93,"Synthetic call data (seeded from territory volume decile + compliance distribution, independent of Rx outcome)",True
1003001363,Stevens,Charles,Anesthesiology,El Centro,CA,06,Topiramate,Topiramate,12,14.0,64.02,REP-110,Julia Roberts,TERR-05,Pacific Northwest,5,Tier 2 (Med Potential),4,4,100.0,1.33,7,1.75,2,14.6,0.6,4.29,"Synthetic call data (seeded from territory volume decile + compliance distribution, independent of Rx outcome)",True
1003001363,Stevens,Charles,Anesthesiology,El Centro,CA,06,Tramadol Hcl,Tramadol Hcl,490,490.0,3910.5,REP-111,Kevin Bacon,TERR-06,Southwest Mountain,4,Tier 2 (Med Potential),4,5,125.0,1.67,9,1.8,5,511.2,21.2,4.33,"Synthetic call data (seeded from territory volume decile + compliance distribution, independent of Rx outcome)",True
1003001363,Stevens,Charles,Anesthesiology,El Centro,CA,06,Tramadol Hcl Er,Tramadol Hcl,29,29.0,1294.98,REP-112,Laura Croft,TERR-06,Southwest Mountain,4,Tier 3 (Low Potential),2,1,50.0,0.33,1,1.0,0,28.6,-0.4,-1.38,"Synthetic call data (seeded from territory volume decile + compliance distribution, independent of Rx outcome)",True
1003001363,Stevens,Charles,Anesthesiology,El Centro,CA,06,Trazodone Hcl,Trazodone Hcl,280,312.0,3668.33,REP-101,Alex Morgan,TERR-01,Northeast Metro,9,Tier 1 (High Potential),8,9,112.5,3.0,25,2.78,4,331.0,19.0,6.09,"Synthetic call data (seeded from territory volume decile + compliance distribution, independent of Rx outcome)",True
1003001363,Stevens,Charles,Anesthesiology,El Centro,CA,06,Xtampza Er,Oxycodone Myristate,31,31.0,20092.91,REP-102,Brandon Hayes,TERR-01,Northeast Metro,9,Tier 2 (Med Potential),4,4,100.0,1.33,11,2.75,4,30.7,-0.3,-0.97,"Synthetic call data (seeded from territory volume decile + compliance distribution, independent of Rx outcome)",True
1003001371,Kanter,David,Physical Medicine and Rehabilitation,Syracuse,NY,36,Baclofen,Baclofen,227,253.0,41124.68,REP-103,Claire Vance,TERR-02,Midwest Central,6,Tier 2 (Med Potential),4,3,75.0,1.0,10,3.33,1,267.2,14.2,5.61,"Synthetic call data (seeded from territory volume decile + compliance distribution, independent of Rx outcome)",True
1003001371,Kanter,David,Physical Medicine and Rehabilitation,Syracuse,NY,36,Clonazepam,Clonazepam,27,29.0,735.25,REP-104,Derek Sterling,TERR-02,Midwest Central,6,Tier 1 (High Potential),8,2,25.0,0.67,5,2.5,2,30.3,1.3,4.48,"Synthetic call data (seeded from territory volume decile + compliance distribution, independent of Rx outcome)",True
