Prscrbr_NPI,Physician_Name,Specialty,City,State,Brand_Name,Sales_Rep,Sales_Rep_Name,Territory,HCP_Tier,CMS_Volume_Decile,Target_Calls,Actual_Calls,Samples_Dropped,Tot_Clms,Tot_30day_Fills,Tot_Drug_Cst,Rx_Lift_Pct,Delta_Log_Fills,Post_Campaign_Fills,dataset_mode
2001000001,Dr. Kathleen Garcia,Pain Management,Baltimore,MD,Abstral,REP-S664,Sarah Kowalski,TERR-S10,3,7,2,1,1,12,19.1538,34260.76,5.0307,0.046703,20.1174,synthetic
2001000002,Dr. Karen Jones,Oncology,Chicago,IL,Abstral,REP-S698,Summer Larsson,TERR-S02,2,7,5,5,1,11,18.4284,43311.68,5.7287,0.052913,19.4841,synthetic
2001000003,Dr. Donna Martin,Orthopedics,Columbus,OH,Subsys,REP-S672,Sienna Kowalski,TERR-S04,3,4,3,2,1,19,9.6472,9453.97,2.6913,0.024093,9.9068,synthetic
2001000004,Dr. Jessica Wilson,Neurology,Jacksonville,FL,Actiq,REP-S514,Selena Brooks,TERR-S14,3,6,2,1,0,27,15.0954,31707.61,2.0681,0.01921,15.4076,synthetic
2001000005,Dr. Sharon Allen,Oncology,New York,NY,Actiq,REP-S592,Sienna Nakamura,TERR-S08,2,4,9,5,2,14,10.6654,23661.18,8.1194,0.071608,11.5313,synthetic
2001000006,Dr. Deborah Gonzalez,Anesthesiology,Detroit,MI,Lazanda,REP-S611,Silas O'Connor,TERR-S13,3,5,5,4,5,18,14.2623,18166.25,8.7061,0.078216,15.504,synthetic
2001000007,Dr. Michael Martin,Oncology,Jacksonville,FL,Abstral,REP-S811,Silas Vargas,TERR-S03,2,4,9,6,3,14,11.6015,28346.81,6.2647,0.056073,12.3283,synthetic
2001000008,Dr. Laura King,Pain Management,Atlanta,GA,Subsys,REP-S517,Stanley Brooks,TERR-S03,2,5,5,2,0,12,12.1906,11204.73,3.3285,0.030298,12.5964,synthetic
2001000009,Dr. Elizabeth Johnson,Palliative Care,Seattle,WA,Subsys,REP-S528,Serena Patel,TERR-S14,3,5,4,2,3,28,12.7945,13504.99,4.7279,0.042917,13.3994,synthetic
2001000010,Dr. Lisa Flores,Pain Management,Nashville,TN,Subsys,REP-S548,Serena Chen,TERR-S06,2,6,7,5,1,15,16.7596,34759.06,6.0946,0.055921,17.781,synthetic
2001000011,Dr. Lisa Lee,Pain Management,Portland,OR,Actiq,REP-S829,Seth Alvarez,TERR-S07,1,8,13,11,9,21,21.5324,54288.66,10.3211,0.094064,23.7547,synthetic
2001000012,Dr. Stephanie Martinez,Pain Management,Baltimore,MD,Fentora,REP-S702,Sophia Rossi,TERR-S06,2,4,9,4,2,13,11.8431,10965.37,4.6457,0.041948,12.3933,synthetic
2001000013,Dr. Sharon Lopez,Anesthesiology,Miami,FL,Abstral,REP-S729,Seth Santos,TERR-S05,3,6,5,4,0,27,15.0991,30940.68,3.5575,0.032821,15.6362,synthetic
2001000014,Dr. Elizabeth Jones,Palliative Care,Atlanta,GA,Subsys,REP-S755,Stephen Tanaka,TERR-S03,3,5,4,2,3,17,12.3001,21528.02,2.1249,0.019461,12.5614,synthetic
2001000015,Dr. Sandra Torres,Palliative Care,Atlanta,GA,Actiq,REP-S551,Silas Chen,TERR-S09,3,3,4,3,2,11,8.8548,19325.15,3.7371,0.033028,9.1857,synthetic
2001000016,Dr. Ashley Anderson,Pain Management,Houston,TX,Actiq,REP-S661,Samuel Kowalski,TERR-S07,1,4,13,8,7,16,9.2786,16854.7,11.2086,0.096384,10.3186,synthetic
2001000017,Dr. Elizabeth Baker,Pain Management,Baltimore,MD,Subsys,REP-S530,Sadie Patel,TERR-S02,2,6,6,4,4,24,16.0094,35543.25,7.0233,0.064011,17.1338,synthetic
2001000018,Dr. Michael Taylor,Neurology,Detroit,MI,Lazanda,REP-S790,Sadie Gomez,TERR-S10,3,4,2,1,2,24,9.1277,13429.32,3.1538,0.028027,9.4156,synthetic
2001000019,Dr. Sandra Allen,Pain Management,Atlanta,GA,Lazanda,REP-S518,Summer Brooks,TERR-S04,1,4,10,9,9,13,9.8241,18323.13,8.6631,0.07569,10.6752,synthetic
2001000020,Dr. Kimberly King,Neurology,Seattle,WA,Lazanda,REP-S690,Sadie Larsson,TERR-S08,3,7,4,3,4,16,18.4042,25136.18,5.2914,0.048968,19.378,synthetic
2001000021,Dr. Dorothy Thomas,Emergency Medicine,Baltimore,MD,Lazanda,REP-S754,Selena Tanaka,TERR-S02,3,5,2,2,2,17,13.496,24626.23,3.5772,0.032762,13.9788,synthetic
2001000022,Dr. Karen Rodriguez,Oncology,Seattle,WA,Abstral,REP-S560,Sloan Chen,TERR-S04,1,4,13,5,4,24,10.0579,19882.31,7.8233,0.06874,10.8447,synthetic
2001000023,Dr. Michelle Allen,Pain Management,Houston,TX,Abstral,REP-S521,Samuel Patel,TERR-S07,1,5,11,8,5,25,14.8216,28488.11,8.3803,0.075577,16.0637,synthetic
2001000024,Dr. Karen Taylor,Pain Management,Houston,TX,Abstral,REP-S537,Stanley Patel,TERR-S09,2,9,8,4,4,8,24.2879,43551.4,8.3799,0.07741,26.3232,synthetic
2001000025,Dr. Michelle Green,Palliative Care,Seattle,WA,Abstral,REP-S678,Summer Kowalski,TERR-S10,3,3,5,3,2,26,7.9539,10760.87,5.3512,0.04644,8.3796,synthetic
2001000026,Dr. Charles Brown,Pain Management,Boston,MA,Actiq,REP-S801,Samuel Vargas,TERR-S07,1,8,10,6,3,22,22.3141,20556.37,9.7586,0.089292,24.4917,synthetic
2001000027,Dr. Kathleen Mitchell,Oncology,Charlotte,NC,Actiq,REP-S545,Simon Chen,TERR-S03,3,5,4,3,0,20,12.1607,17990.07,3.5341,0.032134,12.5904,synthetic
2001000028,Dr. Ashley Rivera,Family Practice,Jacksonville,FL,Subsys,REP-S772,Sienna Muller,TERR-S06,3,7,3,2,2,25,19.1367,21581.07,1.857,0.017494,19.4921,synthetic
2001000029,Dr. Amanda Rivera,Oncology,Atlanta,GA,Subsys,REP-S705,Simon Rossi,TERR-S09,3,3,5,4,5,23,6.3358,8864.37,6.9664,0.058427,6.7772,synthetic
2001000030,Dr. Joseph Martin,Pain Management,Charlotte,NC,Subsys,REP-S718,Summer Rossi,TERR-S08,3,4,3,2,1,15,10.5873,25696.97,5.2275,0.046658,11.1407,synthetic
2001000031,Dr. Dorothy Robinson,Pain Management,Los Angeles,CA,Abstral,REP-S752,Sienna Tanaka,TERR-S14,3,4,4,3,1,20,11.9318,27149.18,3.9605,0.03589,12.4043,synthetic
2001000032,Dr. Mary Davis,Internal Medicine,New York,NY,Fentora,REP-S758,Summer Tanaka,TERR-S06,3,6,5,4,0,32,15.2576,39090.41,1.459,0.0136,15.4802,synthetic
2001000033,Dr. Kathleen Nelson,Pain Management,Charlotte,NC,Abstral,REP-S526,Stella Patel,TERR-S12,1,5,12,5,0,17,14.8271,30514.46,4.8714,0.044625,15.5494,synthetic
2001000034,Dr. Sandra Sanchez,Anesthesiology,Chicago,IL,Subsys,REP-S569,Seth Kapoor,TERR-S13,3,5,2,1,1,11,14.2818,23501.23,0.6095,0.00568,14.3688,synthetic
2001000035,Dr. William Green,Oncology,Chicago,IL,Subsys,REP-S764,Sarah Muller,TERR-S12,2,4,8,5,2,18,11.1854,17646.89,3.8965,0.035143,11.6213,synthetic
2001000036,Dr. Kathleen Allen,Pain Management,Denver,CO,Actiq,REP-S533,Spencer Patel,TERR-S05,3,5,5,3,0,9,13.3633,14253.02,1.8459,0.017028,13.6099,synthetic
2001000037,Dr. Margaret Lewis,Oncology,Baltimore,MD,Subsys,REP-S776,Sasha Muller,TERR-S10,3,4,4,2,3,21,9.9292,10873.92,5.2471,0.046568,10.4502,synthetic
2001000038,Dr. Betty Young,Palliative Care,Houston,TX,Abstral,REP-S785,Simon Gomez,TERR-S05,3,8,2,2,1,21,23.0628,24053.17,3.2149,0.030348,23.8042,synthetic
2001000039,Dr. Kathleen Hill,Pain Management,Las Vegas,NV,Subsys,REP-S546,Stella Chen,TERR-S04,1,10,13,9,9,25,27.5763,50427.48,11.6512,0.106551,30.7893,synthetic
2001000040,Dr. Jennifer Garcia,Pain Management,Los Angeles,CA,Subsys,REP-S559,Solomon Chen,TERR-S03,3,4,5,2,2,13,10.339,14225.68,5.599,0.049792,10.9179,synthetic
2001000041,Dr. Stephanie King,Oncology,Houston,TX,Fentora,REP-S734,Selena Santos,TERR-S10,3,9,4,4,1,12,24.7657,49018.44,4.3321,0.040796,25.8385,synthetic
2001000042,Dr. Susan Nelson,Pain Management,Detroit,MI,Abstral,REP-S774,Selena Muller,TERR-S08,2,5,5,4,0,24,12.1461,14724.29,3.9499,0.035844,12.6259,synthetic
2001000043,Dr. Charles Lewis,Family Practice,Atlanta,GA,Subsys,REP-S502,Sophia Brooks,TERR-S02,3,6,2,2,3,14,17.717,39133.98,2.5208,0.023581,18.1636,synthetic
2001000044,Dr. Lisa Flores,Neurology,Houston,TX,Abstral,REP-S630,Sadie Novak,TERR-S04,2,6,9,8,5,23,17.2155,44635.88,3.3702,0.031355,17.7957,synthetic
2001000045,Dr. Michael Sanchez,Pain Management,Houston,TX,Lazanda,REP-S527,Scott Patel,TERR-S13,3,5,5,4,0,20,13.8639,24724.15,2.0359,0.018811,14.1462,synthetic
2001000046,Dr. Margaret Hall,Oncology,Phoenix,AZ,Lazanda,REP-S759,Solomon Tanaka,TERR-S07,1,5,11,8,6,25,13.6579,34294.44,7.3602,0.066331,14.6631,synthetic
2001000047,Dr. Barbara Smith,Pain Management,Miami,FL,Actiq,REP-S580,Sloan Kapoor,TERR-S10,3,8,4,3,1,26,23.9887,48507.91,5.062,0.04745,25.2031,synthetic
2001000048,Dr. Linda Clark,Palliative Care,Portland,OR,Subsys,REP-S703,Sean Rossi,TERR-S07,1,5,14,12,10,27,14.585,22276.11,6.4901,0.058963,15.5316,synthetic
2001000049,Dr. John Wilson,Pain Management,Atlanta,GA,Subsys,REP-S606,Stella O'Connor,TERR-S08,2,7,7,5,1,23,19.7847,30295.37,7.9659,0.073089,21.3607,synthetic
2001000050,Dr. Lisa Miller,Family Practice,Charlotte,NC,Actiq,REP-S560,Sloan Chen,TERR-S04,3,7,2,2,1,14,19.6559,42230.62,2.9963,0.028114,20.2449,synthetic
2001000051,Dr. Dorothy Adams,Oncology,Austin,TX,Actiq,REP-S512,Sienna Brooks,TERR-S12,1,3,12,11,3,22,8.3383,17403.28,8.0534,0.069442,9.0098,synthetic
2001000052,Dr. Karen Sanchez,Oncology,Detroit,MI,Actiq,REP-S841,Samuel Kim,TERR-S05,3,9,4,3,3,10,24.8794,26577.45,6.6787,0.062229,26.541,synthetic
2001000053,Dr. Sarah Carter,Pain Management,Philadelphia,PA,Lazanda,REP-S563,Sean Kapoor,TERR-S07,1,7,10,9,9,16,19.6267,44124.06,12.4703,0.112129,22.0742,synthetic
2001000054,Dr. William Rodriguez,Internal Medicine,Seattle,WA,Actiq,REP-S565,Simon Kapoor,TERR-S09,3,8,5,3,0,14,23.1135,45333.01,1.3027,0.012409,23.4146,synthetic
2001000055,Dr. Melissa Rodriguez,Oncology,Denver,CO,Abstral,REP-S555,Stephen Chen,TERR-S13,3,8,2,2,2,26,22.6096,33613.55,5.2448,0.049005,23.7954,synthetic
2001000056,Dr. Emily Carter,Neurology,Seattle,WA,Fentora,REP-S697,Stanley Larsson,TERR-S01,2,6,9,5,6,18,17.9893,44619.59,9.0088,0.081897,19.61,synthetic
2001000057,Dr. Nancy Wilson,Pain Management,Houston,TX,Actiq,REP-S583,Sean Nakamura,TERR-S13,2,6,6,4,4,9,15.5395,30850.45,8.1821,0.074062,16.8109,synthetic
2001000058,Dr. Richard Martinez,Internal Medicine,Detroit,MI,Actiq,REP-S519,Solomon Brooks,TERR-S05,3,3,3,3,4,24,8.9471,10291.83,3.712,0.032843,9.2793,synthetic
2001000059,Dr. Lisa Campbell,Pain Management,Portland,OR,Abstral,REP-S694,Selena Larsson,TERR-S12,1,5,12,8,5,11,13.3855,14720.99,9.1619,0.08181,14.6119,synthetic
2001000060,Dr. Kimberly Green,Pain Management,Portland,OR,Subsys,REP-S612,Sienna O'Connor,TERR-S14,3,5,2,1,2,23,12.0627,12938.33,4.6362,0.041921,12.6219,synthetic
2001000061,Dr. Patricia Jones,Emergency Medicine,Philadelphia,PA,Subsys,REP-S510,Sadie Brooks,TERR-S10,3,3,3,2,0,20,8.457,12027.75,3.2983,0.029069,8.7359,synthetic
2001000062,Dr. Lisa Perez,Pain Management,New York,NY,Subsys,REP-S627,Scott Novak,TERR-S01,1,5,9,6,7,15,14.7333,22797.97,11.2383,0.100062,16.3891,synthetic
2001000063,Dr. Ashley Wright,Palliative Care,Houston,TX,Fentora,REP-S688,Serena Larsson,TERR-S06,2,8,8,5,6,25,22.7818,33055.97,11.4286,0.103892,25.3854,synthetic
2001000064,Dr. Lisa Hill,Family Practice,Jacksonville,FL,Subsys,REP-S837,Stanley Alvarez,TERR-S01,3,4,3,2,2,17,11.1243,23735.51,3.2671,0.029535,11.4877,synthetic
2001000065,Dr. David Taylor,Oncology,Houston,TX,Abstral,REP-S694,Selena Larsson,TERR-S12,2,5,7,5,2,10,13.8734,26501.45,2.9737,0.02736,14.286,synthetic
2001000066,Dr. Dorothy Campbell,Internal Medicine,Nashville,TN,Fentora,REP-S800,Sloan Gomez,TERR-S06,3,4,2,2,0,22,9.7811,20570.61,-1.3646,-0.012458,9.6476,synthetic
2001000067,Dr. Kathleen Campbell,Palliative Care,Detroit,MI,Abstral,REP-S668,Serena Kowalski,TERR-S14,3,4,2,2,0,23,11.4644,13487.51,3.6376,0.03291,11.8815,synthetic
2001000068,Dr. James Adams,Oncology,Houston,TX,Abstral,REP-S635,Stephen Novak,TERR-S09,3,9,3,2,1,24,25.3269,43480.36,3.6489,0.034501,26.2511,synthetic
2001000069,Dr. Thomas Rivera,Internal Medicine,Austin,TX,Lazanda,REP-S579,Solomon Kapoor,TERR-S09,3,5,3,2,2,18,14.5877,33982.49,2.8602,0.026415,15.0049,synthetic
2001000070,Dr. Kathleen Harris,Oncology,Nashville,TN,Lazanda,REP-S690,Sadie Larsson,TERR-S08,3,6,2,2,0,21,15.7975,38782.97,2.13,0.019834,16.134,synthetic
2001000071,Dr. Rebecca Flores,Palliative Care,Phoenix,AZ,Lazanda,REP-S698,Summer Larsson,TERR-S02,2,5,6,5,4,16,12.1391,18011.5,7.0271,0.062902,12.9921,synthetic
2001000072,Dr. Thomas Allen,Neurology,Houston,TX,Fentora,REP-S665,Simon Kowalski,TERR-S11,3,3,4,3,0,20,7.3377,6374.47,1.7508,0.01529,7.4661,synthetic
2001000073,Dr. Deborah Davis,Oncology,Austin,TX,Subsys,REP-S636,Sasha Novak,TERR-S10,3,9,4,3,0,18,24.3158,55271.96,4.1608,0.039187,25.3276,synthetic
2001000074,Dr. Joseph Smith,Pain Management,Atlanta,GA,Fentora,REP-S792,Sienna Gomez,TERR-S12,1,9,10,6,0,12,26.6666,37281.86,6.2197,0.058221,28.3252,synthetic
2001000075,Dr. Joseph Gonzalez,Palliative Care,Philadelphia,PA,Actiq,REP-S759,Solomon Tanaka,TERR-S07,2,10,7,5,4,15,28.0187,66078.83,8.215,0.076331,30.3205,synthetic
2001000076,Dr. Amanda Smith,Anesthesiology,Austin,TX,Abstral,REP-S610,Sadie O'Connor,TERR-S12,2,5,8,6,0,27,14.0774,23037.61,2.9677,0.027332,14.4952,synthetic
2001000077,Dr. Nancy Clark,Pain Management,Phoenix,AZ,Abstral,REP-S661,Samuel Kowalski,TERR-S07,1,7,13,7,2,16,19.67,36446.09,7.724,0.070927,21.1894,synthetic
2001000078,Dr. Kimberly Jackson,Palliative Care,Chicago,IL,Subsys,REP-S680,Sloan Kowalski,TERR-S12,1,5,10,7,0,12,14.2673,14724.27,4.3104,0.039491,14.8823,synthetic
2001000079,Dr. Sarah Hernandez,Pain Management,Columbus,OH,Fentora,REP-S716,Sasha Rossi,TERR-S06,2,3,9,6,4,19,8.9127,12271.48,9.3434,0.080666,9.7454,synthetic
2001000080,Dr. Sharon Hill,Internal Medicine,Denver,CO,Actiq,REP-S579,Solomon Kapoor,TERR-S09,3,6,3,1,1,10,16.6598,18482.06,0.6844,0.006436,16.7738,synthetic
2001000081,Dr. Jessica Nguyen,Neurology,Austin,TX,Lazanda,REP-S709,Seth Rossi,TERR-S13,3,8,3,2,1,11,22.948,24095.51,2.5965,0.024576,23.5438,synthetic
2001000082,Dr. Richard Allen,Pain Management,Austin,TX,Subsys,REP-S627,Scott Novak,TERR-S01,1,5,12,6,6,13,12.8619,26435.72,7.6522,0.068594,13.8461,synthetic
2001000083,Dr. Lisa Scott,Orthopedics,Phoenix,AZ,Actiq,REP-S732,Sienna Santos,TERR-S08,3,6,5,3,1,23,15.8742,37692.46,2.2473,0.020921,16.2309,synthetic
2001000084,Dr. Elizabeth Brown,Neurology,Austin,TX,Lazanda,REP-S590,Sadie Nakamura,TERR-S06,3,5,2,1,1,9,14.3483,13011.1,2.3492,0.021724,14.6854,synthetic
2001000085,Dr. Linda Sanchez,Neurology,Miami,FL,Fentora,REP-S703,Sean Rossi,TERR-S07,2,3,6,4,0,16,6.468,11351.92,-0.9263,-0.008055,6.4081,synthetic
2001000086,Dr. James Perez,Pain Management,Charlotte,NC,Fentora,REP-S830,Sadie Alvarez,TERR-S08,3,6,4,4,1,22,15.1685,15097.77,4.9486,0.04538,15.9192,synthetic
2001000087,Dr. Robert Lee,Pain Management,Phoenix,AZ,Subsys,REP-S597,Stanley Nakamura,TERR-S13,2,3,8,4,1,20,6.5192,9732.27,3.5393,0.030225,6.7499,synthetic
2001000088,Dr. Linda Torres,Neurology,New York,NY,Subsys,REP-S612,Sienna O'Connor,TERR-S14,3,10,2,2,3,12,27.3922,42264.96,4.0728,0.038541,28.5078,synthetic
2001000089,Dr. Amanda Hernandez,Oncology,Austin,TX,Actiq,REP-S838,Summer Alvarez,TERR-S02,2,9,5,3,2,14,26.5201,51129.85,5.3225,0.050019,27.9316,synthetic
2001000090,Dr. Dorothy Davis,Pain Management,Detroit,MI,Subsys,REP-S782,Sophia Gomez,TERR-S02,2,6,6,3,3,17,16.1583,37709.58,6.5771,0.060095,17.2211,synthetic
2001000091,Dr. Lisa Anderson,Emergency Medicine,Philadelphia,PA,Subsys,REP-S652,Sienna Dubois,TERR-S12,3,7,3,2,0,19,20.8274,45075.58,1.8334,0.017343,21.2093,synthetic
2001000092,Dr. James Gonzalez,Anesthesiology,Nashville,TN,Abstral,REP-S685,Simon Larsson,TERR-S03,3,7,4,3,2,17,19.9024,34457.71,4.0492,0.03783,20.7083,synthetic
2001000093,Dr. Ashley Robinson,Anesthesiology,Las Vegas,NV,Subsys,REP-S610,Sadie O'Connor,TERR-S12,2,4,6,4,4,20,11.8155,25632.95,3.9006,0.035331,12.2763,synthetic
2001000094,Dr. Carol Lee,Neurology,Atlanta,GA,Actiq,REP-S621,Samuel Novak,TERR-S09,3,4,4,3,2,22,9.4876,22161.41,4.6983,0.041625,9.9334,synthetic
2001000095,Dr. Jessica Taylor,Palliative Care,Las Vegas,NV,Fentora,REP-S756,Sasha Tanaka,TERR-S04,2,4,7,4,2,20,11.0079,25938.26,5.144,0.046078,11.5741,synthetic
2001000096,Dr. Robert Wilson,Emergency Medicine,Seattle,WA,Subsys,REP-S540,Sloan Patel,TERR-S12,3,9,3,2,0,20,26.4469,56180.61,1.4719,0.014083,26.8362,synthetic
2001000097,Dr. Melissa Jackson,Pain Management,Houston,TX,Fentora,REP-S655,Stephen Dubois,TERR-S01,1,4,12,7,3,26,11.038,20804.48,10.0798,0.0884,12.1506,synthetic
2001000098,Dr. Richard Baker,Pain Management,Los Angeles,CA,Subsys,REP-S835,Stephen Alvarez,TERR-S13,3,6,2,1,0,28,15.5184,33512.47,0.2918,0.002737,15.5637,synthetic
2001000099,Dr. James Young,Pain Management,New York,NY,Actiq,REP-S609,Seth O'Connor,TERR-S11,3,4,2,1,0,18,10.4323,22203.37,1.5999,0.014494,10.5992,synthetic
2001000100,Dr. Nancy Smith,Palliative Care,Las Vegas,NV,Subsys,REP-S804,Sarah Vargas,TERR-S10,3,6,5,4,0,28,15.4089,13729.74,3.7129,0.034273,15.981,synthetic
2001000101,Dr. Charles Wilson,Pain Management,Portland,OR,Subsys,REP-S704,Sarah Rossi,TERR-S08,3,7,2,1,2,17,19.2819,29197.87,3.9467,0.036835,20.0429,synthetic
2001000102,Dr. Amanda Carter,Oncology,Portland,OR,Lazanda,REP-S695,Stephen Larsson,TERR-S13,3,9,5,3,2,22,25.9021,34805.74,6.0417,0.056542,27.467,synthetic
2001000103,Dr. John Smith,Palliative Care,Seattle,WA,Abstral,REP-S704,Sarah Rossi,TERR-S08,3,3,4,2,1,11,8.4795,9080.67,2.7789,0.024553,8.7151,synthetic
2001000104,Dr. Linda Harris,Neurology,Las Vegas,NV,Fentora,REP-S746,Stella Tanaka,TERR-S08,3,8,5,4,2,39,23.8003,23151.01,4.7266,0.044362,24.9252,synthetic
2001000105,Dr. Charles Walker,Internal Medicine,Jacksonville,FL,Subsys,REP-S815,Stephen Vargas,TERR-S07,3,7,5,4,0,18,18.1442,24450.7,0.3288,0.003112,18.2038,synthetic
2001000106,Dr. Kathleen Rivera,Emergency Medicine,Los Angeles,CA,Lazanda,REP-S648,Serena Dubois,TERR-S08,3,7,4,3,4,13,19.7273,36488.87,3.4984,0.032753,20.4174,synthetic
2001000107,Dr. David Anderson,Palliative Care,Portland,OR,Subsys,REP-S707,Scott Rossi,TERR-S11,2,5,7,7,8,16,13.5994,18895.05,4.6083,0.04203,14.2261,synthetic
2001000108,Dr. Jessica Martinez,Palliative Care,Nashville,TN,Subsys,REP-S653,Spencer Dubois,TERR-S13,2,3,9,6,2,19,7.3583,14948.7,3.3294,0.02889,7.6032,synthetic
2001000109,Dr. William Young,Oncology,Columbus,OH,Abstral,REP-S627,Scott Novak,TERR-S01,2,4,9,7,6,12,10.1745,18433.49,9.5019,0.082976,11.1413,synthetic
2001000110,Dr. Charles Rodriguez,Orthopedics,Boston,MA,Actiq,REP-S683,Sean Larsson,TERR-S01,2,6,5,5,5,18,16.8418,42837.09,5.857,0.053813,17.8282,synthetic
2001000111,Dr. Sandra Martin,Palliative Care,Phoenix,AZ,Subsys,REP-S504,Sarah Brooks,TERR-S04,2,10,5,5,1,26,28.4448,62317.47,4.7895,0.04523,29.8072,synthetic
2001000112,Dr. Laura Nelson,Orthopedics,Portland,OR,Subsys,REP-S646,Stella Dubois,TERR-S06,3,7,5,4,1,31,19.2981,41929.21,1.2336,0.01166,19.5362,synthetic
2001000113,Dr. Carol Williams,Oncology,Charlotte,NC,Subsys,REP-S623,Sean Novak,TERR-S11,3,6,3,2,3,22,17.4859,32320.16,4.291,0.039787,18.2362,synthetic
2001000114,Dr. Sandra Ramirez,Oncology,Houston,TX,Subsys,REP-S722,Sophia Santos,TERR-S12,1,3,14,10,5,25,8.7632,13626.67,8.6335,0.074637,9.5198,synthetic
2001000115,Dr. Sandra Adams,Palliative Care,Miami,FL,Subsys,REP-S787,Scott Gomez,TERR-S07,1,4,11,7,6,17,11.3031,11240.03,9.2399,0.081477,12.3475,synthetic
2001000116,Dr. David Mitchell,Neurology,Detroit,MI,Actiq,REP-S830,Sadie Alvarez,TERR-S08,3,3,2,2,0,24,8.7706,7725.92,2.7362,0.024265,9.0106,synthetic
2001000117,Dr. Betty Rodriguez,Anesthesiology,Los Angeles,CA,Actiq,REP-S707,Scott Rossi,TERR-S11,3,8,2,1,0,9,22.2457,22409.3,1.3384,0.012727,22.5435,synthetic
2001000118,Dr. John Miller,Anesthesiology,Austin,TX,Actiq,REP-S653,Spencer Dubois,TERR-S13,3,5,3,2,2,25,14.9007,18539.14,1.9854,0.018434,15.1965,synthetic
2001000119,Dr. Linda Sanchez,Oncology,Denver,CO,Subsys,REP-S796,Sasha Gomez,TERR-S02,3,6,5,4,0,14,17.102,37972.5,3.1818,0.029617,17.6461,synthetic
2001000120,Dr. Dorothy Moore,Orthopedics,Denver,CO,Subsys,REP-S543,Sean Chen,TERR-S01,3,6,2,1,1,10,17.1462,18771.97,2.6519,0.024749,17.6009,synthetic
2001000121,Dr. Joseph Hill,Oncology,Seattle,WA,Actiq,REP-S535,Stephen Patel,TERR-S07,2,6,6,4,1,5,16.8419,27002.09,5.9917,0.055017,17.851,synthetic
2001000122,Dr. Rebecca Harris,Palliative Care,Portland,OR,Subsys,REP-S651,Silas Dubois,TERR-S11,3,8,2,1,2,34,23.1392,50081.17,4.4461,0.041736,24.168,synthetic
2001000123,Dr. Linda Wright,Pain Management,Seattle,WA,Abstral,REP-S763,Sean Muller,TERR-S11,3,5,2,1,0,20,14.1939,25267.27,0.8364,0.007783,14.3126,synthetic
2001000124,Dr. Mary Walker,Internal Medicine,Chicago,IL,Subsys,REP-S606,Stella O'Connor,TERR-S08,3,4,5,3,1,24,9.8057,25156.2,3.8812,0.034614,10.1863,synthetic
2001000125,Dr. Melissa Harris,Palliative Care,Phoenix,AZ,Subsys,REP-S513,Spencer Brooks,TERR-S13,3,3,5,3,4,12,7.7563,12615.93,5.2789,0.0457,8.1658,synthetic
2001000126,Dr. Susan Scott,Pain Management,Las Vegas,NV,Subsys,REP-S655,Stephen Dubois,TERR-S01,1,9,10,8,0,5,24.9212,25556.1,8.8922,0.082033,27.1373,synthetic
2001000127,Dr. Jennifer Carter,Oncology,Phoenix,AZ,Subsys,REP-S849,Seth Kim,TERR-S13,3,4,4,2,0,18,10.5101,19172.7,2.9247,0.026355,10.8175,synthetic
2001000128,Dr. Dorothy Walker,Neurology,Austin,TX,Lazanda,REP-S695,Stephen Larsson,TERR-S13,3,4,3,2,0,14,11.2803,25530.52,2.4609,0.022354,11.5579,synthetic
2001000129,Dr. Thomas Taylor,Palliative Care,Las Vegas,NV,Abstral,REP-S612,Sienna O'Connor,TERR-S14,3,7,5,3,4,22,19.8866,42231.23,8.3312,0.076334,21.5434,synthetic
2001000130,Dr. Richard King,Neurology,Nashville,TN,Fentora,REP-S764,Sarah Muller,TERR-S12,1,3,11,10,1,20,6.7305,11430.03,5.8017,0.049278,7.1209,synthetic
2001000131,Dr. Sarah Walker,Anesthesiology,Houston,TX,Actiq,REP-S774,Selena Muller,TERR-S08,3,3,5,3,2,23,6.9193,8647.22,3.534,0.030411,7.1639,synthetic
2001000132,Dr. Barbara Lopez,Orthopedics,Detroit,MI,Fentora,REP-S837,Stanley Alvarez,TERR-S01,3,3,3,2,3,9,6.6493,6244.01,3.6362,0.031119,6.8911,synthetic
2001000133,Dr. Richard Hall,Anesthesiology,Baltimore,MD,Fentora,REP-S556,Sasha Chen,TERR-S14,3,5,3,2,1,28,14.704,16738.46,3.3149,0.030566,15.1914,synthetic
2001000134,Dr. Elizabeth Garcia,Neurology,Detroit,MI,Subsys,REP-S746,Stella Tanaka,TERR-S08,3,5,5,3,3,29,13.1378,20441.69,4.6684,0.042468,13.7511,synthetic
2001000135,Dr. Kimberly Wright,Internal Medicine,Nashville,TN,Subsys,REP-S530,Sadie Patel,TERR-S02,3,8,3,2,3,10,21.3024,47681.26,3.0475,0.028693,21.9516,synthetic
2001000136,Dr. Laura Lee,Pain Management,Denver,CO,Abstral,REP-S573,Spencer Kapoor,TERR-S03,3,9,2,1,1,24,25.2966,34659.67,2.6876,0.025525,25.9765,synthetic
2001000137,Dr. John Hill,Pain Management,Portland,OR,Abstral,REP-S641,Samuel Dubois,TERR-S01,1,3,10,7,1,19,6.7606,6054.36,6.8228,0.057737,7.2219,synthetic
2001000138,Dr. Lisa Thompson,Oncology,New York,NY,Abstral,REP-S826,Stella Alvarez,TERR-S04,2,7,8,6,2,12,18.0246,32627.53,7.8444,0.071689,19.4385,synthetic
2001000139,Dr. Kimberly Jones,Pain Management,Charlotte,NC,Lazanda,REP-S745,Simon Tanaka,TERR-S07,1,3,9,6,2,17,6.9753,17467.12,6.4802,0.055129,7.4273,synthetic
2001000140,Dr. Amanda Baker,Oncology,Seattle,WA,Actiq,REP-S534,Selena Patel,TERR-S06,2,8,8,7,0,19,22.7298,33273.06,6.4391,0.05985,24.1934,synthetic
2001000141,Dr. Melissa Wilson,Neurology,Phoenix,AZ,Abstral,REP-S693,Spencer Larsson,TERR-S11,3,3,5,3,2,15,8.208,7525.16,4.1383,0.036224,8.5477,synthetic
2001000142,Dr. Emily Wright,Oncology,Baltimore,MD,Subsys,REP-S600,Sloan Nakamura,TERR-S02,2,9,9,7,5,28,25.8741,27117.73,6.9582,0.064844,27.6744,synthetic
2001000143,Dr. Richard Allen,Pain Management,Seattle,WA,Actiq,REP-S632,Sienna Novak,TERR-S06,2,2,7,4,3,25,4.4814,6509.94,7.1723,0.056984,4.8028,synthetic
2001000144,Dr. William Hall,Anesthesiology,Denver,CO,Abstral,REP-S663,Sean Kowalski,TERR-S09,3,5,5,4,0,9,12.7914,31220.13,2.973,0.027201,13.1717,synthetic
2001000145,Dr. David Walker,Family Practice,Atlanta,GA,Subsys,REP-S783,Sean Gomez,TERR-S03,3,2,4,3,4,17,3.8062,8467.99,4.5955,0.035747,3.9811,synthetic
2001000146,Dr. Sandra Hill,Internal Medicine,Boston,MA,Lazanda,REP-S638,Summer Novak,TERR-S12,3,5,4,3,2,11,14.6251,16140.15,3.1906,0.029427,15.0917,synthetic
2001000147,Dr. Ashley Williams,Anesthesiology,Austin,TX,Lazanda,REP-S656,Sasha Dubois,TERR-S02,3,5,4,4,2,22,14.5278,29770.56,7.531,0.068089,15.6219,synthetic
2001000148,Dr. Kathleen Miller,Family Practice,Detroit,MI,Abstral,REP-S619,Solomon O'Connor,TERR-S07,3,6,3,2,0,23,17.2655,24400.62,2.6333,0.024587,17.7201,synthetic
2001000149,Dr. Linda Jones,Family Practice,Seattle,WA,Subsys,REP-S563,Sean Kapoor,TERR-S07,3,4,5,4,4,13,11.1964,23498.65,3.7414,0.03377,11.6153,synthetic
2001000150,Dr. Elizabeth Torres,Neurology,Miami,FL,Subsys,REP-S667,Scott Kowalski,TERR-S13,3,4,2,2,2,22,10.1047,25248.86,5.9892,0.053065,10.7099,synthetic
2001000151,Dr. Jennifer Sanchez,Internal Medicine,Portland,OR,Abstral,REP-S751,Silas Tanaka,TERR-S13,3,7,4,2,3,19,19.1791,23564.91,5.5118,0.05106,20.2363,synthetic
2001000152,Dr. Linda Rodriguez,Internal Medicine,Chicago,IL,Actiq,REP-S681,Samuel Larsson,TERR-S13,3,8,4,3,1,14,23.108,48855.94,2.1598,0.020491,23.6071,synthetic
2001000153,Dr. Charles Johnson,Neurology,Portland,OR,Actiq,REP-S665,Simon Kowalski,TERR-S11,3,5,2,2,3,17,12.3985,11860.64,3.5991,0.032762,12.8448,synthetic
2001000154,Dr. Patricia Lopez,Oncology,Phoenix,AZ,Lazanda,REP-S552,Sienna Chen,TERR-S10,3,7,3,3,2,16,18.3989,20604.49,5.1925,0.048074,19.3543,synthetic
2001000155,Dr. Melissa Hernandez,Orthopedics,Baltimore,MD,Fentora,REP-S682,Sophia Larsson,TERR-S14,3,9,5,4,0,28,25.4378,43691.13,4.8653,0.04575,26.6754,synthetic
2001000156,Dr. David Nguyen,Palliative Care,Detroit,MI,Actiq,REP-S531,Silas Patel,TERR-S03,3,3,4,3,3,23,7.8769,10286.35,5.2107,0.0452,8.2873,synthetic
2001000157,Dr. Kimberly Ramirez,Oncology,Chicago,IL,Abstral,REP-S703,Sean Rossi,TERR-S07,2,4,6,5,4,23,10.2753,10696.04,4.9933,0.044499,10.7884,synthetic
2001000158,Dr. Laura Mitchell,Family Practice,Denver,CO,Subsys,REP-S670,Sadie Kowalski,TERR-S02,3,5,2,1,2,10,12.0715,28993.94,2.6903,0.024541,12.3963,synthetic
2001000159,Dr. Sarah Perez,Oncology,Philadelphia,PA,Subsys,REP-S638,Summer Novak,TERR-S12,1,7,9,5,2,17,18.2939,44409.5,6.9464,0.063785,19.5647,synthetic
2001000160,Dr. Elizabeth Campbell,Palliative Care,Boston,MA,Fentora,REP-S711,Silas Rossi,TERR-S01,2,5,5,4,3,12,12.082,16045.02,6.3301,0.056817,12.8468,synthetic
2001000161,Dr. Sharon Ramirez,Neurology,Miami,FL,Fentora,REP-S702,Sophia Rossi,TERR-S06,3,4,2,1,2,23,11.8865,12318.11,2.3262,0.02123,12.163,synthetic
2001000162,Dr. Carol Thompson,Pain Management,Atlanta,GA,Actiq,REP-S600,Sloan Nakamura,TERR-S02,2,9,9,5,6,17,24.7559,54800.07,8.7022,0.080329,26.9102,synthetic
2001000163,Dr. Kimberly Adams,Palliative Care,Detroit,MI,Abstral,REP-S835,Stephen Alvarez,TERR-S13,3,3,5,4,2,20,8.8411,9903.7,5.5,0.048229,9.3274,synthetic
2001000164,Dr. David Hernandez,Orthopedics,Austin,TX,Subsys,REP-S664,Sarah Kowalski,TERR-S10,3,8,3,2,3,20,21.3365,45549.57,3.8165,0.035807,22.1508,synthetic
2001000165,Dr. John King,Palliative Care,Los Angeles,CA,Lazanda,REP-S582,Sophia Nakamura,TERR-S12,2,6,9,6,5,17,16.945,39005.18,6.6071,0.060521,18.0645,synthetic
2001000166,Dr. Michael Hill,Pain Management,Boston,MA,Abstral,REP-S778,Summer Muller,TERR-S12,1,4,12,10,8,15,9.9916,19439.21,7.8356,0.068805,10.7745,synthetic
2001000167,Dr. Laura Campbell,Pain Management,Phoenix,AZ,Actiq,REP-S805,Simon Vargas,TERR-S11,3,4,5,3,3,11,10.8788,23478.88,6.3717,0.056714,11.572,synthetic
2001000168,Dr. Ashley Hernandez,Oncology,Columbus,OH,Abstral,REP-S532,Sienna Patel,TERR-S04,2,5,5,4,2,25,13.6012,28065.81,6.1124,0.055376,14.4325,synthetic
2001000169,Dr. Susan Sanchez,Pain Management,Charlotte,NC,Fentora,REP-S680,Sloan Kowalski,TERR-S12,1,6,14,7,6,13,15.0458,21493.03,11.0813,0.098856,16.7131,synthetic
2001000170,Dr. Deborah Robinson,Family Practice,Denver,CO,Subsys,REP-S530,Sadie Patel,TERR-S02,3,2,2,2,1,22,4.0997,5048.11,2.488,0.019804,4.2017,synthetic
2001000171,Dr. Susan Torres,Neurology,Phoenix,AZ,Abstral,REP-S603,Sean O'Connor,TERR-S05,3,7,3,2,2,19,18.6398,28275.29,2.9031,0.02718,19.1809,synthetic
2001000172,Dr. Richard Wright,Pain Management,Jacksonville,FL,Lazanda,REP-S572,Sienna Kapoor,TERR-S02,2,6,8,7,2,11,16.4696,41414.13,4.2302,0.039106,17.1663,synthetic
2001000173,Dr. Emily King,Pain Management,New York,NY,Subsys,REP-S649,Seth Dubois,TERR-S09,3,3,5,4,5,24,7.8042,8263.7,9.026,0.076968,8.5086,synthetic
2001000174,Dr. James Allen,Oncology,Phoenix,AZ,Actiq,REP-S549,Seth Chen,TERR-S07,1,5,12,8,6,20,13.3294,30751.11,10.4242,0.092549,14.7189,synthetic
2001000175,Dr. Barbara Williams,Internal Medicine,Houston,TX,Subsys,REP-S691,Silas Larsson,TERR-S09,3,5,5,2,1,17,14.5361,17061.03,1.7906,0.016615,14.7964,synthetic
2001000176,Dr. Thomas Davis,Pain Management,Austin,TX,Fentora,REP-S616,Sasha O'Connor,TERR-S04,2,5,8,6,1,18,13.2043,27286.91,3.6054,0.032966,13.6804,synthetic
2001000177,Dr. Ashley Robinson,Pain Management,Seattle,WA,Subsys,REP-S708,Serena Rossi,TERR-S12,1,4,11,6,1,13,9.8797,14457.53,3.4667,0.030995,10.2222,synthetic
2001000178,Dr. David Ramirez,Family Practice,Seattle,WA,Abstral,REP-S725,Simon Santos,TERR-S01,3,7,5,4,0,18,18.6408,24966.15,1.5464,0.01457,18.929,synthetic
2001000179,Dr. Thomas Martinez,Emergency Medicine,Denver,CO,Actiq,REP-S611,Silas O'Connor,TERR-S13,3,10,3,2,0,18,28.3859,60310.89,1.4132,0.013559,28.7871,synthetic
2001000180,Dr. Sharon Taylor,Palliative Care,Miami,FL,Subsys,REP-S680,Sloan Kowalski,TERR-S12,2,6,5,2,1,21,17.5983,36586.26,3.7653,0.035009,18.261,synthetic
2001000181,Dr. Michelle Williams,Family Practice,Columbus,OH,Subsys,REP-S772,Sienna Muller,TERR-S06,3,4,4,3,2,10,11.5399,22587.02,5.6137,0.05037,12.1878,synthetic
2001000182,Dr. Deborah Miller,Pain Management,New York,NY,Fentora,REP-S639,Solomon Novak,TERR-S13,3,8,5,4,1,10,21.4561,48032.23,5.9777,0.055544,22.7387,synthetic
2001000183,Dr. Nancy Thomas,Oncology,Columbus,OH,Actiq,REP-S586,Stella Nakamura,TERR-S02,2,5,8,3,1,32,13.1148,16956.37,6.3147,0.057017,13.943,synthetic
2001000184,Dr. Thomas Garcia,Neurology,Denver,CO,Abstral,REP-S833,Spencer Alvarez,TERR-S11,3,4,3,2,1,13,10.5758,21746.64,2.8254,0.025485,10.8747,synthetic
2001000185,Dr. Kimberly Rodriguez,Pain Management,Denver,CO,Abstral,REP-S800,Sloan Gomez,TERR-S06,2,4,5,3,1,12,10.0025,23393.08,1.8427,0.016614,10.1868,synthetic
2001000186,Dr. Laura Hernandez,Anesthesiology,New York,NY,Subsys,REP-S729,Seth Santos,TERR-S05,3,5,3,2,3,18,14.6033,15974.17,3.7858,0.034819,15.1562,synthetic
2001000187,Dr. Laura Wright,Palliative Care,Baltimore,MD,Subsys,REP-S824,Sarah Alvarez,TERR-S02,3,3,3,2,3,21,8.3541,16813.75,3.6914,0.032436,8.6624,synthetic
2001000188,Dr. Karen Miller,Internal Medicine,Chicago,IL,Subsys,REP-S832,Sienna Alvarez,TERR-S10,3,5,2,2,2,30,13.9256,35727.31,2.6875,0.024765,14.2999,synthetic
2001000189,Dr. Lisa Lopez,Internal Medicine,Philadelphia,PA,Subsys,REP-S647,Scott Dubois,TERR-S07,3,4,5,4,3,18,11.0426,14040.01,6.6952,0.059581,11.7819,synthetic
2001000190,Dr. Carol Johnson,Orthopedics,Miami,FL,Actiq,REP-S628,Serena Novak,TERR-S02,3,7,3,2,1,13,19.3746,26710.58,2.1743,0.020465,19.7958,synthetic
2001000191,Dr. Robert Jackson,Palliative Care,Phoenix,AZ,Subsys,REP-S629,Seth Novak,TERR-S03,3,5,2,1,1,25,14.0327,15257.39,1.3371,0.012404,14.2203,synthetic
2001000192,Dr. Betty Miller,Anesthesiology,Atlanta,GA,Subsys,REP-S713,Spencer Rossi,TERR-S03,3,8,3,2,0,19,21.5799,19369.79,3.26,0.030681,22.2834,synthetic
2001000193,Dr. Stephanie Scott,Orthopedics,Denver,CO,Abstral,REP-S705,Simon Rossi,TERR-S09,3,3,2,2,1,9,7.4048,7585.28,6.1564,0.052819,7.8607,synthetic
2001000194,Dr. Michael Perez,Pain Management,Jacksonville,FL,Subsys,REP-S727,Scott Santos,TERR-S03,3,10,4,3,4,9,31.0573,73411.65,10.1405,0.09371,34.2067,synthetic
2001000195,Dr. Betty Brown,Oncology,Phoenix,AZ,Fentora,REP-S845,Simon Kim,TERR-S09,3,7,3,2,3,26,20.5288,22846.61,2.9222,0.027483,21.1286,synthetic
2001000196,Dr. Melissa Scott,Pain Management,Boston,MA,Abstral,REP-S520,Sloan Brooks,TERR-S06,2,7,6,5,1,20,18.8503,39252.1,3.9936,0.037222,19.6031,synthetic
2001000197,Dr. Michelle Perez,Palliative Care,Las Vegas,NV,Subsys,REP-S797,Stanley Gomez,TERR-S03,3,4,3,2,0,16,10.5046,17252.18,3.7772,0.033907,10.9014,synthetic
2001000198,Dr. Sandra Williams,Pain Management,Jacksonville,FL,Abstral,REP-S668,Serena Kowalski,TERR-S14,3,5,5,2,2,30,14.2522,30298.55,5.1322,0.046843,14.9837,synthetic
2001000199,Dr. Michelle Rivera,Oncology,Chicago,IL,Fentora,REP-S658,Summer Dubois,TERR-S04,1,4,12,11,0,17,10.6923,12684.44,5.6736,0.050583,11.2989,synthetic
2001000200,Dr. Sharon Mitchell,Neurology,Philadelphia,PA,Abstral,REP-S783,Sean Gomez,TERR-S03,3,5,4,3,0,26,12.9522,13537.08,1.4351,0.013234,13.138,synthetic
2001000201,Dr. Richard Smith,Neurology,Phoenix,AZ,Subsys,REP-S692,Sienna Larsson,TERR-S10,3,6,3,3,1,20,15.168,22310.52,2.5748,0.023868,15.5586,synthetic
2001000202,Dr. Melissa Scott,Oncology,Houston,TX,Abstral,REP-S536,Sasha Patel,TERR-S08,3,4,5,4,4,31,10.8676,23689.84,6.0807,0.054188,11.5284,synthetic
2001000203,Dr. Charles Torres,Oncology,Portland,OR,Subsys,REP-S604,Sarah O'Connor,TERR-S06,2,5,5,4,4,7,13.8825,25057.06,4.9571,0.045203,14.5706,synthetic
2001000204,Dr. Mary Sanchez,Oncology,Phoenix,AZ,Abstral,REP-S773,Spencer Muller,TERR-S07,1,9,12,11,11,16,24.8508,37877.64,9.0141,0.083103,27.0909,synthetic
2001000205,Dr. Patricia Davis,Pain Management,Charlotte,NC,Abstral,REP-S567,Scott Kapoor,TERR-S11,3,3,2,1,0,22,7.7913,11211.96,0.5663,0.005007,7.8354,synthetic
2001000206,Dr. Michael Hall,Neurology,Austin,TX,Abstral,REP-S707,Scott Rossi,TERR-S11,3,3,3,1,0,15,7.6174,18333.84,1.0847,0.009542,7.7,synthetic
2001000207,Dr. Jessica Carter,Oncology,Houston,TX,Subsys,REP-S731,Silas Santos,TERR-S07,1,3,11,9,3,16,7.3814,8002.84,7.9067,0.067316,7.965,synthetic
2001000208,Dr. Lisa Adams,Pain Management,Boston,MA,Actiq,REP-S687,Scott Larsson,TERR-S05,3,5,3,1,1,23,13.7201,25986.52,3.0008,0.027585,14.1318,synthetic
2001000209,Dr. Stephanie Mitchell,Palliative Care,Philadelphia,PA,Abstral,REP-S760,Sloan Tanaka,TERR-S08,3,5,2,2,2,17,13.3992,26994.69,3.7424,0.034232,13.9007,synthetic
2001000210,Dr. John Anderson,Anesthesiology,Portland,OR,Abstral,REP-S681,Samuel Larsson,TERR-S13,3,4,3,3,4,21,11.7367,29643.86,5.9264,0.053172,12.4322,synthetic
2001000211,Dr. Betty Clark,Neurology,Houston,TX,Fentora,REP-S635,Stephen Novak,TERR-S09,3,7,5,4,0,22,18.1336,38655.57,4.2668,0.039642,18.9073,synthetic
2001000212,Dr. Karen Allen,Internal Medicine,Detroit,MI,Subsys,REP-S749,Seth Tanaka,TERR-S11,3,7,3,2,3,10,20.7333,22787.96,3.2206,0.030262,21.4011,synthetic
2001000213,Dr. Carol Jones,Pain Management,Chicago,IL,Abstral,REP-S803,Sean Vargas,TERR-S09,3,4,5,5,5,20,11.3905,15704.0,8.5896,0.076001,12.3689,synthetic
2001000214,Dr. Robert Flores,Pain Management,Portland,OR,Abstral,REP-S547,Scott Chen,TERR-S05,3,8,5,4,5,18,21.0259,31771.05,9.055,0.082906,22.9298,synthetic
2001000215,Dr. Barbara Jackson,Palliative Care,Nashville,TN,Subsys,REP-S576,Sasha Kapoor,TERR-S06,2,5,7,5,0,20,14.4964,32318.11,1.9823,0.018374,14.7838,synthetic
2001000216,Dr. Linda Garcia,Pain Management,Jacksonville,FL,Abstral,REP-S532,Sienna Patel,TERR-S04,2,5,5,3,0,18,12.5665,32620.07,1.8648,0.017126,12.8009,synthetic
2001000217,Dr. Ashley Davis,Pain Management,Atlanta,GA,Abstral,REP-S525,Simon Patel,TERR-S11,3,7,4,3,3,18,19.3138,44030.34,4.9614,0.046093,20.272,synthetic
2001000218,Dr. Richard Adams,Oncology,Philadelphia,PA,Abstral,REP-S614,Selena O'Connor,TERR-S02,2,6,5,3,0,7,15.6588,30570.86,4.5875,0.042217,16.3771,synthetic
2001000219,Dr. Sharon Harris,Pain Management,Detroit,MI,Actiq,REP-S724,Sarah Santos,TERR-S14,3,4,3,2,3,42,9.7164,20603.06,3.1575,0.028226,10.0232,synthetic
2001000220,Dr. Charles Young,Oncology,Columbus,OH,Subsys,REP-S509,Seth Brooks,TERR-S09,3,7,3,3,1,16,19.3018,21059.99,3.1747,0.029737,19.9146,synthetic
2001000221,Dr. Betty Sanchez,Anesthesiology,Austin,TX,Subsys,REP-S828,Serena Alvarez,TERR-S06,2,5,8,8,3,16,14.8546,34718.66,6.5066,0.059176,15.8211,synthetic
2001000222,Dr. David Harris,Palliative Care,Portland,OR,Lazanda,REP-S740,Sloan Santos,TERR-S02,3,8,5,3,2,16,22.8043,55242.43,4.442,0.041673,23.8173,synthetic
2001000223,Dr. Michelle Allen,Family Practice,Chicago,IL,Subsys,REP-S518,Summer Brooks,TERR-S04,3,4,5,3,3,17,9.0904,10477.45,3.1522,0.028003,9.377,synthetic
2001000224,Dr. Michelle Johnson,Palliative Care,Chicago,IL,Fentora,REP-S661,Samuel Kowalski,TERR-S07,2,7,6,3,3,13,20.9342,19735.49,5.3894,0.050158,22.0624,synthetic
2001000225,Dr. Sarah Williams,Pain Management,Portland,OR,Actiq,REP-S587,Scott Nakamura,TERR-S03,2,9,9,7,1,15,25.7212,27978.73,8.0465,0.0746,27.7908,synthetic
2001000226,Dr. William Campbell,Pain Management,Portland,OR,Abstral,REP-S836,Sasha Alvarez,TERR-S14,3,3,4,3,0,25,7.2572,12259.47,3.1245,0.027091,7.484,synthetic
2001000227,Dr. Barbara Brown,Internal Medicine,Columbus,OH,Subsys,REP-S797,Stanley Gomez,TERR-S03,3,5,5,3,0,25,14.3275,24568.15,-0.5603,-0.005251,14.2472,synthetic
2001000228,Dr. Deborah Flores,Oncology,Phoenix,AZ,Actiq,REP-S686,Stella Larsson,TERR-S04,1,7,11,8,0,13,18.4413,36603.95,4.7269,0.043862,19.313,synthetic
2001000229,Dr. Sharon Rodriguez,Oncology,Jacksonville,FL,Actiq,REP-S721,Samuel Santos,TERR-S11,3,3,4,2,0,21,7.6328,11955.67,2.5633,0.022411,7.8284,synthetic
2001000230,Dr. Linda Johnson,Internal Medicine,Phoenix,AZ,Subsys,REP-S615,Stephen O'Connor,TERR-S03,3,5,3,3,3,24,14.2567,35562.5,3.0168,0.0278,14.6868,synthetic
2001000231,Dr. Sharon King,Anesthesiology,Phoenix,AZ,Subsys,REP-S784,Sarah Gomez,TERR-S04,2,6,8,7,1,15,17.1044,20287.95,7.0288,0.064294,18.3067,synthetic
2001000232,Dr. Dorothy Taylor,Pain Management,Baltimore,MD,Subsys,REP-S577,Stanley Kapoor,TERR-S07,1,4,9,6,1,19,10.3691,21772.15,5.2435,0.046714,10.9128,synthetic
2001000233,Dr. Richard Nguyen,Family Practice,Las Vegas,NV,Subsys,REP-S815,Stephen Vargas,TERR-S07,3,5,5,4,2,15,13.8555,22895.81,0.4526,0.004213,13.9182,synthetic
2001000234,Dr. Michelle Nelson,Neurology,Austin,TX,Subsys,REP-S719,Solomon Rossi,TERR-S09,3,5,4,4,3,13,12.874,20496.01,4.9109,0.044562,13.5063,synthetic
2001000235,Dr. Melissa Scott,Pain Management,Charlotte,NC,Fentora,REP-S689,Seth Larsson,TERR-S07,1,3,14,11,5,18,8.2093,10585.86,7.1155,0.061498,8.7934,synthetic
2001000236,Dr. Jessica Robinson,Palliative Care,Seattle,WA,Subsys,REP-S742,Sophia Tanaka,TERR-S04,2,4,5,4,2,32,10.4741,9945.9,6.3349,0.056218,11.1377,synthetic
2001000237,Dr. Charles Hill,Oncology,Phoenix,AZ,Subsys,REP-S783,Sean Gomez,TERR-S03,2,5,5,5,2,16,12.144,13594.02,7.812,0.069691,13.0927,synthetic
2001000238,Dr. Nancy Davis,Anesthesiology,Miami,FL,Abstral,REP-S619,Solomon O'Connor,TERR-S07,2,4,9,6,0,19,9.8869,22366.28,3.3385,0.029868,10.217,synthetic
2001000239,Dr. Amanda Carter,Oncology,Detroit,MI,Fentora,REP-S840,Sloan Alvarez,TERR-S04,1,4,10,10,9,32,10.2281,16056.3,11.5268,0.099847,11.407,synthetic
2001000240,Dr. Donna Lopez,Pain Management,Columbus,OH,Subsys,REP-S620,Sloan O'Connor,TERR-S08,3,4,5,4,3,21,9.7676,15642.55,3.8574,0.034393,10.1443,synthetic
2001000241,Dr. Elizabeth Adams,Pain Management,Chicago,IL,Subsys,REP-S683,Sean Larsson,TERR-S01,1,8,13,8,1,13,21.2123,46341.47,9.2011,0.08422,23.1641,synthetic
2001000242,Dr. Charles Anderson,Oncology,Houston,TX,Fentora,REP-S652,Sienna Dubois,TERR-S12,1,5,14,10,4,23,13.4692,21781.63,5.2378,0.047607,14.1747,synthetic
2001000243,Dr. Deborah Davis,Pain Management,Miami,FL,Lazanda,REP-S695,Stephen Larsson,TERR-S13,2,3,6,4,3,17,8.8129,14914.47,8.2203,0.071228,9.5373,synthetic
2001000244,Dr. Kimberly Jackson,Oncology,Baltimore,MD,Fentora,REP-S761,Samuel Muller,TERR-S09,3,5,3,2,0,19,12.2192,18664.71,0.6899,0.006357,12.3035,synthetic
2001000245,Dr. Sarah Johnson,Family Practice,Chicago,IL,Actiq,REP-S837,Stanley Alvarez,TERR-S01,3,4,2,2,0,17,11.5474,18850.2,2.775,0.025218,11.8678,synthetic
2001000246,Dr. Margaret Adams,Pain Management,Portland,OR,Subsys,REP-S650,Sadie Dubois,TERR-S10,3,3,3,3,3,20,8.5033,16984.22,6.8382,0.059387,9.0848,synthetic
2001000247,Dr. Thomas Hernandez,Palliative Care,Las Vegas,NV,Subsys,REP-S790,Sadie Gomez,TERR-S10,3,4,3,2,0,24,10.6458,22573.92,2.9044,0.026204,10.955,synthetic
2001000248,Dr. Sharon Rivera,Orthopedics,New York,NY,Abstral,REP-S513,Spencer Brooks,TERR-S13,3,5,3,2,1,12,14.5944,19803.77,3.7094,0.034126,15.1357,synthetic
2001000249,Dr. Michael White,Palliative Care,Denver,CO,Abstral,REP-S596,Sasha Nakamura,TERR-S12,2,3,5,3,0,12,7.0754,10816.18,0.2851,0.002495,7.0956,synthetic
2001000250,Dr. James Thompson,Palliative Care,Las Vegas,NV,Fentora,REP-S504,Sarah Brooks,TERR-S04,2,8,7,5,1,9,21.4087,53116.97,4.8766,0.045537,22.4527,synthetic
2001000251,Dr. Carol Lewis,Neurology,Los Angeles,CA,Subsys,REP-S625,Simon Novak,TERR-S13,3,7,5,3,2,20,20.0558,35119.6,3.4019,0.03189,20.738,synthetic
2001000252,Dr. Emily Johnson,Internal Medicine,Las Vegas,NV,Lazanda,REP-S803,Sean Vargas,TERR-S09,3,3,5,3,0,22,7.6339,12683.96,2.0827,0.018248,7.7929,synthetic
2001000253,Dr. Kathleen Thomas,Pain Management,Atlanta,GA,Lazanda,REP-S614,Selena O'Connor,TERR-S02,3,5,2,2,2,17,12.7903,15525.15,3.6625,0.033405,13.2588,synthetic
2001000254,Dr. Dorothy Sanchez,Palliative Care,Jacksonville,FL,Abstral,REP-S538,Summer Patel,TERR-S10,3,6,2,1,2,20,16.3788,25413.39,3.6088,0.033446,16.9699,synthetic
2001000255,Dr. Charles Lewis,Neurology,Baltimore,MD,Actiq,REP-S714,Selena Rossi,TERR-S04,2,2,9,5,2,18,5.3066,9486.73,6.5172,0.053387,5.6524,synthetic
2001000256,Dr. Margaret Perez,Palliative Care,Portland,OR,Actiq,REP-S580,Sloan Kapoor,TERR-S10,3,4,5,4,4,13,10.1246,17965.97,5.386,0.047855,10.6699,synthetic
2001000257,Dr. Elizabeth Allen,Pain Management,Jacksonville,FL,Subsys,REP-S586,Stella Nakamura,TERR-S02,2,3,5,4,1,18,7.5289,8985.39,5.8617,0.05045,7.9703,synthetic
2001000258,Dr. Linda Torres,Pain Management,Columbus,OH,Subsys,REP-S784,Sarah Gomez,TERR-S04,1,5,9,5,4,13,12.51,21663.38,8.8701,0.078936,13.6197,synthetic
2001000259,Dr. Rebecca Robinson,Oncology,Portland,OR,Fentora,REP-S528,Serena Patel,TERR-S14,3,4,2,1,0,28,11.8911,13532.79,2.5357,0.023121,12.1927,synthetic
2001000260,Dr. Melissa Rivera,Oncology,Austin,TX,Subsys,REP-S509,Seth Brooks,TERR-S09,2,6,5,3,0,22,17.4169,32597.47,3.8889,0.036117,18.0943,synthetic
2001000261,Dr. Margaret Walker,Palliative Care,Austin,TX,Abstral,REP-S618,Summer O'Connor,TERR-S06,2,3,6,5,3,32,8.932,19588.85,6.6268,0.057887,9.5239,synthetic
2001000262,Dr. Jennifer Taylor,Internal Medicine,New York,NY,Actiq,REP-S743,Sean Tanaka,TERR-S05,3,6,3,3,4,20,15.5063,35522.11,2.9471,0.027309,15.9633,synthetic
2001000263,Dr. Melissa Sanchez,Oncology,Phoenix,AZ,Fentora,REP-S585,Simon Nakamura,TERR-S01,2,4,7,5,3,20,11.9728,27057.26,6.4791,0.058077,12.7485,synthetic
2001000264,Dr. Patricia Hernandez,Palliative Care,Boston,MA,Fentora,REP-S706,Stella Rossi,TERR-S10,3,5,2,1,0,18,12.0666,30980.46,0.7527,0.006927,12.1574,synthetic
2001000265,Dr. Betty Sanchez,Pain Management,Columbus,OH,Abstral,REP-S842,Sophia Kim,TERR-S06,1,4,9,6,0,15,9.0411,11155.07,6.1488,0.053886,9.5971,synthetic
2001000266,Dr. Mary Baker,Pain Management,Boston,MA,Lazanda,REP-S744,Sarah Tanaka,TERR-S06,2,3,7,6,3,17,8.1862,11582.7,8.1016,0.069709,8.8494,synthetic
2001000267,Dr. James Gonzalez,Internal Medicine,Denver,CO,Subsys,REP-S720,Sloan Rossi,TERR-S10,3,7,5,3,3,24,18.9065,24850.43,5.6257,0.052053,19.9701,synthetic
2001000268,Dr. Charles Hernandez,Pain Management,Los Angeles,CA,Abstral,REP-S568,Serena Kapoor,TERR-S12,1,6,10,7,6,20,16.6682,19916.58,9.3719,0.084722,18.2303,synthetic
2001000269,Dr. James Clark,Neurology,Phoenix,AZ,Subsys,REP-S847,Scott Kim,TERR-S11,3,9,2,2,3,25,24.6052,38269.92,3.3811,0.031974,25.4371,synthetic
2001000270,Dr. Laura Hill,Family Practice,Nashville,TN,Subsys,REP-S794,Selena Gomez,TERR-S14,3,5,2,1,1,21,14.6304,23325.72,1.2727,0.011843,14.8167,synthetic
2001000271,Dr. Barbara Miller,Oncology,Detroit,MI,Actiq,REP-S643,Sean Dubois,TERR-S03,3,5,5,2,0,24,14.0633,35038.07,1.4412,0.013366,14.266,synthetic
2001000272,Dr. William Lopez,Internal Medicine,Philadelphia,PA,Abstral,REP-S780,Sloan Muller,TERR-S14,3,8,5,4,0,24,21.1046,45059.44,3.3687,0.031656,21.8155,synthetic
2001000273,Dr. Lisa Allen,Pain Management,Seattle,WA,Abstral,REP-S579,Solomon Kapoor,TERR-S09,3,6,2,1,0,23,17.4791,20357.4,1.2188,0.011463,17.6921,synthetic
2001000274,Dr. Lisa Hill,Pain Management,Philadelphia,PA,Subsys,REP-S744,Sarah Tanaka,TERR-S06,2,2,9,5,4,27,3.9737,6779.83,9.7731,0.075183,4.362,synthetic
2001000275,Dr. Deborah Wilson,Palliative Care,Charlotte,NC,Subsys,REP-S640,Sloan Novak,TERR-S14,3,5,5,3,2,23,12.7304,24203.83,5.9933,0.054079,13.4934,synthetic
2001000276,Dr. Thomas Robinson,Anesthesiology,New York,NY,Subsys,REP-S606,Stella O'Connor,TERR-S08,3,2,3,2,2,20,5.4388,12922.74,2.9595,0.024691,5.5997,synthetic
2001000277,Dr. Michael Flores,Oncology,Charlotte,NC,Abstral,REP-S785,Simon Gomez,TERR-S05,3,4,4,3,1,20,10.6864,20598.33,4.8269,0.043193,11.2022,synthetic
2001000278,Dr. Stephanie Martin,Family Practice,Boston,MA,Subsys,REP-S806,Stella Vargas,TERR-S12,3,4,3,2,1,11,11.0432,19925.48,3.2152,0.029056,11.3982,synthetic
2001000279,Dr. Thomas Carter,Anesthesiology,Baltimore,MD,Fentora,REP-S617,Stanley O'Connor,TERR-S05,3,3,5,5,6,20,8.8046,15666.87,7.2725,0.063263,9.445,synthetic
2001000280,Dr. Laura Mitchell,Orthopedics,Phoenix,AZ,Abstral,REP-S529,Seth Patel,TERR-S01,3,6,2,2,1,11,16.705,20522.7,3.9158,0.03628,17.3592,synthetic
2001000281,Dr. Margaret Torres,Oncology,Los Angeles,CA,Subsys,REP-S720,Sloan Rossi,TERR-S10,2,4,9,7,7,15,11.4817,12553.22,10.0161,0.088136,12.6318,synthetic
2001000282,Dr. Kathleen Johnson,Internal Medicine,Portland,OR,Fentora,REP-S626,Stella Novak,TERR-S14,3,3,2,2,0,9,8.2946,14996.84,1.7085,0.015132,8.4364,synthetic
2001000283,Dr. Donna Clark,Internal Medicine,Phoenix,AZ,Subsys,REP-S510,Sadie Brooks,TERR-S10,3,6,2,2,3,11,17.7343,32970.42,4.6925,0.043462,18.5665,synthetic
2001000284,Dr. Barbara Hernandez,Neurology,Las Vegas,NV,Actiq,REP-S714,Selena Rossi,TERR-S04,2,7,6,5,3,19,18.204,26049.01,4.4448,0.04127,19.0132,synthetic
2001000285,Dr. Sarah Rodriguez,Pain Management,Baltimore,MD,Actiq,REP-S731,Silas Santos,TERR-S07,1,3,9,6,3,11,7.9799,6902.37,7.3759,0.063487,8.5685,synthetic
2001000286,Dr. Dorothy Thomas,Neurology,Austin,TX,Actiq,REP-S547,Scott Chen,TERR-S05,3,3,4,3,3,16,8.1829,12375.45,2.394,0.021109,8.3788,synthetic
2001000287,Dr. Melissa Sanchez,Palliative Care,Portland,OR,Subsys,REP-S798,Summer Gomez,TERR-S04,2,9,8,6,4,15,25.935,23327.89,10.259,0.094202,28.5957,synthetic
2001000288,Dr. Karen Lee,Neurology,Detroit,MI,Fentora,REP-S554,Selena Chen,TERR-S12,2,4,5,4,5,15,10.2989,12992.18,6.6921,0.05921,10.9882,synthetic
2001000289,Dr. Deborah Johnson,Oncology,Los Angeles,CA,Subsys,REP-S675,Stephen Kowalski,TERR-S07,1,4,13,10,3,26,10.8526,25436.81,11.0552,0.096423,12.0523,synthetic
2001000290,Dr. Deborah Ramirez,Palliative Care,Boston,MA,Subsys,REP-S747,Scott Tanaka,TERR-S09,3,8,2,2,2,26,23.5321,25069.23,2.9734,0.028123,24.2318,synthetic
2001000291,Dr. Sharon Rodriguez,Internal Medicine,Detroit,MI,Actiq,REP-S729,Seth Santos,TERR-S05,3,8,2,2,2,15,22.7999,27287.64,1.6765,0.015933,23.1821,synthetic
2001000292,Dr. Lisa Smith,Family Practice,Charlotte,NC,Fentora,REP-S739,Solomon Santos,TERR-S01,3,7,4,2,3,26,18.2835,20462.32,0.8287,0.007827,18.435,synthetic
2001000293,Dr. Sarah Young,Orthopedics,Detroit,MI,Actiq,REP-S610,Sadie O'Connor,TERR-S12,3,6,5,4,3,18,15.2891,32905.16,3.7557,0.034644,15.8633,synthetic
2001000294,Dr. John Brown,Anesthesiology,Houston,TX,Subsys,REP-S831,Silas Alvarez,TERR-S09,3,7,5,4,4,12,18.5715,21328.6,4.7148,0.043767,19.4472,synthetic
2001000295,Dr. Sarah Harris,Pain Management,Miami,FL,Subsys,REP-S610,Sadie O'Connor,TERR-S12,1,5,10,6,5,25,13.1623,31710.1,5.3524,0.048547,13.8669,synthetic
2001000296,Dr. Sandra Perez,Palliative Care,Jacksonville,FL,Abstral,REP-S513,Spencer Brooks,TERR-S13,3,6,3,2,0,12,15.921,36734.78,3.7099,0.034311,16.5117,synthetic
2001000297,Dr. Susan White,Pain Management,Los Angeles,CA,Actiq,REP-S654,Selena Dubois,TERR-S14,3,7,4,2,3,22,18.5472,40193.43,5.0649,0.046939,19.4866,synthetic
2001000298,Dr. Dorothy Lewis,Neurology,Denver,CO,Abstral,REP-S708,Serena Rossi,TERR-S12,2,3,8,6,7,17,8.9336,10186.91,5.6463,0.049532,9.438,synthetic
2001000299,Dr. Mary Clark,Palliative Care,New York,NY,Subsys,REP-S609,Seth O'Connor,TERR-S11,3,9,2,2,2,13,26.0985,57415.87,3.9524,0.037359,27.1301,synthetic
2001000300,Dr. Stephanie Williams,Internal Medicine,Atlanta,GA,Abstral,REP-S631,Silas Novak,TERR-S05,3,5,4,3,2,20,12.4242,21066.56,4.3617,0.039575,12.9661,synthetic
2001000301,Dr. Michelle Thompson,Oncology,Phoenix,AZ,Actiq,REP-S525,Simon Patel,TERR-S11,3,3,5,3,4,16,7.5068,14424.9,4.3282,0.037483,7.8317,synthetic
2001000302,Dr. Susan Campbell,Pain Management,Denver,CO,Abstral,REP-S624,Sarah Novak,TERR-S12,1,5,11,6,2,7,13.9511,31413.81,9.4948,0.08489,15.2758,synthetic
2001000303,Dr. Sandra Hall,Anesthesiology,Seattle,WA,Subsys,REP-S754,Selena Tanaka,TERR-S02,3,4,2,1,2,29,11.3302,9778.94,4.0938,0.036928,11.7941,synthetic
2001000304,Dr. Margaret Garcia,Neurology,Portland,OR,Subsys,REP-S562,Sophia Kapoor,TERR-S06,3,8,4,2,1,14,22.4377,51132.14,3.5991,0.033875,23.2453,synthetic
2001000305,Dr. Amanda Lopez,Palliative Care,New York,NY,Abstral,REP-S685,Simon Larsson,TERR-S03,3,8,4,3,3,18,21.5545,52347.23,5.7871,0.05383,22.8018,synthetic
2001000306,Dr. Kathleen Moore,Oncology,Las Vegas,NV,Abstral,REP-S671,Silas Kowalski,TERR-S03,3,10,3,2,3,26,27.1732,53336.44,2.8752,0.027354,27.9545,synthetic
2001000307,Dr. Michael Flores,Pain Management,Denver,CO,Subsys,REP-S776,Sasha Muller,TERR-S10,3,8,2,1,0,39,23.0444,59560.31,-1.3581,-0.013101,22.7315,synthetic
2001000308,Dr. Patricia Perez,Oncology,New York,NY,Actiq,REP-S635,Stephen Novak,TERR-S09,3,6,5,3,3,11,15.5735,35539.0,5.0994,0.046805,16.3677,synthetic
2001000309,Dr. Karen King,Orthopedics,Houston,TX,Actiq,REP-S844,Sarah Kim,TERR-S08,3,3,3,3,1,23,8.23,20988.37,4.6235,0.040398,8.6105,synthetic
2001000310,Dr. Elizabeth Perez,Palliative Care,Phoenix,AZ,Abstral,REP-S639,Solomon Novak,TERR-S13,3,9,3,1,0,14,26.0409,35223.24,2.6092,0.024816,26.7203,synthetic
2001000311,Dr. John Baker,Family Practice,Charlotte,NC,Actiq,REP-S613,Spencer O'Connor,TERR-S01,3,4,3,2,3,23,9.503,9107.25,2.3338,0.020896,9.7247,synthetic
2001000312,Dr. David Gonzalez,Oncology,Atlanta,GA,Actiq,REP-S797,Stanley Gomez,TERR-S03,3,5,2,1,1,16,12.396,28820.0,2.6717,0.024422,12.7272,synthetic
2001000313,Dr. Lisa Brown,Family Practice,Philadelphia,PA,Subsys,REP-S660,Sloan Dubois,TERR-S06,3,5,2,1,0,36,14.8833,15185.75,1.0865,0.01013,15.045,synthetic
2001000314,Dr. Lisa Lee,Oncology,Portland,OR,Subsys,REP-S626,Stella Novak,TERR-S14,3,7,3,2,1,16,18.1743,40029.09,3.4944,0.032585,18.8094,synthetic
2001000315,Dr. Kathleen Harris,Internal Medicine,Philadelphia,PA,Subsys,REP-S523,Sean Patel,TERR-S09,3,5,5,3,3,15,14.7402,34373.19,3.8313,0.035251,15.3049,synthetic
2001000316,Dr. Kathleen Hill,Oncology,Seattle,WA,Fentora,REP-S738,Summer Santos,TERR-S14,3,4,4,3,4,23,10.3332,16960.22,7.4325,0.06557,11.1012,synthetic
2001000317,Dr. Jennifer Gonzalez,Anesthesiology,Miami,FL,Fentora,REP-S655,Stephen Dubois,TERR-S01,2,5,5,4,1,18,13.0532,20184.93,4.4457,0.040464,13.6335,synthetic
2001000318,Dr. James Young,Oncology,Seattle,WA,Actiq,REP-S645,Simon Dubois,TERR-S05,3,3,3,2,3,22,8.6607,18283.88,4.8735,0.042763,9.0828,synthetic
2001000319,Dr. Robert Moore,Oncology,Portland,OR,Subsys,REP-S679,Solomon Kowalski,TERR-S11,3,7,4,3,3,20,20.8415,48381.23,6.5738,0.060839,22.2115,synthetic
2001000320,Dr. Kathleen Martin,Oncology,Boston,MA,Abstral,REP-S692,Sienna Larsson,TERR-S10,3,5,3,2,2,25,13.5334,33630.89,3.6037,0.033006,14.0211,synthetic
2001000321,Dr. Susan Scott,Internal Medicine,Atlanta,GA,Fentora,REP-S515,Stephen Brooks,TERR-S01,3,4,5,2,3,21,9.1824,23837.18,3.7043,0.032859,9.5225,synthetic
2001000322,Dr. Kimberly Davis,Internal Medicine,Houston,TX,Subsys,REP-S642,Sophia Dubois,TERR-S02,3,5,5,4,5,16,12.8707,28490.73,1.9496,0.017929,13.1217,synthetic
2001000323,Dr. Nancy Adams,Family Practice,Charlotte,NC,Abstral,REP-S574,Selena Kapoor,TERR-S04,3,3,2,2,0,24,7.9859,15035.27,1.2752,0.01127,8.0877,synthetic
2001000324,Dr. Dorothy Hernandez,Family Practice,Boston,MA,Subsys,REP-S824,Sarah Alvarez,TERR-S02,3,7,2,1,1,23,19.7464,33834.42,2.1457,0.020217,20.1701,synthetic
2001000325,Dr. Emily Thompson,Neurology,Denver,CO,Lazanda,REP-S665,Simon Kowalski,TERR-S11,3,4,5,3,4,12,10.9322,27409.01,4.7826,0.042885,11.455,synthetic
2001000326,Dr. Richard Green,Neurology,Portland,OR,Lazanda,REP-S742,Sophia Tanaka,TERR-S04,2,6,5,4,1,15,17.7202,17248.85,5.3251,0.049178,18.6638,synthetic
2001000327,Dr. Richard Williams,Pain Management,Los Angeles,CA,Subsys,REP-S539,Solomon Patel,TERR-S11,3,6,5,5,0,12,16.1177,24765.44,4.8267,0.044445,16.8956,synthetic
2001000328,Dr. William Flores,Palliative Care,Los Angeles,CA,Lazanda,REP-S771,Silas Muller,TERR-S05,3,4,2,2,3,30,10.9792,10693.91,5.6295,0.050309,11.5973,synthetic
2001000329,Dr. Sandra Baker,Orthopedics,Columbus,OH,Subsys,REP-S778,Summer Muller,TERR-S12,2,6,5,2,1,14,16.3128,39063.53,0.5237,0.004922,16.3982,synthetic
2001000330,Dr. Margaret Torres,Pain Management,Phoenix,AZ,Actiq,REP-S618,Summer O'Connor,TERR-S06,2,5,6,4,0,12,13.7117,27756.99,2.4018,0.022138,14.041,synthetic
2001000331,Dr. Carol Baker,Pain Management,Phoenix,AZ,Abstral,REP-S724,Sarah Santos,TERR-S14,3,5,4,3,4,23,12.6615,29299.9,8.1334,0.072674,13.6913,synthetic
2001000332,Dr. James Gonzalez,Family Practice,Charlotte,NC,Actiq,REP-S724,Sarah Santos,TERR-S14,3,5,4,3,4,11,13.3053,29499.39,1.8515,0.017074,13.5517,synthetic
2001000333,Dr. James Hernandez,Oncology,Boston,MA,Abstral,REP-S699,Solomon Larsson,TERR-S03,3,9,5,3,2,15,25.4672,35684.67,3.7968,0.035882,26.4341,synthetic
2001000334,Dr. Betty Young,Anesthesiology,Houston,TX,Abstral,REP-S715,Stephen Rossi,TERR-S05,3,3,3,3,4,22,8.6137,16372.6,6.3659,0.05547,9.162,synthetic
2001000335,Dr. Susan Lopez,Palliative Care,Chicago,IL,Abstral,REP-S507,Scott Brooks,TERR-S07,1,8,14,10,5,21,23.3933,24506.14,8.4659,0.078061,25.3738,synthetic
2001000336,Dr. Lisa Ramirez,Palliative Care,Portland,OR,Lazanda,REP-S651,Silas Dubois,TERR-S11,3,6,3,1,0,22,17.7314,39630.35,0.7387,0.006969,17.8624,synthetic
2001000337,Dr. Sandra Nguyen,Orthopedics,Portland,OR,Actiq,REP-S750,Sadie Tanaka,TERR-S12,3,6,2,2,0,18,16.5757,22116.97,-0.0495,-0.000467,16.5675,synthetic
2001000338,Dr. Karen Rodriguez,Palliative Care,Charlotte,NC,Abstral,REP-S685,Simon Larsson,TERR-S03,3,8,4,3,4,9,21.9909,23412.28,6.9277,0.064161,23.5144,synthetic
2001000339,Dr. Dorothy Carter,Pain Management,Baltimore,MD,Lazanda,REP-S511,Silas Brooks,TERR-S11,3,8,2,1,0,13,21.0157,38080.36,1.0535,0.010006,21.2371,synthetic
2001000340,Dr. Richard Rodriguez,Anesthesiology,Denver,CO,Subsys,REP-S648,Serena Dubois,TERR-S08,3,6,3,2,1,20,15.9639,28598.18,2.187,0.020372,16.313,synthetic
2001000341,Dr. Charles Baker,Pain Management,Seattle,WA,Subsys,REP-S584,Sarah Nakamura,TERR-S14,3,4,3,2,2,10,10.0017,10662.67,5.1237,0.045527,10.5142,synthetic
2001000342,Dr. James Martin,Pain Management,Las Vegas,NV,Actiq,REP-S821,Samuel Alvarez,TERR-S13,3,5,2,1,0,11,12.6283,30175.71,1.0344,0.009539,12.7589,synthetic
2001000343,Dr. William Nelson,Oncology,Detroit,MI,Actiq,REP-S504,Sarah Brooks,TERR-S04,1,6,14,11,5,14,17.7128,29818.97,8.8159,0.080148,19.2744,synthetic
2001000344,Dr. Michelle Sanchez,Anesthesiology,Denver,CO,Actiq,REP-S539,Solomon Patel,TERR-S11,3,5,5,3,2,16,14.5485,30352.7,5.8663,0.053436,15.402,synthetic
2001000345,Dr. Laura Jones,Family Practice,Portland,OR,Fentora,REP-S649,Seth Dubois,TERR-S09,3,8,3,2,1,28,22.0986,38978.45,2.0552,0.019471,22.5527,synthetic
2001000346,Dr. Laura Lopez,Neurology,Denver,CO,Subsys,REP-S740,Sloan Santos,TERR-S02,3,2,5,2,0,19,5.6324,11702.59,1.1738,0.009919,5.6985,synthetic
2001000347,Dr. William Nelson,Palliative Care,Jacksonville,FL,Actiq,REP-S735,Stephen Santos,TERR-S11,3,4,3,2,3,12,11.843,27244.11,5.8666,0.052686,12.5378,synthetic
2001000348,Dr. Emily Anderson,Pain Management,Jacksonville,FL,Abstral,REP-S792,Sienna Gomez,TERR-S12,2,5,5,4,0,23,12.7006,31248.63,6.8672,0.061716,13.5728,synthetic
2001000349,Dr. Stephanie Hall,Pain Management,Columbus,OH,Subsys,REP-S533,Spencer Patel,TERR-S05,3,6,5,4,3,30,17.4382,32528.83,7.121,0.065177,18.6799,synthetic
2001000350,Dr. Donna Harris,Pain Management,Denver,CO,Actiq,REP-S587,Scott Nakamura,TERR-S03,2,8,9,8,9,10,21.8406,26695.45,13.3525,0.120162,24.7569,synthetic
2001000351,Dr. Dorothy Hall,Orthopedics,Nashville,TN,Subsys,REP-S572,Sienna Kapoor,TERR-S02,3,8,3,2,2,19,21.7684,43918.11,1.5225,0.014451,22.0999,synthetic
2001000352,Dr. Michelle Harris,Oncology,Boston,MA,Abstral,REP-S761,Samuel Muller,TERR-S09,3,3,5,4,5,27,8.1401,9430.95,7.1607,0.061821,8.723,synthetic
2001000353,Dr. Lisa Baker,Pain Management,Nashville,TN,Actiq,REP-S725,Simon Santos,TERR-S01,1,7,12,7,5,24,18.1585,18945.22,9.3388,0.084813,19.8543,synthetic
2001000354,Dr. Susan Wilson,Pain Management,Denver,CO,Fentora,REP-S581,Samuel Nakamura,TERR-S11,3,4,3,2,0,14,10.1271,9922.66,2.2746,0.02049,10.3574,synthetic
2001000355,Dr. Deborah Smith,Neurology,Atlanta,GA,Subsys,REP-S628,Serena Novak,TERR-S02,3,6,5,2,1,21,17.1164,43146.55,3.5045,0.032574,17.7163,synthetic
2001000356,Dr. Dorothy Ramirez,Pain Management,Nashville,TN,Actiq,REP-S741,Samuel Tanaka,TERR-S03,3,5,5,4,3,33,14.4551,33589.23,6.8602,0.062189,15.4468,synthetic
2001000357,Dr. William Baker,Pain Management,Denver,CO,Lazanda,REP-S512,Sienna Brooks,TERR-S12,1,7,10,6,7,21,20.6081,35897.13,9.9237,0.090429,22.6532,synthetic
2001000358,Dr. Michelle Williams,Neurology,Atlanta,GA,Lazanda,REP-S767,Scott Muller,TERR-S01,2,4,7,5,2,17,9.0647,16976.28,5.4025,0.047511,9.5545,synthetic
2001000359,Dr. Michael Sanchez,Pain Management,Charlotte,NC,Abstral,REP-S534,Selena Patel,TERR-S06,2,6,9,7,6,12,15.0427,15847.38,7.9964,0.072302,16.2455,synthetic
2001000360,Dr. Donna Sanchez,Anesthesiology,Phoenix,AZ,Fentora,REP-S775,Stephen Muller,TERR-S09,3,5,3,3,0,28,12.4942,14446.99,1.556,0.014304,12.6886,synthetic
2001000361,Dr. Jennifer Moore,Pain Management,Miami,FL,Abstral,REP-S740,Sloan Santos,TERR-S02,2,5,6,4,5,14,14.2885,32173.75,6.9912,0.063293,15.2875,synthetic
2001000362,Dr. William Jackson,Pain Management,Nashville,TN,Subsys,REP-S825,Simon Alvarez,TERR-S03,3,7,5,3,1,18,19.4567,34652.42,4.6075,0.042889,20.3531,synthetic
2001000363,Dr. Stephanie Brown,Family Practice,Philadelphia,PA,Lazanda,REP-S535,Stephen Patel,TERR-S07,3,6,4,3,0,15,16.5945,20197.43,1.68,0.015721,16.8733,synthetic
2001000364,Dr. Amanda Taylor,Family Practice,Houston,TX,Subsys,REP-S543,Sean Chen,TERR-S01,3,4,5,4,1,16,10.042,11972.37,1.9492,0.017571,10.2378,synthetic
2001000365,Dr. Stephanie Miller,Orthopedics,Austin,TX,Abstral,REP-S633,Spencer Novak,TERR-S07,3,3,4,2,1,32,8.999,15597.47,2.7475,0.024426,9.2463,synthetic
2001000366,Dr. David Garcia,Pain Management,Boston,MA,Abstral,REP-S562,Sophia Kapoor,TERR-S06,1,4,11,8,9,24,10.0289,15631.33,12.2431,0.105558,11.2567,synthetic
2001000367,Dr. Deborah Baker,Orthopedics,Portland,OR,Abstral,REP-S760,Sloan Tanaka,TERR-S08,3,6,3,3,2,7,17.746,42504.56,4.8472,0.044865,18.6062,synthetic
2001000368,Dr. Patricia Robinson,Palliative Care,Columbus,OH,Subsys,REP-S575,Stephen Kapoor,TERR-S05,3,6,3,2,1,8,16.8809,20128.06,4.1758,0.038666,17.5858,synthetic
2001000369,Dr. Kathleen Lewis,Pain Management,Miami,FL,Actiq,REP-S848,Serena Kim,TERR-S12,1,3,12,9,6,18,8.3834,12522.6,8.5065,0.07325,9.0965,synthetic
2001000370,Dr. Deborah Campbell,Family Practice,New York,NY,Actiq,REP-S774,Selena Muller,TERR-S08,3,4,5,4,4,23,11.3022,18603.52,5.8429,0.052289,11.9626,synthetic
2001000371,Dr. Margaret Robinson,Pain Management,Chicago,IL,Subsys,REP-S804,Sarah Vargas,TERR-S10,3,10,5,5,2,29,27.1344,34160.33,6.3348,0.059303,28.8533,synthetic
2001000372,Dr. John Mitchell,Pain Management,Las Vegas,NV,Subsys,REP-S702,Sophia Rossi,TERR-S06,2,4,8,5,3,19,10.7505,24461.97,5.4316,0.048498,11.3344,synthetic
2001000373,Dr. Rebecca Martinez,Oncology,New York,NY,Subsys,REP-S736,Sasha Santos,TERR-S12,2,6,6,2,0,25,16.0617,31867.32,2.4267,0.022588,16.4514,synthetic
2001000374,Dr. Melissa Harris,Emergency Medicine,Charlotte,NC,Lazanda,REP-S608,Serena O'Connor,TERR-S10,3,7,5,3,2,30,20.5744,18275.03,4.3752,0.040877,21.4745,synthetic
2001000375,Dr. Thomas Gonzalez,Pain Management,Seattle,WA,Abstral,REP-S596,Sasha Nakamura,TERR-S12,1,4,9,6,4,27,9.593,10771.42,8.5825,0.07485,10.4163,synthetic
2001000376,Dr. Lisa Robinson,Oncology,Detroit,MI,Actiq,REP-S812,Sienna Vargas,TERR-S04,2,3,8,7,6,25,7.9349,19453.71,8.9577,0.076545,8.6456,synthetic
2001000377,Dr. Margaret Rodriguez,Family Practice,Baltimore,MD,Actiq,REP-S833,Spencer Alvarez,TERR-S11,3,4,2,2,1,19,9.6946,14051.81,3.891,0.034664,10.0718,synthetic
2001000378,Dr. Emily Garcia,Pain Management,Miami,FL,Fentora,REP-S632,Sienna Novak,TERR-S06,2,4,5,4,1,22,10.8175,27406.39,6.9493,0.061671,11.5692,synthetic
2001000379,Dr. Sharon Jackson,Internal Medicine,Los Angeles,CA,Subsys,REP-S556,Sasha Chen,TERR-S14,3,3,2,2,2,25,8.0569,8808.34,5.3131,0.046182,8.4849,synthetic
2001000380,Dr. James Moore,Orthopedics,Columbus,OH,Fentora,REP-S598,Summer Nakamura,TERR-S14,3,6,4,2,2,22,17.5557,37667.48,5.195,0.047981,18.4677,synthetic
2001000381,Dr. Deborah Flores,Family Practice,New York,NY,Subsys,REP-S748,Serena Tanaka,TERR-S10,3,3,2,2,0,26,8.659,17007.75,0.0685,0.000614,8.665,synthetic
2001000382,Dr. John Carter,Pain Management,Columbus,OH,Abstral,REP-S535,Stephen Patel,TERR-S07,1,5,12,9,4,14,14.4347,19638.54,12.0891,0.107112,16.1798,synthetic
2001000383,Dr. Melissa Hill,Palliative Care,Jacksonville,FL,Fentora,REP-S598,Summer Nakamura,TERR-S14,3,5,5,3,3,38,12.9369,25248.48,6.5137,0.058706,13.7796,synthetic
2001000384,Dr. Robert Green,Neurology,Atlanta,GA,Actiq,REP-S621,Samuel Novak,TERR-S09,3,7,5,3,0,19,18.8781,32723.11,3.6196,0.033797,19.5614,synthetic
2001000385,Dr. Melissa Thomas,Family Practice,Columbus,OH,Abstral,REP-S803,Sean Vargas,TERR-S09,3,3,2,1,2,21,6.6615,14022.68,1.7832,0.015385,6.7803,synthetic
2001000386,Dr. Margaret Sanchez,Anesthesiology,Phoenix,AZ,Abstral,REP-S785,Simon Gomez,TERR-S05,3,9,2,2,0,18,26.7119,42433.08,2.2068,0.021049,27.3014,synthetic
2001000387,Dr. Linda Johnson,Oncology,Portland,OR,Actiq,REP-S606,Stella O'Connor,TERR-S08,3,3,3,2,2,24,6.6414,13098.38,4.4621,0.038048,6.9378,synthetic
2001000388,Dr. Charles Thomas,Oncology,Seattle,WA,Abstral,REP-S668,Serena Kowalski,TERR-S14,3,6,5,2,2,10,15.4423,34057.66,4.7541,0.043682,16.1764,synthetic
2001000389,Dr. Sarah Taylor,Oncology,Charlotte,NC,Actiq,REP-S800,Sloan Gomez,TERR-S06,2,8,6,5,2,15,22.5216,46052.6,4.3448,0.040759,23.5001,synthetic
2001000390,Dr. Laura Mitchell,Family Practice,Philadelphia,PA,Fentora,REP-S567,Scott Kapoor,TERR-S11,3,3,4,4,4,18,6.1711,14336.85,4.4109,0.037256,6.4434,synthetic
2001000391,Dr. Betty Taylor,Neurology,Phoenix,AZ,Abstral,REP-S701,Samuel Rossi,TERR-S05,3,4,5,4,2,10,9.3879,17746.08,2.8215,0.025179,9.6528,synthetic
2001000392,Dr. Jessica Williams,Internal Medicine,Phoenix,AZ,Abstral,REP-S673,Spencer Kowalski,TERR-S05,3,4,3,2,2,2,11.2986,14841.84,3.5309,0.031923,11.6976,synthetic
2001000393,Dr. Melissa Scott,Pain Management,Denver,CO,Actiq,REP-S689,Seth Larsson,TERR-S07,1,7,13,8,3,7,19.5944,50459.18,6.9033,0.063614,20.9471,synthetic
2001000394,Dr. Margaret Torres,Anesthesiology,Nashville,TN,Fentora,REP-S546,Stella Chen,TERR-S04,2,6,9,8,5,17,16.1743,29182.71,8.8188,0.079784,17.6007,synthetic
2001000395,Dr. Elizabeth Baker,Anesthesiology,Seattle,WA,Fentora,REP-S754,Selena Tanaka,TERR-S02,3,9,3,3,0,32,26.5935,56252.06,5.0925,0.047913,27.9478,synthetic
2001000396,Dr. Susan Allen,Oncology,Miami,FL,Subsys,REP-S730,Sadie Santos,TERR-S06,2,10,8,7,0,23,27.3623,51165.62,3.8763,0.036714,28.423,synthetic
2001000397,Dr. Dorothy Garcia,Oncology,Phoenix,AZ,Lazanda,REP-S722,Sophia Santos,TERR-S12,1,3,9,8,2,11,7.4228,18216.54,7.2746,0.062138,7.9627,synthetic
2001000398,Dr. Ashley Ramirez,Neurology,Miami,FL,Subsys,REP-S570,Sadie Kapoor,TERR-S14,3,6,4,3,0,18,16.3318,24665.8,2.5316,0.023575,16.7453,synthetic
2001000399,Dr. Lisa Taylor,Palliative Care,Chicago,IL,Abstral,REP-S602,Sophia O'Connor,TERR-S04,2,5,5,3,4,8,13.4873,32716.55,6.2005,0.05612,14.3236,synthetic
2001000400,Dr. Linda Allen,Oncology,Phoenix,AZ,Lazanda,REP-S787,Scott Gomez,TERR-S07,1,7,11,6,0,15,18.8333,19157.62,3.9724,0.037027,19.5814,synthetic
2001000401,Dr. Donna Lopez,Pain Management,Atlanta,GA,Subsys,REP-S674,Selena Kowalski,TERR-S06,1,4,11,6,1,15,10.6723,11430.19,7.8815,0.069584,11.5135,synthetic
2001000402,Dr. Jennifer Clark,Pain Management,Phoenix,AZ,Fentora,REP-S679,Solomon Kowalski,TERR-S11,2,4,7,5,1,21,10.988,17514.55,6.1223,0.054598,11.6607,synthetic
2001000403,Dr. Charles Davis,Oncology,Seattle,WA,Fentora,REP-S768,Serena Muller,TERR-S02,2,9,6,4,3,17,24.1588,57298.46,5.5366,0.0518,25.4964,synthetic
2001000404,Dr. Stephanie Perez,Anesthesiology,Baltimore,MD,Abstral,REP-S751,Silas Tanaka,TERR-S13,3,5,3,3,3,20,13.8206,20955.51,5.5703,0.05064,14.5905,synthetic
2001000405,Dr. Ashley Jones,Neurology,Miami,FL,Actiq,REP-S832,Sienna Alvarez,TERR-S10,3,3,4,2,1,17,7.2353,17683.86,4.1493,0.035806,7.5355,synthetic
2001000406,Dr. Stephanie Walker,Internal Medicine,Columbus,OH,Fentora,REP-S717,Stanley Rossi,TERR-S07,3,4,4,2,2,27,10.2822,22094.53,4.0249,0.036025,10.6961,synthetic
2001000407,Dr. Sandra Campbell,Pain Management,Houston,TX,Subsys,REP-S823,Sean Alvarez,TERR-S01,1,9,13,7,3,22,26.3191,35649.86,8.6026,0.079622,28.5833,synthetic
2001000408,Dr. David Johnson,Emergency Medicine,Portland,OR,Subsys,REP-S750,Sadie Tanaka,TERR-S12,3,6,4,3,2,19,17.7232,24277.59,2.916,0.027229,18.24,synthetic
2001000409,Dr. Michelle Rivera,Pain Management,Houston,TX,Subsys,REP-S669,Seth Kowalski,TERR-S01,1,6,12,8,5,26,17.5089,28930.47,10.9339,0.098425,19.4233,synthetic
2001000410,Dr. David Johnson,Internal Medicine,Charlotte,NC,Fentora,REP-S613,Spencer O'Connor,TERR-S01,3,8,5,3,3,20,21.7133,37731.68,4.5166,0.042271,22.694,synthetic
2001000411,Dr. Sharon Nelson,Palliative Care,Las Vegas,NV,Actiq,REP-S694,Selena Larsson,TERR-S12,2,6,8,6,2,15,15.3526,39434.18,5.1282,0.047023,16.1399,synthetic
2001000412,Dr. Richard Smith,Pain Management,Phoenix,AZ,Subsys,REP-S605,Simon O'Connor,TERR-S07,1,4,13,12,1,16,9.7787,20403.91,7.2061,0.063327,10.4833,synthetic
2001000413,Dr. Laura Johnson,Palliative Care,Philadelphia,PA,Subsys,REP-S808,Serena Vargas,TERR-S14,3,5,4,3,0,16,12.5323,23388.7,3.8597,0.035121,13.016,synthetic
2001000414,Dr. Mary Young,Anesthesiology,Las Vegas,NV,Actiq,REP-S708,Serena Rossi,TERR-S12,2,6,9,7,4,21,17.8698,41667.67,4.3135,0.040037,18.6406,synthetic
2001000415,Dr. Dorothy Hall,Anesthesiology,Columbus,OH,Subsys,REP-S741,Samuel Tanaka,TERR-S03,3,3,5,4,0,28,8.2318,14465.76,5.2643,0.045872,8.6652,synthetic
2001000416,Dr. Emily Allen,Pain Management,Detroit,MI,Abstral,REP-S783,Sean Gomez,TERR-S03,2,2,8,6,1,24,5.3603,12374.26,8.495,0.069147,5.8157,synthetic
2001000417,Dr. Jessica Jones,Pain Management,Chicago,IL,Actiq,REP-S725,Simon Santos,TERR-S01,1,5,9,2,2,25,14.3341,22002.11,4.8874,0.044674,15.0347,synthetic
2001000418,Dr. Elizabeth Ramirez,Palliative Care,Chicago,IL,Fentora,REP-S737,Stanley Santos,TERR-S13,3,7,3,3,0,14,18.6591,21571.73,0.6417,0.006073,18.7789,synthetic
2001000419,Dr. Richard Carter,Anesthesiology,Denver,CO,Fentora,REP-S679,Solomon Kowalski,TERR-S11,3,4,2,1,2,18,11.7108,29958.29,1.9849,0.018123,11.9432,synthetic
2001000420,Dr. Carol Robinson,Orthopedics,Phoenix,AZ,Subsys,REP-S551,Silas Chen,TERR-S09,3,3,4,2,0,14,8.8866,10434.18,1.055,0.009438,8.9804,synthetic
2001000421,Dr. Margaret Hernandez,Internal Medicine,Columbus,OH,Abstral,REP-S649,Seth Dubois,TERR-S09,3,7,3,2,2,14,20.0594,49012.21,0.6944,0.006592,20.1987,synthetic
2001000422,Dr. Jennifer Walker,Emergency Medicine,Atlanta,GA,Subsys,REP-S542,Sophia Chen,TERR-S14,3,3,2,1,1,13,8.8446,14205.74,3.7363,0.033016,9.175,synthetic
2001000423,Dr. Thomas Walker,Pain Management,Atlanta,GA,Subsys,REP-S637,Stanley Novak,TERR-S11,3,4,2,1,2,12,10.4799,15312.97,1.9438,0.017589,10.6836,synthetic
2001000424,Dr. Betty Smith,Oncology,Boston,MA,Subsys,REP-S567,Scott Kapoor,TERR-S11,3,4,5,4,0,24,10.5771,12280.19,1.2323,0.011195,10.7075,synthetic
2001000425,Dr. Stephanie Lee,Palliative Care,Baltimore,MD,Subsys,REP-S594,Selena Nakamura,TERR-S10,3,4,3,2,0,31,9.356,8721.52,1.6998,0.01524,9.515,synthetic
2001000426,Dr. Nancy Jones,Orthopedics,Atlanta,GA,Subsys,REP-S562,Sophia Kapoor,TERR-S06,3,6,4,4,0,11,17.7553,20531.77,5.3424,0.049338,18.7039,synthetic
2001000427,Dr. Patricia Lee,Pain Management,Nashville,TN,Subsys,REP-S698,Summer Larsson,TERR-S02,2,7,8,5,4,29,20.7496,48321.78,7.1767,0.066225,22.2388,synthetic
2001000428,Dr. Betty Campbell,Anesthesiology,Miami,FL,Abstral,REP-S809,Seth Vargas,TERR-S01,1,2,9,7,6,15,4.2424,4686.89,3.8753,0.030879,4.4068,synthetic
2001000429,Dr. Elizabeth Rodriguez,Family Practice,Atlanta,GA,Actiq,REP-S643,Sean Dubois,TERR-S03,3,4,5,2,0,20,10.3027,11902.99,1.3968,0.012652,10.4466,synthetic
2001000430,Dr. Susan Nguyen,Anesthesiology,Miami,FL,Subsys,REP-S579,Solomon Kapoor,TERR-S09,3,3,5,4,3,10,8.5695,22086.55,5.4276,0.04746,9.0346,synthetic
2001000431,Dr. Melissa Hill,Anesthesiology,Las Vegas,NV,Subsys,REP-S757,Stanley Tanaka,TERR-S05,3,10,4,3,4,15,27.3809,58016.7,5.7834,0.054295,28.9645,synthetic
2001000432,Dr. Betty Robinson,Pain Management,Detroit,MI,Abstral,REP-S514,Selena Brooks,TERR-S14,3,4,2,1,0,17,10.0366,14869.48,1.541,0.013917,10.1913,synthetic
2001000433,Dr. Susan Lewis,Pain Management,Phoenix,AZ,Subsys,REP-S744,Sarah Tanaka,TERR-S06,2,7,8,5,4,18,19.743,32779.76,7.6284,0.070091,21.2491,synthetic
2001000434,Dr. Michelle Williams,Orthopedics,Nashville,TN,Subsys,REP-S601,Samuel O'Connor,TERR-S03,3,6,5,4,0,32,16.2374,41210.73,3.5138,0.032564,16.808,synthetic
2001000435,Dr. Betty Carter,Oncology,Atlanta,GA,Abstral,REP-S687,Scott Larsson,TERR-S05,3,5,3,2,0,18,14.477,19058.32,4.172,0.038282,15.081,synthetic
2001000436,Dr. Carol Martinez,Pain Management,Charlotte,NC,Abstral,REP-S806,Stella Vargas,TERR-S12,1,3,11,5,2,17,8.4671,7662.28,8.2468,0.071164,9.1654,synthetic
2001000437,Dr. Stephanie Rivera,Neurology,Atlanta,GA,Lazanda,REP-S749,Seth Tanaka,TERR-S11,3,8,5,4,5,17,22.166,51229.87,6.2373,0.057967,23.5486,synthetic
2001000438,Dr. Elizabeth Ramirez,Neurology,Jacksonville,FL,Actiq,REP-S521,Samuel Patel,TERR-S07,2,4,7,3,2,27,9.9388,19734.69,3.5831,0.032036,10.295,synthetic
2001000439,Dr. Lisa Johnson,Palliative Care,Jacksonville,FL,Actiq,REP-S641,Samuel Dubois,TERR-S01,2,4,8,5,5,13,10.5684,22983.96,7.4988,0.066261,11.3609,synthetic
2001000440,Dr. Michael Rivera,Palliative Care,Boston,MA,Fentora,REP-S646,Stella Dubois,TERR-S06,2,4,9,7,0,15,11.0596,19294.25,3.4784,0.031402,11.4443,synthetic
2001000441,Dr. Robert Martin,Family Practice,Portland,OR,Actiq,REP-S717,Stanley Rossi,TERR-S07,3,5,2,1,0,26,14.3534,29648.07,2.7669,0.025538,14.7506,synthetic
2001000442,Dr. Thomas Torres,Pain Management,Detroit,MI,Subsys,REP-S728,Serena Santos,TERR-S04,1,4,10,5,2,20,11.9587,13067.32,6.0084,0.053965,12.6772,synthetic
2001000443,Dr. Emily Hill,Pain Management,Portland,OR,Abstral,REP-S544,Sarah Chen,TERR-S02,2,4,8,4,1,25,10.5179,16022.66,7.8979,0.06964,11.3486,synthetic
2001000444,Dr. John Hall,Orthopedics,Phoenix,AZ,Abstral,REP-S572,Sienna Kapoor,TERR-S02,3,7,5,4,3,16,18.682,18783.3,1.8501,0.017409,19.0276,synthetic
2001000445,Dr. Mary Rivera,Oncology,Boston,MA,Actiq,REP-S676,Sasha Kowalski,TERR-S08,3,9,5,3,4,28,25.8723,60516.59,4.4593,0.042038,27.026,synthetic
2001000446,Dr. Emily Flores,Internal Medicine,Portland,OR,Abstral,REP-S552,Sienna Chen,TERR-S10,3,2,5,3,2,16,3.0557,7138.51,2.8857,0.021509,3.1438,synthetic
2001000447,Dr. Robert Ramirez,Internal Medicine,Jacksonville,FL,Lazanda,REP-S681,Samuel Larsson,TERR-S13,3,7,2,1,0,8,19.3564,49693.58,1.2107,0.011447,19.5907,synthetic
2001000448,Dr. Joseph Perez,Emergency Medicine,Atlanta,GA,Actiq,REP-S700,Sloan Larsson,TERR-S04,3,5,3,2,3,16,12.8728,27877.21,3.0798,0.028177,13.2693,synthetic
2001000449,Dr. Robert Jones,Pain Management,Baltimore,MD,Abstral,REP-S615,Stephen O'Connor,TERR-S03,3,6,3,2,1,20,15.5179,34583.4,4.311,0.039701,16.1869,synthetic
2001000450,Dr. Margaret Clark,Oncology,Detroit,MI,Actiq,REP-S796,Sasha Gomez,TERR-S02,2,8,5,4,2,17,22.4488,26259.47,3.5498,0.033419,23.2456,synthetic
2001000451,Dr. Kathleen Campbell,Pain Management,Seattle,WA,Lazanda,REP-S738,Summer Santos,TERR-S14,3,8,5,3,3,17,22.5558,45998.85,6.4001,0.05948,23.9994,synthetic
2001000452,Dr. Barbara Anderson,Internal Medicine,Baltimore,MD,Lazanda,REP-S629,Seth Novak,TERR-S03,3,3,5,3,3,8,7.138,15661.92,3.9382,0.03396,7.4191,synthetic
2001000453,Dr. Ashley Torres,Anesthesiology,Charlotte,NC,Abstral,REP-S767,Scott Muller,TERR-S01,2,6,9,6,2,4,15.0062,37250.45,5.9718,0.054476,15.9024,synthetic
2001000454,Dr. Melissa Mitchell,Oncology,Columbus,OH,Abstral,REP-S713,Spencer Rossi,TERR-S03,3,6,5,3,4,12,16.1749,33214.14,5.1024,0.046934,17.0002,synthetic
2001000455,Dr. Melissa Sanchez,Palliative Care,Los Angeles,CA,Subsys,REP-S726,Stella Santos,TERR-S02,2,3,7,3,2,36,8.5928,14129.82,3.6529,0.032197,8.9067,synthetic
2001000456,Dr. Nancy Jones,Pain Management,Atlanta,GA,Abstral,REP-S602,Sophia O'Connor,TERR-S04,2,5,6,4,0,19,12.5048,19938.02,1.2946,0.011917,12.6667,synthetic
2001000457,Dr. Linda Campbell,Pain Management,Seattle,WA,Subsys,REP-S793,Spencer Gomez,TERR-S13,2,5,8,6,3,10,13.9312,26651.67,5.0538,0.046076,14.6352,synthetic
2001000458,Dr. Carol Jones,Orthopedics,Jacksonville,FL,Subsys,REP-S687,Scott Larsson,TERR-S05,3,5,3,2,2,16,13.5466,17671.19,2.4926,0.022947,13.8843,synthetic
2001000459,Dr. Patricia Jones,Palliative Care,Charlotte,NC,Abstral,REP-S564,Sarah Kapoor,TERR-S08,3,3,2,2,3,25,8.7885,15529.96,5.0908,0.044694,9.2359,synthetic
2001000460,Dr. Deborah Rodriguez,Pain Management,Columbus,OH,Lazanda,REP-S818,Summer Vargas,TERR-S10,3,6,3,3,3,21,17.3351,39931.44,7.3062,0.066796,18.6016,synthetic
2001000461,Dr. Jessica Hernandez,Family Practice,Columbus,OH,Abstral,REP-S621,Samuel Novak,TERR-S09,3,6,5,4,5,14,15.1766,25210.96,0.9315,0.008701,15.318,synthetic
2001000462,Dr. Karen Moore,Oncology,Las Vegas,NV,Actiq,REP-S631,Silas Novak,TERR-S05,3,6,3,2,3,19,16.7999,16908.47,6.1579,0.056493,17.8344,synthetic
2001000463,Dr. Sarah Jones,Oncology,Chicago,IL,Fentora,REP-S822,Sophia Alvarez,TERR-S14,3,4,3,2,0,13,10.8377,18640.85,0.3701,0.003383,10.8778,synthetic
2001000464,Dr. Robert Scott,Oncology,Charlotte,NC,Subsys,REP-S712,Sienna Rossi,TERR-S02,2,7,6,3,3,15,18.4826,32835.5,7.068,0.0649,19.789,synthetic
2001000465,Dr. Stephanie Torres,Pain Management,Nashville,TN,Fentora,REP-S776,Sasha Muller,TERR-S10,3,7,2,2,0,23,19.0872,35093.8,1.2353,0.011669,19.323,synthetic
2001000466,Dr. Patricia Clark,Palliative Care,Seattle,WA,Lazanda,REP-S798,Summer Gomez,TERR-S04,2,5,5,4,2,13,12.85,22337.33,7.3351,0.065839,13.7926,synthetic
2001000467,Dr. Donna Carter,Pain Management,New York,NY,Fentora,REP-S653,Spencer Dubois,TERR-S13,3,6,5,2,3,15,15.0024,32999.02,5.6241,0.051383,15.8461,synthetic
2001000468,Dr. Charles Nguyen,Internal Medicine,Las Vegas,NV,Abstral,REP-S727,Scott Santos,TERR-S03,3,6,5,3,2,15,17.5869,17753.32,3.5385,0.032933,18.2092,synthetic
2001000469,Dr. Sharon King,Orthopedics,Portland,OR,Fentora,REP-S578,Summer Kapoor,TERR-S08,3,4,5,4,5,17,9.1685,22186.07,4.5848,0.040508,9.5889,synthetic
2001000470,Dr. Rebecca Walker,Pain Management,Chicago,IL,Subsys,REP-S795,Stephen Gomez,TERR-S01,1,5,11,6,6,22,12.8443,18093.45,7.2026,0.064686,13.7694,synthetic
2001000471,Dr. Karen Smith,Oncology,Las Vegas,NV,Lazanda,REP-S605,Simon O'Connor,TERR-S07,1,5,10,8,7,22,12.7681,13986.89,6.1279,0.055272,13.5505,synthetic
2001000472,Dr. Mary King,Family Practice,Houston,TX,Actiq,REP-S685,Simon Larsson,TERR-S03,3,5,3,2,1,18,14.5098,24500.93,3.5971,0.033098,15.0317,synthetic
2001000473,Dr. Mary Perez,Oncology,Miami,FL,Lazanda,REP-S755,Stephen Tanaka,TERR-S03,3,5,4,3,2,17,12.4785,12079.43,2.3322,0.021362,12.7696,synthetic
2001000474,Dr. Jennifer Allen,Orthopedics,New York,NY,Actiq,REP-S563,Sean Kapoor,TERR-S07,2,2,8,8,4,22,5.4495,7753.53,7.0717,0.058035,5.8349,synthetic
2001000475,Dr. Patricia Gonzalez,Anesthesiology,Los Angeles,CA,Lazanda,REP-S546,Stella Chen,TERR-S04,2,7,7,4,4,13,20.381,32605.22,6.146,0.056934,21.6336,synthetic
2001000476,Dr. Stephanie Moore,Pain Management,Boston,MA,Subsys,REP-S706,Stella Rossi,TERR-S10,3,4,4,2,3,27,9.7043,15884.12,4.8717,0.043218,10.1771,synthetic
2001000477,Dr. Lisa Martin,Oncology,Los Angeles,CA,Lazanda,REP-S541,Samuel Chen,TERR-S13,3,6,2,1,1,15,15.6077,33251.95,3.9896,0.036808,16.2304,synthetic
2001000478,Dr. Thomas Campbell,Internal Medicine,Nashville,TN,Subsys,REP-S578,Summer Kapoor,TERR-S08,3,7,3,2,1,29,20.1718,25677.21,2.1126,0.019929,20.598,synthetic
2001000479,Dr. Susan Martin,Pain Management,Portland,OR,Actiq,REP-S590,Sadie Nakamura,TERR-S06,2,4,8,7,6,14,11.8889,29124.16,10.305,0.090804,13.1141,synthetic
2001000480,Dr. Emily Moore,Neurology,Las Vegas,NV,Abstral,REP-S810,Sadie Vargas,TERR-S02,3,5,4,3,0,18,12.1366,20128.76,1.3462,0.01236,12.3,synthetic
2001000481,Dr. Sharon Martin,Oncology,Miami,FL,Lazanda,REP-S710,Sadie Rossi,TERR-S14,3,6,2,2,3,22,17.5195,22807.08,2.7592,0.025768,18.0029,synthetic
2001000482,Dr. Karen Miller,Pain Management,Jacksonville,FL,Fentora,REP-S506,Stella Brooks,TERR-S06,2,8,7,6,2,17,21.4452,23054.42,7.986,0.073531,23.1578,synthetic
2001000483,Dr. Laura Baker,Oncology,Miami,FL,Fentora,REP-S742,Sophia Tanaka,TERR-S04,2,3,8,5,0,27,8.6707,8049.05,4.3644,0.038385,9.0492,synthetic
2001000484,Dr. Jennifer Clark,Anesthesiology,Las Vegas,NV,Subsys,REP-S745,Simon Tanaka,TERR-S07,2,5,5,3,2,13,12.6198,26297.74,6.0108,0.054199,13.3783,synthetic
2001000485,Dr. John Wright,Orthopedics,Nashville,TN,Subsys,REP-S540,Sloan Patel,TERR-S12,3,4,5,3,0,20,11.6793,25456.26,2.2646,0.020646,11.9438,synthetic
2001000486,Dr. Mary Sanchez,Pain Management,Las Vegas,NV,Actiq,REP-S816,Sasha Vargas,TERR-S08,3,4,5,4,1,12,11.9292,18937.72,4.1259,0.037361,12.4213,synthetic
2001000487,Dr. James Rivera,Neurology,Miami,FL,Subsys,REP-S621,Samuel Novak,TERR-S09,3,7,4,2,3,13,19.8798,50584.9,4.7122,0.043888,20.8165,synthetic
2001000488,Dr. Susan Lee,Oncology,New York,NY,Subsys,REP-S757,Stanley Tanaka,TERR-S05,3,3,3,2,2,20,7.8678,12908.94,4.6467,0.0404,8.2334,synthetic
2001000489,Dr. Emily Moore,Pain Management,Seattle,WA,Abstral,REP-S616,Sasha O'Connor,TERR-S04,1,4,14,9,7,15,10.6085,16663.47,7.2935,0.064525,11.3823,synthetic
2001000490,Dr. Rebecca Carter,Palliative Care,Phoenix,AZ,Subsys,REP-S717,Stanley Rossi,TERR-S07,2,7,7,6,0,16,19.9839,32004.21,5.4394,0.050505,21.0709,synthetic
2001000491,Dr. Thomas Baker,Neurology,Miami,FL,Abstral,REP-S593,Spencer Nakamura,TERR-S09,3,9,5,3,4,26,24.4903,62802.55,3.47,0.032795,25.3401,synthetic
2001000492,Dr. Kimberly Thompson,Oncology,Nashville,TN,Abstral,REP-S756,Sasha Tanaka,TERR-S04,2,2,5,4,4,12,3.3889,6508.06,6.5088,0.049036,3.6095,synthetic
2001000493,Dr. Richard Davis,Palliative Care,Detroit,MI,Subsys,REP-S578,Summer Kapoor,TERR-S08,3,5,5,4,3,25,14.9369,30223.43,5.5207,0.050448,15.7615,synthetic
2001000494,Dr. Karen Mitchell,Neurology,Charlotte,NC,Abstral,REP-S585,Simon Nakamura,TERR-S01,2,5,5,4,4,18,13.9355,12118.25,5.3837,0.049012,14.6857,synthetic
2001000495,Dr. Amanda Davis,Pain Management,Philadelphia,PA,Actiq,REP-S735,Stephen Santos,TERR-S11,3,9,2,1,1,32,25.5125,47668.61,2.585,0.024571,26.172,synthetic
2001000496,Dr. Emily Flores,Anesthesiology,Seattle,WA,Fentora,REP-S502,Sophia Brooks,TERR-S02,2,6,7,5,5,13,15.3851,25154.93,5.3712,0.049203,16.2115,synthetic
2001000497,Dr. Joseph Torres,Pain Management,Seattle,WA,Abstral,REP-S614,Selena O'Connor,TERR-S02,2,10,7,4,1,23,31.6844,76326.99,5.6197,0.053045,33.465,synthetic
2001000498,Dr. Donna Williams,Anesthesiology,Houston,TX,Fentora,REP-S806,Stella Vargas,TERR-S12,2,6,7,3,2,16,16.396,23708.75,4.6602,0.042986,17.1601,synthetic
2001000499,Dr. Michelle Hernandez,Internal Medicine,Denver,CO,Subsys,REP-S569,Seth Kapoor,TERR-S13,3,5,3,2,3,18,13.5931,28091.52,3.63,0.033253,14.0865,synthetic
2001000500,Dr. Jennifer Lee,Pain Management,Phoenix,AZ,Subsys,REP-S817,Stanley Vargas,TERR-S09,2,7,5,3,3,29,20.5494,49997.87,5.3295,0.049572,21.6445,synthetic
2001000501,Dr. Ashley Flores,Palliative Care,Miami,FL,Abstral,REP-S719,Solomon Rossi,TERR-S09,3,8,2,1,0,14,22.5942,37085.31,0.3389,0.00324,22.6707,synthetic
2001000502,Dr. Thomas Young,Palliative Care,Denver,CO,Abstral,REP-S726,Stella Santos,TERR-S02,3,3,5,4,3,21,8.4858,11048.05,3.69,0.032477,8.7989,synthetic
2001000503,Dr. Jennifer Davis,Palliative Care,Baltimore,MD,Subsys,REP-S593,Spencer Nakamura,TERR-S09,3,3,3,1,0,17,8.7599,8395.92,-1.2706,-0.011469,8.6486,synthetic
2001000504,Dr. Ashley Green,Palliative Care,Miami,FL,Actiq,REP-S628,Serena Novak,TERR-S02,2,6,7,4,3,12,16.5025,41130.98,6.6578,0.060882,17.6012,synthetic
2001000505,Dr. Richard Hill,Pain Management,Baltimore,MD,Abstral,REP-S775,Stephen Muller,TERR-S09,3,4,2,2,1,9,10.7737,15030.27,4.5173,0.040505,11.2604,synthetic
2001000506,Dr. Betty Thompson,Internal Medicine,New York,NY,Abstral,REP-S550,Sadie Chen,TERR-S08,3,10,5,4,1,22,29.2382,60370.27,5.193,0.048993,30.7565,synthetic
2001000507,Dr. Kathleen Williams,Internal Medicine,Baltimore,MD,Actiq,REP-S820,Sloan Vargas,TERR-S12,2,6,5,4,3,25,15.3085,26831.87,6.5039,0.05926,16.3041,synthetic
2001000508,Dr. Melissa Nguyen,Palliative Care,Detroit,MI,Fentora,REP-S577,Stanley Kapoor,TERR-S07,2,8,7,4,2,8,22.1685,19498.07,2.9466,0.027804,22.8218,synthetic
2001000509,Dr. Susan Jones,Emergency Medicine,Boston,MA,Abstral,REP-S787,Scott Gomez,TERR-S07,3,6,3,2,1,25,15.4756,14736.97,3.9316,0.036264,16.084,synthetic
2001000510,Dr. Dorothy Mitchell,Pain Management,Seattle,WA,Abstral,REP-S603,Sean O'Connor,TERR-S05,3,4,5,4,0,8,9.0937,15701.41,-0.494,-0.004461,9.0488,synthetic
2001000511,Dr. Donna Martin,Neurology,Charlotte,NC,Subsys,REP-S819,Solomon Vargas,TERR-S11,3,8,5,3,0,6,21.3238,33430.82,1.9485,0.018441,21.7393,synthetic
2001000512,Dr. Ashley Davis,Oncology,Charlotte,NC,Subsys,REP-S639,Solomon Novak,TERR-S13,3,4,3,2,3,15,11.8011,12385.5,3.8892,0.035226,12.2601,synthetic
2001000513,Dr. Ashley Miller,Orthopedics,Phoenix,AZ,Subsys,REP-S557,Stanley Chen,TERR-S01,3,4,2,1,0,21,10.126,21916.7,1.5725,0.01421,10.2852,synthetic
2001000514,Dr. Patricia Green,Internal Medicine,Chicago,IL,Actiq,REP-S766,Stella Muller,TERR-S14,3,5,5,4,5,6,14.7094,36423.28,6.9331,0.062897,15.7292,synthetic
2001000515,Dr. Ashley Carter,Pain Management,Nashville,TN,Actiq,REP-S532,Sienna Patel,TERR-S04,1,5,13,6,1,15,12.5042,18602.56,5.2918,0.047837,13.1659,synthetic
2001000516,Dr. Richard Nguyen,Anesthesiology,Austin,TX,Subsys,REP-S669,Seth Kowalski,TERR-S01,2,4,9,5,3,10,11.6992,15997.47,6.531,0.058427,12.4633,synthetic
2001000517,Dr. Karen Green,Pain Management,Charlotte,NC,Abstral,REP-S739,Solomon Santos,TERR-S01,1,4,9,3,3,17,9.8854,10463.69,4.4646,0.039744,10.3267,synthetic
2001000518,Dr. Nancy Flores,Anesthesiology,Nashville,TN,Subsys,REP-S750,Sadie Tanaka,TERR-S12,2,2,8,5,0,17,3.6817,9514.09,4.4708,0.034554,3.8463,synthetic
2001000519,Dr. Karen Baker,Pain Management,Boston,MA,Lazanda,REP-S526,Stella Patel,TERR-S12,1,4,9,4,1,23,9.6302,8769.03,8.023,0.070162,10.4028,synthetic
2001000520,Dr. Kimberly Moore,Oncology,Miami,FL,Actiq,REP-S760,Sloan Tanaka,TERR-S08,3,6,4,3,3,11,17.2437,17809.3,5.6585,0.052102,18.2194,synthetic
2001000521,Dr. Susan Nguyen,Anesthesiology,Chicago,IL,Subsys,REP-S790,Sadie Gomez,TERR-S10,3,7,2,1,0,15,20.5432,28068.92,1.3294,0.012597,20.8163,synthetic
2001000522,Dr. Joseph Rivera,Oncology,Austin,TX,Actiq,REP-S786,Stella Gomez,TERR-S06,2,4,7,5,5,21,11.6025,28531.65,4.6665,0.042065,12.1439,synthetic
2001000523,Dr. Linda Martinez,Pain Management,Charlotte,NC,Subsys,REP-S609,Seth O'Connor,TERR-S11,2,3,5,3,2,16,6.5893,16550.02,6.4512,0.054499,7.0144,synthetic
2001000524,Dr. Margaret Torres,Anesthesiology,Los Angeles,CA,Abstral,REP-S619,Solomon O'Connor,TERR-S07,2,5,9,7,4,9,12.472,31737.13,7.5002,0.06713,13.4074,synthetic
2001000525,Dr. Donna Harris,Internal Medicine,Detroit,MI,Lazanda,REP-S788,Serena Gomez,TERR-S08,3,6,5,4,3,15,15.8697,26059.95,6.1088,0.055876,16.8392,synthetic
2001000526,Dr. Kimberly Nguyen,Pain Management,Portland,OR,Subsys,REP-S553,Spencer Chen,TERR-S11,3,7,5,3,2,23,20.9761,41907.05,4.9712,0.046358,22.0188,synthetic
2001000527,Dr. Carol Baker,Oncology,Las Vegas,NV,Fentora,REP-S792,Sienna Gomez,TERR-S12,1,7,10,6,1,23,19.6557,44710.04,6.6902,0.061719,20.9707,synthetic
2001000528,Dr. Sharon Mitchell,Pain Management,Portland,OR,Abstral,REP-S658,Summer Dubois,TERR-S04,1,5,11,10,9,17,13.2311,26547.98,10.9985,0.09736,14.6863,synthetic
2001000529,Dr. John Hernandez,Pain Management,Los Angeles,CA,Lazanda,REP-S774,Selena Muller,TERR-S08,2,5,9,8,0,13,14.1991,35543.7,3.6442,0.033478,14.7165,synthetic
2001000530,Dr. Michelle Baker,Oncology,Boston,MA,Abstral,REP-S675,Stephen Kowalski,TERR-S07,1,4,9,6,7,9,10.0661,18239.03,9.5442,0.083254,11.0268,synthetic
2001000531,Dr. William Carter,Internal Medicine,Charlotte,NC,Actiq,REP-S598,Summer Nakamura,TERR-S14,3,4,4,3,3,29,10.8121,24907.2,4.9802,0.044577,11.3506,synthetic
2001000532,Dr. Michael Miller,Pain Management,New York,NY,Actiq,REP-S715,Stephen Rossi,TERR-S05,3,5,2,1,1,38,14.2385,21936.62,3.2439,0.02986,14.7004,synthetic
2001000533,Dr. Jessica Ramirez,Anesthesiology,Baltimore,MD,Abstral,REP-S757,Stanley Tanaka,TERR-S05,3,4,2,1,0,15,10.4846,26587.8,-0.8486,-0.007777,10.3956,synthetic
2001000534,Dr. Sharon Harris,Anesthesiology,New York,NY,Subsys,REP-S753,Spencer Tanaka,TERR-S01,2,8,9,7,2,16,21.4406,37966.5,8.1715,0.075176,23.1926,synthetic
2001000535,Dr. Emily Torres,Pain Management,Columbus,OH,Subsys,REP-S817,Stanley Vargas,TERR-S09,2,6,8,3,4,18,15.0163,18806.8,6.9776,0.063368,16.064,synthetic
2001000536,Dr. Emily Jones,Oncology,New York,NY,Fentora,REP-S608,Serena O'Connor,TERR-S10,3,5,2,1,0,12,13.2315,29656.09,0.8346,0.00773,13.3419,synthetic
2001000537,Dr. Laura Sanchez,Psychiatry,Las Vegas,NV,Abstral,REP-S596,Sasha Nakamura,TERR-S12,3,6,2,2,3,10,15.1814,21418.37,1.2968,0.012093,15.3783,synthetic
2001000538,Dr. Michelle Moore,Palliative Care,Detroit,MI,Abstral,REP-S511,Silas Brooks,TERR-S11,3,4,3,2,3,28,9.8398,17753.61,3.2988,0.029505,10.1644,synthetic
2001000539,Dr. Thomas Martinez,Pain Management,Austin,TX,Actiq,REP-S840,Sloan Alvarez,TERR-S04,1,5,13,10,4,31,14.4638,13178.66,11.461,0.101833,16.1215,synthetic
2001000540,Dr. Barbara Nelson,Pain Management,Baltimore,MD,Actiq,REP-S785,Simon Gomez,TERR-S05,3,6,5,3,0,24,17.92,39003.36,1.8338,0.01722,18.2486,synthetic
2001000541,Dr. Rebecca Flores,Oncology,Chicago,IL,Subsys,REP-S634,Selena Novak,TERR-S08,3,2,4,3,3,9,3.8028,4077.67,3.1043,0.024282,3.9208,synthetic
2001000542,Dr. James Young,Oncology,Los Angeles,CA,Actiq,REP-S662,Sophia Kowalski,TERR-S08,2,6,7,7,8,13,16.828,22348.19,7.3863,0.067396,18.071,synthetic
2001000543,Dr. Michelle Adams,Neurology,Detroit,MI,Subsys,REP-S501,Samuel Brooks,TERR-S01,3,8,5,4,2,21,22.648,49466.71,4.9685,0.046486,23.7733,synthetic
2001000544,Dr. Richard Lewis,Anesthesiology,Austin,TX,Actiq,REP-S809,Seth Vargas,TERR-S01,2,3,5,4,3,26,7.5881,8655.87,4.3075,0.037353,7.915,synthetic
2001000545,Dr. David Walker,Pain Management,Charlotte,NC,Fentora,REP-S574,Selena Kapoor,TERR-S04,1,8,13,10,10,16,22.1803,38726.74,8.2969,0.076396,24.0206,synthetic
2001000546,Dr. Margaret Scott,Pain Management,Austin,TX,Abstral,REP-S581,Samuel Nakamura,TERR-S11,2,7,6,3,0,29,20.7899,46032.75,4.7185,0.044036,21.7708,synthetic
2001000547,Dr. Charles Taylor,Palliative Care,Denver,CO,Lazanda,REP-S722,Sophia Santos,TERR-S12,2,4,7,5,0,17,10.667,21806.59,5.4012,0.048202,11.2432,synthetic
2001000548,Dr. Barbara Gonzalez,Oncology,Charlotte,NC,Subsys,REP-S591,Silas Nakamura,TERR-S07,1,8,9,7,7,19,21.2911,23299.71,11.7346,0.106234,23.7895,synthetic
2001000549,Dr. Kathleen Hernandez,Neurology,Detroit,MI,Subsys,REP-S515,Stephen Brooks,TERR-S01,3,4,4,2,3,18,10.4159,18246.44,3.6234,0.032525,10.7933,synthetic
2001000550,Dr. Betty Ramirez,Internal Medicine,Philadelphia,PA,Lazanda,REP-S575,Stephen Kapoor,TERR-S05,3,5,4,3,2,14,12.2948,16501.85,3.6656,0.033337,12.7455,synthetic
2001000551,Dr. Kimberly Moore,Internal Medicine,Austin,TX,Subsys,REP-S686,Stella Larsson,TERR-S04,3,7,3,2,2,14,20.7728,43880.18,5.0488,0.047045,21.8216,synthetic
2001000552,Dr. Donna Thomas,Oncology,Austin,TX,Fentora,REP-S509,Seth Brooks,TERR-S09,3,10,3,2,0,18,31.2572,39079.42,1.3968,0.013444,31.6938,synthetic
2001000553,Dr. Sarah Anderson,Pain Management,Denver,CO,Abstral,REP-S682,Sophia Larsson,TERR-S14,3,4,2,1,1,15,11.5491,14551.49,1.7792,0.016241,11.7545,synthetic
2001000554,Dr. Jennifer Rodriguez,Neurology,New York,NY,Subsys,REP-S751,Silas Tanaka,TERR-S13,3,3,3,2,2,14,7.7786,8490.55,1.2781,0.011261,7.878,synthetic
2001000555,Dr. Mary Rodriguez,Pain Management,Las Vegas,NV,Actiq,REP-S759,Solomon Tanaka,TERR-S07,1,3,10,10,11,17,8.7492,21326.87,11.0741,0.094748,9.7181,synthetic
2001000556,Dr. Michael Green,Oncology,Miami,FL,Fentora,REP-S527,Scott Patel,TERR-S13,3,5,3,2,2,17,12.534,19406.79,3.9339,0.035784,13.0271,synthetic
2001000557,Dr. John Rodriguez,Anesthesiology,Detroit,MI,Fentora,REP-S527,Scott Patel,TERR-S13,3,3,2,2,2,10,8.0693,12325.58,2.677,0.023539,8.2854,synthetic
2001000558,Dr. Ashley Lee,Pain Management,Denver,CO,Subsys,REP-S670,Sadie Kowalski,TERR-S02,2,7,8,5,5,14,20.6646,18788.81,7.2729,0.067072,22.1675,synthetic
2001000559,Dr. Kimberly Adams,Palliative Care,Chicago,IL,Actiq,REP-S588,Serena Nakamura,TERR-S04,1,5,12,8,4,21,14.2798,24068.06,6.189,0.056229,15.1635,synthetic
2001000560,Dr. Mary Rodriguez,Pain Management,Chicago,IL,Abstral,REP-S728,Serena Santos,TERR-S04,1,3,10,6,2,16,6.182,7562.03,6.8065,0.056936,6.6027,synthetic
2001000561,Dr. Ashley Rivera,Neurology,Jacksonville,FL,Fentora,REP-S641,Samuel Dubois,TERR-S01,2,3,6,5,4,6,7.6183,9443.14,2.7157,0.023722,7.8252,synthetic
2001000562,Dr. Richard Taylor,Internal Medicine,Philadelphia,PA,Subsys,REP-S537,Stanley Patel,TERR-S09,3,10,5,4,1,28,28.0868,70346.27,5.3668,0.050524,29.5941,synthetic
2001000563,Dr. Lisa Gonzalez,Oncology,Los Angeles,CA,Actiq,REP-S710,Sadie Rossi,TERR-S14,3,6,4,1,1,13,17.3275,41412.61,0.6567,0.006189,17.4413,synthetic
2001000564,Dr. Melissa Torres,Pain Management,New York,NY,Subsys,REP-S502,Sophia Brooks,TERR-S02,2,10,5,3,4,24,37.325,92819.22,5.3865,0.05113,39.3356,synthetic
2001000565,Dr. John Garcia,Oncology,Los Angeles,CA,Subsys,REP-S595,Stephen Nakamura,TERR-S11,3,2,4,1,0,13,3.3323,3820.13,1.3521,0.010346,3.3774,synthetic
2001000566,Dr. Rebecca Rodriguez,Oncology,Seattle,WA,Actiq,REP-S840,Sloan Alvarez,TERR-S04,2,3,6,5,0,25,8.7635,20427.71,4.5564,0.040083,9.1628,synthetic
2001000567,Dr. Rebecca Nguyen,Anesthesiology,Columbus,OH,Fentora,REP-S706,Stella Rossi,TERR-S10,3,9,4,3,1,20,26.808,65846.3,3.8727,0.036654,27.8462,synthetic
2001000568,Dr. Rebecca Jones,Oncology,Austin,TX,Subsys,REP-S558,Summer Chen,TERR-S02,2,10,6,3,0,5,30.9617,27737.98,1.647,0.015829,31.4717,synthetic
2001000569,Dr. Amanda Jones,Pain Management,Los Angeles,CA,Abstral,REP-S743,Sean Tanaka,TERR-S05,3,4,4,3,1,18,10.2338,14428.72,3.7656,0.033729,10.6192,synthetic
2001000570,Dr. Mary Lee,Psychiatry,New York,NY,Subsys,REP-S633,Spencer Novak,TERR-S07,3,7,5,3,3,25,20.6466,17744.26,1.682,0.015916,20.9939,synthetic
2001000571,Dr. William Gonzalez,Pain Management,Houston,TX,Subsys,REP-S524,Sarah Patel,TERR-S10,2,7,5,3,1,17,19.8304,27056.89,7.0909,0.065324,21.2365,synthetic
2001000572,Dr. Rebecca Wilson,Oncology,Jacksonville,FL,Fentora,REP-S733,Spencer Santos,TERR-S09,3,9,2,1,0,22,24.538,29385.76,1.2561,0.011997,24.8462,synthetic
2001000573,Dr. Carol Davis,Pain Management,Columbus,OH,Abstral,REP-S583,Sean Nakamura,TERR-S13,3,4,2,1,1,20,10.3054,23339.54,4.5282,0.040448,10.7721,synthetic
2001000574,Dr. Donna Williams,Pain Management,Chicago,IL,Actiq,REP-S699,Solomon Larsson,TERR-S03,3,5,3,2,2,19,12.905,19002.08,4.716,0.042838,13.5136,synthetic
2001000575,Dr. James Robinson,Anesthesiology,New York,NY,Abstral,REP-S660,Sloan Dubois,TERR-S06,2,4,5,4,5,19,10.4646,22059.13,8.3349,0.073323,11.3368,synthetic
2001000576,Dr. Sharon Smith,Palliative Care,Austin,TX,Abstral,REP-S531,Silas Patel,TERR-S03,3,7,4,2,2,15,18.5092,37444.15,6.044,0.055758,19.6279,synthetic
2001000577,Dr. Sarah Baker,Pain Management,Los Angeles,CA,Abstral,REP-S734,Selena Santos,TERR-S10,3,5,2,1,1,17,14.1009,21889.95,1.5479,0.014351,14.3191,synthetic
2001000578,Dr. Jennifer Torres,Palliative Care,Denver,CO,Fentora,REP-S530,Sadie Patel,TERR-S02,3,5,2,2,2,16,14.2365,21792.84,4.1177,0.037752,14.8227,synthetic
2001000579,Dr. Michelle Sanchez,Internal Medicine,Nashville,TN,Fentora,REP-S763,Sean Muller,TERR-S11,3,6,3,2,1,24,16.3667,37948.6,3.6746,0.034044,16.9681,synthetic
2001000580,Dr. Deborah Sanchez,Neurology,Baltimore,MD,Abstral,REP-S764,Sarah Muller,TERR-S12,2,8,7,5,1,22,23.9244,54102.95,5.2224,0.048913,25.1738,synthetic
2001000581,Dr. Barbara Adams,Oncology,Nashville,TN,Subsys,REP-S608,Serena O'Connor,TERR-S10,3,5,2,1,1,19,12.8592,26007.79,1.529,0.014087,13.0558,synthetic
2001000582,Dr. Rebecca Clark,Pain Management,Miami,FL,Actiq,REP-S679,Solomon Kowalski,TERR-S11,2,5,5,4,3,8,12.909,12945.47,5.2375,0.047465,13.5851,synthetic
2001000583,Dr. Dorothy Robinson,Family Practice,Houston,TX,Actiq,REP-S566,Stella Kapoor,TERR-S10,3,6,5,4,4,24,16.4886,27537.65,0.7277,0.006838,16.6086,synthetic
2001000584,Dr. Jessica Campbell,Oncology,Las Vegas,NV,Subsys,REP-S834,Selena Alvarez,TERR-S12,1,3,10,7,4,27,7.1858,12231.02,6.7696,0.057727,7.6722,synthetic
2001000585,Dr. Nancy Hall,Palliative Care,Miami,FL,Subsys,REP-S548,Serena Chen,TERR-S06,2,6,8,5,6,15,15.5656,38587.63,7.1028,0.064607,16.6712,synthetic
2001000586,Dr. Susan Torres,Anesthesiology,Charlotte,NC,Subsys,REP-S620,Sloan O'Connor,TERR-S08,3,10,3,3,4,29,28.4267,25157.53,3.6405,0.034564,29.4616,synthetic
2001000587,Dr. Rebecca Mitchell,Pain Management,Phoenix,AZ,Subsys,REP-S791,Silas Gomez,TERR-S11,3,7,3,2,2,26,18.5142,19215.68,6.661,0.06128,19.7474,synthetic
2001000588,Dr. Joseph Carter,Pain Management,Boston,MA,Subsys,REP-S677,Stanley Kowalski,TERR-S09,3,6,5,1,0,19,15.9557,28702.88,1.7514,0.016347,16.2352,synthetic
2001000589,Dr. Laura King,Neurology,Charlotte,NC,Abstral,REP-S670,Sadie Kowalski,TERR-S02,3,7,5,4,4,17,20.2503,34956.24,5.1396,0.047816,21.2911,synthetic
2001000590,Dr. Carol Martinez,Emergency Medicine,New York,NY,Abstral,REP-S514,Selena Brooks,TERR-S14,3,5,3,2,0,21,13.2696,31809.65,1.4952,0.013808,13.468,synthetic
2001000591,Dr. Carol Miller,Pain Management,Phoenix,AZ,Subsys,REP-S671,Silas Kowalski,TERR-S03,3,4,4,3,3,8,11.473,20902.5,5.5905,0.050145,12.1144,synthetic
2001000592,Dr. Joseph Allen,Anesthesiology,Las Vegas,NV,Subsys,REP-S529,Seth Patel,TERR-S01,1,6,13,9,9,14,16.4002,32731.83,10.7209,0.096262,18.1584,synthetic
2001000593,Dr. William Taylor,Oncology,Seattle,WA,Subsys,REP-S821,Samuel Alvarez,TERR-S13,3,3,2,1,1,16,7.5105,15287.37,2.1497,0.018794,7.6719,synthetic
2001000594,Dr. Donna Flores,Pain Management,Columbus,OH,Abstral,REP-S575,Stephen Kapoor,TERR-S05,3,4,3,3,3,12,11.4292,24280.0,5.2193,0.046878,12.0257,synthetic
2001000595,Dr. Sarah Lee,Anesthesiology,Columbus,OH,Subsys,REP-S558,Summer Chen,TERR-S02,2,3,6,5,6,18,6.0759,15248.22,7.4941,0.062364,6.5312,synthetic
2001000596,Dr. Carol Ramirez,Neurology,Portland,OR,Abstral,REP-S611,Silas O'Connor,TERR-S13,3,4,2,1,0,25,10.2628,11117.78,0.2344,0.002133,10.2868,synthetic
2001000597,Dr. Rebecca Lopez,Pain Management,Miami,FL,Abstral,REP-S507,Scott Brooks,TERR-S07,1,4,11,8,9,19,10.2996,24651.5,10.9292,0.094965,11.4253,synthetic
2001000598,Dr. Emily Harris,Pain Management,Philadelphia,PA,Actiq,REP-S604,Sarah O'Connor,TERR-S06,1,5,14,12,7,20,13.3136,30229.59,9.8303,0.087493,14.6224,synthetic
2001000599,Dr. Michelle Anderson,Palliative Care,Phoenix,AZ,Subsys,REP-S820,Sloan Vargas,TERR-S12,1,4,12,5,2,26,10.2486,19539.21,4.1496,0.03711,10.6739,synthetic
2001000600,Dr. Margaret Sanchez,Neurology,New York,NY,Subsys,REP-S849,Seth Kim,TERR-S13,3,6,5,4,3,11,15.0174,24819.92,6.6023,0.060061,16.0089,synthetic
2001000601,Dr. Elizabeth Brown,Emergency Medicine,Las Vegas,NV,Actiq,REP-S763,Sean Muller,TERR-S11,3,8,5,4,2,18,21.3835,47657.47,0.9209,0.008759,21.5804,synthetic
2001000602,Dr. Dorothy Walker,Neurology,New York,NY,Fentora,REP-S664,Sarah Kowalski,TERR-S10,3,8,2,1,1,17,22.7743,39409.21,2.4492,0.023191,23.3321,synthetic
2001000603,Dr. Jennifer Nguyen,Oncology,Atlanta,GA,Abstral,REP-S641,Samuel Dubois,TERR-S01,2,6,9,5,0,7,17.0458,21514.15,4.6903,0.043351,17.8453,synthetic
2001000604,Dr. Laura Torres,Pain Management,Chicago,IL,Abstral,REP-S656,Sasha Dubois,TERR-S02,2,6,9,7,4,18,16.5357,31930.64,7.153,0.065274,17.7185,synthetic
2001000605,Dr. Mary Lee,Internal Medicine,Boston,MA,Abstral,REP-S743,Sean Tanaka,TERR-S05,3,7,3,2,1,30,18.4585,30165.14,2.1375,0.020074,18.8531,synthetic
2001000606,Dr. Jennifer Baker,Oncology,Boston,MA,Abstral,REP-S843,Sean Kim,TERR-S07,2,6,8,5,1,16,17.5465,31010.1,5.712,0.05263,18.5488,synthetic
2001000607,Dr. Rebecca White,Pain Management,Nashville,TN,Abstral,REP-S754,Selena Tanaka,TERR-S02,2,7,7,4,3,18,19.2582,21503.71,8.1478,0.074603,20.8273,synthetic
2001000608,Dr. Charles Martinez,Neurology,Jacksonville,FL,Abstral,REP-S657,Stanley Dubois,TERR-S03,3,5,4,2,3,16,12.4648,26644.54,6.5802,0.059131,13.285,synthetic
2001000609,Dr. Michelle Allen,Palliative Care,Boston,MA,Subsys,REP-S688,Serena Larsson,TERR-S06,2,5,9,6,4,20,12.4609,29453.0,8.2113,0.073263,13.4842,synthetic
2001000610,Dr. Rebecca Perez,Anesthesiology,New York,NY,Fentora,REP-S521,Samuel Patel,TERR-S07,2,5,5,4,5,21,12.6737,31729.53,6.8313,0.061393,13.5395,synthetic
2001000611,Dr. Barbara Carter,Pain Management,New York,NY,Abstral,REP-S845,Simon Kim,TERR-S09,3,3,5,4,2,21,8.1065,10642.13,5.8575,0.050829,8.5813,synthetic
2001000612,Dr. Mary Rodriguez,Pain Management,Phoenix,AZ,Subsys,REP-S585,Simon Nakamura,TERR-S01,1,5,9,6,7,21,12.3387,22308.04,10.7351,0.094676,13.6633,synthetic
2001000613,Dr. Melissa Ramirez,Family Practice,Detroit,MI,Lazanda,REP-S506,Stella Brooks,TERR-S06,3,5,3,2,1,20,12.5064,27509.25,3.6084,0.032866,12.9577,synthetic
2001000614,Dr. Sharon Green,Pain Management,Atlanta,GA,Subsys,REP-S594,Selena Nakamura,TERR-S10,3,6,5,5,0,17,16.5711,23805.19,5.1508,0.047434,17.4246,synthetic
2001000615,Dr. Nancy Hall,Oncology,Jacksonville,FL,Fentora,REP-S625,Simon Novak,TERR-S13,3,4,3,1,1,12,11.5588,24391.2,3.858,0.034893,12.0047,synthetic
2001000616,Dr. Richard Moore,Oncology,Seattle,WA,Fentora,REP-S651,Silas Dubois,TERR-S11,3,5,4,2,0,17,12.4182,21938.52,0.9899,0.009119,12.5412,synthetic
2001000617,Dr. Deborah Nelson,Anesthesiology,Detroit,MI,Subsys,REP-S738,Summer Santos,TERR-S14,3,9,3,2,0,49,24.1537,50798.22,2.5988,0.024649,24.7815,synthetic
2001000618,Dr. Jessica Martin,Oncology,Chicago,IL,Lazanda,REP-S736,Sasha Santos,TERR-S12,1,7,11,8,8,16,19.498,49875.57,12.1585,0.10944,21.8687,synthetic
2001000619,Dr. Sharon Hernandez,Pain Management,Portland,OR,Subsys,REP-S784,Sarah Gomez,TERR-S04,1,4,10,8,0,10,11.1757,17545.71,7.7523,0.068738,12.042,synthetic
2001000620,Dr. Amanda Adams,Pain Management,Charlotte,NC,Subsys,REP-S523,Sean Patel,TERR-S09,3,7,2,1,1,11,20.9521,37326.97,3.3595,0.031562,21.656,synthetic
2001000621,Dr. Emily King,Oncology,Seattle,WA,Subsys,REP-S718,Summer Rossi,TERR-S08,3,8,4,3,4,7,23.5026,32346.37,4.011,0.037751,24.4453,synthetic
2001000622,Dr. Deborah Perez,Internal Medicine,Las Vegas,NV,Fentora,REP-S770,Sadie Muller,TERR-S04,3,4,2,1,1,21,11.0349,24135.19,0.8569,0.007826,11.1294,synthetic
2001000623,Dr. Laura Brown,Oncology,Columbus,OH,Subsys,REP-S730,Sadie Santos,TERR-S06,2,3,8,6,7,14,7.5424,10681.86,7.8243,0.066802,8.1325,synthetic
2001000624,Dr. Susan Flores,Family Practice,Philadelphia,PA,Fentora,REP-S801,Samuel Vargas,TERR-S07,3,4,2,1,2,14,9.9788,24006.36,3.016,0.027044,10.2797,synthetic
2001000625,Dr. Laura Davis,Pain Management,Las Vegas,NV,Lazanda,REP-S512,Sienna Brooks,TERR-S12,1,6,10,7,4,9,15.3147,19741.27,7.1384,0.064859,16.4079,synthetic
2001000626,Dr. Lisa Wilson,Emergency Medicine,Boston,MA,Actiq,REP-S636,Sasha Novak,TERR-S10,3,4,4,3,1,19,9.1566,20688.82,3.0872,0.027452,9.4393,synthetic
2001000627,Dr. Donna Thomas,Oncology,Columbus,OH,Actiq,REP-S515,Stephen Brooks,TERR-S01,1,8,12,5,4,12,23.5354,22721.99,7.4044,0.068617,25.278,synthetic
2001000628,Dr. Michael Nelson,Orthopedics,Miami,FL,Fentora,REP-S757,Stanley Tanaka,TERR-S05,3,5,5,4,1,21,12.2001,13979.42,2.6361,0.024072,12.5217,synthetic
2001000629,Dr. Lisa White,Neurology,Las Vegas,NV,Subsys,REP-S839,Solomon Alvarez,TERR-S03,3,9,3,2,1,18,24.7471,44011.66,3.5666,0.033706,25.6298,synthetic
2001000630,Dr. Jessica Gonzalez,Anesthesiology,Austin,TX,Abstral,REP-S752,Sienna Tanaka,TERR-S14,3,8,3,2,2,9,22.7513,19696.64,4.552,0.04268,23.7869,synthetic
2001000631,Dr. Charles Johnson,Palliative Care,Denver,CO,Subsys,REP-S762,Sophia Muller,TERR-S10,3,6,3,2,3,19,15.049,34136.88,3.4802,0.032112,15.5727,synthetic
2001000632,Dr. Susan Rodriguez,Pain Management,Seattle,WA,Actiq,REP-S671,Silas Kowalski,TERR-S03,2,9,8,5,1,14,25.9373,50364.63,6.5291,0.06097,27.6308,synthetic
2001000633,Dr. Thomas Lopez,Palliative Care,Denver,CO,Fentora,REP-S848,Serena Kim,TERR-S12,1,7,13,7,4,46,20.9675,21820.53,6.7975,0.062863,22.3928,synthetic
2001000634,Dr. Nancy Brown,Family Practice,Austin,TX,Subsys,REP-S698,Summer Larsson,TERR-S02,3,5,2,1,1,19,12.2247,14995.25,1.4777,0.013567,12.4053,synthetic
2001000635,Dr. Jessica Thomas,Pain Management,Chicago,IL,Subsys,REP-S510,Sadie Brooks,TERR-S10,3,3,4,3,4,28,7.7461,12510.71,5.6445,0.048782,8.1833,synthetic
2001000636,Dr. Sharon Martinez,Palliative Care,Boston,MA,Fentora,REP-S849,Seth Kim,TERR-S13,3,7,4,4,5,14,19.2434,40826.36,6.8796,0.063348,20.5673,synthetic
2001000637,Dr. Deborah Lopez,Palliative Care,Houston,TX,Subsys,REP-S755,Stephen Tanaka,TERR-S03,3,8,3,2,1,30,22.8493,54861.25,2.8054,0.026523,23.4903,synthetic
2001000638,Dr. Lisa Hernandez,Pain Management,Charlotte,NC,Subsys,REP-S632,Sienna Novak,TERR-S06,1,6,9,7,6,13,15.5538,14672.85,11.0256,0.098573,17.2687,synthetic
2001000639,Dr. Amanda Taylor,Pain Management,Boston,MA,Subsys,REP-S727,Scott Santos,TERR-S03,2,5,6,5,4,13,13.0684,17141.98,9.7066,0.08633,14.3369,synthetic
2001000640,Dr. Carol Rodriguez,Pain Management,Las Vegas,NV,Subsys,REP-S618,Summer O'Connor,TERR-S06,1,7,11,6,3,30,20.8161,37947.7,9.1365,0.083584,22.7179,synthetic
2001000641,Dr. Barbara Ramirez,Family Practice,Baltimore,MD,Subsys,REP-S847,Scott Kim,TERR-S11,3,4,5,3,0,17,11.0454,12906.48,1.2357,0.011267,11.1818,synthetic
2001000642,Dr. Sandra Young,Oncology,Los Angeles,CA,Fentora,REP-S528,Serena Patel,TERR-S14,3,8,2,1,1,18,23.2407,49193.75,2.7292,0.02583,23.875,synthetic
2001000643,Dr. Barbara Miller,Internal Medicine,Miami,FL,Subsys,REP-S539,Solomon Patel,TERR-S11,3,7,4,3,2,16,19.6802,44771.84,3.5836,0.033535,20.3855,synthetic
2001000644,Dr. Kathleen Adams,Family Practice,Columbus,OH,Fentora,REP-S821,Samuel Alvarez,TERR-S13,3,9,4,1,1,16,25.889,45208.75,2.9594,0.028095,26.6552,synthetic
2001000645,Dr. James Lee,Anesthesiology,Philadelphia,PA,Lazanda,REP-S710,Sadie Rossi,TERR-S14,3,4,4,2,3,20,11.0735,28343.79,4.1435,0.037299,11.5323,synthetic
2001000646,Dr. Deborah Perez,Pain Management,Miami,FL,Abstral,REP-S684,Sarah Larsson,TERR-S02,2,6,7,4,3,18,17.6893,30468.84,5.6094,0.051731,18.6815,synthetic
2001000647,Dr. John Perez,Pain Management,Detroit,MI,Subsys,REP-S523,Sean Patel,TERR-S09,3,8,5,4,4,19,21.2614,33468.41,4.5197,0.042261,22.2223,synthetic
2001000648,Dr. Melissa Hernandez,Orthopedics,Phoenix,AZ,Subsys,REP-S540,Sloan Patel,TERR-S12,3,8,5,4,5,26,23.5132,25513.06,5.7726,0.053892,24.8705,synthetic
2001000649,Dr. Joseph Lee,Pain Management,Charlotte,NC,Actiq,REP-S516,Sasha Brooks,TERR-S02,2,8,6,5,2,22,22.8576,55152.54,6.864,0.063691,24.4266,synthetic
2001000650,Dr. Patricia Nguyen,Oncology,Atlanta,GA,Abstral,REP-S638,Summer Novak,TERR-S12,1,8,11,9,6,31,23.3503,20570.73,8.54,0.078712,25.3444,synthetic
2001000651,Dr. John Rivera,Neurology,Jacksonville,FL,Actiq,REP-S759,Solomon Tanaka,TERR-S07,2,4,5,4,5,9,9.5001,23526.34,3.8286,0.034053,9.8638,synthetic
2001000652,Dr. Betty Thompson,Oncology,Columbus,OH,Lazanda,REP-S762,Sophia Muller,TERR-S10,2,9,5,4,0,26,25.921,61154.08,-0.9098,-0.008798,25.6852,synthetic
2001000653,Dr. Michelle Baker,Internal Medicine,Houston,TX,Actiq,REP-S797,Stanley Gomez,TERR-S03,3,8,4,4,4,24,21.1447,38578.14,6.9217,0.063999,22.6083,synthetic
2001000654,Dr. Amanda Perez,Oncology,Baltimore,MD,Fentora,REP-S826,Stella Alvarez,TERR-S04,2,6,9,5,2,25,16.655,27449.26,6.1469,0.056369,17.6788,synthetic
2001000655,Dr. Donna Gonzalez,Neurology,Charlotte,NC,Subsys,REP-S525,Simon Patel,TERR-S11,3,7,3,2,2,17,19.849,37381.11,0.9455,0.008961,20.0366,synthetic
2001000656,Dr. Donna Jones,Internal Medicine,Houston,TX,Abstral,REP-S558,Summer Chen,TERR-S02,3,10,4,3,1,28,32.0477,42517.03,3.4341,0.03276,33.1482,synthetic
2001000657,Dr. Karen Martinez,Oncology,Nashville,TN,Subsys,REP-S827,Scott Alvarez,TERR-S05,3,5,4,2,0,17,12.0485,13960.69,2.1182,0.01937,12.3038,synthetic
2001000658,Dr. Linda Thomas,Pain Management,Baltimore,MD,Subsys,REP-S571,Silas Kapoor,TERR-S01,1,10,12,10,4,10,29.3115,52148.94,7.4593,0.06965,31.498,synthetic
2001000659,Dr. Margaret Young,Pain Management,Houston,TX,Abstral,REP-S505,Simon Brooks,TERR-S05,3,7,4,3,3,4,19.9281,30783.37,6.8516,0.063202,21.2935,synthetic
2001000660,Dr. Richard Martin,Pain Management,Baltimore,MD,Subsys,REP-S747,Scott Tanaka,TERR-S09,2,5,6,4,1,11,14.8406,28721.53,6.1428,0.055955,15.7522,synthetic
2001000661,Dr. Elizabeth White,Palliative Care,Portland,OR,Subsys,REP-S823,Sean Alvarez,TERR-S01,2,6,7,5,0,28,15.4961,28271.29,4.6948,0.043157,16.2236,synthetic
2001000662,Dr. Rebecca Young,Orthopedics,Seattle,WA,Abstral,REP-S660,Sloan Dubois,TERR-S06,3,5,5,4,4,13,13.2018,19879.83,6.2945,0.056865,14.0328,synthetic
2001000663,Dr. Robert Mitchell,Family Practice,Las Vegas,NV,Abstral,REP-S834,Selena Alvarez,TERR-S12,3,7,2,2,3,22,20.4249,40532.66,3.4663,0.032511,21.1328,synthetic
2001000664,Dr. Lisa Thompson,Pain Management,Columbus,OH,Fentora,REP-S824,Sarah Alvarez,TERR-S02,2,9,6,5,1,14,25.9261,33208.27,4.9551,0.046608,27.2107,synthetic
2001000665,Dr. Patricia Campbell,Anesthesiology,Miami,FL,Abstral,REP-S701,Samuel Rossi,TERR-S05,3,6,5,4,2,12,16.9969,31951.35,5.655,0.05203,17.958,synthetic
2001000666,Dr. Rebecca Thomas,Oncology,Las Vegas,NV,Subsys,REP-S580,Sloan Kapoor,TERR-S10,3,2,3,2,0,18,4.4174,8087.16,1.6965,0.013738,4.4924,synthetic
2001000667,Dr. Patricia Johnson,Oncology,Detroit,MI,Subsys,REP-S527,Scott Patel,TERR-S13,3,3,5,2,3,30,6.1839,9261.79,2.6776,0.022788,6.3495,synthetic
2001000668,Dr. James Scott,Oncology,Philadelphia,PA,Actiq,REP-S664,Sarah Kowalski,TERR-S10,3,7,2,2,2,16,18.3925,30651.86,2.9243,0.027358,18.9304,synthetic
2001000669,Dr. Sharon Moore,Oncology,Houston,TX,Fentora,REP-S661,Samuel Kowalski,TERR-S07,2,8,5,3,1,14,22.6481,20074.62,8.3063,0.076544,24.5293,synthetic
2001000670,Dr. Mary Walker,Pain Management,Chicago,IL,Abstral,REP-S538,Summer Patel,TERR-S10,3,6,2,1,0,15,16.7438,27070.85,3.418,0.031744,17.3161,synthetic
2001000671,Dr. Kimberly Carter,Neurology,Denver,CO,Abstral,REP-S588,Serena Nakamura,TERR-S04,2,5,5,4,3,25,13.3624,13569.33,5.1882,0.047141,14.0557,synthetic
2001000672,Dr. Sarah Hernandez,Family Practice,Portland,OR,Lazanda,REP-S504,Sarah Brooks,TERR-S04,3,4,5,4,0,24,11.7602,15476.61,2.6605,0.024224,12.073,synthetic
2001000673,Dr. Elizabeth Sanchez,Neurology,Jacksonville,FL,Fentora,REP-S711,Silas Rossi,TERR-S01,2,3,8,7,1,13,7.204,12416.29,3.9962,0.034489,7.4919,synthetic
2001000674,Dr. David White,Oncology,Philadelphia,PA,Actiq,REP-S684,Sarah Larsson,TERR-S02,2,6,5,2,2,16,16.6472,32985.45,2.7853,0.025936,17.1109,synthetic
2001000675,Dr. Rebecca White,Family Practice,Miami,FL,Subsys,REP-S617,Stanley O'Connor,TERR-S05,3,8,2,2,1,19,21.1374,39109.23,2.1781,0.020584,21.5978,synthetic
2001000676,Dr. William Ramirez,Oncology,Columbus,OH,Subsys,REP-S705,Simon Rossi,TERR-S09,2,5,7,5,4,16,13.8047,17457.12,8.3233,0.074747,14.9537,synthetic
2001000677,Dr. Linda Martinez,Pain Management,Philadelphia,PA,Abstral,REP-S566,Stella Kapoor,TERR-S10,2,10,5,4,0,16,27.4176,27806.34,2.2017,0.02102,28.0213,synthetic
2001000678,Dr. Carol Young,Neurology,Las Vegas,NV,Subsys,REP-S541,Samuel Chen,TERR-S13,3,8,3,1,2,23,22.3364,55707.89,2.7519,0.025999,22.9511,synthetic
2001000679,Dr. Sharon Taylor,Anesthesiology,Chicago,IL,Actiq,REP-S841,Samuel Kim,TERR-S05,3,5,5,4,4,15,12.495,13285.7,4.5533,0.041295,13.064,synthetic
2001000680,Dr. Karen Lewis,Anesthesiology,Austin,TX,Abstral,REP-S746,Stella Tanaka,TERR-S08,3,7,2,2,1,13,19.5969,34408.39,3.1822,0.029828,20.2205,synthetic
2001000681,Dr. Donna Baker,Oncology,Jacksonville,FL,Subsys,REP-S732,Sienna Santos,TERR-S08,3,4,3,2,3,16,11.795,15796.89,2.8468,0.025905,12.1307,synthetic
2001000682,Dr. Laura Martin,Pain Management,Philadelphia,PA,Subsys,REP-S541,Samuel Chen,TERR-S13,3,9,5,5,4,20,24.7343,64106.77,5.9,0.055158,26.1936,synthetic
2001000683,Dr. Karen Wright,Oncology,Denver,CO,Fentora,REP-S721,Samuel Santos,TERR-S11,3,8,3,2,2,20,22.7801,23905.57,4.2444,0.039854,23.747,synthetic
2001000684,Dr. John Mitchell,Pain Management,Philadelphia,PA,Actiq,REP-S505,Simon Brooks,TERR-S05,3,6,5,4,2,10,16.186,36867.46,6.3785,0.058338,17.2184,synthetic
2001000685,Dr. Emily Brown,Pain Management,Seattle,WA,Abstral,REP-S615,Stephen O'Connor,TERR-S03,3,4,4,3,2,25,10.5406,14093.92,5.6409,0.050238,11.1352,synthetic
2001000686,Dr. Elizabeth Walker,Neurology,Portland,OR,Subsys,REP-S709,Seth Rossi,TERR-S13,3,7,4,3,2,31,18.7958,48763.29,4.9768,0.046172,19.7313,synthetic
2001000687,Dr. Susan Harris,Palliative Care,Charlotte,NC,Actiq,REP-S674,Selena Kowalski,TERR-S06,2,7,7,3,0,10,20.7013,25824.53,2.3124,0.021819,21.18,synthetic
2001000688,Dr. Ashley White,Pain Management,Seattle,WA,Lazanda,REP-S650,Sadie Dubois,TERR-S10,2,7,7,4,5,24,20.8294,25095.66,7.1337,0.065852,22.3153,synthetic
2001000689,Dr. Carol Jackson,Oncology,Seattle,WA,Actiq,REP-S622,Sophia Novak,TERR-S10,3,8,3,2,0,10,21.9935,30626.81,-0.0696,-0.000666,21.9782,synthetic
2001000690,Dr. John Clark,Oncology,Las Vegas,NV,Abstral,REP-S769,Seth Muller,TERR-S03,3,3,4,2,3,10,6.9158,14175.11,4.7862,0.040965,7.2468,synthetic
2001000691,Dr. Jessica Wilson,Neurology,Las Vegas,NV,Lazanda,REP-S743,Sean Tanaka,TERR-S05,3,6,2,1,2,22,16.3079,33975.38,6.7168,0.061366,17.4032,synthetic
2001000692,Dr. Jessica Taylor,Oncology,Detroit,MI,Lazanda,REP-S828,Serena Alvarez,TERR-S06,1,5,12,8,2,21,12.4474,18674.19,4.9883,0.045139,13.0683,synthetic
2001000693,Dr. Joseph Green,Palliative Care,Miami,FL,Abstral,REP-S626,Stella Novak,TERR-S14,3,5,5,3,4,14,14.2711,29899.66,6.5638,0.059532,15.2079,synthetic
2001000694,Dr. Kathleen Walker,Internal Medicine,Austin,TX,Subsys,REP-S793,Spencer Gomez,TERR-S13,3,10,3,2,0,22,27.0677,49842.22,3.9357,0.037252,28.133,synthetic
2001000695,Dr. Carol Johnson,Internal Medicine,Houston,TX,Subsys,REP-S516,Sasha Brooks,TERR-S02,3,4,3,3,3,25,11.2809,28239.4,3.3225,0.030063,11.6557,synthetic
2001000696,Dr. Carol Jones,Palliative Care,Phoenix,AZ,Subsys,REP-S732,Sienna Santos,TERR-S08,3,4,3,2,3,10,11.9367,28136.36,5.4197,0.048798,12.5836,synthetic
2001000697,Dr. Sandra Walker,Pain Management,Phoenix,AZ,Actiq,REP-S779,Solomon Muller,TERR-S13,2,4,8,6,6,15,9.4941,22241.02,7.5478,0.066055,10.2107,synthetic
2001000698,Dr. Ashley Flores,Pain Management,Baltimore,MD,Subsys,REP-S637,Stanley Novak,TERR-S11,3,5,4,3,0,24,12.38,15672.35,2.0545,0.018831,12.6343,synthetic
2001000699,Dr. Jessica Jones,Pain Management,Boston,MA,Abstral,REP-S636,Sasha Novak,TERR-S10,3,6,2,1,1,26,16.008,27053.7,3.3452,0.031,16.5435,synthetic
2001000700,Dr. Ashley Adams,Pain Management,Denver,CO,Abstral,REP-S628,Serena Novak,TERR-S02,2,5,5,4,1,16,13.9462,21691.93,3.7119,0.034049,14.4639,synthetic
2001000701,Dr. Margaret Carter,Pain Management,Miami,FL,Subsys,REP-S718,Summer Rossi,TERR-S08,3,6,4,3,1,18,15.8109,36849.23,2.4079,0.022394,16.1916,synthetic
2001000702,Dr. Kimberly Wilson,Pain Management,Denver,CO,Fentora,REP-S526,Stella Patel,TERR-S12,1,6,14,9,7,14,15.2562,15029.95,10.4143,0.09325,16.8451,synthetic
2001000703,Dr. Rebecca Young,Pain Management,Denver,CO,Subsys,REP-S742,Sophia Tanaka,TERR-S04,1,5,14,12,5,19,13.5186,12863.95,9.9612,0.088698,14.8652,synthetic
2001000704,Dr. William Davis,Pain Management,Nashville,TN,Actiq,REP-S536,Sasha Patel,TERR-S08,2,3,5,4,4,19,6.9608,16598.45,7.4396,0.063022,7.4786,synthetic
2001000705,Dr. Dorothy Hall,Neurology,Atlanta,GA,Abstral,REP-S756,Sasha Tanaka,TERR-S04,2,6,5,4,4,18,16.3351,31570.5,6.7978,0.062088,17.4455,synthetic
2001000706,Dr. Lisa Hernandez,Oncology,New York,NY,Actiq,REP-S573,Spencer Kapoor,TERR-S03,3,6,5,4,0,16,17.0141,38531.82,2.1548,0.020147,17.3807,synthetic
2001000707,Dr. Sarah Johnson,Palliative Care,Miami,FL,Fentora,REP-S517,Stanley Brooks,TERR-S03,3,5,2,1,1,26,13.5823,23769.12,2.4781,0.022819,13.9189,synthetic
2001000708,Dr. Amanda Hall,Internal Medicine,Houston,TX,Fentora,REP-S594,Selena Nakamura,TERR-S10,3,7,3,2,0,2,20.0661,40959.78,5.2093,0.048428,21.1114,synthetic
2001000709,Dr. Linda Green,Oncology,Jacksonville,FL,Actiq,REP-S672,Sienna Kowalski,TERR-S04,1,6,13,7,6,16,17.8071,36512.53,8.0939,0.073841,19.2484,synthetic
2001000710,Dr. Linda Moore,Oncology,Houston,TX,Actiq,REP-S691,Silas Larsson,TERR-S09,3,2,5,4,4,9,4.5132,10414.28,5.8309,0.046628,4.7764,synthetic
2001000711,Dr. Nancy Clark,Palliative Care,Houston,TX,Abstral,REP-S829,Seth Alvarez,TERR-S07,2,7,7,4,5,15,19.4352,44839.19,8.9831,0.081981,21.1811,synthetic
2001000712,Dr. Richard Scott,Oncology,Los Angeles,CA,Abstral,REP-S711,Silas Rossi,TERR-S01,1,3,10,8,1,27,8.9682,18860.35,2.626,0.023351,9.2037,synthetic
2001000713,Dr. Richard Young,Anesthesiology,Charlotte,NC,Abstral,REP-S802,Sophia Vargas,TERR-S08,3,5,3,2,2,13,13.2656,28315.68,3.0831,0.028267,13.6745,synthetic
2001000714,Dr. Amanda Sanchez,Pain Management,Denver,CO,Actiq,REP-S511,Silas Brooks,TERR-S11,3,6,5,4,4,12,16.4854,14798.55,7.4694,0.068053,17.7168,synthetic
2001000715,Dr. Barbara Hernandez,Internal Medicine,Columbus,OH,Abstral,REP-S561,Samuel Kapoor,TERR-S05,3,6,2,2,3,17,15.7966,40503.7,4.254,0.039228,16.4686,synthetic
2001000716,Dr. Robert Wright,Oncology,Boston,MA,Abstral,REP-S625,Simon Novak,TERR-S13,3,7,4,2,3,9,19.8425,40493.45,4.6716,0.043514,20.7694,synthetic
2001000717,Dr. Laura Carter,Oncology,Los Angeles,CA,Lazanda,REP-S678,Summer Kowalski,TERR-S10,3,3,3,2,0,14,8.5015,21868.84,0.864,0.007701,8.5749,synthetic
2001000718,Dr. Charles Walker,Neurology,Detroit,MI,Subsys,REP-S735,Stephen Santos,TERR-S11,3,6,2,2,2,17,16.4463,20969.4,3.3083,0.030711,16.9904,synthetic
2001000719,Dr. Michael Taylor,Anesthesiology,Los Angeles,CA,Fentora,REP-S533,Spencer Patel,TERR-S05,3,8,4,3,1,10,21.3088,51056.01,3.4582,0.032498,22.0457,synthetic
2001000720,Dr. Michael Nguyen,Pain Management,Philadelphia,PA,Actiq,REP-S658,Summer Dubois,TERR-S04,1,4,12,10,1,17,10.3229,24274.33,6.5418,0.057929,10.9983,synthetic
2001000721,Dr. Robert Rodriguez,Family Practice,Jacksonville,FL,Abstral,REP-S634,Selena Novak,TERR-S08,3,5,3,3,3,14,13.3927,32842.08,1.4621,0.013513,13.5886,synthetic
2001000722,Dr. Laura Rivera,Palliative Care,Baltimore,MD,Lazanda,REP-S766,Stella Muller,TERR-S14,3,9,4,4,4,14,24.002,52794.51,8.072,0.074636,25.9395,synthetic
2001000723,Dr. Emily Mitchell,Orthopedics,Baltimore,MD,Subsys,REP-S782,Sophia Gomez,TERR-S02,3,9,3,2,1,9,24.2214,41008.71,1.5597,0.014867,24.5992,synthetic
2001000724,Dr. Lisa Smith,Pain Management,Boston,MA,Subsys,REP-S734,Selena Santos,TERR-S10,3,5,4,3,3,24,14.7003,35396.87,3.3135,0.030553,15.1874,synthetic
2001000725,Dr. Nancy Clark,Neurology,Philadelphia,PA,Abstral,REP-S505,Simon Brooks,TERR-S05,3,5,5,3,3,18,14.2557,21160.84,6.9876,0.063253,15.2519,synthetic
2001000726,Dr. Sharon Walker,Palliative Care,Boston,MA,Fentora,REP-S642,Sophia Dubois,TERR-S02,2,3,6,5,3,10,7.175,15685.16,4.6485,0.039988,7.5086,synthetic
2001000727,Dr. Michelle Nelson,Family Practice,Portland,OR,Fentora,REP-S782,Sophia Gomez,TERR-S02,3,5,3,2,2,23,12.2734,20131.16,4.9811,0.045029,12.8847,synthetic
2001000728,Dr. David Adams,Oncology,Seattle,WA,Lazanda,REP-S779,Solomon Muller,TERR-S13,3,6,3,2,1,10,17.1367,44470.58,1.9054,0.017844,17.4632,synthetic
2001000729,Dr. Sandra White,Internal Medicine,Chicago,IL,Fentora,REP-S663,Sean Kowalski,TERR-S09,3,7,3,1,0,26,18.0987,15675.45,4.2162,0.039177,18.8618,synthetic
2001000730,Dr. Nancy Nelson,Palliative Care,Baltimore,MD,Subsys,REP-S752,Sienna Tanaka,TERR-S14,3,5,3,2,0,15,12.2486,13220.11,2.3425,0.021426,12.5355,synthetic
2001000731,Dr. Stephanie Allen,Palliative Care,Detroit,MI,Subsys,REP-S592,Sienna Nakamura,TERR-S08,3,4,2,1,0,22,10.8845,23970.64,0.7373,0.00673,10.9647,synthetic
2001000732,Dr. Barbara Williams,Family Practice,Nashville,TN,Abstral,REP-S564,Sarah Kapoor,TERR-S08,3,8,5,2,1,17,23.0273,36870.37,3.6621,0.034495,23.8706,synthetic
2001000733,Dr. William Martin,Palliative Care,Charlotte,NC,Fentora,REP-S784,Sarah Gomez,TERR-S04,2,5,6,5,0,12,14.9431,34864.4,3.5689,0.032903,15.4764,synthetic
2001000734,Dr. Charles Flores,Oncology,Baltimore,MD,Lazanda,REP-S746,Stella Tanaka,TERR-S08,3,4,4,2,2,24,10.1352,9071.0,5.1403,0.045725,10.6562,synthetic
2001000735,Dr. Amanda Lewis,Internal Medicine,Denver,CO,Actiq,REP-S770,Sadie Muller,TERR-S04,3,10,5,3,0,17,28.0655,71115.73,2.109,0.02016,28.6574,synthetic
2001000736,Dr. Karen Nelson,Anesthesiology,Portland,OR,Actiq,REP-S790,Sadie Gomez,TERR-S10,3,5,3,1,1,23,14.7608,34391.1,1.3645,0.012698,14.9622,synthetic
2001000737,Dr. Karen Johnson,Neurology,Detroit,MI,Lazanda,REP-S704,Sarah Rossi,TERR-S08,3,7,3,2,0,10,18.0331,40662.85,0.6783,0.006406,18.1554,synthetic
2001000738,Dr. Sarah Rodriguez,Pain Management,Baltimore,MD,Actiq,REP-S684,Sarah Larsson,TERR-S02,2,5,9,7,3,18,14.2078,14562.54,7.2543,0.065575,15.2385,synthetic
2001000739,Dr. John Martin,Psychiatry,Atlanta,GA,Lazanda,REP-S589,Seth Nakamura,TERR-S05,3,5,3,2,2,9,12.9817,31359.81,2.9574,0.027088,13.3656,synthetic
2001000740,Dr. Barbara Anderson,Palliative Care,Miami,FL,Lazanda,REP-S557,Stanley Chen,TERR-S01,2,3,6,3,2,27,8.3477,15298.38,4.228,0.037062,8.7006,synthetic
2001000741,Dr. Thomas Thompson,Neurology,Philadelphia,PA,Subsys,REP-S574,Selena Kapoor,TERR-S04,2,8,7,4,5,18,21.9871,38046.85,7.3107,0.06759,23.5945,synthetic
2001000742,Dr. Jennifer White,Pain Management,Denver,CO,Fentora,REP-S645,Simon Dubois,TERR-S05,3,7,2,2,0,20,20.955,24125.33,1.9712,0.018639,21.3681,synthetic
2001000743,Dr. Melissa Perez,Oncology,Las Vegas,NV,Subsys,REP-S552,Sienna Chen,TERR-S10,3,5,4,3,3,10,14.2034,28132.5,4.3921,0.040212,14.8272,synthetic
2001000744,Dr. Thomas Hernandez,Oncology,Chicago,IL,Abstral,REP-S534,Selena Patel,TERR-S06,2,8,9,4,3,15,23.3232,44597.51,5.7984,0.054109,24.6755,synthetic
2001000745,Dr. Karen Green,Family Practice,Chicago,IL,Abstral,REP-S686,Stella Larsson,TERR-S04,3,4,2,1,2,17,9.8029,16945.03,1.0176,0.009192,9.9026,synthetic
2001000746,Dr. Melissa Jackson,Oncology,Las Vegas,NV,Abstral,REP-S674,Selena Kowalski,TERR-S06,2,7,9,5,0,21,19.1035,24962.16,4.675,0.043466,19.9966,synthetic
2001000747,Dr. Susan Hall,Neurology,Miami,FL,Subsys,REP-S551,Silas Chen,TERR-S09,3,2,3,2,0,31,5.6265,7669.97,2.6561,0.022303,5.7759,synthetic
2001000748,Dr. Mary Miller,Family Practice,Baltimore,MD,Abstral,REP-S773,Spencer Muller,TERR-S07,3,2,3,2,3,22,4.4484,8523.24,4.1813,0.033568,4.6344,synthetic
2001000749,Dr. Susan Sanchez,Anesthesiology,Phoenix,AZ,Subsys,REP-S617,Stanley O'Connor,TERR-S05,3,5,2,1,0,13,12.0321,26416.07,4.0546,0.036751,12.52,synthetic
2001000750,Dr. Joseph Adams,Anesthesiology,Austin,TX,Abstral,REP-S542,Sophia Chen,TERR-S14,3,10,2,2,3,17,36.4633,92852.25,4.7098,0.044821,38.1807,synthetic
2001000751,Dr. William Hill,Anesthesiology,Boston,MA,Abstral,REP-S569,Seth Kapoor,TERR-S13,3,2,2,2,3,19,5.0886,8095.43,1.7657,0.014649,5.1784,synthetic
2001000752,Dr. William Ramirez,Pain Management,Las Vegas,NV,Subsys,REP-S690,Sadie Larsson,TERR-S08,3,6,4,2,3,26,17.6721,35166.09,4.485,0.041572,18.4647,synthetic
2001000753,Dr. Sarah Thomas,Anesthesiology,Austin,TX,Abstral,REP-S528,Serena Patel,TERR-S14,3,6,5,3,0,10,16.4327,40392.1,1.7436,0.016302,16.7193,synthetic
2001000754,Dr. Melissa Martinez,Emergency Medicine,Seattle,WA,Abstral,REP-S626,Stella Novak,TERR-S14,3,3,2,1,1,21,8.8193,11793.16,1.251,0.011173,8.9296,synthetic
2001000755,Dr. Rebecca Flores,Pain Management,Portland,OR,Subsys,REP-S819,Solomon Vargas,TERR-S11,2,9,8,7,6,34,26.9069,47471.27,11.7021,0.106904,30.0556,synthetic
2001000756,Dr. Emily Allen,Anesthesiology,Austin,TX,Subsys,REP-S624,Sarah Novak,TERR-S12,2,6,7,5,1,15,17.602,40563.03,6.1169,0.056268,18.6788,synthetic
2001000757,Dr. Linda Green,Internal Medicine,Miami,FL,Subsys,REP-S545,Simon Chen,TERR-S03,3,5,5,3,2,16,14.9313,37672.72,5.1541,0.047175,15.7009,synthetic
2001000758,Dr. Lisa Nelson,Pain Management,Detroit,MI,Actiq,REP-S682,Sophia Larsson,TERR-S14,3,5,3,2,0,18,12.3957,23263.12,2.8738,0.026245,12.752,synthetic
2001000759,Dr. Emily Davis,Orthopedics,Miami,FL,Fentora,REP-S689,Seth Larsson,TERR-S07,3,9,5,3,4,20,25.2402,52599.88,2.8913,0.027432,25.97,synthetic
2001000760,Dr. Michelle Baker,Neurology,Portland,OR,Actiq,REP-S673,Spencer Kowalski,TERR-S05,3,5,2,2,3,10,14.9229,18689.37,3.5616,0.032834,15.4544,synthetic
2001000761,Dr. Rebecca Carter,Oncology,Atlanta,GA,Subsys,REP-S723,Sean Santos,TERR-S13,3,9,2,2,3,18,24.4732,34602.92,3.3988,0.032132,25.305,synthetic
2001000762,Dr. Jessica Green,Internal Medicine,Atlanta,GA,Actiq,REP-S769,Seth Muller,TERR-S03,3,7,3,3,4,29,18.7076,30496.58,4.5866,0.042618,19.5656,synthetic
2001000763,Dr. Dorothy Hall,Psychiatry,Seattle,WA,Abstral,REP-S673,Spencer Kowalski,TERR-S05,3,4,2,2,1,21,10.1794,18331.76,2.2649,0.020413,10.41,synthetic
2001000764,Dr. John Torres,Anesthesiology,Seattle,WA,Actiq,REP-S818,Summer Vargas,TERR-S10,3,7,4,3,2,23,19.6076,38484.67,3.5337,0.03307,20.3005,synthetic
2001000765,Dr. John Hall,Internal Medicine,Atlanta,GA,Subsys,REP-S557,Stanley Chen,TERR-S01,3,4,3,3,1,21,10.5124,24568.52,2.3733,0.02144,10.7619,synthetic
2001000766,Dr. Amanda Brown,Pain Management,Nashville,TN,Actiq,REP-S702,Sophia Rossi,TERR-S06,2,3,5,4,0,15,7.345,14120.27,3.7814,0.032741,7.6227,synthetic
2001000767,Dr. Linda Johnson,Neurology,Detroit,MI,Fentora,REP-S674,Selena Kowalski,TERR-S06,2,3,9,6,2,14,8.3797,13259.84,7.334,0.063464,8.9943,synthetic
2001000768,Dr. Nancy Smith,Pain Management,Detroit,MI,Subsys,REP-S599,Solomon Nakamura,TERR-S01,1,6,13,9,0,6,16.8385,28394.28,6.1258,0.056214,17.8699,synthetic
2001000769,Dr. Susan Baker,Internal Medicine,Austin,TX,Fentora,REP-S692,Sienna Larsson,TERR-S10,3,8,4,2,3,17,21.957,48700.69,1.7745,0.01683,22.3466,synthetic
2001000770,Dr. Elizabeth Scott,Internal Medicine,Atlanta,GA,Actiq,REP-S618,Summer O'Connor,TERR-S06,3,5,3,2,1,29,14.063,13400.68,3.3839,0.031104,14.5389,synthetic
2001000771,Dr. James Wright,Internal Medicine,New York,NY,Abstral,REP-S697,Stanley Larsson,TERR-S01,3,4,5,4,3,24,11.8177,26169.61,2.9846,0.027145,12.1704,synthetic
2001000772,Dr. Sarah Rodriguez,Neurology,Baltimore,MD,Subsys,REP-S677,Stanley Kowalski,TERR-S09,3,3,2,2,1,13,7.7116,9839.25,3.4514,0.030095,7.9777,synthetic
2001000773,Dr. Patricia Nelson,Palliative Care,Portland,OR,Abstral,REP-S593,Spencer Nakamura,TERR-S09,3,5,2,2,2,11,12.8632,14322.95,3.2876,0.030048,13.2861,synthetic
2001000774,Dr. Deborah Rivera,Pain Management,Jacksonville,FL,Subsys,REP-S807,Scott Vargas,TERR-S13,2,3,6,3,0,16,7.0761,17656.0,2.0398,0.017714,7.2204,synthetic
2001000775,Dr. Sarah Hernandez,Palliative Care,Charlotte,NC,Actiq,REP-S788,Serena Gomez,TERR-S08,3,4,2,2,3,20,11.3865,10535.49,4.364,0.039333,11.8834,synthetic
2001000776,Dr. Carol Clark,Neurology,Miami,FL,Subsys,REP-S633,Spencer Novak,TERR-S07,3,3,4,3,3,19,8.1245,15135.27,3.2834,0.028816,8.3912,synthetic
2001000777,Dr. Betty Gonzalez,Anesthesiology,Charlotte,NC,Subsys,REP-S590,Sadie Nakamura,TERR-S06,3,3,5,4,3,15,7.0098,7318.13,6.6878,0.05688,7.4786,synthetic
2001000778,Dr. Joseph Ramirez,Oncology,New York,NY,Subsys,REP-S568,Serena Kapoor,TERR-S12,2,4,6,3,0,20,11.5776,19877.82,3.5763,0.032389,11.9917,synthetic
2001000779,Dr. Amanda Brown,Neurology,Los Angeles,CA,Subsys,REP-S637,Stanley Novak,TERR-S11,3,8,5,4,4,30,21.3137,29808.79,4.3034,0.040283,22.231,synthetic
2001000780,Dr. Amanda Smith,Anesthesiology,Seattle,WA,Fentora,REP-S733,Spencer Santos,TERR-S09,3,7,2,2,1,17,19.604,30007.01,4.4166,0.041163,20.4699,synthetic
2001000781,Dr. Kimberly Davis,Family Practice,Seattle,WA,Actiq,REP-S667,Scott Kowalski,TERR-S13,3,9,3,2,0,16,26.0664,37793.99,0.0779,0.00075,26.0868,synthetic
2001000782,Dr. Joseph Ramirez,Oncology,Miami,FL,Subsys,REP-S712,Sienna Rossi,TERR-S02,2,4,6,5,6,24,11.09,21871.59,8.65,0.076354,12.0493,synthetic
2001000783,Dr. Stephanie King,Anesthesiology,Phoenix,AZ,Subsys,REP-S591,Silas Nakamura,TERR-S07,1,3,11,6,0,20,8.0695,13119.61,3.5906,0.031448,8.3593,synthetic
2001000784,Dr. Sandra Lee,Internal Medicine,Baltimore,MD,Fentora,REP-S638,Summer Novak,TERR-S12,3,4,2,1,2,9,9.7143,24925.08,3.4323,0.030645,10.0477,synthetic
2001000785,Dr. David Anderson,Neurology,Miami,FL,Actiq,REP-S611,Silas O'Connor,TERR-S13,3,6,5,4,5,14,15.255,28362.71,6.5807,0.059927,16.2589,synthetic
2001000786,Dr. Kathleen Perez,Pain Management,Seattle,WA,Actiq,REP-S791,Silas Gomez,TERR-S11,2,4,6,4,1,22,9.2209,18084.64,5.3083,0.046778,9.7104,synthetic
2001000787,Dr. Mary Gonzalez,Pain Management,Los Angeles,CA,Subsys,REP-S588,Serena Nakamura,TERR-S04,1,4,11,8,2,19,11.6023,15276.93,5.0315,0.045282,12.186,synthetic
2001000788,Dr. Charles Scott,Pain Management,Charlotte,NC,Subsys,REP-S587,Scott Nakamura,TERR-S03,3,4,4,4,2,24,11.7701,10652.03,6.452,0.057766,12.5295,synthetic
2001000789,Dr. Laura Sanchez,Pain Management,New York,NY,Lazanda,REP-S781,Samuel Gomez,TERR-S01,1,5,14,11,10,38,12.5074,30852.2,12.0848,0.106072,14.0188,synthetic
2001000790,Dr. Rebecca Lopez,Psychiatry,Phoenix,AZ,Actiq,REP-S637,Stanley Novak,TERR-S11,3,8,2,1,1,26,22.8311,40234.51,0.3462,0.003311,22.9101,synthetic
2001000791,Dr. Richard Anderson,Pain Management,Portland,OR,Actiq,REP-S669,Seth Kowalski,TERR-S01,1,5,12,9,4,25,12.8912,13225.6,10.8752,0.096149,14.2932,synthetic
2001000792,Dr. Deborah Jackson,Neurology,Seattle,WA,Abstral,REP-S805,Simon Vargas,TERR-S11,3,6,5,4,0,25,16.4022,20024.1,4.8363,0.044576,17.1955,synthetic
2001000793,Dr. Barbara Flores,Palliative Care,Atlanta,GA,Subsys,REP-S595,Stephen Nakamura,TERR-S11,3,3,5,5,5,29,6.5356,10390.24,8.8455,0.073917,7.1137,synthetic
2001000794,Dr. Kimberly Clark,Anesthesiology,Philadelphia,PA,Abstral,REP-S836,Sasha Alvarez,TERR-S14,3,7,5,2,2,16,18.8718,43392.87,3.8258,0.035688,19.5938,synthetic
2001000795,Dr. Linda Taylor,Palliative Care,Denver,CO,Actiq,REP-S519,Solomon Brooks,TERR-S05,3,5,4,2,3,25,13.4277,15186.98,2.2131,0.020388,13.7249,synthetic
2001000796,Dr. John Ramirez,Orthopedics,Houston,TX,Subsys,REP-S697,Stanley Larsson,TERR-S01,2,6,8,7,5,25,17.5937,35318.6,4.2355,0.039295,18.3389,synthetic
2001000797,Dr. Sandra Robinson,Orthopedics,Baltimore,MD,Abstral,REP-S717,Stanley Rossi,TERR-S07,2,3,9,7,5,7,6.1336,14267.66,6.0846,0.050994,6.5068,synthetic
2001000798,Dr. Deborah Gonzalez,Oncology,Portland,OR,Actiq,REP-S709,Seth Rossi,TERR-S13,3,3,2,2,1,27,7.7043,16435.32,2.873,0.025112,7.9257,synthetic
2001000799,Dr. Lisa Nguyen,Pain Management,Columbus,OH,Subsys,REP-S814,Selena Vargas,TERR-S06,2,8,6,4,4,15,21.6727,43614.11,6.0891,0.056574,22.9924,synthetic
2001000800,Dr. Carol Jones,Oncology,Baltimore,MD,Lazanda,REP-S624,Sarah Novak,TERR-S12,1,5,10,7,8,25,12.153,27123.06,10.2484,0.090473,13.3985,synthetic
2001000801,Dr. William Carter,Pain Management,Nashville,TN,Fentora,REP-S801,Samuel Vargas,TERR-S07,2,6,9,3,2,8,15.6727,21766.16,5.9555,0.054472,16.6061,synthetic
2001000802,Dr. Margaret Flores,Internal Medicine,Houston,TX,Abstral,REP-S696,Sasha Larsson,TERR-S14,3,5,5,4,5,26,12.2902,17864.04,5.1674,0.046679,12.9253,synthetic
2001000803,Dr. Betty Taylor,Neurology,Philadelphia,PA,Subsys,REP-S564,Sarah Kapoor,TERR-S08,3,10,3,3,1,20,29.553,72546.29,4.9295,0.04658,31.0098,synthetic
2001000804,Dr. Deborah Campbell,Anesthesiology,Las Vegas,NV,Subsys,REP-S520,Sloan Brooks,TERR-S06,3,7,4,3,2,11,18.1873,28261.26,4.9612,0.045954,19.0897,synthetic
2001000805,Dr. Carol Gonzalez,Pain Management,New York,NY,Actiq,REP-S580,Sloan Kapoor,TERR-S10,3,7,4,3,3,16,20.7116,35812.36,3.7751,0.035379,21.4935,synthetic
2001000806,Dr. Joseph Carter,Family Practice,Houston,TX,Abstral,REP-S560,Sloan Chen,TERR-S04,3,4,2,1,2,14,11.1987,15325.7,2.5245,0.022911,11.4814,synthetic
2001000807,Dr. Robert Baker,Oncology,Miami,FL,Lazanda,REP-S850,Sadie Kim,TERR-S14,3,4,3,2,2,12,11.6877,12381.84,3.7455,0.033921,12.1255,synthetic
2001000808,Dr. Carol Miller,Palliative Care,Portland,OR,Abstral,REP-S570,Sadie Kapoor,TERR-S14,3,5,5,3,3,11,13.2885,18235.23,6.3992,0.05781,14.1389,synthetic
2001000809,Dr. Dorothy Johnson,Internal Medicine,Portland,OR,Fentora,REP-S620,Sloan O'Connor,TERR-S08,3,9,2,2,1,24,26.734,43433.51,1.5271,0.014613,27.1423,synthetic
2001000810,Dr. Melissa Adams,Anesthesiology,Las Vegas,NV,Abstral,REP-S676,Sasha Kowalski,TERR-S08,3,4,5,3,1,52,10.3543,19468.67,4.6818,0.041809,10.8391,synthetic
2001000811,Dr. Sandra Clark,Family Practice,Los Angeles,CA,Abstral,REP-S719,Solomon Rossi,TERR-S09,3,6,2,1,1,13,16.8688,23895.01,3.1596,0.029392,17.4018,synthetic
2001000812,Dr. Donna Baker,Palliative Care,New York,NY,Lazanda,REP-S605,Simon O'Connor,TERR-S07,2,4,7,5,1,16,9.6477,9821.87,4.1329,0.036764,10.0465,synthetic
2001000813,Dr. Sandra Rodriguez,Oncology,Austin,TX,Fentora,REP-S684,Sarah Larsson,TERR-S02,2,6,9,5,5,11,16.4047,33833.13,4.287,0.039612,17.108,synthetic
2001000814,Dr. Susan Martinez,Palliative Care,Miami,FL,Subsys,REP-S769,Seth Muller,TERR-S03,3,6,5,3,4,20,15.5302,26378.49,4.4126,0.040621,16.2155,synthetic
2001000815,Dr. Jessica Jones,Pain Management,Phoenix,AZ,Fentora,REP-S838,Summer Alvarez,TERR-S02,2,5,7,3,4,22,14.7859,28068.15,8.2258,0.074223,16.0022,synthetic
2001000816,Dr. Susan Young,Anesthesiology,Seattle,WA,Subsys,REP-S836,Sasha Alvarez,TERR-S14,3,8,3,2,0,21,21.4752,27698.67,0.8045,0.007658,21.648,synthetic
2001000817,Dr. Kathleen Nguyen,Palliative Care,Miami,FL,Actiq,REP-S791,Silas Gomez,TERR-S11,3,8,3,3,1,35,23.9299,48084.62,2.9307,0.027743,24.6312,synthetic
2001000818,Dr. Donna Wright,Internal Medicine,Los Angeles,CA,Abstral,REP-S696,Sasha Larsson,TERR-S14,3,3,3,2,1,11,6.7521,13548.69,1.5136,0.013098,6.8543,synthetic
2001000819,Dr. Donna Perez,Oncology,Atlanta,GA,Lazanda,REP-S518,Summer Brooks,TERR-S04,2,3,8,4,3,18,8.6873,13803.55,6.9885,0.060786,9.2944,synthetic
2001000820,Dr. Deborah Martin,Orthopedics,Las Vegas,NV,Actiq,REP-S561,Samuel Kapoor,TERR-S05,3,5,4,2,1,17,12.8606,28624.68,2.8562,0.026156,13.228,synthetic
2001000821,Dr. Joseph Lopez,Palliative Care,Boston,MA,Fentora,REP-S737,Stanley Santos,TERR-S13,3,4,3,2,1,20,10.6716,14017.49,2.0499,0.01857,10.8903,synthetic
2001000822,Dr. Donna Wilson,Palliative Care,Chicago,IL,Fentora,REP-S613,Spencer O'Connor,TERR-S01,2,10,7,4,3,14,29.0463,55917.29,6.0035,0.056416,30.7901,synthetic
2001000823,Dr. Ashley Ramirez,Pain Management,Charlotte,NC,Abstral,REP-S555,Stephen Chen,TERR-S13,3,5,3,1,0,11,13.7733,33565.8,1.1982,0.011109,13.9384,synthetic
2001000824,Dr. Michael Hall,Palliative Care,Austin,TX,Actiq,REP-S550,Sadie Chen,TERR-S08,3,5,5,4,4,17,14.9418,16350.44,6.0819,0.055439,15.8505,synthetic
2001000825,Dr. Stephanie White,Palliative Care,Denver,CO,Subsys,REP-S739,Solomon Santos,TERR-S01,1,5,12,10,4,27,13.5284,17884.95,4.3684,0.039872,14.1194,synthetic
2001000826,Dr. Jennifer Torres,Anesthesiology,Miami,FL,Abstral,REP-S780,Sloan Muller,TERR-S14,3,4,5,3,3,13,10.4718,15856.9,2.2873,0.020664,10.7113,synthetic
2001000827,Dr. Stephanie Rivera,Palliative Care,Chicago,IL,Abstral,REP-S691,Silas Larsson,TERR-S09,3,5,3,2,2,19,13.4062,16655.36,2.9243,0.02685,13.7982,synthetic
2001000828,Dr. Kathleen Anderson,Palliative Care,Chicago,IL,Subsys,REP-S789,Seth Gomez,TERR-S09,3,7,4,3,4,16,19.419,43616.06,5.8276,0.053941,20.5506,synthetic
2001000829,Dr. Stephanie Walker,Neurology,Philadelphia,PA,Subsys,REP-S795,Stephen Gomez,TERR-S01,2,5,5,4,3,11,14.4076,23966.66,5.1801,0.047302,15.1539,synthetic
2001000830,Dr. Robert Garcia,Oncology,Baltimore,MD,Lazanda,REP-S831,Silas Alvarez,TERR-S09,3,3,4,3,4,11,7.9223,16710.85,6.3357,0.054731,8.4243,synthetic
2001000831,Dr. Robert Campbell,Palliative Care,Phoenix,AZ,Fentora,REP-S771,Silas Muller,TERR-S05,3,6,3,3,2,23,15.8484,29625.02,5.8967,0.053983,16.7829,synthetic
2001000832,Dr. Richard Nelson,Family Practice,Denver,CO,Subsys,REP-S640,Sloan Novak,TERR-S14,3,5,4,4,3,23,12.7297,18019.81,3.2738,0.029902,13.1464,synthetic
2001000833,Dr. Carol Nguyen,Neurology,Philadelphia,PA,Actiq,REP-S647,Scott Dubois,TERR-S07,2,2,6,4,5,7,4.0961,5132.82,7.5596,0.058988,4.4058,synthetic
2001000834,Dr. Kimberly Torres,Pain Management,Houston,TX,Actiq,REP-S657,Stanley Dubois,TERR-S03,3,8,4,3,4,16,22.5717,47733.18,8.9687,0.082393,24.5961,synthetic
2001000835,Dr. Ashley Adams,Psychiatry,Charlotte,NC,Fentora,REP-S622,Sophia Novak,TERR-S10,3,6,5,2,3,11,16.1963,19184.25,2.6126,0.024309,16.6195,synthetic
2001000836,Dr. Amanda Young,Pain Management,Chicago,IL,Actiq,REP-S669,Seth Kowalski,TERR-S01,1,7,10,7,5,19,18.1652,15441.96,9.4265,0.085578,19.8775,synthetic
2001000837,Dr. Richard Robinson,Pain Management,Portland,OR,Subsys,REP-S571,Silas Kapoor,TERR-S01,1,7,13,11,8,23,19.9489,25267.25,11.41,0.103146,22.225,synthetic
2001000838,Dr. Stephanie Miller,Anesthesiology,Las Vegas,NV,Fentora,REP-S519,Solomon Brooks,TERR-S05,3,8,2,1,2,19,21.0015,35173.47,2.3188,0.021892,21.4884,synthetic
2001000839,Dr. Laura Smith,Palliative Care,Seattle,WA,Subsys,REP-S781,Samuel Gomez,TERR-S01,2,5,7,4,4,14,14.1133,12062.13,6.375,0.057827,15.013,synthetic
2001000840,Dr. Sarah Nelson,Pain Management,Columbus,OH,Abstral,REP-S558,Summer Chen,TERR-S02,2,6,5,4,2,34,16.3495,30897.63,7.0221,0.064076,17.4976,synthetic
2001000841,Dr. Robert Torres,Internal Medicine,Jacksonville,FL,Actiq,REP-S753,Spencer Tanaka,TERR-S01,3,2,5,4,5,19,5.2634,13503.55,3.5249,0.029191,5.4489,synthetic
2001000842,Dr. Elizabeth Scott,Pain Management,Las Vegas,NV,Actiq,REP-S770,Sadie Muller,TERR-S04,1,4,10,9,9,17,10.8231,17954.56,8.0399,0.071016,11.6933,synthetic
2001000843,Dr. Emily Carter,Family Practice,Phoenix,AZ,Actiq,REP-S749,Seth Tanaka,TERR-S11,3,4,4,2,3,12,11.463,15743.52,2.006,0.018282,11.693,synthetic
2001000844,Dr. William Walker,Pain Management,Los Angeles,CA,Abstral,REP-S657,Stanley Dubois,TERR-S03,2,6,8,6,3,18,15.3708,18789.7,10.0549,0.090213,16.9163,synthetic
2001000845,Dr. Melissa Nguyen,Internal Medicine,Jacksonville,FL,Abstral,REP-S657,Stanley Dubois,TERR-S03,3,6,3,2,1,19,16.6391,35965.9,2.1183,0.019785,16.9916,synthetic
2001000846,Dr. Charles King,Palliative Care,Atlanta,GA,Actiq,REP-S659,Solomon Dubois,TERR-S05,3,4,3,2,2,14,11.9622,11722.36,4.9324,0.044513,12.5523,synthetic
2001000847,Dr. Rebecca Smith,Orthopedics,Portland,OR,Fentora,REP-S802,Sophia Vargas,TERR-S08,3,1,4,2,3,16,2.4022,4804.93,4.0906,0.028473,2.5004,synthetic
2001000848,Dr. William Hall,Internal Medicine,Nashville,TN,Abstral,REP-S850,Sadie Kim,TERR-S14,3,5,3,2,2,18,14.0844,31558.3,3.0623,0.028192,14.5158,synthetic
2001000849,Dr. Margaret Carter,Family Practice,Detroit,MI,Subsys,REP-S793,Spencer Gomez,TERR-S13,3,4,2,1,1,25,10.6263,21589.59,2.0798,0.01883,10.8473,synthetic
2001000850,Dr. Ashley Perez,Family Practice,Houston,TX,Subsys,REP-S644,Sarah Dubois,TERR-S04,3,7,4,2,1,20,19.5576,29497.4,3.779,0.03532,20.2967,synthetic
2001000851,Dr. Jessica Scott,Pain Management,Denver,CO,Subsys,REP-S716,Sasha Rossi,TERR-S06,2,8,7,3,0,19,23.8823,43688.69,2.7981,0.026502,24.5505,synthetic
2001000852,Dr. Ashley Flores,Family Practice,New York,NY,Subsys,REP-S726,Stella Santos,TERR-S02,3,4,4,2,2,24,9.3043,15493.43,2.5898,0.023115,9.5452,synthetic
2001000853,Dr. William Martin,Anesthesiology,Jacksonville,FL,Fentora,REP-S688,Serena Larsson,TERR-S06,2,4,9,7,0,9,9.9814,10543.32,5.6106,0.049739,10.5414,synthetic
2001000854,Dr. Kimberly Walker,Pain Management,Nashville,TN,Fentora,REP-S648,Serena Dubois,TERR-S08,3,5,4,2,2,17,12.7957,26360.83,4.8736,0.044211,13.4193,synthetic
2001000855,Dr. Carol Lee,Pain Management,Portland,OR,Subsys,REP-S563,Sean Kapoor,TERR-S07,1,3,11,7,2,12,7.5616,9583.06,10.356,0.08752,8.3446,synthetic
2001000856,Dr. Carol Scott,Pain Management,Las Vegas,NV,Subsys,REP-S518,Summer Brooks,TERR-S04,1,5,13,11,5,10,14.9902,32867.49,8.0564,0.07281,16.1979,synthetic
2001000857,Dr. James Allen,Pain Management,Boston,MA,Subsys,REP-S810,Sadie Vargas,TERR-S02,2,7,6,5,5,25,18.551,25023.97,6.5725,0.060496,19.7702,synthetic
2001000858,Dr. Jennifer Nguyen,Oncology,Miami,FL,Subsys,REP-S543,Sean Chen,TERR-S01,1,6,10,6,1,28,15.6597,21332.46,4.2369,0.039053,16.3232,synthetic
2001000859,Dr. Susan Davis,Pain Management,Jacksonville,FL,Subsys,REP-S588,Serena Nakamura,TERR-S04,2,4,8,6,0,6,9.0434,11427.74,4.0721,0.036011,9.4116,synthetic
2001000860,Dr. Robert Ramirez,Neurology,Columbus,OH,Abstral,REP-S516,Sasha Brooks,TERR-S02,3,7,3,2,2,16,19.5251,17884.9,2.8873,0.027095,20.0889,synthetic
2001000861,Dr. Donna Lewis,Oncology,Charlotte,NC,Fentora,REP-S745,Simon Tanaka,TERR-S07,1,9,14,10,1,17,25.8481,53262.18,7.2385,0.067368,27.7191,synthetic
2001000862,Dr. Charles Thompson,Pain Management,Austin,TX,Subsys,REP-S501,Samuel Brooks,TERR-S01,1,6,10,9,9,23,16.3293,32677.67,9.4031,0.084897,17.8647,synthetic
2001000863,Dr. David Jones,Palliative Care,Phoenix,AZ,Subsys,REP-S566,Stella Kapoor,TERR-S10,2,4,7,5,5,25,9.7193,22161.99,4.3696,0.038855,10.144,synthetic
2001000864,Dr. Michelle Sanchez,Palliative Care,Nashville,TN,Abstral,REP-S683,Sean Larsson,TERR-S01,2,5,6,4,3,14,12.4518,16015.87,7.8425,0.070081,13.4283,synthetic
2001000865,Dr. Sarah Ramirez,Internal Medicine,Chicago,IL,Subsys,REP-S771,Silas Muller,TERR-S05,3,9,5,4,4,13,26.3418,36511.61,6.8442,0.063856,28.1447,synthetic
2001000866,Dr. Richard Mitchell,Anesthesiology,Seattle,WA,Lazanda,REP-S819,Solomon Vargas,TERR-S11,3,8,3,2,2,15,21.4444,34426.78,5.7761,0.053718,22.6831,synthetic
2001000867,Dr. Stephanie Davis,Neurology,Chicago,IL,Subsys,REP-S522,Sophia Patel,TERR-S08,3,5,2,2,1,11,14.5691,24466.37,3.4293,0.031587,15.0687,synthetic
2001000868,Dr. Karen Scott,Internal Medicine,Phoenix,AZ,Actiq,REP-S582,Sophia Nakamura,TERR-S12,2,5,9,7,3,13,12.061,24984.35,5.8424,0.052546,12.7657,synthetic
2001000869,Dr. Charles Smith,Emergency Medicine,Seattle,WA,Subsys,REP-S511,Silas Brooks,TERR-S11,3,4,2,1,1,30,11.4683,24046.29,3.3394,0.030253,11.8512,synthetic
2001000870,Dr. Laura Adams,Pain Management,Baltimore,MD,Subsys,REP-S601,Samuel O'Connor,TERR-S03,3,5,2,1,2,25,13.0724,14192.33,3.395,0.031051,13.5162,synthetic
2001000871,Dr. William King,Neurology,Austin,TX,Fentora,REP-S782,Sophia Gomez,TERR-S02,3,5,5,4,0,20,12.2743,23817.73,4.2587,0.038623,12.797,synthetic
2001000872,Dr. Patricia Carter,Pain Management,Seattle,WA,Subsys,REP-S522,Sophia Patel,TERR-S08,3,5,4,3,2,19,14.2204,19358.9,3.3633,0.030939,14.6987,synthetic
2001000873,Dr. Laura Flores,Family Practice,Atlanta,GA,Abstral,REP-S829,Seth Alvarez,TERR-S07,3,8,4,4,1,26,21.9145,40381.98,4.057,0.038066,22.8036,synthetic
2001000874,Dr. Sandra Clark,Anesthesiology,Portland,OR,Actiq,REP-S554,Selena Chen,TERR-S12,1,4,10,8,4,17,10.5038,26495.65,7.276,0.064322,11.268,synthetic
2001000875,Dr. Susan Jones,Oncology,Detroit,MI,Abstral,REP-S773,Spencer Muller,TERR-S07,1,6,13,9,6,26,15.4172,22111.09,8.2452,0.074578,16.6884,synthetic
2001000876,Dr. Joseph Nelson,Pain Management,Austin,TX,Fentora,REP-S693,Spencer Larsson,TERR-S11,2,7,5,3,0,29,19.6157,43276.01,2.6745,0.025129,20.1403,synthetic
2001000877,Dr. Sandra Hill,Palliative Care,Austin,TX,Fentora,REP-S712,Sienna Rossi,TERR-S02,2,4,6,5,0,12,10.4308,14987.66,3.1715,0.02853,10.7616,synthetic
2001000878,Dr. Melissa Hall,Palliative Care,Las Vegas,NV,Subsys,REP-S546,Stella Chen,TERR-S04,2,6,5,3,2,17,15.6387,39709.64,5.4325,0.0498,16.4882,synthetic
2001000879,Dr. Ashley White,Palliative Care,New York,NY,Fentora,REP-S677,Stanley Kowalski,TERR-S09,3,6,3,2,3,20,16.2307,29814.33,6.4432,0.058922,17.2765,synthetic
2001000880,Dr. Robert Allen,Anesthesiology,New York,NY,Actiq,REP-S656,Sasha Dubois,TERR-S02,2,4,6,4,3,15,10.6699,11852.01,5.6549,0.050411,11.2733,synthetic
2001000881,Dr. Richard Rodriguez,Pain Management,Jacksonville,FL,Abstral,REP-S745,Simon Tanaka,TERR-S07,1,4,10,7,3,19,9.0879,16639.24,9.7275,0.084003,9.9719,synthetic
2001000882,Dr. Charles Young,Pain Management,Boston,MA,Abstral,REP-S677,Stanley Kowalski,TERR-S09,3,3,3,3,2,27,7.0305,9018.97,5.8579,0.050013,7.4423,synthetic
2001000883,Dr. William Jackson,Pain Management,Jacksonville,FL,Fentora,REP-S708,Serena Rossi,TERR-S12,1,5,11,6,7,16,13.4144,18800.71,6.835,0.061667,14.3313,synthetic
2001000884,Dr. Deborah Taylor,Anesthesiology,Los Angeles,CA,Subsys,REP-S841,Samuel Kim,TERR-S05,3,8,3,2,1,12,21.7204,19120.97,3.1059,0.029259,22.395,synthetic
2001000885,Dr. Charles Brown,Pain Management,Detroit,MI,Actiq,REP-S678,Summer Kowalski,TERR-S10,2,4,8,5,1,22,11.3875,29049.65,4.7905,0.043095,11.933,synthetic
2001000886,Dr. Linda Scott,Pain Management,Boston,MA,Subsys,REP-S770,Sadie Muller,TERR-S04,2,4,6,5,0,25,10.6206,20039.67,4.8487,0.043361,11.1356,synthetic
2001000887,Dr. Carol Hill,Oncology,Houston,TX,Actiq,REP-S643,Sean Dubois,TERR-S03,2,6,5,3,1,28,15.0152,21351.85,5.8139,0.053075,15.8882,synthetic
2001000888,Dr. Jessica Nelson,Pain Management,Austin,TX,Actiq,REP-S656,Sasha Dubois,TERR-S02,2,4,5,3,4,24,11.6046,20299.58,6.0431,0.054144,12.3059,synthetic
2001000889,Dr. Sandra Johnson,Pain Management,Atlanta,GA,Abstral,REP-S720,Sloan Rossi,TERR-S10,3,3,3,1,1,24,8.2456,9292.89,4.1274,0.036148,8.5859,synthetic
2001000890,Dr. Lisa Davis,Pain Management,Seattle,WA,Actiq,REP-S631,Silas Novak,TERR-S05,3,3,2,1,0,15,8.5587,14117.56,0.7151,0.006383,8.6199,synthetic
2001000891,Dr. Ashley Rivera,Anesthesiology,Miami,FL,Fentora,REP-S847,Scott Kim,TERR-S11,3,5,5,3,4,15,14.8813,17793.34,5.2424,0.047955,15.6614,synthetic
2001000892,Dr. James Baker,Palliative Care,Seattle,WA,Actiq,REP-S839,Solomon Alvarez,TERR-S03,3,4,2,2,3,19,10.9944,17325.57,4.0294,0.036269,11.4374,synthetic
2001000893,Dr. Laura Martin,Pain Management,Phoenix,AZ,Actiq,REP-S622,Sophia Novak,TERR-S10,3,5,2,2,0,26,13.3406,33076.21,2.2593,0.0208,13.642,synthetic
2001000894,Dr. Melissa Wright,Internal Medicine,Chicago,IL,Lazanda,REP-S798,Summer Gomez,TERR-S04,3,4,4,3,3,16,10.0492,14038.44,4.5143,0.040237,10.5028,synthetic
2001000895,Dr. Sharon Sanchez,Anesthesiology,Baltimore,MD,Actiq,REP-S508,Serena Brooks,TERR-S08,3,2,5,4,3,10,5.5716,6635.59,6.8768,0.056667,5.9548,synthetic
2001000896,Dr. Jessica Jackson,Pain Management,New York,NY,Abstral,REP-S581,Samuel Nakamura,TERR-S11,2,3,9,4,2,14,8.6641,18630.53,5.4693,0.047869,9.1379,synthetic
2001000897,Dr. Rebecca Thompson,Pain Management,Detroit,MI,Fentora,REP-S599,Solomon Nakamura,TERR-S01,1,5,10,4,1,41,14.8753,18511.19,4.7684,0.043711,15.5846,synthetic
2001000898,Dr. Michelle Rivera,Anesthesiology,Portland,OR,Subsys,REP-S549,Seth Chen,TERR-S07,2,8,7,6,1,13,21.4577,40468.69,6.1238,0.056863,22.7717,synthetic
2001000899,Dr. Jessica Adams,Anesthesiology,Baltimore,MD,Abstral,REP-S695,Stephen Larsson,TERR-S13,3,5,2,1,2,21,14.6019,15984.3,1.5175,0.014102,14.8235,synthetic
2001000900,Dr. Linda Davis,Palliative Care,Nashville,TN,Actiq,REP-S589,Seth Nakamura,TERR-S05,3,6,4,3,0,25,15.147,13578.27,2.8895,0.026745,15.5847,synthetic
2001000901,Dr. Jennifer Taylor,Pain Management,Seattle,WA,Abstral,REP-S788,Serena Gomez,TERR-S08,2,4,5,4,0,24,11.0561,23868.73,3.0089,0.02722,11.3887,synthetic
2001000902,Dr. Deborah Perez,Palliative Care,Miami,FL,Actiq,REP-S562,Sophia Kapoor,TERR-S06,2,10,5,2,2,16,30.5844,52118.92,2.3027,0.022053,31.2887,synthetic
2001000903,Dr. Charles Hill,Pain Management,Columbus,OH,Fentora,REP-S709,Seth Rossi,TERR-S13,2,6,9,8,4,28,17.5308,30518.33,10.5636,0.095251,19.3826,synthetic
2001000904,Dr. Charles Martinez,Oncology,Phoenix,AZ,Subsys,REP-S568,Serena Kapoor,TERR-S12,1,7,10,8,6,20,18.4684,43890.65,9.4403,0.085768,20.2119,synthetic
2001000905,Dr. Sharon Torres,Pain Management,Baltimore,MD,Subsys,REP-S789,Seth Gomez,TERR-S09,3,2,3,2,2,27,4.8168,6625.59,4.3794,0.035623,5.0277,synthetic
2001000906,Dr. Thomas Green,Family Practice,Seattle,WA,Actiq,REP-S595,Stephen Nakamura,TERR-S11,3,7,2,1,0,8,19.6899,29505.87,-0.3447,-0.003286,19.622,synthetic
2001000907,Dr. Linda Mitchell,Oncology,Houston,TX,Subsys,REP-S523,Sean Patel,TERR-S09,3,5,4,3,2,32,13.7577,28956.93,4.9189,0.044836,14.4345,synthetic
2001000908,Dr. Joseph Nguyen,Pain Management,Miami,FL,Subsys,REP-S555,Stephen Chen,TERR-S13,3,4,5,4,2,32,9.5423,24593.41,8.7283,0.076038,10.3752,synthetic
2001000909,Dr. Nancy Johnson,Pain Management,Las Vegas,NV,Subsys,REP-S541,Samuel Chen,TERR-S13,3,3,3,2,3,12,8.3813,15842.07,4.7448,0.041517,8.779,synthetic
2001000910,Dr. Donna Campbell,Anesthesiology,Chicago,IL,Actiq,REP-S731,Silas Santos,TERR-S07,2,6,7,3,3,11,17.1725,42215.91,6.7655,0.061972,18.3343,synthetic
2001000911,Dr. John Rivera,Oncology,Charlotte,NC,Abstral,REP-S831,Silas Alvarez,TERR-S09,3,4,4,3,2,26,10.2653,16653.63,3.6107,0.032372,10.636,synthetic
2001000912,Dr. Deborah King,Pain Management,Los Angeles,CA,Abstral,REP-S553,Spencer Chen,TERR-S11,3,6,2,1,2,15,16.0192,29859.19,5.9829,0.054785,16.9776,synthetic
2001000913,Dr. John Martinez,Anesthesiology,Austin,TX,Abstral,REP-S646,Stella Dubois,TERR-S06,2,6,9,7,1,16,17.4024,23509.42,5.5045,0.050744,18.3603,synthetic
2001000914,Dr. Kathleen Taylor,Oncology,Boston,MA,Abstral,REP-S559,Solomon Chen,TERR-S03,3,4,4,2,0,22,9.7567,10938.39,2.0998,0.018867,9.9615,synthetic
2001000915,Dr. Lisa Thomas,Oncology,Atlanta,GA,Fentora,REP-S733,Spencer Santos,TERR-S09,3,4,2,1,0,9,11.4349,13608.87,0.2783,0.002556,11.4667,synthetic
2001000916,Dr. Rebecca Lopez,Oncology,Miami,FL,Subsys,REP-S522,Sophia Patel,TERR-S08,3,8,5,2,2,16,22.4473,45279.16,6.1869,0.057542,23.8361,synthetic
2001000917,Dr. Richard Walker,Pain Management,Phoenix,AZ,Fentora,REP-S507,Scott Brooks,TERR-S07,2,5,7,4,4,15,13.5846,30794.55,5.8046,0.052655,14.3731,synthetic
2001000918,Dr. Donna Young,Pain Management,Columbus,OH,Abstral,REP-S825,Simon Alvarez,TERR-S03,3,4,2,1,0,16,11.3071,27716.93,1.8402,0.016765,11.5151,synthetic
2001000919,Dr. Deborah Allen,Oncology,Houston,TX,Actiq,REP-S524,Sarah Patel,TERR-S10,3,3,5,4,2,27,8.5463,13177.48,7.4044,0.064183,9.1792,synthetic
2001000920,Dr. Elizabeth Lewis,Anesthesiology,Houston,TX,Subsys,REP-S542,Sophia Chen,TERR-S14,3,5,5,4,1,23,14.1806,23450.97,7.1576,0.064721,15.1955,synthetic
2001000921,Dr. Robert Campbell,Oncology,Miami,FL,Abstral,REP-S662,Sophia Kowalski,TERR-S08,3,5,2,2,0,10,12.1667,30628.22,1.203,0.011055,12.3131,synthetic
2001000922,Dr. Dorothy Lopez,Palliative Care,Los Angeles,CA,Subsys,REP-S564,Sarah Kapoor,TERR-S08,3,7,4,3,0,17,18.0477,29426.12,4.4833,0.041602,18.8568,synthetic
2001000923,Dr. David Johnson,Pain Management,Los Angeles,CA,Actiq,REP-S777,Stanley Muller,TERR-S11,3,7,4,2,2,18,18.9333,37955.58,6.9735,0.064135,20.2537,synthetic
2001000924,Dr. Patricia Torres,Oncology,Baltimore,MD,Lazanda,REP-S570,Sadie Kapoor,TERR-S14,3,5,2,1,0,9,14.8882,30308.32,2.6708,0.024719,15.2858,synthetic
2001000925,Dr. Patricia Young,Orthopedics,Charlotte,NC,Subsys,REP-S676,Sasha Kowalski,TERR-S08,3,10,5,2,2,26,27.7862,26191.8,1.2147,0.011656,28.1237,synthetic
2001000926,Dr. Deborah Wright,Oncology,Austin,TX,Abstral,REP-S760,Sloan Tanaka,TERR-S08,3,2,5,3,3,19,5.7126,9344.89,5.6025,0.046577,6.0327,synthetic
2001000927,Dr. Carol Flores,Oncology,Nashville,TN,Fentora,REP-S576,Sasha Kapoor,TERR-S06,2,5,6,3,0,21,12.6123,23869.76,4.159,0.037811,13.1368,synthetic
2001000928,Dr. Charles Scott,Oncology,Charlotte,NC,Subsys,REP-S813,Spencer Vargas,TERR-S05,3,7,3,3,0,11,20.1192,48202.06,2.1666,0.02043,20.5551,synthetic
2001000929,Dr. Barbara Miller,Anesthesiology,Portland,OR,Fentora,REP-S644,Sarah Dubois,TERR-S04,2,3,7,3,1,17,7.3398,18162.03,2.5931,0.022565,7.5301,synthetic
2001000930,Dr. Sarah Moore,Emergency Medicine,Baltimore,MD,Actiq,REP-S555,Stephen Chen,TERR-S13,3,8,5,3,3,10,21.114,38625.28,6.1055,0.056659,22.4031,synthetic
2001000931,Dr. Richard Hall,Pain Management,New York,NY,Subsys,REP-S832,Sienna Alvarez,TERR-S10,2,6,5,4,4,9,17.547,28441.69,4.1266,0.038298,18.2711,synthetic
2001000932,Dr. Michelle Smith,Family Practice,Houston,TX,Subsys,REP-S846,Stella Kim,TERR-S10,3,8,5,3,4,26,22.1532,24346.22,1.2262,0.011664,22.4249,synthetic
2001000933,Dr. Sandra Lee,Oncology,Baltimore,MD,Subsys,REP-S838,Summer Alvarez,TERR-S02,2,3,6,5,4,15,7.3151,11393.92,4.5223,0.039013,7.6459,synthetic
2001000934,Dr. Kathleen Torres,Oncology,Houston,TX,Abstral,REP-S559,Solomon Chen,TERR-S03,3,4,2,1,1,16,10.0834,14577.56,0.7943,0.0072,10.1635,synthetic
2001000935,Dr. Sandra Gonzalez,Family Practice,Chicago,IL,Subsys,REP-S591,Silas Nakamura,TERR-S07,3,7,5,4,0,22,20.5412,19007.52,2.6198,0.024675,21.0793,synthetic
2001000936,Dr. Robert Green,Neurology,Portland,OR,Fentora,REP-S738,Summer Santos,TERR-S14,3,7,2,1,0,24,19.3638,18142.46,0.0651,0.000619,19.3764,synthetic
2001000937,Dr. Patricia Martin,Internal Medicine,Chicago,IL,Abstral,REP-S666,Stella Kowalski,TERR-S12,3,5,3,2,0,13,14.8517,14946.98,1.4563,0.013552,15.068,synthetic
2001000938,Dr. Jessica Nguyen,Family Practice,Portland,OR,Subsys,REP-S659,Solomon Dubois,TERR-S05,3,5,4,3,4,11,14.6826,35325.38,3.3205,0.030614,15.1701,synthetic
2001000939,Dr. Amanda Taylor,Pain Management,Jacksonville,FL,Actiq,REP-S758,Summer Tanaka,TERR-S06,1,6,13,5,6,21,17.0239,31141.61,7.2545,0.066275,18.2589,synthetic
2001000940,Dr. Betty Campbell,Pain Management,Los Angeles,CA,Actiq,REP-S598,Summer Nakamura,TERR-S14,3,6,5,3,3,24,16.1069,21314.69,7.8256,0.071093,17.3673,synthetic
2001000941,Dr. Elizabeth Perez,Pain Management,Miami,FL,Abstral,REP-S533,Spencer Patel,TERR-S05,3,8,3,3,0,5,22.0818,29538.18,2.9255,0.027603,22.7278,synthetic
2001000942,Dr. Joseph Jones,Palliative Care,Atlanta,GA,Actiq,REP-S737,Stanley Santos,TERR-S13,3,5,5,4,3,22,13.2029,30571.59,3.5902,0.03283,13.6769,synthetic
2001000943,Dr. Richard Carter,Pain Management,Phoenix,AZ,Fentora,REP-S747,Scott Tanaka,TERR-S09,2,9,6,4,3,19,24.2078,51974.97,8.611,0.079452,26.2924,synthetic
2001000944,Dr. Margaret Perez,Pain Management,New York,NY,Fentora,REP-S600,Sloan Nakamura,TERR-S02,2,6,9,5,5,29,17.8507,41532.26,8.4936,0.07736,19.3669,synthetic
2001000945,Dr. Kimberly Hernandez,Internal Medicine,Columbus,OH,Lazanda,REP-S755,Stephen Tanaka,TERR-S03,3,4,2,2,2,24,9.4857,23439.78,2.0342,0.018235,9.6787,synthetic
2001000946,Dr. Nancy Nelson,Family Practice,Miami,FL,Fentora,REP-S781,Samuel Gomez,TERR-S01,2,5,7,4,3,17,12.2648,18006.15,3.3774,0.03075,12.6791,synthetic
2001000947,Dr. Mary Wilson,Internal Medicine,Baltimore,MD,Subsys,REP-S560,Sloan Chen,TERR-S04,3,5,2,1,1,16,13.9334,20456.72,1.2014,0.011147,14.1007,synthetic
2001000948,Dr. Thomas Lopez,Orthopedics,Columbus,OH,Subsys,REP-S701,Samuel Rossi,TERR-S05,3,2,5,4,5,23,3.5985,3338.63,2.7342,0.02117,3.6969,synthetic
2001000949,Dr. Susan Carter,Internal Medicine,Austin,TX,Abstral,REP-S794,Selena Gomez,TERR-S14,3,5,3,3,4,20,12.3994,13159.45,0.9462,0.008718,12.5167,synthetic
2001000950,Dr. Susan Hall,Palliative Care,Houston,TX,Fentora,REP-S630,Sadie Novak,TERR-S04,1,6,14,10,1,29,16.5901,25504.55,2.811,0.026167,17.0565,synthetic
2001000951,Dr. Thomas Wright,Oncology,Nashville,TN,Lazanda,REP-S711,Silas Rossi,TERR-S01,1,7,10,9,0,17,18.0688,39145.62,3.4392,0.032068,18.6902,synthetic
2001000952,Dr. Susan Perez,Neurology,Chicago,IL,Actiq,REP-S604,Sarah O'Connor,TERR-S06,3,6,5,4,2,23,15.1093,17910.56,5.2404,0.047981,15.9011,synthetic
2001000953,Dr. Michael Jackson,Anesthesiology,Los Angeles,CA,Subsys,REP-S676,Sasha Kowalski,TERR-S08,3,5,2,2,0,25,12.5193,31743.84,-0.3545,-0.003289,12.4749,synthetic
2001000954,Dr. Patricia Scott,Pain Management,Denver,CO,Abstral,REP-S781,Samuel Gomez,TERR-S01,1,7,11,6,4,25,18.0464,43256.97,8.3045,0.075742,19.545,synthetic
2001000955,Dr. Jessica Wright,Palliative Care,Houston,TX,Subsys,REP-S576,Sasha Kapoor,TERR-S06,2,4,9,6,5,27,9.4264,22158.3,7.3341,0.064201,10.1177,synthetic
2001000956,Dr. Patricia Adams,Oncology,Los Angeles,CA,Abstral,REP-S568,Serena Kapoor,TERR-S12,1,5,12,8,3,28,13.2158,31034.77,5.9967,0.05425,14.0083,synthetic
2001000957,Dr. Thomas Baker,Oncology,Charlotte,NC,Subsys,REP-S763,Sean Muller,TERR-S11,3,7,3,2,3,13,19.036,24553.42,4.2925,0.039973,19.8532,synthetic
2001000958,Dr. James Johnson,Neurology,Atlanta,GA,Fentora,REP-S544,Sarah Chen,TERR-S02,3,3,3,2,3,30,6.7502,15831.33,4.2095,0.036008,7.0343,synthetic
2001000959,Dr. Carol Moore,Pain Management,Los Angeles,CA,Actiq,REP-S714,Selena Rossi,TERR-S04,1,5,14,12,11,7,13.6706,27078.34,11.2436,0.099639,15.2077,synthetic
2001000960,Dr. Betty Lee,Internal Medicine,Nashville,TN,Fentora,REP-S542,Sophia Chen,TERR-S14,3,8,2,2,2,19,22.0774,21738.96,3.5175,0.033097,22.8539,synthetic
2001000961,Dr. Sharon Hill,Oncology,Seattle,WA,Subsys,REP-S835,Stephen Alvarez,TERR-S13,3,5,3,2,3,17,12.7176,32729.74,5.9781,0.053942,13.4779,synthetic
2001000962,Dr. Donna Allen,Internal Medicine,Phoenix,AZ,Subsys,REP-S726,Stella Santos,TERR-S02,3,8,4,2,2,10,22.6276,47258.12,4.1397,0.03888,23.5643,synthetic
2001000963,Dr. Melissa Davis,Anesthesiology,Baltimore,MD,Abstral,REP-S539,Solomon Patel,TERR-S11,3,4,3,2,0,20,10.981,20432.43,0.663,0.006058,11.0538,synthetic
2001000964,Dr. Betty Nelson,Oncology,Nashville,TN,Subsys,REP-S796,Sasha Gomez,TERR-S02,2,6,9,6,7,23,17.4565,32996.03,9.9181,0.089664,19.1878,synthetic
2001000965,Dr. Elizabeth Martin,Internal Medicine,Baltimore,MD,Actiq,REP-S549,Seth Chen,TERR-S07,3,5,4,2,3,24,13.0841,22018.48,5.039,0.045749,13.7434,synthetic
2001000966,Dr. Dorothy Lee,Pain Management,Chicago,IL,Subsys,REP-S561,Samuel Kapoor,TERR-S05,3,4,5,4,3,19,10.1478,17856.08,8.1966,0.071961,10.9796,synthetic
2001000967,Dr. Betty Williams,Palliative Care,Portland,OR,Abstral,REP-S728,Serena Santos,TERR-S04,2,7,5,3,4,19,20.9818,26752.84,5.0509,0.047085,22.0415,synthetic
2001000968,Dr. Sarah Smith,Palliative Care,Portland,OR,Lazanda,REP-S636,Sasha Novak,TERR-S10,3,8,3,2,0,13,22.6177,52998.71,-0.6001,-0.005763,22.482,synthetic
2001000969,Dr. Melissa Rivera,Internal Medicine,New York,NY,Abstral,REP-S706,Stella Rossi,TERR-S10,3,3,4,1,2,23,8.2581,9469.92,3.7328,0.032754,8.5664,synthetic
2001000970,Dr. Betty Johnson,Neurology,Los Angeles,CA,Actiq,REP-S506,Stella Brooks,TERR-S06,2,5,7,3,2,22,14.3135,15016.76,4.912,0.04489,15.0166,synthetic
2001000971,Dr. William Robinson,Internal Medicine,Houston,TX,Fentora,REP-S538,Summer Patel,TERR-S10,3,5,4,3,0,12,13.2597,23147.42,3.4105,0.031221,13.712,synthetic
2001000972,Dr. Sharon Flores,Internal Medicine,Portland,OR,Abstral,REP-S730,Sadie Santos,TERR-S06,3,3,2,1,2,5,6.8418,12561.69,1.1405,0.009902,6.9199,synthetic
2001000973,Dr. Nancy White,Neurology,Seattle,WA,Fentora,REP-S764,Sarah Muller,TERR-S12,2,4,6,4,3,20,9.7109,14716.89,6.5812,0.057955,10.35,synthetic
2001000974,Dr. Nancy Adams,Internal Medicine,Denver,CO,Actiq,REP-S659,Solomon Dubois,TERR-S05,3,4,3,2,1,13,10.2872,9317.99,1.454,0.013165,10.4368,synthetic
2001000975,Dr. Deborah Williams,Palliative Care,Philadelphia,PA,Actiq,REP-S506,Stella Brooks,TERR-S06,2,7,8,4,1,26,19.925,41460.34,6.8821,0.063474,21.2963,synthetic
2001000976,Dr. Carol Rodriguez,Neurology,Columbus,OH,Subsys,REP-S697,Stanley Larsson,TERR-S01,2,6,5,3,3,15,15.8001,35741.37,3.0822,0.028576,16.2871,synthetic
2001000977,Dr. Lisa Sanchez,Internal Medicine,Phoenix,AZ,Actiq,REP-S601,Samuel O'Connor,TERR-S03,3,7,5,2,3,17,19.1861,49089.42,3.2509,0.03043,19.8098,synthetic
2001000978,Dr. Donna Taylor,Pain Management,Miami,FL,Subsys,REP-S765,Simon Muller,TERR-S13,3,6,3,2,1,19,16.8805,30520.48,3.507,0.032572,17.4725,synthetic
2001000979,Dr. Michael Martin,Family Practice,Chicago,IL,Lazanda,REP-S616,Sasha O'Connor,TERR-S04,3,5,4,3,1,19,12.0115,24167.75,3.0255,0.027547,12.3749,synthetic
2001000980,Dr. Thomas Allen,Oncology,Miami,FL,Actiq,REP-S812,Sienna Vargas,TERR-S04,1,5,11,8,2,26,13.4177,27489.26,5.3198,0.048322,14.1315,synthetic
2001000981,Dr. John Baker,Neurology,New York,NY,Subsys,REP-S828,Serena Alvarez,TERR-S06,3,4,2,1,2,17,10.6885,19980.94,3.0814,0.027788,11.0179,synthetic
2001000982,Dr. Margaret Campbell,Oncology,Nashville,TN,Actiq,REP-S514,Selena Brooks,TERR-S14,3,8,3,2,1,21,21.5983,19523.67,1.5738,0.014929,21.9382,synthetic
2001000983,Dr. Dorothy Nguyen,Anesthesiology,Baltimore,MD,Abstral,REP-S529,Seth Patel,TERR-S01,2,10,9,5,1,12,28.4555,39263.75,4.1533,0.039339,29.6373,synthetic
2001000984,Dr. Linda Sanchez,Palliative Care,Los Angeles,CA,Subsys,REP-S846,Stella Kim,TERR-S10,3,9,2,2,1,16,26.0636,65494.36,2.2167,0.021124,26.6414,synthetic
2001000985,Dr. Donna Lopez,Anesthesiology,Jacksonville,FL,Fentora,REP-S800,Sloan Gomez,TERR-S06,3,5,4,1,0,22,12.7983,21947.71,1.0939,0.010095,12.9383,synthetic
2001000986,Dr. Patricia Sanchez,Pain Management,Detroit,MI,Subsys,REP-S512,Sienna Brooks,TERR-S12,1,6,14,11,9,12,17.2329,34622.02,9.8912,0.089371,18.9375,synthetic
2001000987,Dr. Nancy Martinez,Pain Management,Las Vegas,NV,Abstral,REP-S739,Solomon Santos,TERR-S01,1,3,13,9,4,12,7.198,9480.94,4.5529,0.039197,7.5257,synthetic
2001000988,Dr. Mary Moore,Palliative Care,Jacksonville,FL,Actiq,REP-S623,Sean Novak,TERR-S11,3,7,4,2,2,20,18.8341,18770.22,3.3333,0.031162,19.4619,synthetic
2001000989,Dr. Rebecca Moore,Pain Management,Baltimore,MD,Actiq,REP-S700,Sloan Larsson,TERR-S04,1,8,10,6,6,16,21.5599,28275.77,10.1986,0.093003,23.7587,synthetic
2001000990,Dr. Kimberly Harris,Emergency Medicine,Houston,TX,Actiq,REP-S572,Sienna Kapoor,TERR-S02,3,5,5,4,0,17,12.291,21298.77,1.4128,0.01298,12.4646,synthetic
2001000991,Dr. Sandra Clark,Neurology,Columbus,OH,Lazanda,REP-S624,Sarah Novak,TERR-S12,2,5,9,7,7,18,14.2757,27221.93,8.1487,0.073392,15.439,synthetic
2001000992,Dr. Sarah Williams,Internal Medicine,Miami,FL,Abstral,REP-S662,Sophia Kowalski,TERR-S08,3,2,5,4,4,20,5.1968,5221.37,6.1669,0.050424,5.5173,synthetic
2001000993,Dr. Kimberly Rivera,Palliative Care,Chicago,IL,Actiq,REP-S777,Stanley Muller,TERR-S11,3,5,2,1,1,29,13.4341,26025.05,4.1199,0.037627,13.9875,synthetic
2001000994,Dr. Amanda Torres,Palliative Care,Philadelphia,PA,Subsys,REP-S734,Selena Santos,TERR-S10,3,3,4,3,4,17,7.9239,10217.14,6.2158,0.053723,8.4165,synthetic
2001000995,Dr. Emily Miller,Pain Management,Atlanta,GA,Fentora,REP-S700,Sloan Larsson,TERR-S04,1,5,9,6,0,18,12.2566,19360.63,4.7345,0.042843,12.8369,synthetic
2001000996,Dr. Kathleen Rodriguez,Neurology,Boston,MA,Fentora,REP-S612,Sienna O'Connor,TERR-S14,3,6,5,4,5,3,16.5321,21099.75,6.404,0.058634,17.5908,synthetic
2001000997,Dr. Sandra Wilson,Emergency Medicine,Jacksonville,FL,Subsys,REP-S601,Samuel O'Connor,TERR-S03,3,5,5,3,1,12,12.9401,16781.41,2.3314,0.021411,13.2418,synthetic
2001000998,Dr. John Walker,Pain Management,Atlanta,GA,Abstral,REP-S508,Serena Brooks,TERR-S08,2,8,6,4,5,11,22.9727,45625.15,5.7372,0.05352,24.2907,synthetic
2001000999,Dr. James Lee,Pain Management,Columbus,OH,Actiq,REP-S554,Selena Chen,TERR-S12,1,6,10,10,7,25,16.9218,35489.32,11.2534,0.10098,18.826,synthetic
2001001000,Dr. Deborah Campbell,Pain Management,Seattle,WA,Subsys,REP-S796,Sasha Gomez,TERR-S02,2,8,8,7,0,21,21.3003,21435.0,3.3574,0.031565,22.0154,synthetic
2001001001,Dr. James Martinez,Internal Medicine,Nashville,TN,Actiq,REP-S620,Sloan O'Connor,TERR-S08,3,3,2,2,0,17,7.1132,8256.68,0.4942,0.004324,7.1483,synthetic
2001001002,Dr. Dorothy King,Family Practice,Detroit,MI,Actiq,REP-S647,Scott Dubois,TERR-S07,3,9,2,1,1,20,26.1172,52720.34,5.279,0.049593,27.4959,synthetic
2001001003,Dr. Joseph Gonzalez,Pain Management,Los Angeles,CA,Actiq,REP-S594,Selena Nakamura,TERR-S10,3,5,3,3,1,16,12.4071,21323.7,3.7327,0.033959,12.8702,synthetic
2001001004,Dr. Sandra Rodriguez,Anesthesiology,Philadelphia,PA,Abstral,REP-S623,Sean Novak,TERR-S11,3,5,3,2,0,22,14.7143,29503.6,4.0999,0.037671,15.3175,synthetic
2001001005,Dr. Sarah Jackson,Oncology,Columbus,OH,Subsys,REP-S843,Sean Kim,TERR-S07,2,6,9,5,2,18,15.2594,31525.74,3.919,0.03612,15.8575,synthetic
2001001006,Dr. Jessica Torres,Oncology,Houston,TX,Abstral,REP-S699,Solomon Larsson,TERR-S03,3,5,4,3,1,23,14.0138,17793.29,4.1339,0.03786,14.5932,synthetic
2001001007,Dr. John Hernandez,Oncology,Phoenix,AZ,Subsys,REP-S663,Sean Kowalski,TERR-S09,3,8,4,2,2,14,21.8439,27455.12,3.6111,0.033947,22.6327,synthetic
2001001008,Dr. Jennifer Johnson,Anesthesiology,Miami,FL,Subsys,REP-S718,Summer Rossi,TERR-S08,3,5,3,2,1,22,12.867,22492.85,3.1205,0.028544,13.2686,synthetic
2001001009,Dr. John Green,Neurology,Denver,CO,Subsys,REP-S827,Scott Alvarez,TERR-S05,3,6,5,3,2,29,17.9672,39290.78,5.9947,0.055232,19.0442,synthetic
2001001010,Dr. Linda Davis,Oncology,Columbus,OH,Subsys,REP-S705,Simon Rossi,TERR-S09,3,6,2,2,0,29,16.2294,24389.31,2.0317,0.018957,16.5591,synthetic
2001001011,Dr. Robert Garcia,Pain Management,Jacksonville,FL,Abstral,REP-S602,Sophia O'Connor,TERR-S04,1,5,12,10,10,19,14.9115,18774.55,10.9747,0.097897,16.548,synthetic
2001001012,Dr. Amanda Rivera,Emergency Medicine,Baltimore,MD,Subsys,REP-S850,Sadie Kim,TERR-S14,3,5,4,3,2,24,12.4498,14949.58,2.3487,0.021507,12.7422,synthetic
2001001013,Dr. Sarah Wilson,Palliative Care,Atlanta,GA,Fentora,REP-S648,Serena Dubois,TERR-S08,3,6,4,3,3,19,16.2396,33366.98,4.7078,0.043392,17.0041,synthetic
2001001014,Dr. Kathleen Wilson,Oncology,Charlotte,NC,Fentora,REP-S672,Sienna Kowalski,TERR-S04,1,6,9,8,2,22,15.7388,18716.77,8.0049,0.072569,16.9986,synthetic
2001001015,Dr. Sharon Adams,Anesthesiology,Charlotte,NC,Subsys,REP-S823,Sean Alvarez,TERR-S01,2,4,5,4,4,29,9.1921,14014.61,8.4187,0.073183,9.966,synthetic
2001001016,Dr. Michael Mitchell,Palliative Care,New York,NY,Subsys,REP-S799,Solomon Gomez,TERR-S05,3,7,5,2,1,12,20.3382,26346.38,3.7085,0.034737,21.0924,synthetic
2001001017,Dr. Deborah Moore,Pain Management,Portland,OR,Actiq,REP-S503,Sean Brooks,TERR-S03,3,7,2,1,1,20,18.12,39644.77,2.7775,0.025982,18.6233,synthetic
2001001018,Dr. Elizabeth Garcia,Palliative Care,Miami,FL,Abstral,REP-S609,Seth O'Connor,TERR-S11,3,3,4,3,3,13,6.1365,12047.78,6.7688,0.056573,6.5519,synthetic
2001001019,Dr. Deborah Rivera,Pain Management,Portland,OR,Actiq,REP-S767,Scott Muller,TERR-S01,2,6,8,5,0,25,16.9361,40611.63,5.0493,0.046576,17.7913,synthetic
2001001020,Dr. John Hall,Anesthesiology,Chicago,IL,Actiq,REP-S802,Sophia Vargas,TERR-S08,3,3,4,3,2,10,6.911,16349.38,1.6784,0.014556,7.027,synthetic
2001001021,Dr. Betty Ramirez,Pain Management,Denver,CO,Subsys,REP-S773,Spencer Muller,TERR-S07,1,9,11,8,0,28,25.9881,40140.11,3.7587,0.035554,26.9649,synthetic
2001001022,Dr. James Hernandez,Palliative Care,New York,NY,Abstral,REP-S507,Scott Brooks,TERR-S07,2,6,5,2,0,21,15.0501,27639.67,3.4961,0.032256,15.5763,synthetic
2001001023,Dr. Michelle Jones,Pain Management,Austin,TX,Abstral,REP-S566,Stella Kapoor,TERR-S10,3,3,2,1,2,25,7.5349,14144.59,2.7641,0.02411,7.7432,synthetic
2001001024,Dr. Mary Perez,Neurology,Baltimore,MD,Fentora,REP-S748,Serena Tanaka,TERR-S10,3,7,5,3,1,15,19.0555,21949.28,5.3025,0.049153,20.066,synthetic
2001001025,Dr. Carol Nelson,Neurology,Las Vegas,NV,Abstral,REP-S652,Sienna Dubois,TERR-S12,3,3,4,3,4,10,6.5025,13908.81,3.0177,0.025818,6.6987,synthetic
2001001026,Dr. Emily Sanchez,Anesthesiology,Los Angeles,CA,Subsys,REP-S818,Summer Vargas,TERR-S10,3,4,2,1,2,22,10.2481,25089.28,2.8442,0.025583,10.5396,synthetic
2001001027,Dr. Susan Nguyen,Oncology,Atlanta,GA,Abstral,REP-S789,Seth Gomez,TERR-S09,3,5,4,2,0,16,12.2076,25442.12,2.6025,0.02377,12.5253,synthetic
2001001028,Dr. Linda Thomas,Internal Medicine,Los Angeles,CA,Abstral,REP-S545,Simon Chen,TERR-S03,3,5,5,4,5,22,12.0813,19007.85,2.1622,0.019772,12.3426,synthetic
2001001029,Dr. Michael Rodriguez,Palliative Care,Atlanta,GA,Abstral,REP-S615,Stephen O'Connor,TERR-S03,2,6,6,3,1,19,16.6667,39273.54,4.1385,0.0383,17.3565,synthetic
2001001030,Dr. Joseph Torres,Oncology,Denver,CO,Abstral,REP-S723,Sean Santos,TERR-S13,3,3,3,2,0,16,7.9744,19540.15,-1.426,-0.012752,7.8607,synthetic
2001001031,Dr. Jennifer Nguyen,Palliative Care,Houston,TX,Abstral,REP-S599,Solomon Nakamura,TERR-S01,2,4,9,6,1,28,10.4992,16582.99,5.9123,0.052575,11.12,synthetic
2001001032,Dr. Thomas Miller,Pain Management,Miami,FL,Actiq,REP-S590,Sadie Nakamura,TERR-S06,2,10,6,4,5,17,30.8504,39802.25,10.3442,0.095487,34.0417,synthetic
2001001033,Dr. William Anderson,Palliative Care,Phoenix,AZ,Fentora,REP-S675,Stephen Kowalski,TERR-S07,2,6,7,5,6,13,16.0032,31807.27,6.8795,0.062739,17.1041,synthetic
2001001034,Dr. Richard Harris,Family Practice,Las Vegas,NV,Subsys,REP-S768,Serena Muller,TERR-S02,3,3,5,3,2,22,8.3465,13076.92,3.0605,0.026964,8.6019,synthetic
2001001035,Dr. Patricia Thomas,Pain Management,Portland,OR,Actiq,REP-S643,Sean Dubois,TERR-S03,2,6,9,6,0,10,15.0609,16192.44,4.5281,0.041585,15.7429,synthetic
2001001036,Dr. David Walker,Pain Management,Las Vegas,NV,Lazanda,REP-S573,Spencer Kapoor,TERR-S03,2,7,9,7,4,11,19.6217,33909.54,9.1044,0.08308,21.4081,synthetic
2001001037,Dr. Mary Mitchell,Family Practice,Austin,TX,Subsys,REP-S799,Solomon Gomez,TERR-S05,3,4,2,1,2,13,11.0838,24389.34,3.4744,0.031371,11.4689,synthetic
2001001038,Dr. Jennifer Baker,Pain Management,Portland,OR,Abstral,REP-S589,Seth Nakamura,TERR-S05,3,6,3,3,0,21,16.1357,31852.09,1.5283,0.014288,16.3823,synthetic
2001001039,Dr. Jessica Carter,Pain Management,Denver,CO,Fentora,REP-S826,Stella Alvarez,TERR-S04,1,4,14,7,8,12,11.0843,20419.07,9.868,0.086649,12.1781,synthetic
2001001040,Dr. Carol Brown,Pain Management,Seattle,WA,Subsys,REP-S603,Sean O'Connor,TERR-S05,3,7,3,2,1,16,19.3512,24686.67,1.7414,0.016423,19.6882,synthetic
2001001041,Dr. Kimberly Gonzalez,Pain Management,Baltimore,MD,Lazanda,REP-S787,Scott Gomez,TERR-S07,1,4,11,9,10,19,9.217,22689.13,13.0041,0.110927,10.4156,synthetic
2001001042,Dr. Ashley Taylor,Oncology,Jacksonville,FL,Subsys,REP-S765,Simon Muller,TERR-S13,3,5,4,3,1,18,14.3731,29711.67,3.1081,0.028645,14.8198,synthetic
2001001043,Dr. Richard Adams,Oncology,Detroit,MI,Actiq,REP-S658,Summer Dubois,TERR-S04,2,6,5,4,4,22,15.827,20154.69,5.0143,0.046085,16.6206,synthetic
2001001044,Dr. Sharon Martinez,Pain Management,Los Angeles,CA,Subsys,REP-S779,Solomon Muller,TERR-S13,3,5,3,2,1,22,12.0337,11839.79,1.6477,0.015099,12.232,synthetic
2001001045,Dr. Joseph Baker,Pain Management,Atlanta,GA,Subsys,REP-S671,Silas Kowalski,TERR-S03,2,7,8,4,3,12,18.7794,19037.22,6.0513,0.055864,19.9158,synthetic
2001001046,Dr. Thomas Martinez,Pain Management,Boston,MA,Lazanda,REP-S666,Stella Kowalski,TERR-S12,1,8,12,9,6,16,21.7255,49953.94,11.5344,0.104602,24.2314,synthetic
2001001047,Dr. Betty White,Neurology,Boston,MA,Subsys,REP-S536,Sasha Patel,TERR-S08,3,5,3,2,1,18,14.7146,29552.8,1.6469,0.015303,14.9569,synthetic
2001001048,Dr. Ashley Robinson,Pain Management,Austin,TX,Abstral,REP-S789,Seth Gomez,TERR-S09,3,4,3,2,3,13,10.6104,25685.19,3.3074,0.029777,10.9613,synthetic
2001001049,Dr. Carol Torres,Orthopedics,Boston,MA,Fentora,REP-S629,Seth Novak,TERR-S03,3,3,2,2,1,8,8.8927,8327.13,4.8931,0.043045,9.3278,synthetic
2001001050,Dr. Carol Thomas,Pain Management,Detroit,MI,Fentora,REP-S681,Samuel Larsson,TERR-S13,3,5,3,2,0,15,13.4827,30980.9,1.6865,0.015578,13.7101,synthetic
2001001051,Dr. Margaret Hill,Anesthesiology,Miami,FL,Abstral,REP-S519,Solomon Brooks,TERR-S05,3,5,2,2,3,14,14.0874,26511.72,2.2994,0.021243,14.4113,synthetic
2001001052,Dr. Linda Thompson,Pain Management,Boston,MA,Abstral,REP-S584,Sarah Nakamura,TERR-S14,3,10,5,3,1,22,28.8997,25829.41,4.0598,0.03849,30.073,synthetic
2001001053,Dr. Laura Hall,Pain Management,Las Vegas,NV,Fentora,REP-S791,Silas Gomez,TERR-S11,3,4,2,1,2,13,11.4584,28012.91,1.597,0.014581,11.6414,synthetic
2001001054,Dr. Carol Carter,Oncology,Nashville,TN,Subsys,REP-S812,Sienna Vargas,TERR-S04,2,8,6,4,0,22,22.5695,49842.35,3.2937,0.031052,23.3129,synthetic
2001001055,Dr. Betty Nelson,Pain Management,Las Vegas,NV,Subsys,REP-S690,Sadie Larsson,TERR-S08,3,6,4,2,3,32,16.0474,41037.01,5.9431,0.054436,17.0011,synthetic
2001001056,Dr. Deborah Smith,Pain Management,Philadelphia,PA,Subsys,REP-S788,Serena Gomez,TERR-S08,3,8,2,2,3,18,23.5243,25608.07,3.1541,0.029807,24.2663,synthetic
2001001057,Dr. Robert Rivera,Internal Medicine,Austin,TX,Fentora,REP-S503,Sean Brooks,TERR-S03,3,8,2,1,1,8,23.995,33008.44,2.9544,0.027967,24.704,synthetic
2001001058,Dr. Deborah Green,Pain Management,Atlanta,GA,Actiq,REP-S753,Spencer Tanaka,TERR-S01,1,7,11,7,2,22,19.7777,36758.8,6.3416,0.058612,21.0319,synthetic
2001001059,Dr. Dorothy Perez,Pain Management,Boston,MA,Subsys,REP-S687,Scott Larsson,TERR-S05,3,7,4,2,1,25,20.817,19025.79,3.6223,0.033979,21.5711,synthetic
2001001060,Dr. David Hall,Palliative Care,Philadelphia,PA,Abstral,REP-S816,Sasha Vargas,TERR-S08,3,6,4,3,1,21,16.5915,28387.72,2.2313,0.020827,16.9617,synthetic
2001001061,Dr. Barbara Martinez,Palliative Care,Portland,OR,Fentora,REP-S524,Sarah Patel,TERR-S10,3,2,4,2,1,7,4.6526,5959.28,4.5365,0.03666,4.8637,synthetic
2001001062,Dr. Michael Brown,Psychiatry,Denver,CO,Lazanda,REP-S778,Summer Muller,TERR-S12,3,3,3,2,0,28,8.7038,14169.9,2.1015,0.018674,8.8867,synthetic
2001001063,Dr. Ashley Hill,Internal Medicine,Seattle,WA,Fentora,REP-S627,Scott Novak,TERR-S01,2,4,8,5,5,24,11.1666,20444.37,3.5939,0.032452,11.5679,synthetic
2001001064,Dr. Patricia Jones,Anesthesiology,Los Angeles,CA,Actiq,REP-S596,Sasha Nakamura,TERR-S12,2,7,9,6,2,9,18.1011,18187.97,3.7521,0.034939,18.7803,synthetic
2001001065,Dr. Charles Clark,Pain Management,Atlanta,GA,Subsys,REP-S833,Spencer Alvarez,TERR-S11,3,2,2,2,3,20,3.2772,5941.65,4.8044,0.03615,3.4347,synthetic
2001001066,Dr. Dorothy Davis,Emergency Medicine,Austin,TX,Subsys,REP-S587,Scott Nakamura,TERR-S03,3,3,4,2,2,11,6.1244,8339.77,4.0537,0.034254,6.3727,synthetic
2001001067,Dr. Sandra Smith,Pain Management,Portland,OR,Abstral,REP-S848,Serena Kim,TERR-S12,1,5,13,10,11,24,13.88,24785.18,9.1031,0.0815,15.1435,synthetic
2001001068,Dr. John Miller,Pain Management,Baltimore,MD,Subsys,REP-S630,Sadie Novak,TERR-S04,1,5,13,5,2,15,13.8533,31921.13,3.8103,0.034921,14.3812,synthetic
2001001069,Dr. Robert Campbell,Pain Management,Denver,CO,Actiq,REP-S532,Sienna Patel,TERR-S04,1,4,10,8,9,38,10.7088,11629.03,8.5499,0.07529,11.6244,synthetic
2001001070,Dr. Laura Torres,Pain Management,Boston,MA,Fentora,REP-S767,Scott Muller,TERR-S01,1,8,11,9,2,13,22.0796,54363.45,8.9895,0.082501,24.0645,synthetic
2001001071,Dr. Michelle Mitchell,Anesthesiology,Boston,MA,Subsys,REP-S553,Spencer Chen,TERR-S11,3,7,4,3,1,25,20.5188,30704.91,5.2362,0.048722,21.5932,synthetic
2001001072,Dr. Betty White,Oncology,Nashville,TN,Actiq,REP-S768,Serena Muller,TERR-S02,2,10,8,4,1,22,27.3715,69421.43,5.1763,0.048732,28.7884,synthetic
2001001073,Dr. Kathleen Jones,Internal Medicine,Jacksonville,FL,Subsys,REP-S597,Stanley Nakamura,TERR-S13,3,7,4,2,3,16,19.228,44088.31,4.2634,0.039727,20.0478,synthetic
2001001074,Dr. Susan Nelson,Oncology,Denver,CO,Abstral,REP-S768,Serena Muller,TERR-S02,2,2,8,6,7,12,5.3666,6912.62,10.2889,0.083171,5.9187,synthetic
2001001075,Dr. Patricia Lopez,Internal Medicine,Detroit,MI,Actiq,REP-S810,Sadie Vargas,TERR-S02,3,3,4,2,3,32,7.1024,8425.93,3.836,0.033073,7.3749,synthetic
2001001076,Dr. Melissa Moore,Family Practice,Las Vegas,NV,Subsys,REP-S640,Sloan Novak,TERR-S14,3,4,3,3,4,19,10.612,17264.32,2.3748,0.021471,10.864,synthetic
2001001077,Dr. Mary Martin,Pain Management,Baltimore,MD,Actiq,REP-S811,Silas Vargas,TERR-S03,3,3,2,1,1,12,7.151,18578.1,1.7413,0.015161,7.2755,synthetic
2001001078,Dr. Patricia Brown,Orthopedics,Atlanta,GA,Actiq,REP-S769,Seth Muller,TERR-S03,3,7,4,3,1,15,20.9694,49907.24,6.2038,0.057527,22.2703,synthetic
2001001079,Dr. Linda Anderson,Palliative Care,Charlotte,NC,Actiq,REP-S733,Spencer Santos,TERR-S09,3,7,4,3,1,22,18.1532,37622.53,4.7963,0.044455,19.0239,synthetic
2001001080,Dr. Laura Scott,Palliative Care,Denver,CO,Fentora,REP-S750,Sadie Tanaka,TERR-S12,1,8,12,9,7,24,23.9414,37319.02,10.2001,0.09341,26.3834,synthetic
2001001081,Dr. Jessica Ramirez,Neurology,Jacksonville,FL,Subsys,REP-S537,Stanley Patel,TERR-S09,3,9,5,4,4,20,24.6953,36686.46,6.4846,0.060457,26.2967,synthetic
2001001082,Dr. Margaret Wright,Pain Management,Houston,TX,Fentora,REP-S520,Sloan Brooks,TERR-S06,1,6,13,9,1,22,16.3909,36305.39,4.8541,0.044734,17.1865,synthetic
2001001083,Dr. Rebecca Mitchell,Pain Management,Philadelphia,PA,Subsys,REP-S607,Scott O'Connor,TERR-S09,3,4,5,4,0,17,11.6743,21990.2,4.8175,0.043417,12.2367,synthetic
2001001084,Dr. Emily Garcia,Anesthesiology,Seattle,WA,Subsys,REP-S576,Sasha Kapoor,TERR-S06,2,7,5,2,2,9,20.3885,32280.99,3.8197,0.035764,21.1673,synthetic
2001001085,Dr. Margaret Lee,Internal Medicine,Atlanta,GA,Abstral,REP-S501,Samuel Brooks,TERR-S01,3,2,5,4,2,20,4.9461,12424.54,3.5144,0.028815,5.1199,synthetic
2001001086,Dr. Mary Allen,Neurology,Seattle,WA,Actiq,REP-S728,Serena Santos,TERR-S04,2,4,5,2,1,34,10.1436,17572.94,1.0243,0.00928,10.2475,synthetic
2001001087,Dr. Stephanie Harris,Psychiatry,Philadelphia,PA,Actiq,REP-S710,Sadie Rossi,TERR-S14,3,4,3,2,0,5,10.0966,10985.11,2.1324,0.019217,10.3119,synthetic
2001001088,Dr. Patricia Nguyen,Neurology,Boston,MA,Subsys,REP-S752,Sienna Tanaka,TERR-S14,3,5,5,4,1,21,12.8133,24648.95,5.9868,0.054047,13.5804,synthetic
2001001089,Dr. Stephanie Hall,Palliative Care,Denver,CO,Actiq,REP-S536,Sasha Patel,TERR-S08,3,6,4,3,4,29,16.6704,24798.58,4.5529,0.042056,17.4294,synthetic
2001001090,Dr. Mary Gonzalez,Anesthesiology,Las Vegas,NV,Subsys,REP-S603,Sean O'Connor,TERR-S05,3,2,4,2,1,19,5.4605,6251.32,3.0672,0.025594,5.628,synthetic
2001001091,Dr. Joseph Williams,Pain Management,Houston,TX,Fentora,REP-S817,Stanley Vargas,TERR-S09,3,6,2,2,3,11,16.4785,33835.52,5.7237,0.052556,17.4217,synthetic
2001001092,Dr. Laura Rivera,Palliative Care,Chicago,IL,Fentora,REP-S666,Stella Kowalski,TERR-S12,1,5,11,10,1,21,12.4356,12177.95,6.884,0.061768,13.2916,synthetic
2001001093,Dr. Sharon Robinson,Emergency Medicine,Las Vegas,NV,Actiq,REP-S585,Simon Nakamura,TERR-S01,3,5,2,1,2,24,13.5503,29873.36,1.3672,0.012652,13.7356,synthetic
2001001094,Dr. Nancy Davis,Palliative Care,Jacksonville,FL,Lazanda,REP-S737,Stanley Santos,TERR-S13,3,3,4,3,1,18,8.4538,18823.84,4.3237,0.037934,8.8193,synthetic
2001001095,Dr. Joseph Robinson,Oncology,Las Vegas,NV,Subsys,REP-S707,Scott Rossi,TERR-S11,3,8,3,3,2,22,23.2891,40670.42,7.235,0.067071,24.9741,synthetic
2001001096,Dr. Betty Green,Palliative Care,Philadelphia,PA,Fentora,REP-S668,Serena Kowalski,TERR-S14,3,10,4,3,4,12,36.2416,43863.15,6.7773,0.063869,38.6978,synthetic
2001001097,Dr. Kathleen Brown,Palliative Care,Philadelphia,PA,Subsys,REP-S582,Sophia Nakamura,TERR-S12,2,4,9,6,4,8,11.7456,11947.47,8.0188,0.071293,12.6874,synthetic
2001001098,Dr. Margaret Martin,Palliative Care,Denver,CO,Subsys,REP-S696,Sasha Larsson,TERR-S14,3,8,5,4,1,14,23.5851,58449.29,5.1723,0.048427,24.805,synthetic
2001001099,Dr. Laura Hernandez,Pain Management,Los Angeles,CA,Subsys,REP-S654,Selena Dubois,TERR-S14,3,4,3,2,0,12,9.126,9828.45,0.5304,0.004768,9.1744,synthetic
2001001100,Dr. Deborah Allen,Orthopedics,Phoenix,AZ,Subsys,REP-S804,Sarah Vargas,TERR-S10,3,3,2,2,2,11,7.6872,10731.8,6.2948,0.054206,8.1711,synthetic
2001001101,Dr. William Johnson,Internal Medicine,Charlotte,NC,Lazanda,REP-S651,Silas Dubois,TERR-S11,3,8,5,4,5,24,22.6921,23515.35,6.2846,0.058451,24.1182,synthetic
2001001102,Dr. Thomas Martin,Emergency Medicine,Miami,FL,Abstral,REP-S545,Simon Chen,TERR-S03,3,5,4,2,2,5,14.6337,36860.02,3.6822,0.033886,15.1726,synthetic
2001001103,Dr. David Lopez,Neurology,Las Vegas,NV,Lazanda,REP-S716,Sasha Rossi,TERR-S06,3,4,2,1,2,18,11.3984,28435.22,2.0121,0.018329,11.6278,synthetic
2001001104,Dr. Dorothy Walker,Pain Management,Charlotte,NC,Lazanda,REP-S556,Sasha Chen,TERR-S14,3,4,4,2,0,13,11.9953,11945.0,2.8919,0.026343,12.3421,synthetic
2001001105,Dr. Michelle Sanchez,Pain Management,Seattle,WA,Lazanda,REP-S644,Sarah Dubois,TERR-S04,1,4,13,7,3,15,11.6533,11967.68,7.2968,0.065039,12.5036,synthetic
2001001106,Dr. Lisa Sanchez,Palliative Care,Las Vegas,NV,Lazanda,REP-S786,Stella Gomez,TERR-S06,2,6,7,6,2,25,17.2982,30956.11,3.0923,0.028814,17.8331,synthetic
2001001107,Dr. Patricia Carter,Oncology,Charlotte,NC,Abstral,REP-S650,Sadie Dubois,TERR-S10,3,4,4,2,0,13,9.627,22694.84,1.4159,0.012745,9.7633,synthetic
2001001108,Dr. Melissa Lee,Oncology,Columbus,OH,Subsys,REP-S577,Stanley Kapoor,TERR-S07,2,6,9,7,5,26,17.1735,39126.89,4.4495,0.041187,17.9376,synthetic
2001001109,Dr. Charles Wilson,Family Practice,Philadelphia,PA,Abstral,REP-S798,Summer Gomez,TERR-S04,3,5,3,3,4,19,12.4408,17508.42,2.1818,0.019993,12.7122,synthetic
2001001110,Dr. Ashley Johnson,Anesthesiology,Denver,CO,Actiq,REP-S544,Sarah Chen,TERR-S02,3,9,4,3,4,19,26.9066,57534.74,5.1642,0.048592,28.2961,synthetic
2001001111,Dr. Stephanie Baker,Family Practice,Boston,MA,Abstral,REP-S551,Silas Chen,TERR-S09,3,6,3,3,1,9,15.5051,40200.03,2.4657,0.022899,15.8874,synthetic
2001001112,Dr. Ashley Green,Anesthesiology,Atlanta,GA,Subsys,REP-S581,Samuel Nakamura,TERR-S11,3,3,2,2,3,25,8.0067,12091.26,3.904,0.034117,8.3193,synthetic
2001001113,Dr. Thomas Gonzalez,Pain Management,Miami,FL,Subsys,REP-S554,Selena Chen,TERR-S12,2,10,9,7,3,15,29.0455,45259.43,7.3198,0.06837,31.1716,synthetic
2001001114,Dr. Elizabeth Nelson,Oncology,Jacksonville,FL,Actiq,REP-S607,Scott O'Connor,TERR-S09,2,3,8,4,2,33,6.0587,8388.15,6.1361,0.051328,6.4304,synthetic
2001001115,Dr. Michelle Carter,Palliative Care,Austin,TX,Lazanda,REP-S700,Sloan Larsson,TERR-S04,2,8,8,7,5,18,21.6277,50448.33,7.8761,0.072581,23.3312,synthetic
2001001116,Dr. Donna Hill,Palliative Care,Baltimore,MD,Fentora,REP-S559,Solomon Chen,TERR-S03,3,4,3,2,1,14,10.8162,9361.97,3.5378,0.031871,11.1989,synthetic
2001001117,Dr. Charles Rodriguez,Internal Medicine,Jacksonville,FL,Abstral,REP-S575,Stephen Kapoor,TERR-S05,3,4,3,2,0,19,10.3022,9078.37,0.3554,0.003234,10.3388,synthetic
2001001118,Dr. Sharon Thompson,Pain Management,Portland,OR,Subsys,REP-S727,Scott Santos,TERR-S03,3,5,2,2,0,26,12.8465,28004.91,3.1125,0.028468,13.2463,synthetic
2001001119,Dr. John Harris,Pain Management,Chicago,IL,Fentora,REP-S807,Scott Vargas,TERR-S13,2,4,5,4,3,14,9.5781,12769.17,4.5405,0.04029,10.013,synthetic
2001001120,Dr. Sharon Lee,Internal Medicine,Baltimore,MD,Subsys,REP-S751,Silas Tanaka,TERR-S13,3,4,4,3,4,19,9.0691,21896.63,6.5139,0.057013,9.6598,synthetic
2001001121,Dr. Michelle Sanchez,Oncology,Jacksonville,FL,Actiq,REP-S556,Sasha Chen,TERR-S14,3,6,4,2,3,20,16.9261,29644.04,5.1797,0.04775,17.8029,synthetic
2001001122,Dr. Kathleen Wright,Anesthesiology,Seattle,WA,Actiq,REP-S772,Sienna Muller,TERR-S06,2,8,9,8,1,10,22.5555,42646.45,5.2435,0.048989,23.7382,synthetic
2001001123,Dr. Linda Torres,Palliative Care,Los Angeles,CA,Subsys,REP-S714,Selena Rossi,TERR-S04,2,5,8,4,1,18,13.5756,27345.48,4.2901,0.03918,14.158,synthetic
2001001124,Dr. Linda Flores,Pain Management,Austin,TX,Actiq,REP-S524,Sarah Patel,TERR-S10,3,8,5,4,5,24,22.1334,21412.33,6.7756,0.062812,23.6331,synthetic
2001001125,Dr. Sarah Williams,Palliative Care,Detroit,MI,Subsys,REP-S535,Stephen Patel,TERR-S07,2,2,5,3,3,20,5.9188,10213.57,5.1687,0.043267,6.2247,synthetic
2001001126,Dr. Deborah Allen,Orthopedics,Phoenix,AZ,Lazanda,REP-S613,Spencer O'Connor,TERR-S01,3,6,3,2,1,15,15.0543,37345.93,3.0682,0.028365,15.5162,synthetic
2001001127,Dr. Karen Allen,Palliative Care,Boston,MA,Subsys,REP-S550,Sadie Chen,TERR-S08,3,3,2,2,3,25,8.4994,7877.59,6.1869,0.053878,9.0252,synthetic
2001001128,Dr. William Jackson,Palliative Care,Miami,FL,Subsys,REP-S766,Stella Muller,TERR-S14,3,8,5,3,0,16,23.7425,33404.74,2.3016,0.021845,24.289,synthetic
2001001129,Dr. Michael Moore,Oncology,Houston,TX,Abstral,REP-S777,Stanley Muller,TERR-S11,3,3,2,2,1,9,7.0375,17723.66,4.0682,0.035,7.3238,synthetic
2001001130,Dr. Melissa Perez,Palliative Care,Portland,OR,Abstral,REP-S569,Seth Kapoor,TERR-S13,3,8,2,2,3,22,23.6589,32068.52,3.9335,0.037045,24.5895,synthetic
2001001131,Dr. Stephanie Wilson,Pain Management,Phoenix,AZ,Abstral,REP-S722,Sophia Santos,TERR-S12,1,3,11,9,2,19,6.5157,11362.42,7.3128,0.061469,6.9922,synthetic
2001001132,Dr. Nancy Lewis,Neurology,Baltimore,MD,Abstral,REP-S793,Spencer Gomez,TERR-S13,3,5,2,1,1,22,12.5111,31420.5,2.0513,0.018817,12.7678,synthetic
2001001133,Dr. Ashley Adams,Anesthesiology,Los Angeles,CA,Actiq,REP-S517,Stanley Brooks,TERR-S03,3,6,2,2,2,29,17.4134,38463.29,4.1998,0.038949,18.1447,synthetic
2001001134,Dr. Thomas Smith,Family Practice,Charlotte,NC,Lazanda,REP-S567,Scott Kapoor,TERR-S11,3,6,3,2,2,16,16.7992,15433.64,3.5354,0.032823,17.3932,synthetic
2001001135,Dr. Sandra Sanchez,Oncology,Jacksonville,FL,Abstral,REP-S729,Seth Santos,TERR-S05,3,4,5,3,2,19,10.1955,11463.49,6.6576,0.058863,10.8743,synthetic
2001001136,Dr. Margaret Robinson,Oncology,Seattle,WA,Subsys,REP-S614,Selena O'Connor,TERR-S02,3,4,5,4,1,15,10.3047,14581.23,5.3584,0.047689,10.8568,synthetic
2001001137,Dr. Patricia Gonzalez,Pain Management,Baltimore,MD,Lazanda,REP-S813,Spencer Vargas,TERR-S05,3,5,2,2,3,23,13.5199,16480.39,5.8439,0.052985,14.3099,synthetic
2001001138,Dr. Sarah Brown,Oncology,Nashville,TN,Subsys,REP-S650,Sadie Dubois,TERR-S10,3,6,3,2,3,35,15.2527,20270.03,4.9947,0.045809,16.0145,synthetic
2001001139,Dr. Nancy Brown,Emergency Medicine,Philadelphia,PA,Lazanda,REP-S534,Selena Patel,TERR-S06,3,8,2,2,3,26,22.5775,21332.04,1.6144,0.015341,22.942,synthetic
2001001140,Dr. Carol Scott,Oncology,New York,NY,Fentora,REP-S830,Sadie Alvarez,TERR-S08,3,4,2,2,1,20,11.5763,15913.34,7.6598,0.068132,12.463,synthetic
2001001141,Dr. Deborah Moore,Anesthesiology,Phoenix,AZ,Fentora,REP-S689,Seth Larsson,TERR-S07,2,4,8,5,5,13,10.7566,14619.73,6.4361,0.057218,11.449,synthetic
2001001142,Dr. Margaret Jackson,Pain Management,Portland,OR,Subsys,REP-S666,Stella Kowalski,TERR-S12,1,8,11,10,6,20,23.6223,38361.74,10.1723,0.093118,26.0252,synthetic
2001001143,Dr. Margaret Thompson,Palliative Care,Las Vegas,NV,Subsys,REP-S639,Solomon Novak,TERR-S13,3,5,3,3,4,27,12.8179,27742.78,7.2401,0.065002,13.7459,synthetic
2001001144,Dr. Michelle Rodriguez,Orthopedics,Miami,FL,Fentora,REP-S816,Sasha Vargas,TERR-S08,3,7,5,4,3,21,18.1641,31348.93,3.5767,0.033339,18.8138,synthetic
2001001145,Dr. Susan Rodriguez,Pain Management,Nashville,TN,Subsys,REP-S502,Sophia Brooks,TERR-S02,2,3,6,4,0,19,8.5564,21487.4,0.9698,0.008646,8.6394,synthetic
2001001146,Dr. William Adams,Pain Management,Seattle,WA,Fentora,REP-S660,Sloan Dubois,TERR-S06,2,6,7,3,0,15,17.4398,32757.67,3.8778,0.036019,18.1161,synthetic
2001001147,Dr. Kimberly Mitchell,Internal Medicine,Las Vegas,NV,Abstral,REP-S543,Sean Chen,TERR-S01,3,4,4,2,1,18,9.4163,13161.15,2.7889,0.024899,9.6789,synthetic
2001001148,Dr. Sarah Davis,Pain Management,Las Vegas,NV,Subsys,REP-S634,Selena Novak,TERR-S08,3,4,2,1,0,19,11.9311,12297.47,-0.0732,-0.000676,11.9224,synthetic
2001001149,Dr. Joseph Sanchez,Pain Management,Miami,FL,Abstral,REP-S608,Serena O'Connor,TERR-S10,3,5,4,3,0,14,14.8208,22910.48,2.34,0.021684,15.1676,synthetic
2001001150,Dr. Rebecca Carter,Pain Management,Austin,TX,Abstral,REP-S741,Samuel Tanaka,TERR-S03,3,8,2,2,0,21,21.7248,20839.02,3.3509,0.031532,22.4528,synthetic
2001001151,Dr. Emily Scott,Palliative Care,Philadelphia,PA,Abstral,REP-S825,Simon Alvarez,TERR-S03,3,3,3,2,2,11,8.8583,17403.26,4.1588,0.036688,9.2267,synthetic
2001001152,Dr. Jessica Torres,Oncology,Boston,MA,Actiq,REP-S815,Stephen Vargas,TERR-S07,2,7,9,6,4,12,19.9437,36743.97,7.1379,0.065761,21.3673,synthetic
2001001153,Dr. Michael Lee,Anesthesiology,Baltimore,MD,Actiq,REP-S583,Sean Nakamura,TERR-S13,3,4,3,2,3,23,11.6292,17904.75,5.4392,0.048871,12.2618,synthetic
2001001154,Dr. Susan Baker,Palliative Care,New York,NY,Abstral,REP-S839,Solomon Alvarez,TERR-S03,3,6,3,2,2,6,17.6099,29459.93,4.0536,0.037641,18.3238,synthetic
2001001155,Dr. Stephanie Wright,Anesthesiology,Atlanta,GA,Subsys,REP-S834,Selena Alvarez,TERR-S12,2,5,9,6,2,24,13.0706,30217.03,3.0215,0.027681,13.4655,synthetic
2001001156,Dr. Betty Perez,Oncology,Columbus,OH,Actiq,REP-S654,Selena Dubois,TERR-S14,3,4,5,5,3,12,10.7396,9694.67,6.5795,0.058449,11.4462,synthetic
2001001157,Dr. Mary Lewis,Internal Medicine,Columbus,OH,Fentora,REP-S772,Sienna Muller,TERR-S06,3,3,3,3,3,20,7.9835,12753.09,4.5906,0.039985,8.35,synthetic
2001001158,Dr. Jessica Flores,Oncology,Las Vegas,NV,Lazanda,REP-S635,Stephen Novak,TERR-S09,3,5,2,1,1,18,14.0817,33867.57,3.0805,0.028356,14.5154,synthetic
2001001159,Dr. John Jackson,Oncology,Miami,FL,Actiq,REP-S678,Summer Kowalski,TERR-S10,3,6,4,2,3,32,17.2525,30977.23,2.9015,0.027056,17.753,synthetic
2001001160,Dr. Emily Johnson,Oncology,Chicago,IL,Abstral,REP-S644,Sarah Dubois,TERR-S04,1,8,14,10,5,18,22.6711,39161.39,8.2388,0.075949,24.5389,synthetic
2001001161,Dr. Michael Adams,Pain Management,Baltimore,MD,Fentora,REP-S673,Spencer Kowalski,TERR-S05,3,4,3,2,0,23,10.0882,17392.11,1.8967,0.017109,10.2796,synthetic
2001001162,Dr. Mary Williams,Orthopedics,Las Vegas,NV,Abstral,REP-S547,Scott Chen,TERR-S05,3,7,4,3,0,15,18.9852,47661.44,1.9065,0.017949,19.3472,synthetic
2001001163,Dr. Sharon White,Anesthesiology,Boston,MA,Actiq,REP-S565,Simon Kapoor,TERR-S09,3,3,3,2,2,19,8.9155,8135.42,5.2636,0.046241,9.3848,synthetic
2001001164,Dr. Kimberly Davis,Oncology,Baltimore,MD,Subsys,REP-S811,Silas Vargas,TERR-S03,2,10,5,3,4,6,29.2293,36331.98,6.0362,0.056725,30.9937,synthetic
2001001165,Dr. Robert Robinson,Oncology,New York,NY,Actiq,REP-S693,Spencer Larsson,TERR-S11,2,2,9,3,3,9,4.5932,7850.88,6.1288,0.049105,4.8747,synthetic
2001001166,Dr. Kimberly Gonzalez,Palliative Care,New York,NY,Abstral,REP-S652,Sienna Dubois,TERR-S12,2,10,9,8,2,16,29.9398,75329.73,5.5234,0.052069,31.5935,synthetic
2001001167,Dr. Linda Perez,Emergency Medicine,Austin,TX,Abstral,REP-S715,Stephen Rossi,TERR-S05,3,5,4,3,0,27,14.8212,37785.82,0.9145,0.008531,14.9567,synthetic
2001001168,Dr. Joseph Jones,Oncology,Boston,MA,Subsys,REP-S680,Sloan Kowalski,TERR-S12,2,8,6,3,4,14,22.4924,27327.72,7.1364,0.066093,24.0975,synthetic
2001001169,Dr. William Thomas,Oncology,Detroit,MI,Lazanda,REP-S629,Seth Novak,TERR-S03,3,4,5,3,0,20,11.7382,20806.51,2.0251,0.018489,11.9759,synthetic
2001001170,Dr. Nancy Nguyen,Pain Management,Denver,CO,Fentora,REP-S716,Sasha Rossi,TERR-S06,2,10,9,6,3,10,35.7044,32549.91,7.9052,0.074085,38.5269,synthetic
2001001171,Dr. Sharon Green,Pain Management,Seattle,WA,Subsys,REP-S761,Samuel Muller,TERR-S09,3,10,4,3,3,22,31.0337,75821.67,5.8741,0.055347,32.8566,synthetic
2001001172,Dr. Kathleen Thompson,Pain Management,Los Angeles,CA,Abstral,REP-S561,Samuel Kapoor,TERR-S05,3,5,5,4,4,16,14.3873,31673.33,7.1194,0.064445,15.4115,synthetic
2001001173,Dr. Karen Walker,Pain Management,Detroit,MI,Abstral,REP-S510,Sadie Brooks,TERR-S10,3,3,5,4,1,16,8.7394,18306.69,7.2132,0.062717,9.3698,synthetic
2001001174,Dr. Betty Wilson,Pain Management,Columbus,OH,Actiq,REP-S583,Sean Nakamura,TERR-S13,2,5,5,4,5,16,12.1759,17698.31,6.4366,0.057779,12.9596,synthetic
2001001175,Dr. Robert Allen,Pain Management,Philadelphia,PA,Subsys,REP-S756,Sasha Tanaka,TERR-S04,1,6,14,12,9,23,17.8663,33786.54,13.9716,0.12426,20.3625,synthetic
2001001176,Dr. John Anderson,Palliative Care,Baltimore,MD,Abstral,REP-S749,Seth Tanaka,TERR-S11,3,9,5,3,2,25,24.6322,63407.69,5.0606,0.047486,25.8787,synthetic
2001001177,Dr. Linda Rivera,Pain Management,Jacksonville,FL,Abstral,REP-S814,Selena Vargas,TERR-S06,2,5,6,4,0,15,13.5085,28642.43,2.2863,0.021064,13.8174,synthetic
2001001178,Dr. Sharon Nguyen,Pain Management,Columbus,OH,Subsys,REP-S645,Simon Dubois,TERR-S05,3,4,4,2,2,17,11.8047,13778.11,4.733,0.042709,12.3634,synthetic
2001001179,Dr. Laura Campbell,Internal Medicine,Miami,FL,Subsys,REP-S724,Sarah Santos,TERR-S14,3,8,3,3,2,22,21.8676,22171.34,3.4918,0.032846,22.6312,synthetic
2001001180,Dr. Deborah Brown,Oncology,Austin,TX,Abstral,REP-S846,Stella Kim,TERR-S10,3,3,3,2,2,10,8.3652,20557.79,3.3842,0.02978,8.6483,synthetic
2001001181,Dr. Elizabeth Adams,Oncology,Philadelphia,PA,Subsys,REP-S720,Sloan Rossi,TERR-S10,3,4,5,4,0,21,10.4152,11495.4,4.2563,0.038099,10.8585,synthetic
2001001182,Dr. Sandra Jones,Emergency Medicine,Denver,CO,Abstral,REP-S814,Selena Vargas,TERR-S06,3,4,5,2,1,18,10.9365,23805.6,2.4971,0.022621,11.2096,synthetic
2001001183,Dr. Ashley Green,Palliative Care,Jacksonville,FL,Subsys,REP-S634,Selena Novak,TERR-S08,3,9,4,3,1,19,24.5622,40859.01,3.6843,0.034789,25.4672,synthetic
2001001184,Dr. Barbara Hernandez,Palliative Care,Philadelphia,PA,Abstral,REP-S509,Seth Brooks,TERR-S09,3,7,4,4,0,14,18.3483,37075.0,4.2164,0.039206,19.1219,synthetic
2001001185,Dr. William Green,Neurology,Columbus,OH,Abstral,REP-S538,Summer Patel,TERR-S10,3,5,3,2,2,17,14.2575,36848.29,4.3359,0.039718,14.8757,synthetic
2001001186,Dr. Kathleen Ramirez,Palliative Care,Austin,TX,Subsys,REP-S799,Solomon Gomez,TERR-S05,3,6,4,2,2,17,17.6281,43947.5,2.0871,0.019558,17.996,synthetic
2001001187,Dr. Joseph White,Palliative Care,Chicago,IL,Actiq,REP-S780,Sloan Muller,TERR-S14,3,5,3,2,2,18,12.6943,16064.24,3.7123,0.033833,13.1655,synthetic
2001001188,Dr. Sarah King,Pain Management,Philadelphia,PA,Fentora,REP-S654,Selena Dubois,TERR-S14,3,10,3,2,2,16,32.6123,69090.69,4.3643,0.041473,34.0356,synthetic
2001001189,Dr. Mary Rivera,Oncology,New York,NY,Abstral,REP-S748,Serena Tanaka,TERR-S10,2,9,8,6,2,20,26.3162,33089.25,5.7655,0.054056,27.8334,synthetic
2001001190,Dr. Emily King,Family Practice,Houston,TX,Actiq,REP-S703,Sean Rossi,TERR-S07,3,5,3,1,0,17,13.8557,28395.15,1.799,0.01664,14.1049,synthetic
2001001191,Dr. Dorothy Harris,Emergency Medicine,New York,NY,Subsys,REP-S794,Selena Gomez,TERR-S14,3,5,3,2,3,13,12.1809,20016.99,4.1061,0.037244,12.6811,synthetic
2001001192,Dr. Jessica Nguyen,Anesthesiology,Nashville,TN,Abstral,REP-S822,Sophia Alvarez,TERR-S14,3,3,5,3,3,27,8.804,8723.54,5.1886,0.045541,9.2608,synthetic
2001001193,Dr. Rebecca Taylor,Palliative Care,Chicago,IL,Subsys,REP-S517,Stanley Brooks,TERR-S03,3,9,2,1,1,14,26.6774,57629.76,4.2593,0.040234,27.8136,synthetic
2001001194,Dr. Charles Flores,Internal Medicine,Portland,OR,Subsys,REP-S642,Sophia Dubois,TERR-S02,3,5,5,4,3,14,12.0364,16990.77,5.504,0.049569,12.6989,synthetic
2001001195,Dr. Betty Nelson,Pain Management,Austin,TX,Fentora,REP-S842,Sophia Kim,TERR-S06,1,3,9,5,5,30,6.5885,7773.49,9.167,0.076581,7.1924,synthetic
2001001196,Dr. Dorothy Baker,Internal Medicine,Miami,FL,Subsys,REP-S617,Stanley O'Connor,TERR-S05,3,5,4,3,1,15,12.9898,24447.61,2.2745,0.020899,13.2852,synthetic
2001001197,Dr. Sharon Jones,Psychiatry,Phoenix,AZ,Actiq,REP-S600,Sloan Nakamura,TERR-S02,3,5,5,4,3,24,12.223,22559.06,5.8442,0.052614,12.9373,synthetic
2001001198,Dr. Kimberly Hall,Palliative Care,Houston,TX,Fentora,REP-S775,Stephen Muller,TERR-S09,2,2,9,7,5,11,3.0529,4491.67,8.9459,0.065212,3.326,synthetic
2001001199,Dr. Richard Lopez,Internal Medicine,Boston,MA,Subsys,REP-S607,Scott O'Connor,TERR-S09,3,5,5,4,1,23,12.6819,24812.22,5.4243,0.049055,13.3698,synthetic
2001001200,Dr. Lisa Hall,Palliative Care,Boston,MA,Abstral,REP-S682,Sophia Larsson,TERR-S14,3,10,4,3,2,25,41.1522,89330.68,5.6475,0.053669,43.4763,synthetic
2001001201,Dr. Linda Anderson,Oncology,Portland,OR,Lazanda,REP-S686,Stella Larsson,TERR-S04,1,3,10,8,6,20,7.9665,20392.14,10.1864,0.08664,8.778,synthetic
2001001202,Dr. Ashley Jackson,Palliative Care,New York,NY,Subsys,REP-S662,Sophia Kowalski,TERR-S08,3,7,2,1,2,22,18.3474,26521.16,2.6835,0.02513,18.8398,synthetic
2001001203,Dr. Charles Moore,Family Practice,Boston,MA,Actiq,REP-S748,Serena Tanaka,TERR-S10,3,7,3,2,3,40,19.0345,16302.01,1.0774,0.010184,19.2395,synthetic
2001001204,Dr. Deborah Campbell,Oncology,Austin,TX,Subsys,REP-S591,Silas Nakamura,TERR-S07,1,6,11,5,4,21,15.3583,23016.9,12.5286,0.111208,17.2825,synthetic
2001001205,Dr. David Perez,Neurology,Austin,TX,Abstral,REP-S794,Selena Gomez,TERR-S14,3,8,2,1,1,10,22.0881,43798.11,2.1082,0.019968,22.5537,synthetic
2001001206,Dr. David Ramirez,Neurology,Miami,FL,Actiq,REP-S515,Stephen Brooks,TERR-S01,2,7,6,3,2,28,18.3936,21702.65,6.1375,0.056579,19.5225,synthetic
2001001207,Dr. Sandra Scott,Internal Medicine,Phoenix,AZ,Abstral,REP-S595,Stephen Nakamura,TERR-S11,3,7,5,3,0,15,18.0362,31860.69,2.001,0.018781,18.3971,synthetic
2001001208,Dr. John Nguyen,Internal Medicine,Philadelphia,PA,Subsys,REP-S721,Samuel Santos,TERR-S11,3,4,5,4,5,8,10.5897,10471.94,4.623,0.041374,11.0793,synthetic
2001001209,Dr. Mary Baker,Anesthesiology,Charlotte,NC,Abstral,REP-S508,Serena Brooks,TERR-S08,3,4,4,3,2,23,11.7094,27356.74,2.898,0.026349,12.0487,synthetic
2001001210,Dr. Mary Mitchell,Family Practice,Baltimore,MD,Abstral,REP-S570,Sadie Kapoor,TERR-S14,3,6,3,3,1,19,15.5126,34795.04,1.9351,0.018016,15.8128,synthetic
2001001211,Dr. Nancy Davis,Pain Management,Chicago,IL,Subsys,REP-S809,Seth Vargas,TERR-S01,1,5,13,9,9,22,13.0608,24430.13,7.1259,0.064093,13.9915,synthetic
2001001212,Dr. Jessica Gonzalez,Pain Management,Columbus,OH,Abstral,REP-S820,Sloan Vargas,TERR-S12,1,9,10,9,2,15,26.4756,58729.81,4.7753,0.044988,27.7399,synthetic
2001001213,Dr. Sarah Garcia,Internal Medicine,New York,NY,Abstral,REP-S599,Solomon Nakamura,TERR-S01,3,3,2,1,1,11,8.6217,8889.57,4.1601,0.036599,8.9803,synthetic
2001001214,Dr. Robert Miller,Oncology,Philadelphia,PA,Subsys,REP-S696,Sasha Larsson,TERR-S14,3,6,2,1,0,22,16.1992,35214.66,0.7099,0.006664,16.3142,synthetic
2001001215,Dr. Elizabeth Martinez,Neurology,Boston,MA,Actiq,REP-S776,Sasha Muller,TERR-S10,3,5,2,1,2,16,12.833,18499.99,2.2831,0.020959,13.126,synthetic
2001001216,Dr. Linda Robinson,Family Practice,Charlotte,NC,Abstral,REP-S807,Scott Vargas,TERR-S13,3,7,5,3,3,26,19.1791,19187.37,2.467,0.023177,19.6523,synthetic
2001001217,Dr. Susan Scott,Pain Management,New York,NY,Actiq,REP-S642,Sophia Dubois,TERR-S02,2,5,5,4,5,13,13.7947,34386.85,7.9464,0.071477,14.8909,synthetic
2001001218,Dr. Patricia Sanchez,Oncology,Houston,TX,Actiq,REP-S721,Samuel Santos,TERR-S11,3,3,5,2,2,22,6.0725,8905.66,4.0733,0.034376,6.3199,synthetic
2001001219,Dr. Sandra Jones,Internal Medicine,Charlotte,NC,Actiq,REP-S619,Solomon O'Connor,TERR-S07,3,3,4,3,3,21,7.7727,7989.82,5.1665,0.044759,8.1743,synthetic
2001001220,Dr. Linda Sanchez,Psychiatry,Nashville,TN,Fentora,REP-S548,Serena Chen,TERR-S06,3,8,2,1,1,17,22.5544,41224.53,-0.3759,-0.003606,22.4696,synthetic
2001001221,Dr. Elizabeth Lewis,Palliative Care,Houston,TX,Abstral,REP-S557,Stanley Chen,TERR-S01,2,7,9,6,5,8,20.6506,18589.1,6.042,0.05603,21.8983,synthetic
2001001222,Dr. James Harris,Pain Management,New York,NY,Abstral,REP-S553,Spencer Chen,TERR-S11,3,7,4,3,4,17,19.6242,29502.62,4.5929,0.042774,20.5255,synthetic
2001001223,Dr. Thomas White,Anesthesiology,Detroit,MI,Subsys,REP-S548,Serena Chen,TERR-S06,3,3,4,3,2,14,8.7419,9888.95,4.2981,0.037844,9.1176,synthetic
2001001224,Dr. Jennifer Gonzalez,Anesthesiology,Portland,OR,Abstral,REP-S571,Silas Kapoor,TERR-S01,2,3,6,5,2,30,6.8815,15663.25,6.1254,0.052101,7.303,synthetic
2001001225,Dr. Sharon Adams,Emergency Medicine,Las Vegas,NV,Fentora,REP-S699,Solomon Larsson,TERR-S03,3,7,2,1,1,19,19.4331,34765.57,1.8427,0.017373,19.7912,synthetic
2001001226,Dr. Richard Perez,Anesthesiology,New York,NY,Actiq,REP-S625,Simon Novak,TERR-S13,2,5,9,3,4,23,13.7757,12574.02,6.2857,0.05695,14.6416,synthetic
2001001227,Dr. David Rodriguez,Oncology,Phoenix,AZ,Subsys,REP-S799,Solomon Gomez,TERR-S05,3,4,3,3,4,16,10.8241,16075.33,6.4364,0.05725,11.5208,synthetic
2001001228,Dr. Richard Mitchell,Pain Management,New York,NY,Lazanda,REP-S762,Sophia Muller,TERR-S10,2,5,8,7,4,13,14.831,37575.68,7.2801,0.065977,15.9107,synthetic
2001001229,Dr. James Gonzalez,Internal Medicine,Denver,CO,Subsys,REP-S659,Solomon Dubois,TERR-S05,3,10,2,1,1,20,27.8053,63515.75,1.9392,0.018546,28.3445,synthetic
2001001230,Dr. Sarah Martinez,Oncology,New York,NY,Lazanda,REP-S845,Simon Kim,TERR-S09,3,5,2,1,2,10,13.3441,29439.22,4.3055,0.039272,13.9187,synthetic
2001001231,Dr. Sarah Lewis,Emergency Medicine,Denver,CO,Subsys,REP-S771,Silas Muller,TERR-S05,3,4,3,3,2,19,9.0585,18398.19,2.6378,0.023478,9.2975,synthetic
2001001232,Dr. Kathleen Adams,Pain Management,Portland,OR,Abstral,REP-S747,Scott Tanaka,TERR-S09,2,5,6,4,4,7,12.0744,18815.56,4.7723,0.043129,12.6506,synthetic
2001001233,Dr. John Martinez,Palliative Care,Atlanta,GA,Abstral,REP-S741,Samuel Tanaka,TERR-S03,2,8,8,8,0,16,22.4561,20839.37,6.7429,0.062556,23.9703,synthetic
2001001234,Dr. Susan Lopez,Internal Medicine,Boston,MA,Lazanda,REP-S713,Spencer Rossi,TERR-S03,3,6,2,2,1,25,16.092,27847.86,1.5252,0.014257,16.3375,synthetic
2001001235,Dr. Sandra Perez,Palliative Care,Houston,TX,Subsys,REP-S655,Stephen Dubois,TERR-S01,2,3,9,4,2,20,7.635,11817.13,6.5424,0.056236,8.1345,synthetic
2001001236,Dr. Barbara Wright,Emergency Medicine,Houston,TX,Actiq,REP-S604,Sarah O'Connor,TERR-S06,3,2,2,1,0,14,5.8813,14925.92,-1.4231,-0.012238,5.7976,synthetic
2001001237,Dr. Lisa Adams,Pain Management,Phoenix,AZ,Fentora,REP-S713,Spencer Rossi,TERR-S03,2,5,6,5,0,9,14.7819,34175.54,1.6478,0.015316,15.0255,synthetic
2001001238,Dr. Susan Hernandez,Palliative Care,Columbus,OH,Actiq,REP-S667,Scott Kowalski,TERR-S13,3,1,5,4,0,31,1.983,2473.93,4.613,0.030205,2.0745,synthetic
2001001239,Dr. Robert Moore,Oncology,Detroit,MI,Actiq,REP-S645,Simon Dubois,TERR-S05,3,7,4,3,3,11,19.0162,21207.89,4.9475,0.045932,19.957,synthetic
2001001240,Dr. Michael Baker,Internal Medicine,Jacksonville,FL,Fentora,REP-S597,Stanley Nakamura,TERR-S13,3,5,5,3,0,16,14.0767,19774.2,1.1866,0.011018,14.2438,synthetic
2001001241,Dr. Richard Thompson,Pain Management,Charlotte,NC,Subsys,REP-S723,Sean Santos,TERR-S13,2,4,8,7,5,20,10.841,23657.08,9.3453,0.082097,11.8541,synthetic
2001001242,Dr. Patricia Jackson,Oncology,Houston,TX,Subsys,REP-S795,Stephen Gomez,TERR-S01,2,3,8,6,4,16,7.9489,10802.92,7.8675,0.06755,8.5743,synthetic
2001001243,Dr. Joseph King,Oncology,Seattle,WA,Subsys,REP-S683,Sean Larsson,TERR-S01,2,4,8,5,3,30,11.7936,20583.25,6.663,0.059609,12.5794,synthetic
2001001244,Dr. Sarah Lopez,Oncology,Houston,TX,Actiq,REP-S842,Sophia Kim,TERR-S06,2,7,6,4,0,14,18.2672,30810.83,4.2163,0.039197,19.0374,synthetic
2001001245,Dr. Rebecca Allen,Neurology,Austin,TX,Abstral,REP-S552,Sienna Chen,TERR-S10,3,6,3,2,3,21,16.8591,23616.97,2.025,0.018936,17.2005,synthetic
2001001246,Dr. Barbara Sanchez,Neurology,Los Angeles,CA,Subsys,REP-S602,Sophia O'Connor,TERR-S04,2,5,7,5,0,17,14.2299,18249.12,2.71,0.025005,14.6155,synthetic
2001001247,Dr. Michael Torres,Anesthesiology,Columbus,OH,Abstral,REP-S795,Stephen Gomez,TERR-S01,2,6,5,2,3,18,17.5396,15567.96,3.56,0.033125,18.164,synthetic
2001001248,Dr. Melissa King,Palliative Care,New York,NY,Actiq,REP-S540,Sloan Patel,TERR-S12,2,10,8,7,2,16,37.9387,67359.39,3.5987,0.034463,39.304,synthetic
2001001249,Dr. Richard Williams,Palliative Care,Nashville,TN,Actiq,REP-S531,Silas Patel,TERR-S03,3,5,3,2,1,12,14.0222,33932.09,4.0047,0.0367,14.5837,synthetic
2001001250,Dr. Elizabeth Green,Oncology,Phoenix,AZ,Fentora,REP-S792,Sienna Gomez,TERR-S12,2,4,7,5,3,12,11.216,29116.62,7.1326,0.063432,12.016,synthetic
2001001251,Dr. Nancy Hall,Anesthesiology,Austin,TX,Abstral,REP-S537,Stanley Patel,TERR-S09,3,5,2,2,3,14,13.0209,16461.91,3.7401,0.034144,13.5079,synthetic
2001001252,Dr. Thomas Jones,Oncology,Columbus,OH,Subsys,REP-S735,Stephen Santos,TERR-S11,3,4,5,5,1,20,11.4058,21700.99,6.5108,0.058136,12.1485,synthetic
2001001253,Dr. Thomas Campbell,Pain Management,Miami,FL,Actiq,REP-S565,Simon Kapoor,TERR-S09,3,2,3,2,1,28,4.2026,7076.06,1.9059,0.015279,4.2827,synthetic
2001001254,Dr. Richard Adams,Pain Management,Portland,OR,Subsys,REP-S766,Stella Muller,TERR-S14,3,7,2,1,1,22,20.035,27372.14,4.5427,0.042358,20.9451,synthetic
2001001255,Dr. Melissa Torres,Oncology,Detroit,MI,Fentora,REP-S577,Stanley Kapoor,TERR-S07,1,10,10,9,6,14,28.0621,63069.08,8.0083,0.074483,30.3094,synthetic
2001001256,Dr. Michael Rivera,Internal Medicine,Los Angeles,CA,Subsys,REP-S786,Stella Gomez,TERR-S06,3,5,4,3,4,20,13.4093,34111.16,3.6895,0.033758,13.904,synthetic
2001001257,Dr. James Rodriguez,Palliative Care,Nashville,TN,Lazanda,REP-S731,Silas Santos,TERR-S07,2,10,5,2,2,15,37.3832,81558.67,2.7465,0.026398,38.4099,synthetic
2001001258,Dr. Sandra Nguyen,Oncology,Nashville,TN,Actiq,REP-S586,Stella Nakamura,TERR-S02,2,7,5,3,3,13,19.0504,36790.61,6.6078,0.06089,20.3092,synthetic
2001001259,Dr. Ashley Allen,Neurology,Los Angeles,CA,Lazanda,REP-S704,Sarah Rossi,TERR-S08,3,3,3,1,1,10,6.816,6370.17,2.3337,0.020147,6.9751,synthetic
2001001260,Dr. Robert Sanchez,Pain Management,Houston,TX,Subsys,REP-S505,Simon Brooks,TERR-S05,3,6,4,3,2,17,15.3027,21466.07,5.0021,0.045883,16.0682,synthetic
2001001261,Dr. Barbara Martinez,Pain Management,Portland,OR,Actiq,REP-S813,Spencer Vargas,TERR-S05,3,4,4,3,2,17,10.6,9131.22,3.7455,0.033653,10.997,synthetic
2001001262,Dr. Nancy King,Neurology,Atlanta,GA,Fentora,REP-S691,Silas Larsson,TERR-S09,3,5,3,2,1,36,14.6934,19156.11,3.4434,0.031731,15.1994,synthetic
2001001263,Dr. Robert Johnson,Pain Management,Houston,TX,Abstral,REP-S761,Samuel Muller,TERR-S09,2,6,5,4,3,20,15.557,22075.32,8.458,0.076472,16.8728,synthetic
2001001264,Dr. Ashley Martin,Pain Management,Chicago,IL,Subsys,REP-S730,Sadie Santos,TERR-S06,2,5,6,3,3,16,12.0876,15908.93,4.5908,0.041526,12.6425,synthetic
2001001265,Dr. Melissa Williams,Internal Medicine,Las Vegas,NV,Lazanda,REP-S630,Sadie Novak,TERR-S04,3,8,3,3,3,15,22.093,22597.63,3.1646,0.029827,22.7921,synthetic
2001001266,Dr. Sarah Wilson,Pain Management,Columbus,OH,Subsys,REP-S632,Sienna Novak,TERR-S06,2,4,8,7,5,18,10.2283,22607.67,10.137,0.088324,11.2651,synthetic
2001001267,Dr. Patricia Clark,Anesthesiology,New York,NY,Abstral,REP-S622,Sophia Novak,TERR-S10,3,7,5,3,1,11,18.4897,33613.65,1.9979,0.018776,18.8591,synthetic
2001001268,Dr. Deborah Williams,Palliative Care,Columbus,OH,Subsys,REP-S753,Spencer Tanaka,TERR-S01,2,4,7,4,1,15,9.8091,11422.53,5.5611,0.049234,10.3546,synthetic
2001001269,Dr. Barbara Robinson,Palliative Care,Portland,OR,Subsys,REP-S531,Silas Patel,TERR-S03,3,9,3,2,3,22,24.4294,52241.21,4.5935,0.043182,25.5515,synthetic
2001001270,Dr. Laura Gonzalez,Orthopedics,Houston,TX,Subsys,REP-S547,Scott Chen,TERR-S05,3,6,2,2,3,27,16.6073,40349.5,4.4617,0.041222,17.3483,synthetic
2001001271,Dr. Betty White,Pain Management,Miami,FL,Fentora,REP-S723,Sean Santos,TERR-S13,2,5,7,5,4,20,12.1865,14069.16,9.1434,0.081119,13.3008,synthetic
2001001272,Dr. David Allen,Neurology,Portland,OR,Lazanda,REP-S571,Silas Kapoor,TERR-S01,2,2,5,4,0,18,4.4243,5041.55,4.1784,0.033513,4.6092,synthetic
2001001273,Dr. Linda Anderson,Oncology,Chicago,IL,Fentora,REP-S578,Summer Kapoor,TERR-S08,3,4,4,2,0,15,9.3165,23839.65,2.9291,0.026108,9.5894,synthetic
2001001274,Dr. Michael Brown,Pain Management,Miami,FL,Subsys,REP-S520,Sloan Brooks,TERR-S06,2,4,8,4,2,18,11.1093,20214.14,5.8231,0.052044,11.7563,synthetic
2001001275,Dr. Stephanie Miller,Oncology,Charlotte,NC,Subsys,REP-S740,Sloan Santos,TERR-S02,3,2,2,2,2,17,3.5865,8517.52,3.2056,0.024757,3.7015,synthetic
2001001276,Dr. Ashley Hill,Pain Management,Atlanta,GA,Actiq,REP-S605,Simon O'Connor,TERR-S07,1,5,12,8,0,24,12.1804,25343.1,4.2903,0.038882,12.703,synthetic
2001001277,Dr. Kathleen Jones,Orthopedics,Detroit,MI,Subsys,REP-S544,Sarah Chen,TERR-S02,3,5,3,3,3,21,14.6988,36371.41,3.8819,0.035701,15.2694,synthetic
2001001278,Dr. Charles King,Pain Management,Los Angeles,CA,Subsys,REP-S508,Serena Brooks,TERR-S08,2,5,8,5,4,18,13.3441,32988.76,5.9631,0.05399,14.1398,synthetic
2001001279,Dr. Laura Thompson,Palliative Care,Charlotte,NC,Fentora,REP-S516,Sasha Brooks,TERR-S02,3,2,5,3,0,14,5.511,14052.58,2.4581,0.020592,5.6465,synthetic
2001001280,Dr. Jessica Harris,Internal Medicine,Austin,TX,Subsys,REP-S688,Serena Larsson,TERR-S06,3,4,4,2,3,21,9.5449,23076.69,2.5856,0.023134,9.7917,synthetic
2001001281,Dr. David Thomas,Pain Management,Miami,FL,Subsys,REP-S522,Sophia Patel,TERR-S08,2,6,5,5,6,14,16.3752,34739.73,7.236,0.065971,17.5602,synthetic
2001001282,Dr. Joseph Lopez,Palliative Care,Chicago,IL,Fentora,REP-S584,Sarah Nakamura,TERR-S14,3,7,4,3,4,18,18.4507,16950.44,3.7649,0.03509,19.1453,synthetic
2001001283,Dr. Ashley Adams,Oncology,Chicago,IL,Abstral,REP-S765,Simon Muller,TERR-S13,3,6,5,5,0,15,17.8776,41514.71,5.0803,0.046991,18.7858,synthetic
2001001284,Dr. Rebecca Thomas,Neurology,Jacksonville,FL,Fentora,REP-S844,Sarah Kim,TERR-S08,3,3,4,2,2,8,6.9675,10319.71,4.0851,0.035101,7.2521,synthetic
2001001285,Dr. Patricia Smith,Internal Medicine,Miami,FL,Abstral,REP-S827,Scott Alvarez,TERR-S05,3,3,4,2,0,21,8.1335,18144.78,0.0464,0.000413,8.1373,synthetic
2001001286,Dr. Jessica Adams,Psychiatry,Detroit,MI,Actiq,REP-S843,Sean Kim,TERR-S07,3,5,2,2,0,25,14.2958,12742.65,0.3343,0.00312,14.3436,synthetic
2001001287,Dr. Joseph Young,Pain Management,Jacksonville,FL,Fentora,REP-S675,Stephen Kowalski,TERR-S07,2,10,6,4,3,21,30.9584,67976.47,7.8689,0.073461,33.3945,synthetic
2001001288,Dr. Sharon Wright,Neurology,Los Angeles,CA,Abstral,REP-S647,Scott Dubois,TERR-S07,2,2,9,4,5,16,5.8433,10200.63,8.3707,0.069036,6.3324,synthetic
2001001289,Dr. Sarah Ramirez,Palliative Care,Portland,OR,Subsys,REP-S775,Stephen Muller,TERR-S09,3,7,4,3,0,6,19.3579,37452.61,4.462,0.041553,20.2217,synthetic
2001001290,Dr. Sharon Rivera,Pain Management,Las Vegas,NV,Subsys,REP-S805,Simon Vargas,TERR-S11,3,4,4,3,2,22,11.7441,29786.13,3.6178,0.032796,12.169,synthetic
2001001291,Dr. Kathleen Jones,Orthopedics,Philadelphia,PA,Subsys,REP-S736,Sasha Santos,TERR-S12,2,5,5,3,1,16,12.2774,31748.36,5.3779,0.048532,12.9377,synthetic
2001001292,Dr. Patricia Taylor,Oncology,New York,NY,Actiq,REP-S593,Spencer Nakamura,TERR-S09,3,3,2,2,3,29,8.2476,17139.13,5.4138,0.047155,8.6941,synthetic
2001001293,Dr. Elizabeth Gonzalez,Orthopedics,Boston,MA,Abstral,REP-S633,Spencer Novak,TERR-S07,3,3,4,3,2,9,6.0555,13510.65,4.1155,0.034712,6.3047,synthetic
2001001294,Dr. Sharon Miller,Oncology,Jacksonville,FL,Subsys,REP-S693,Spencer Larsson,TERR-S11,3,8,5,4,3,20,21.2799,53642.45,5.8631,0.054488,22.5276,synthetic
2001001295,Dr. Deborah Williams,Oncology,New York,NY,Subsys,REP-S744,Sarah Tanaka,TERR-S06,2,7,6,4,4,20,20.4215,49295.13,7.8425,0.072101,22.023,synthetic
2001001296,Dr. John Nelson,Internal Medicine,Denver,CO,Subsys,REP-S822,Sophia Alvarez,TERR-S14,3,3,2,1,1,19,7.0491,12719.01,2.8475,0.024631,7.2498,synthetic
2001001297,Dr. Emily Hall,Pain Management,New York,NY,Subsys,REP-S663,Sean Kowalski,TERR-S09,3,6,5,4,2,12,17.0325,35948.56,5.3157,0.048989,17.9379,synthetic
2001001298,Dr. Emily Adams,Pain Management,Miami,FL,Subsys,REP-S715,Stephen Rossi,TERR-S05,3,7,5,4,0,29,18.4088,30244.44,4.6629,0.043276,19.2672,synthetic
2001001299,Dr. Kathleen Scott,Neurology,Miami,FL,Subsys,REP-S765,Simon Muller,TERR-S13,3,5,2,1,1,18,13.2902,33085.15,2.896,0.026577,13.6751,synthetic
2001001300,Dr. Margaret Martin,Oncology,Denver,CO,Lazanda,REP-S719,Solomon Rossi,TERR-S09,3,6,2,1,1,16,16.4524,41709.72,0.7675,0.00721,16.5787,synthetic
2001001301,Dr. Margaret Harris,Anesthesiology,Charlotte,NC,Subsys,REP-S725,Simon Santos,TERR-S01,2,4,7,7,8,14,11.7005,10052.49,9.2164,0.081495,12.7789,synthetic
2001001302,Dr. Jennifer Lopez,Oncology,Houston,TX,Abstral,REP-S640,Sloan Novak,TERR-S14,3,6,5,4,3,11,16.354,39523.68,7.1417,0.065134,17.5219,synthetic
2001001303,Dr. Karen Brown,Internal Medicine,Atlanta,GA,Abstral,REP-S525,Simon Patel,TERR-S11,3,8,4,3,2,21,23.8092,30273.0,3.9266,0.036991,24.7441,synthetic
2001001304,Dr. Elizabeth Torres,Palliative Care,Detroit,MI,Subsys,REP-S780,Sloan Muller,TERR-S14,3,8,5,2,2,13,21.6787,44259.94,4.2657,0.039967,22.6035,synthetic
2001001305,Dr. Ashley Smith,Oncology,Philadelphia,PA,Subsys,REP-S736,Sasha Santos,TERR-S12,2,5,7,5,3,30,12.365,19187.1,8.9927,0.079918,13.4769,synthetic
2001001306,Dr. Linda Hill,Orthopedics,Miami,FL,Abstral,REP-S762,Sophia Muller,TERR-S10,3,7,2,1,2,21,20.3423,41225.74,2.5807,0.0243,20.8672,synthetic
2001001307,Dr. Stephanie Johnson,Emergency Medicine,Seattle,WA,Subsys,REP-S607,Scott O'Connor,TERR-S09,3,6,4,2,1,10,17.866,35558.12,0.9957,0.009385,18.0439,synthetic
2001001308,Dr. Ashley Gonzalez,Anesthesiology,Portland,OR,Abstral,REP-S667,Scott Kowalski,TERR-S13,3,4,3,3,0,15,11.5876,18384.41,3.0447,0.027643,11.9404,synthetic
2001001309,Dr. Dorothy Rodriguez,Oncology,Los Angeles,CA,Subsys,REP-S589,Seth Nakamura,TERR-S05,3,7,2,1,1,14,19.0851,46096.21,4.8721,0.045255,20.0149,synthetic
2001001310,Dr. Sharon Nelson,Internal Medicine,Austin,TX,Subsys,REP-S646,Stella Dubois,TERR-S06,3,6,2,1,1,11,16.0971,15918.92,3.8492,0.035599,16.7167,synthetic
2001001311,Dr. William Brown,Anesthesiology,Los Angeles,CA,Fentora,REP-S550,Sadie Chen,TERR-S08,3,8,5,3,4,23,21.5075,52726.07,3.15,0.029656,22.185,synthetic
2001001312,Dr. Margaret Allen,Anesthesiology,Seattle,WA,Subsys,REP-S597,Stanley Nakamura,TERR-S13,3,5,3,1,1,26,13.4392,13449.69,2.1148,0.019492,13.7234,synthetic
2001001313,Dr. Betty Harris,Pain Management,Chicago,IL,Subsys,REP-S623,Sean Novak,TERR-S11,2,6,8,6,2,11,17.0292,17615.59,7.2081,0.065866,18.2567,synthetic
2001001314,Dr. Lisa Rodriguez,Palliative Care,Atlanta,GA,Subsys,REP-S501,Samuel Brooks,TERR-S01,2,4,6,4,0,20,10.3699,15145.93,2.8058,0.025268,10.6609,synthetic
2001001315,Dr. Dorothy Lewis,Neurology,Nashville,TN,Subsys,REP-S665,Simon Kowalski,TERR-S11,3,5,3,2,2,18,12.7026,28180.78,3.3793,0.030847,13.1319,synthetic
2001001316,Dr. Michelle Brown,Pain Management,Los Angeles,CA,Actiq,REP-S786,Stella Gomez,TERR-S06,2,5,8,6,7,17,13.0861,12832.79,6.6225,0.059705,13.9527,synthetic
2001001317,Dr. Michael Rivera,Pain Management,Nashville,TN,Subsys,REP-S649,Seth Dubois,TERR-S09,3,4,2,2,0,19,10.1718,21463.36,2.464,0.022187,10.4224,synthetic
2001001318,Dr. James Sanchez,Pain Management,Phoenix,AZ,Subsys,REP-S777,Stanley Muller,TERR-S11,3,4,5,4,1,14,11.8681,21704.18,6.7049,0.060002,12.6638,synthetic
2001001319,Dr. Carol Lee,Internal Medicine,Philadelphia,PA,Subsys,REP-S694,Selena Larsson,TERR-S12,3,5,2,1,0,26,14.3775,29313.84,1.3674,0.012704,14.5741,synthetic
2001001320,Dr. Lisa Mitchell,Pain Management,Las Vegas,NV,Abstral,REP-S586,Stella Nakamura,TERR-S02,2,5,7,6,1,12,12.1363,24022.19,8.4407,0.07509,13.1607,synthetic
2001001321,Dr. Robert Campbell,Oncology,Las Vegas,NV,Abstral,REP-S503,Sean Brooks,TERR-S03,3,5,2,2,0,11,13.866,25762.35,0.6733,0.00626,13.9594,synthetic
2001001322,Dr. Sharon Allen,Pain Management,Philadelphia,PA,Fentora,REP-S670,Sadie Kowalski,TERR-S02,2,3,7,4,3,22,7.2752,6771.05,4.5146,0.038923,7.6036,synthetic
2001001323,Dr. Betty Perez,Oncology,Denver,CO,Subsys,REP-S503,Sean Brooks,TERR-S03,3,6,2,2,2,17,15.744,34338.79,1.7248,0.016088,16.0156,synthetic
2001001324,Dr. Ashley Rodriguez,Palliative Care,Columbus,OH,Abstral,REP-S573,Spencer Kapoor,TERR-S03,3,4,3,3,4,20,10.0699,17230.72,6.5367,0.057761,10.7281,synthetic
2001001325,Dr. Sharon Lee,Pain Management,Columbus,OH,Lazanda,REP-S616,Sasha O'Connor,TERR-S04,1,3,9,6,0,21,7.9831,19567.71,2.4375,0.02143,8.1777,synthetic
2001001326,Dr. Lisa Perez,Pain Management,Los Angeles,CA,Subsys,REP-S574,Selena Kapoor,TERR-S04,1,5,13,9,3,12,14.7794,29699.82,8.5112,0.0767,16.0373,synthetic
2001001327,Dr. Deborah Nguyen,Oncology,Detroit,MI,Subsys,REP-S526,Stella Patel,TERR-S12,2,5,7,4,0,18,13.7161,14971.24,3.5307,0.032378,14.2004,synthetic
2001001328,Dr. Amanda Martinez,Pain Management,New York,NY,Subsys,REP-S513,Spencer Brooks,TERR-S13,2,4,6,5,3,15,11.5116,19480.73,9.7595,0.085989,12.6351,synthetic
2001001329,Dr. Jessica Green,Pain Management,Charlotte,NC,Abstral,REP-S672,Sienna Kowalski,TERR-S04,2,5,9,6,1,24,12.1376,15013.41,6.6254,0.059411,12.9418,synthetic
2001001330,Dr. John Hill,Neurology,New York,NY,Abstral,REP-S701,Samuel Rossi,TERR-S05,3,7,3,3,0,17,18.97,29058.34,3.1264,0.029266,19.563,synthetic
2001001331,Dr. Kimberly Lewis,Oncology,Columbus,OH,Actiq,REP-S692,Sienna Larsson,TERR-S10,3,5,5,3,3,10,12.369,25518.98,5.4329,0.049043,13.041,synthetic
2001001332,Dr. Donna Thomas,Oncology,Miami,FL,Actiq,REP-S582,Sophia Nakamura,TERR-S12,1,5,11,5,5,8,13.3913,27238.05,8.2515,0.073977,14.4963,synthetic
2001001333,Dr. Barbara Allen,Family Practice,Chicago,IL,Subsys,REP-S758,Summer Tanaka,TERR-S06,3,8,4,3,0,18,23.2221,39394.71,1.4893,0.014177,23.5679,synthetic
2001001334,Dr. Sandra Sanchez,Palliative Care,Atlanta,GA,Lazanda,REP-S631,Silas Novak,TERR-S05,3,2,4,2,0,18,5.6536,9774.62,1.6468,0.013896,5.7467,synthetic
2001001335,Dr. Melissa White,Oncology,Miami,FL,Actiq,REP-S592,Sienna Nakamura,TERR-S08,3,4,3,3,1,7,9.8073,19427.17,4.5051,0.040069,10.2492,synthetic
2001001336,Dr. Michael Rivera,Oncology,New York,NY,Subsys,REP-S521,Samuel Patel,TERR-S07,2,6,8,5,0,25,17.0766,39397.74,2.6251,0.024496,17.5248,synthetic
2001001337,Dr. Barbara Allen,Anesthesiology,Seattle,WA,Subsys,REP-S549,Seth Chen,TERR-S07,2,9,5,2,0,16,26.5711,41386.2,1.2664,0.012131,26.9076,synthetic
2001001338,Dr. Laura Adams,Pain Management,Los Angeles,CA,Subsys,REP-S732,Sienna Santos,TERR-S08,3,5,2,2,1,24,12.2358,24548.09,5.8114,0.05233,12.9469,synthetic
2001001339,Dr. Michael Jones,Oncology,Baltimore,MD,Subsys,REP-S844,Sarah Kim,TERR-S08,3,4,5,3,3,19,11.2385,29012.91,4.154,0.037436,11.7054,synthetic
2001001340,Dr. Robert Adams,Anesthesiology,Nashville,TN,Abstral,REP-S779,Solomon Muller,TERR-S13,3,8,5,3,3,23,21.8686,27661.52,5.0994,0.047612,22.9838,synthetic
2001001341,Dr. Donna Thomas,Palliative Care,Detroit,MI,Subsys,REP-S778,Summer Muller,TERR-S12,2,8,9,7,5,10,21.4718,48927.88,2.5345,0.023929,22.016,synthetic
2001001342,Dr. Michael Mitchell,Pain Management,Phoenix,AZ,Subsys,REP-S758,Summer Tanaka,TERR-S06,2,7,9,6,7,21,18.7298,39212.95,8.0553,0.073688,20.2385,synthetic
2001001343,Dr. Linda Rodriguez,Pain Management,Chicago,IL,Fentora,REP-S808,Serena Vargas,TERR-S14,3,3,2,1,2,11,7.9291,9640.94,3.1616,0.027689,8.1798,synthetic
2001001344,Dr. Deborah Lopez,Palliative Care,Detroit,MI,Subsys,REP-S653,Spencer Dubois,TERR-S13,3,7,2,1,2,12,18.2348,19650.32,4.7112,0.043694,19.0939,synthetic
2001001345,Dr. Elizabeth Harris,Pain Management,Houston,TX,Abstral,REP-S712,Sienna Rossi,TERR-S02,2,3,5,4,3,16,7.9517,12859.3,8.8356,0.075558,8.6543,synthetic
2001001346,Dr. Mary Wright,Oncology,Las Vegas,NV,Subsys,REP-S592,Sienna Nakamura,TERR-S08,3,6,3,1,2,15,17.6228,34432.66,3.9623,0.036809,18.3211,synthetic
2001001347,Dr. Susan Torres,Palliative Care,Los Angeles,CA,Actiq,REP-S584,Sarah Nakamura,TERR-S14,3,5,3,1,1,7,13.9865,34326.92,1.976,0.018274,14.2628,synthetic
2001001348,Dr. Kathleen Johnson,Internal Medicine,Chicago,IL,Abstral,REP-S529,Seth Patel,TERR-S01,3,8,4,3,1,18,21.3474,52769.41,2.3227,0.021945,21.8432,synthetic
2001001349,Dr. Margaret White,Oncology,Seattle,WA,Actiq,REP-S565,Simon Kapoor,TERR-S09,3,5,2,1,2,27,13.3897,33268.17,3.1987,0.02933,13.818,synthetic
2001001350,Dr. Michelle Sanchez,Anesthesiology,Las Vegas,NV,Fentora,REP-S808,Serena Vargas,TERR-S14,3,5,5,4,0,21,13.7427,25330.21,3.568,0.032719,14.233,synthetic
