Prscrbr_NPI,Physician_Name,Specialty,City,State,Brand_Name,Sales_Rep,Sales_Rep_Name,Territory,HCP_Tier,CMS_Volume_Decile,Target_Calls,Actual_Calls,Samples_Dropped,Tot_Clms,Tot_30day_Fills,Tot_Drug_Cst,Rx_Lift_Pct,Delta_Log_Fills,Post_Campaign_Fills,dataset_mode,Compliance_Pct,Monthly_Call_Frequency,Sample_Velocity,Log_Baseline_Fills,Diminishing_Call_Log,Tier_Compliance_Interaction,Sample_Call_Ratio,Baseline_Volume_Saturation,Compliance_Pct_raw,Monthly_Call_Frequency_raw,Sample_Velocity_raw,Log_Baseline_Fills_raw,Diminishing_Call_Log_raw,Tier_Compliance_Interaction_raw,Sample_Call_Ratio_raw,Tot_30day_Fills_raw,Tot_Drug_Cst_raw,Tot_Clms_raw
2001000001,Dr. Deborah Lee,Anesthesiology,Philadelphia,PA,Subsys,REP-S751,Silas Tanaka,TERR-S13,2,8.0,5,4,5,1.3385416974443696,0.7181073337610934,-0.31952060644284325,6.0883,0.056258712821802614,20.3635,synthetic,0.5754043519696166,-0.04770301438881521,1.1379349445309213,0.8018293339621951,0.171618335963463,1.1063379300499994,1.1379349445309213,1.3162842132526182,80.0,1.3333333333333333,1.25,3.005425145524891,1.6094379124341003,640.0,1.25,19.1948,21725.57,27.0
2001000003,Dr. Michael Moore,Emergency Medicine,Columbus,OH,Actiq,REP-S514,Selena Brooks,TERR-S14,3,4.0,5,4,4,0.14158858559120047,-0.42582870488550706,0.12789085229879327,3.1776,0.02896608275609891,12.709,synthetic,0.5754043519696166,-0.04770301438881521,0.6349183820565215,-0.2644169289698151,0.171618335963463,-0.2978583678624179,0.6349183820565215,0.9480259464917745,80.0,1.3333333333333333,1.0,2.5890864686976642,1.6094379124341003,320.0,1.0,12.3176,27629.75,20.0
2001000004,Dr. Carol King,Oncology,Charlotte,NC,Subsys,REP-S845,Simon Kim,TERR-S09,3,10.0,5,3,1,-0.8843712245686588,1.8829353584563784,1.2145151242253918,5.2112,0.04897643776666838,27.5628,synthetic,-0.6164282087760067,-0.47808241626437475,-0.7064591178752114,1.5642503062689341,-0.33040708865298646,0.9308133928109472,-0.7064591178752114,1.7393862452664834,60.0,1.0,0.3333333333333333,3.3031287341148716,1.3862943611198906,600.0,0.3333333333333333,26.1976,41969.18,14.0
2001000005,Dr. Melissa Perez,Oncology,Seattle,WA,Subsys,REP-S628,Serena Novak,TERR-S02,2,10.0,5,4,5,-0.8843712245686588,1.4606544270726571,0.4642553535027901,4.1467,0.039011841798011204,24.6399,synthetic,0.5754043519696166,-0.04770301438881521,1.1379349445309213,1.3132950694449261,0.171618335963463,1.8084360790062082,1.1379349445309213,1.5708295888988,80.0,1.3333333333333333,1.25,3.205137890090846,1.6094379124341003,800.0,1.25,23.6589,32068.52,14.0
2001000006,Dr. Stephanie Wilson,Pain Management,Phoenix,AZ,Abstral,REP-S832,Sienna Alvarez,TERR-S10,3,1.0,3,2,0,-0.0294047161021094,-1.3909020636105278,-1.1048272974072768,0.5047,0.004367949696726381,6.5486,synthetic,-0.21915068852746614,-0.9084618181399344,-1.3771478678410778,-1.729549317226457,-0.9776304286355144,-1.409513770376415,-1.3771478678410778,0.4497615792816619,66.66666666666666,0.6666666666666666,0.0,2.0169941659062767,1.0986122886681098,66.66666666666666,0.0,6.5157,11362.42,19.0
2001000007,Dr. Nancy Lewis,Neurology,Baltimore,MD,Abstral,REP-S783,Sean Gomez,TERR-S03,2,4.0,5,3,2,0.48357518897782026,-0.39364240472292383,0.4151491993046194,4.4792,0.04063990542488982,13.0715,synthetic,-0.6164282087760067,-0.47808241626437475,-0.035770367909345006,-0.2274741440984315,-0.33040708865298646,-0.6489074423405222,-0.035770367909345006,0.8560549213698412,60.0,1.0,0.6666666666666666,2.6035115698270883,1.3862943611198906,240.0,0.6666666666666666,12.5111,31420.5,22.0
2001000008,Dr. Ashley Adams,Anesthesiology,Los Angeles,CA,Actiq,REP-S780,Sloan Muller,TERR-S14,2,8.0,6,5,5,1.6805283008309895,0.42179376730307916,0.9488431157351839,6.223,0.0571819471490862,18.497,synthetic,0.7740431120938877,0.3826763874867446,0.6349183820565215,0.5653293398315089,0.5818029746283429,1.2233542882093678,0.6349183820565215,1.1941246337056464,83.33333333333334,1.6666666666666667,1.0,2.9130786604312355,1.791759469228055,666.6666666666667,1.0,17.4134,38463.29,29.0
2001000009,Dr. Thomas Smith,Family Practice,Charlotte,NC,Lazanda,REP-S725,Simon Santos,TERR-S01,3,7.0,3,2,2,-0.542384621182039,0.3196292941255153,-0.7963152806567502,3.2208,0.029947311914835684,17.3403,synthetic,-0.21915068852746614,-0.9084618181399344,0.6349183820565215,0.4784467986487498,-0.9776304286355144,0.3457316020141065,0.6349183820565215,1.130875557050052,66.66666666666666,0.6666666666666666,1.0,2.879153512467811,1.0986122886681098,466.66666666666663,1.0,16.7992,15433.64,16.0
2001000010,Dr. Sandra Sanchez,Oncology,Jacksonville,FL,Abstral,REP-S839,Solomon Alvarez,TERR-S03,2,3.0,9,5,3,-0.0294047161021094,-0.7788134468752634,-1.0971683377998434,6.5276,0.057752226154669906,10.8611,synthetic,-0.8812798889417006,0.3826763874867446,-0.16990811790251828,-0.7089425829159584,0.5818029746283429,-0.9707024272787845,-0.16990811790251828,0.676928896678109,55.55555555555556,1.6666666666666667,0.6,2.415511911849256,1.791759469228055,166.66666666666669,0.6,10.1955,11463.49,19.0
2001000011,Dr. Margaret Robinson,Oncology,Seattle,WA,Subsys,REP-S795,Stephen Gomez,TERR-S01,3,3.0,5,4,1,-0.713377922875349,-0.7606493953106426,-0.8609098562872286,5.7735,0.051286217659900046,10.8996,synthetic,0.5754043519696166,-0.04770301438881521,-0.874131305366678,-0.6840837674869946,0.171618335963463,-0.6489074423405222,-0.874131305366678,0.684179216477751,80.0,1.3333333333333333,0.25,2.425218568447261,1.6094379124341003,240.0,0.25,10.3047,14581.23,15.0
2001000012,Dr. Patricia Gonzalez,Pain Management,Baltimore,MD,Lazanda,REP-S609,Seth O'Connor,TERR-S11,3,5.0,2,2,3,0.6545684906711301,-0.2258411664592861,-0.7169938601651987,5.5608,0.0504813201173504,14.2717,synthetic,1.7672369127152399,-0.9084618181399344,1.640951507005321,-0.04305973758581215,-0.9776304286355144,0.49200204971331685,1.640951507005321,0.9332430246527833,100.0,0.6666666666666666,1.5,2.6755201223205924,1.0986122886681098,500.0,1.5,13.5199,16480.39,23.0
2001000013,Dr. Sarah Brown,Oncology,Nashville,TN,Subsys,REP-S688,Serena Larsson,TERR-S06,3,6.0,3,2,3,2.7064881109908487,0.06238839902766068,-0.4298196275866434,5.1122,0.046858363699847416,16.0324,synthetic,-0.21915068852746614,-0.9084618181399344,1.640951507005321,0.24566544159496975,-0.9776304286355144,0.05319070661568615,1.640951507005321,1.012701033040282,66.66666666666666,0.6666666666666666,1.5,2.788259048819879,1.0986122886681098,399.99999999999994,1.5,15.2527,20270.03,35.0
2001000014,Dr. Nancy Brown,Emergency Medicine,Philadelphia,PA,Lazanda,REP-S825,Simon Alvarez,TERR-S03,3,9.0,2,2,3,1.1675483957510597,1.2807770885929806,-0.3493418231670277,1.3877,0.01320058015571135,22.8908,synthetic,1.7672369127152399,-0.9084618181399344,1.640951507005321,1.1984466528113273,-0.9776304286355144,2.2472474221038388,1.640951507005321,1.737680701347506,100.0,0.6666666666666666,1.5,3.1602928674359028,1.0986122886681098,900.0,1.5,22.5775,21332.04,26.0
2001000015,Dr. Carol Scott,Oncology,New York,NY,Fentora,REP-S775,Stephen Muller,TERR-S09,3,4.0,2,2,1,0.14158858559120047,-0.5491346703145662,-0.7599642078984055,7.3103,0.06511831295042958,12.4225,synthetic,1.7672369127152399,-0.9084618181399344,-0.37111474289227814,-0.41109189040432786,-0.9776304286355144,0.0531907066156864,-0.37111474289227814,0.7686069331190029,100.0,0.6666666666666666,0.5,2.5318140903641577,1.0986122886681098,400.0,0.5,11.5763,15913.34,20.0
2001000016,Dr. Deborah Moore,Anesthesiology,Phoenix,AZ,Fentora,REP-S788,Serena Gomez,TERR-S08,3,3.0,4,2,2,-1.0553645262619686,-0.6854814932771989,-0.857992373899911,4.0432,0.03633240498489654,11.1916,synthetic,-1.2123444891488182,-0.9084618181399344,0.6349183820565215,-0.5837019827279368,-0.9776304286355144,-1.0438376511283896,0.6349183820565215,0.7376342951358239,50.0,0.6666666666666666,1.0,2.4644147850222367,1.0986122886681098,150.0,1.0,10.7566,14619.73,13.0
2001000017,Dr. Margaret Jackson,Pain Management,Portland,OR,Subsys,REP-S541,Samuel Chen,TERR-S13,1,10.0,11,10,6,0.14158858559120047,1.4545664757240757,0.9411477823213628,11.8136,0.10736116914412541,26.4129,synthetic,1.2254948396490473,2.534573396864543,-0.16990811790251828,1.3094910681954508,1.9454793272294546,2.287139362385441,-0.16990811790251828,1.6305850414023362,90.9090909090909,3.3333333333333335,0.6,3.2036525363766857,2.3978952727983707,909.090909090909,0.6,23.6223,38361.74,20.0
2001000018,Dr. Margaret Thompson,Palliative Care,Las Vegas,NV,Subsys,REP-S530,Sadie Patel,TERR-S02,2,5.0,7,6,7,1.3385416974443696,-0.3426100693747042,0.1364561259153779,10.5097,0.09302528803745602,14.165,synthetic,0.91592794075408,0.8130557893623042,0.9702627570394549,-0.16997112860625366,0.9286091450931295,0.17856537607215217,0.9702627570394549,0.8228643548757003,85.71428571428571,2.0,1.1666666666666667,2.6259648531030884,1.9459101490553132,428.57142857142856,1.1666666666666667,12.8179,27742.78,27.0
2001000019,Dr. Michelle Rodriguez,Orthopedics,Miami,FL,Fentora,REP-S662,Sophia Kowalski,TERR-S08,3,8.0,5,4,3,0.31258188728451036,0.546663304936419,0.4097257132147409,4.8144,0.04462167637231529,19.0386,synthetic,0.5754043519696166,-0.04770301438881521,0.1319018195821217,0.6676673756955661,0.171618335963463,1.1063379300499994,0.1319018195821217,1.125217202769045,80.0,1.3333333333333333,0.75,2.9530387371245648,1.6094379124341003,640.0,0.75,18.1641,31348.93,21.0
2001000020,Dr. Susan Rodriguez,Pain Management,Nashville,TN,Subsys,REP-S668,Serena Kowalski,TERR-S14,1,2.0,10,7,1,-0.0294047161021094,-1.0514571915599666,-0.33756883449965974,3.9243,0.03453548070732282,8.8922,synthetic,-0.020511928403195035,1.243435191237864,-1.089709832141421,-1.114352102127851,1.2290263146108709,-1.0877187854381527,-1.089709832141421,0.5906257158809662,70.0,2.3333333333333335,0.14285714285714285,2.2572110871057283,2.0794415416798357,140.0,0.14285714285714285,8.5564,21487.4,19.0
2001000021,Dr. William Adams,Pain Management,Seattle,WA,Fentora,REP-S718,Summer Rossi,TERR-S08,3,8.0,4,2,0,-0.713377922875349,0.4261850764725483,0.5164782882357755,2.6966,0.025184798781036744,17.9101,synthetic,-1.2123444891488182,-0.9084618181399344,-1.3771478678410778,0.5689985243901373,-0.9776304286355144,0.0531907066156864,-1.3771478678410778,1.20382337897023,50.0,0.6666666666666666,0.0,2.9145113720826448,1.0986122886681098,400.0,0.0,17.4398,32757.67,15.0
2001000022,Dr. Kimberly Mitchell,Internal Medicine,Las Vegas,NV,Abstral,REP-S577,Stanley Kapoor,TERR-S07,3,2.0,4,2,1,-0.20039801779541927,-0.9084236023620066,-0.9685217624841642,3.3125,0.02950390171471362,9.7282,synthetic,-1.2123444891488182,-0.9084618181399344,-0.37111474289227814,-0.8936936913205868,-0.9776304286355144,-1.2632433226772048,-0.37111474289227814,0.6099731810599341,50.0,0.6666666666666666,0.5,2.3433718868947664,1.0986122886681098,100.0,0.5,9.4163,13161.15,18.0
2001000023,Dr. Sarah Davis,Pain Management,Las Vegas,NV,Subsys,REP-S765,Simon Muller,TERR-S13,2,4.0,6,3,0,-0.0294047161021094,-0.4901181364764032,-1.033970364777112,2.133,0.019490062389214025,12.1856,synthetic,-1.2123444891488182,-0.47808241626437475,-1.3771478678410778,-0.3398416736500607,-0.33040708865298646,-0.8244319795795745,-1.3771478678410778,0.8235723527122851,50.0,1.0,0.0,2.559635262637768,1.3862943611198906,200.0,0.0,11.9311,12297.47,19.0
2001000024,Dr. Joseph Sanchez,Pain Management,Miami,FL,Abstral,REP-S719,Solomon Rossi,TERR-S09,3,6.0,4,3,0,-0.8843712245686588,-0.009452753634973441,-0.22972959201280344,3.1563,0.029139946663745864,15.2886,synthetic,0.27744621178321077,-0.47808241626437475,-1.3771478678410778,0.1766885114436288,-0.33040708865298646,0.2725963781645016,-1.3771478678410778,1.023040719219371,75.0,1.0,0.0,2.7613255299610704,1.3862943611198906,450.0,0.0,14.8208,22910.48,14.0
2001000025,Dr. Rebecca Carter,Pain Management,Austin,TX,Abstral,REP-S680,Sloan Kowalski,TERR-S12,2,9.0,5,5,0,0.31258188728451036,1.1389411291685116,-0.38670226905262095,6.351,0.05894585450755496,23.1046,synthetic,1.7672369127152399,0.3826763874867446,-1.3771478678410778,1.1041093267525635,0.5818029746283429,2.2472474221038388,-1.3771478678410778,1.499605622968867,100.0,1.6666666666666667,0.0,3.1234568391447266,1.791759469228055,900.0,0.0,21.7248,20839.02,21.0
2001000026,Dr. Emily Scott,Palliative Care,Philadelphia,PA,Abstral,REP-S532,Sienna Patel,TERR-S04,2,2.0,7,5,4,-1.3973511296485885,-1.0012399098075953,-0.6470599128721125,8.1083,0.07032081888859398,9.5765,synthetic,0.06461896879292103,0.3826763874867446,0.23250513207700174,-1.034697990667192,0.5818029746283429,-1.075181318492506,0.23250513207700174,0.5686718818835703,71.42857142857143,1.6666666666666667,0.8,2.288313739956474,1.791759469228055,142.85714285714286,0.8,8.8583,17403.26,11.0
2001000027,Dr. Jessica Torres,Oncology,Boston,MA,Actiq,REP-S611,Silas O'Connor,TERR-S13,2,9.0,9,6,4,-1.2263578279552785,0.8426774639510599,0.8185551724062762,8.9125,0.08146052420602246,21.7212,synthetic,-0.21915068852746614,0.8130557893623042,-0.035770367909345006,0.895082614796131,0.9286091450931295,0.9308133928109468,-0.035770367909345006,1.3241593680230694,66.66666666666666,2.0,0.6666666666666666,3.0418378851535732,1.9459101490553132,599.9999999999999,0.6666666666666666,19.9437,36743.97,12.0
2001000028,Dr. Michael Lee,Anesthesiology,Baltimore,MD,Actiq,REP-S653,Spencer Dubois,TERR-S13,2,4.0,6,4,5,0.6545684906711301,-0.5403354182287745,-0.6090576208613093,7.7011,0.0685134440872579,12.5248,synthetic,-0.21915068852746614,-0.04770301438881521,1.1379349445309213,-0.40034205652998606,0.171618335963463,-0.5318910841811543,1.1379349445309213,0.7974728766518717,66.66666666666666,1.3333333333333333,1.25,2.5360115931052682,1.6094379124341003,266.66666666666663,1.25,11.6292,17904.75,23.0
2001000030,Dr. Stephanie Wright,Anesthesiology,Atlanta,GA,Subsys,REP-S555,Stephen Chen,TERR-S13,2,5.0,9,6,2,0.82556179236444,-0.30057659107452434,0.3239517310276025,3.8032,0.034719234992229175,13.5677,synthetic,-0.21915068852746614,0.8130557893623042,-0.7064591178752114,-0.12355886695288226,0.9286091450931295,-0.2393501887827342,-0.7064591178752114,0.896316941970725,66.66666666666666,2.0,0.3333333333333333,2.6440875141403124,1.9459101490553132,333.33333333333326,0.3333333333333333,13.0706,30217.03,24.0
2001000031,Dr. Betty Perez,Oncology,Columbus,OH,Actiq,REP-S754,Selena Tanaka,TERR-S02,2,3.0,9,8,4,-1.2263578279552785,-0.6883092302423873,-1.231207329912445,8.5006,0.07488708183684967,11.6525,synthetic,1.1051077123010045,1.6738145931134232,-0.37111474289227814,-0.5874078693379358,1.4940130379096728,-0.5318910841811543,-0.37111474289227814,0.7130543454233946,88.88888888888889,2.6666666666666665,0.5,2.4629677422692464,2.1972245773362196,266.66666666666663,0.5,10.7396,9694.67,12.0
2001000032,Dr. Mary Lewis,Internal Medicine,Columbus,OH,Fentora,REP-S590,Sadie Nakamura,TERR-S06,3,2.0,3,3,3,0.14158858559120047,-1.1467519272868085,-0.9994440446391988,4.6255,0.04028620231998259,8.3528,synthetic,1.7672369127152399,-0.47808241626437475,0.6349183820565215,-1.2726774618204906,-0.33040708865298646,-0.8244319795795745,0.6349183820565215,0.5171586388488031,100.0,1.0,1.0,2.1953895613904897,1.3862943611198906,200.0,1.0,7.9835,12753.09,20.0
2001000033,Dr. Jessica Flores,Oncology,Las Vegas,NV,Lazanda,REP-S822,Sophia Alvarez,TERR-S14,2,6.0,6,2,2,-0.20039801779541927,-0.13239277663324353,0.600585137630161,4.649,0.04248805714884396,14.7363,synthetic,-2.205538289770171,-0.9084618181399344,0.6349183820565215,0.0541611228216231,-0.9776304286355144,-0.8244319795795746,0.6349183820565215,0.9349526403170152,33.33333333333333,0.6666666666666666,1.0,2.7134820883215154,1.0986122886681098,199.99999999999997,1.0,14.0817,33867.57,18.0
2001000034,Dr. John Jackson,Oncology,Miami,FL,Actiq,REP-S563,Sean Kapoor,TERR-S07,2,7.0,8,4,4,2.193508205910919,0.39503006861491596,0.381558746893547,4.8724,0.04502495629111225,18.0931,synthetic,-1.2123444891488182,-0.04770301438881521,0.6349183820565215,0.5428523969338677,0.171618335963463,-0.16621496493312882,0.6349183820565215,1.1454774939864723,50.0,1.3333333333333333,1.0,2.904302056948104,1.6094379124341003,350.0,1.0,17.2525,30977.23,32.0
2001000035,Dr. Emily Johnson,Oncology,Chicago,IL,Abstral,REP-S542,Sophia Chen,TERR-S14,2,9.0,9,6,3,-0.20039801779541927,1.2963462756483695,1.0017442703997665,4.2341,0.039750917427543886,23.631,synthetic,-0.21915068852746614,0.8130557893623042,-0.37111474289227814,1.2085934325316208,0.9286091450931295,0.9308133928109468,-0.37111474289227814,1.505244736352222,66.66666666666666,2.0,0.5,3.1642548947739284,1.9459101490553132,599.9999999999999,0.5,22.6711,39161.39,18.0
2001000036,Dr. Michael Adams,Pain Management,Baltimore,MD,Fentora,REP-S733,Spencer Santos,TERR-S09,3,3.0,3,2,0,0.6545684906711301,-0.7966614572496569,-0.6479048460829849,1.8408,0.01660883985083972,10.2739,synthetic,-0.21915068852746614,-0.9084618181399344,-1.3771478678410778,-0.7336061867350606,-0.9776304286355144,-0.8244319795795746,-1.3771478678410778,0.6963618282163485,66.66666666666666,0.6666666666666666,0.0,2.405881479802911,1.0986122886681098,199.99999999999997,0.0,10.0882,17392.11,23.0
2001000037,Dr. Mary Williams,Orthopedics,Las Vegas,NV,Abstral,REP-S768,Serena Muller,TERR-S02,3,8.0,4,3,0,-0.713377922875349,0.6832430003550082,1.6458675474470192,1.4719,0.013883521801290488,19.2646,synthetic,0.27744621178321077,-0.47808241626437475,-1.3771478678410778,0.7751099743347771,-0.33040708865298646,0.9308133928109472,-1.3771478678410778,1.1760821421381116,75.0,1.0,0.0,2.994991999618841,1.3862943611198906,600.0,0.0,18.9852,47661.44,15.0
2001000038,Dr. Sharon White,Anesthesiology,Boston,MA,Actiq,REP-S561,Samuel Kapoor,TERR-S05,3,2.0,3,2,2,-0.0294047161021094,-0.9917254066070798,-1.349365366598809,4.4754,0.03945148290717837,9.3145,synthetic,-0.21915068852746614,-0.9084618181399344,0.6349183820565215,-1.019881414327054,-0.9776304286355144,-1.1169728749779948,0.6349183820565215,0.6113807855905619,66.66666666666666,0.6666666666666666,1.0,2.2940991893437475,1.0986122886681098,133.33333333333331,1.0,8.9155,8135.42,19.0
2001000041,Dr. Kimberly Gonzalez,Palliative Care,New York,NY,Abstral,REP-S600,Sloan Nakamura,TERR-S02,2,10.0,9,8,2,-0.542384621182039,2.505403433228569,3.7425363464651102,6.8496,0.06417626023363265,31.9905,synthetic,1.1051077123010045,1.6738145931134232,-0.874131305366678,1.894401618479161,1.4940130379096728,2.198490606204102,-0.874131305366678,1.9220304583517966,88.88888888888889,2.6666666666666665,0.25,3.4320433809999162,2.1972245773362196,888.8888888888889,0.25,29.9398,75329.73,16.0
2001000042,Dr. Linda Perez,Emergency Medicine,Austin,TX,Abstral,REP-S508,Serena Brooks,TERR-S08,3,6.0,4,3,0,1.3385416974443696,-0.009386218647557405,0.8975052769576234,0.4941,0.004616033117916807,14.8944,synthetic,0.27744621178321077,-0.47808241626437475,-1.3771478678410778,0.1767532610041734,-0.33040708865298646,0.2725963781645016,-1.3771478678410778,1.1407158990504553,75.0,1.0,0.0,2.7613508128129776,1.3862943611198906,450.0,0.0,14.8212,37785.82,27.0
2001000043,Dr. Joseph Jones,Oncology,Boston,MA,Subsys,REP-S691,Silas Larsson,TERR-S09,3,9.0,3,1,2,-0.8843712245686588,1.2666217700201856,0.10500339241719482,4.4122,0.04137555226627443,23.4848,synthetic,-2.205538289770171,-1.3388412200154942,2.646984631954121,1.1891863003317107,-1.889840491916844,-0.3856206364819443,2.646984631954121,1.4933799730903536,33.33333333333333,0.3333333333333333,2.0,3.1566769645883603,0.6931471805599453,299.99999999999994,2.0,22.4924,27327.72,14.0
2001000044,Dr. William Thomas,Oncology,Detroit,MI,Lazanda,REP-S781,Samuel Gomez,TERR-S01,2,4.0,9,6,1,0.14158858559120047,-0.5222046341578621,-0.3891658366477301,5.4749,0.049222964134028935,12.3809,synthetic,-0.21915068852746614,0.8130557893623042,-1.0418034928581448,-0.3783333776536538,0.9286091450931295,-0.5318910841811543,-1.0418034928581448,0.7793562625655417,66.66666666666666,2.0,0.16666666666666666,2.5446053528778845,1.9459101490553132,266.66666666666663,0.16666666666666666,11.7382,20806.51,20.0
2001000046,Dr. Sharon Green,Pain Management,Seattle,WA,Subsys,REP-S519,Solomon Brooks,TERR-S05,3,10.0,4,3,3,0.48357518897782026,2.6873599900650014,3.779814951286332,6.9085,0.06478491095735839,33.1777,synthetic,0.27744621178321077,-0.47808241626437475,0.6349183820565215,1.9833840437452679,-0.33040708865298646,1.5890304074573929,0.6349183820565215,2.1421744283735147,75.0,1.0,1.0,3.466788473652617,1.3862943611198906,750.0,1.0,31.0337,75821.67,22.0
2001000047,Dr. Kathleen Thompson,Pain Management,Los Angeles,CA,Abstral,REP-S695,Stephen Larsson,TERR-S13,1,6.0,13,10,8,-0.542384621182039,-0.08156004624727231,0.4343083440315161,9.3979,0.08422272826192634,15.7394,synthetic,0.3920454964702906,2.534573396864543,0.23250513207700174,0.10553596170199037,1.9454793272294546,0.32322845621422847,0.23250513207700174,0.9931173580120407,76.92307692307693,3.3333333333333335,0.8,2.733542493863146,2.3978952727983707,461.5384615384616,0.8,14.3873,31673.33,16.0
2001000048,Dr. Karen Walker,Pain Management,Detroit,MI,Abstral,REP-S674,Selena Kowalski,TERR-S06,3,2.0,5,4,1,-0.542384621182039,-1.0210174348170586,-0.5785991047377134,7.9294,0.0687368338932095,9.4324,synthetic,0.5754043519696166,-0.04770301438881521,-0.874131305366678,-1.0657738279072368,0.171618335963463,-0.9999565168186266,-0.874131305366678,0.6032577230342336,80.0,1.3333333333333333,0.25,2.276179514114274,1.6094379124341003,160.0,0.25,8.7394,18306.69,16.0
2001000049,Dr. Betty Wilson,Pain Management,Columbus,OH,Actiq,REP-S503,Sean Brooks,TERR-S03,1,4.0,9,6,7,-0.542384621182039,-0.44939872417769333,-0.6247013887583963,6.3411,0.05694672552363622,12.948,synthetic,-0.21915068852746614,0.8130557893623042,0.9702627570394549,-0.29181218828712574,0.9286091450931295,-0.5318910841811543,0.9702627570394549,0.8404702508058363,66.66666666666666,2.0,1.1666666666666667,2.5783894032897687,1.9459101490553132,266.66666666666663,1.1666666666666667,12.1759,17698.31,16.0
2001000050,Dr. Robert Allen,Pain Management,Philadelphia,PA,Subsys,REP-S528,Serena Patel,TERR-S14,1,8.0,14,12,9,0.6545684906711301,0.4971280068050632,0.5944447844393989,12.989,0.11600580443242237,20.1869,synthetic,0.91592794075408,3.395332200615662,0.1319018195821217,0.6275582276674109,2.321315408052812,1.3069374011803445,0.1319018195821217,1.233263548647107,85.71428571428571,4.0,0.75,2.9373772617231975,2.5649493574615367,685.7142857142857,0.75,17.8663,33786.54,23.0
2001000051,Dr. John Anderson,Palliative Care,Baltimore,MD,Abstral,REP-S739,Solomon Santos,TERR-S01,2,10.0,9,6,3,0.9965550940577499,1.6225506852031084,2.8390988991691035,7.6014,0.07050025404711846,26.5045,synthetic,-0.21915068852746614,0.8130557893623042,-0.37111474289227814,1.412435449437847,0.9286091450931295,1.2233542882093669,-0.37111474289227814,1.5813010994132601,66.66666666666666,2.0,0.5,3.243849373602074,1.9459101490553132,666.6666666666665,0.5,24.6322,63407.69,25.0
2001000052,Dr. Linda Rivera,Pain Management,Jacksonville,FL,Abstral,REP-S666,Stella Kowalski,TERR-S12,1,5.0,10,7,0,-0.713377922875349,-0.2277374136006476,0.20463049032447686,4.4939,0.04099263853918966,14.1156,synthetic,-0.020511928403195035,1.243435191237864,-1.3771478678410778,-0.04507124915547727,1.2290263146108709,-0.16621496493312882,-1.3771478678410778,0.9324561127317601,70.0,2.3333333333333335,0.0,2.674734684570936,2.0794415416798357,350.0,0.0,13.5085,28642.43,15.0
2001000053,Dr. Sharon Nguyen,Pain Management,Columbus,OH,Subsys,REP-S549,Seth Chen,TERR-S07,1,4.0,12,7,5,-0.37139131948872917,-0.5111431924999201,-0.9217692966743074,8.428,0.07482731520708574,12.7996,synthetic,-0.7157475888381417,1.243435191237864,0.06004231065720745,-0.36499837263568197,1.2290263146108709,-0.6781615318803642,0.06004231065720745,0.8148472942195365,58.333333333333336,2.3333333333333335,0.7142857142857143,2.549812291028739,2.0794415416798357,233.33333333333334,0.7142857142857143,11.8047,13778.11,17.0
2001000054,Dr. Laura Campbell,Internal Medicine,Miami,FL,Subsys,REP-S537,Stanley Patel,TERR-S09,3,9.0,3,3,2,0.48357518897782026,1.1626941196760925,-0.28574070712350347,2.7095,0.025580044233542765,22.4601,synthetic,1.7672369127152399,-0.47808241626437475,-0.035770367909345006,1.120152044158686,-0.33040708865298646,2.2472474221038388,-0.035770367909345006,1.4165489134953448,100.0,1.0,0.6666666666666666,3.129721061557297,1.3862943611198906,900.0,0.6666666666666666,21.8676,22171.34,22.0
2001000056,Dr. Elizabeth Adams,Oncology,Philadelphia,PA,Subsys,REP-S641,Samuel Dubois,TERR-S01,2,3.0,8,7,0,0.31258188728451036,-0.7422691050369193,-1.0947502374627185,5.4788,0.048785158300050036,10.9859,synthetic,1.0223415622492253,1.243435191237864,-1.3771478678410778,-0.6591722578308059,1.2290263146108709,-0.5501748901435554,-1.3771478678410778,0.6915158496083411,87.5,2.3333333333333335,0.0,2.4349458006342286,2.0794415416798357,262.5,0.0,10.4152,11495.4,21.0
2001000057,Dr. Sandra Jones,Emergency Medicine,Denver,CO,Abstral,REP-S520,Sloan Brooks,TERR-S06,3,3.0,5,2,1,-0.20039801779541927,-0.6555573826867662,-0.16189850540148515,2.5694,0.023268417497703364,11.2175,synthetic,-1.80826076952163,-0.9084618181399344,-0.37111474289227814,-0.544810152415031,-0.9776304286355144,-1.1754810540576788,-0.37111474289227814,0.8417293761615324,40.0,0.6666666666666666,0.5,2.4796009326644692,1.0986122886681098,120.0,0.5,10.9365,23805.6,18.0
2001000058,Dr. Ashley Green,Palliative Care,Jacksonville,FL,Subsys,REP-S551,Silas Chen,TERR-S09,3,10.0,4,3,1,-0.0294047161021094,1.6109070624052746,1.1303878145649138,5.3827,0.05043149494248178,25.8844,synthetic,0.27744621178321077,-0.47808241626437475,-0.7064591178752114,1.4054319255659977,-0.33040708865298646,1.5890304074573929,-0.7064591178752114,1.576807344208328,75.0,1.0,0.3333333333333333,3.2411146977928333,1.3862943611198906,750.0,0.3333333333333333,24.5622,40859.01,19.0
2001000059,Dr. Barbara Hernandez,Palliative Care,Philadelphia,PA,Abstral,REP-S800,Sloan Gomez,TERR-S06,3,8.0,4,4,0,-0.8843712245686588,0.5773026666415753,0.8436402164237763,4.195,0.03901037639301608,19.118,synthetic,1.7672369127152399,-0.04770301438881521,-1.3771478678410778,0.6921655157934331,0.171618335963463,1.8084360790062082,-1.3771478678410778,1.1778966946665064,100.0,1.3333333333333333,0.0,2.9626045603191304,1.6094379124341003,800.0,0.0,18.3483,37075.0,14.0
2001000060,Dr. William Green,Neurology,Columbus,OH,Abstral,REP-S780,Sloan Muller,TERR-S14,3,6.0,3,2,2,-0.37139131948872917,-0.10315064966382674,0.8264604129944574,4.1434,0.03798474376905148,14.8482,synthetic,-0.21915068852746614,-0.9084618181399344,0.6349183820565215,0.0838408815790596,-0.9776304286355144,0.05319070661568615,0.6349183820565215,0.9755499549544413,66.66666666666666,0.6666666666666666,1.0,2.725071185436513,1.0986122886681098,399.99999999999994,1.0,14.2575,36848.29,17.0
2001000061,Dr. Kathleen Ramirez,Palliative Care,Austin,TX,Subsys,REP-S689,Seth Larsson,TERR-S07,2,8.0,8,5,4,-0.37139131948872917,0.45750642179872064,1.3644297672508,5.1478,0.04756724876970564,18.5356,synthetic,-0.46744913868280374,0.3826763874867446,0.23250513207700174,0.5950178977539312,0.5818029746283429,0.49200204971331685,0.23250513207700174,1.131662373258048,62.5,1.6666666666666667,0.8,2.924671193368552,1.791759469228055,500.0,0.8,17.6281,43947.5,17.0
2001000062,Dr. Joseph White,Palliative Care,Chicago,IL,Actiq,REP-S799,Solomon Gomez,TERR-S05,3,5.0,3,2,2,-0.20039801779541927,-0.3631693804863077,-0.7485291925153865,3.6866,0.03360381659027123,13.1623,synthetic,-0.21915068852746614,-0.9084618181399344,0.6349183820565215,-0.19298219962043148,-0.9776304286355144,-0.2393501887827342,0.6349183820565215,0.8149296671138488,66.66666666666666,0.6666666666666666,1.0,2.6169796878636102,1.0986122886681098,333.33333333333326,1.0,12.6943,16064.24,18.0
2001000063,Dr. Sarah King,Pain Management,Philadelphia,PA,Fentora,REP-S710,Sadie Rossi,TERR-S14,1,10.0,10,7,5,-0.542384621182039,2.9499403179030055,3.2697496110425086,9.4335,0.08757673433171087,35.6887,synthetic,-0.020511928403195035,1.243435191237864,0.06004231065720745,2.1065776940042054,1.2290263146108709,1.3696247359085776,0.06004231065720745,2.2511410212267817,70.0,2.3333333333333335,0.7142857142857143,3.5148920714099323,2.0794415416798357,700.0,0.7142857142857143,32.6123,69090.69,16.0
2001000064,Dr. Mary Rivera,Oncology,New York,NY,Abstral,REP-S571,Silas Kapoor,TERR-S01,2,10.0,8,6,2,0.14158858559120047,1.902662982225279,0.5416050105730946,4.662,0.04393178936337039,27.543,synthetic,0.27744621178321077,0.8130557893623042,-0.7064591178752114,1.575393756500653,0.9286091450931295,1.5890304074573929,-0.7064591178752114,1.74726067684375,75.0,2.0,0.3333333333333333,3.3074799327882496,1.9459101490553132,750.0,0.3333333333333333,26.3162,33089.25,20.0
2001000065,Dr. Emily King,Family Practice,Houston,TX,Actiq,REP-S661,Samuel Kowalski,TERR-S07,3,5.0,3,1,0,-0.37139131948872917,-0.16998504452339222,0.18589191773393401,2.2534,0.02079772267848945,14.1679,synthetic,-2.205538289770171,-1.3388412200154942,-1.3771478678410778,0.015493865435021568,-1.889840491916844,-0.9707024272787848,-1.3771478678410778,0.9327272998606128,33.33333333333333,0.3333333333333333,0.0,2.6983836299854396,0.6931471805599453,166.66666666666663,0.0,13.8557,28395.15,17.0
2001000066,Dr. Dorothy Harris,Emergency Medicine,New York,NY,Subsys,REP-S540,Sloan Patel,TERR-S12,3,4.0,3,2,3,-1.0553645262619686,-0.44856703683499105,-0.4489946858538342,4.6279,0.04187720767854497,12.7446,synthetic,-0.21915068852746614,-0.9084618181399344,1.640951507005321,-0.2908405198660688,-0.9776304286355144,-0.5318910841811543,1.640951507005321,0.9375048103219503,66.66666666666666,0.6666666666666666,1.5,2.578768812023756,1.0986122886681098,266.66666666666663,1.5,12.1809,20016.99,13.0
2001000067,Dr. Jessica Nguyen,Anesthesiology,Nashville,TN,Abstral,REP-S681,Samuel Larsson,TERR-S13,2,2.0,9,6,5,1.3385416974443696,-1.0102720343493434,-1.304798360322725,8.3554,0.07234912606306887,9.5396,synthetic,-0.21915068852746614,0.8130557893623042,0.2995740070735884,-1.0488431347513023,0.9286091450931295,-1.1169728749779948,0.2995740070735884,0.6037346684245759,66.66666666666666,2.0,0.8333333333333334,2.282790465665866,1.9459101490553132,133.33333333333331,0.8333333333333334,8.804,8723.54,27.0
2001000068,Dr. Rebecca Taylor,Palliative Care,Chicago,IL,Subsys,REP-S670,Sadie Kowalski,TERR-S02,2,10.0,6,3,2,-0.8843712245686588,1.962744075862101,2.4012545092949695,6.69,0.0624884958878158,28.4621,synthetic,-1.2123444891488182,-0.47808241626437475,-0.035770367909345006,1.6090358176881487,-0.33040708865298646,0.49200204971331685,-0.035770367909345006,1.71259578720079,50.0,1.0,0.6666666666666666,3.3206161957018723,1.3862943611198906,500.0,0.6666666666666666,26.6774,57629.76,14.0
2001000069,Dr. Charles Flores,Internal Medicine,Portland,OR,Subsys,REP-S507,Scott Brooks,TERR-S07,3,4.0,5,4,3,-0.8843712245686588,-0.4726028010390905,-0.6783178949485968,5.4839,0.04939488097882938,12.6965,synthetic,0.5754043519696166,-0.04770301438881521,0.1319018195821217,-0.31907144050910113,0.171618335963463,-0.2978583678624179,0.1319018195821217,0.7796991595966347,80.0,1.3333333333333333,0.75,2.567745444763538,1.6094379124341003,320.0,0.75,12.0364,16990.77,14.0
2001000070,Dr. Betty Nelson,Pain Management,Austin,TX,Fentora,REP-S509,Seth Brooks,TERR-S09,2,1.0,5,3,4,1.8515216025242993,-1.3787926959007806,-1.376791974402494,6.4434,0.05443127937797021,7.013,synthetic,-0.6164282087760067,-0.47808241626437475,1.3056071320223879,-1.7048617796052594,-0.33040708865298646,-1.438767859916257,1.3056071320223879,0.4547867711983715,60.0,1.0,1.3333333333333333,2.026633943417963,1.3862943611198906,60.0,1.3333333333333333,6.5885,7773.49,30.0
2001000071,Dr. Dorothy Baker,Internal Medicine,Miami,FL,Subsys,REP-S615,Stephen O'Connor,TERR-S03,3,5.0,4,3,1,-0.713377922875349,-0.31401665853259525,-0.1132477815707891,2.2496,0.02067151047737692,13.282,synthetic,0.27744621178321077,-0.47808241626437475,-0.7064591178752114,-0.13830776126526,-0.33040708865298646,-0.0565121291587212,-0.7064591178752114,0.8414589198870398,75.0,1.0,0.3333333333333333,2.638328492649541,1.3862943611198906,375.0,0.3333333333333333,12.9898,24447.61,15.0
2001000072,Dr. Sharon Jones,Psychiatry,Phoenix,AZ,Actiq,REP-S502,Sophia Brooks,TERR-S02,3,4.0,5,4,3,0.82556179236444,-0.44156422940943657,-0.25635976501413216,6.1228,0.055047487914441806,12.9713,synthetic,0.5754043519696166,-0.04770301438881521,0.1319018195821217,-0.28267365922905335,0.171618335963463,-0.2978583678624179,0.1319018195821217,0.9855112193312747,80.0,1.3333333333333333,0.75,2.581957737574686,1.6094379124341003,320.0,0.75,12.223,22559.06,24.0
2001000073,Dr. Kimberly Hall,Palliative Care,Houston,TX,Fentora,REP-S589,Seth Nakamura,TERR-S05,2,1.0,9,7,5,-1.3973511296485885,-1.9668954496725073,-1.6254842353985133,7.9887,0.05841461194467601,3.2967,synthetic,0.44297851188677,1.243435191237864,0.06004231065720745,-3.311128616119432,1.2290263146108709,-1.3607569544766782,0.06004231065720745,0.19598550378767393,77.77777777777779,2.3333333333333335,0.7142857142857143,1.3994326742601182,2.0794415416798357,77.77777777777779,0.7142857142857143,3.0529,4491.67,11.0
2001000074,Dr. Richard Lopez,Internal Medicine,Boston,MA,Subsys,REP-S543,Sean Chen,TERR-S01,3,5.0,5,4,1,0.6545684906711301,-0.3652319650962096,-0.0856180866814415,5.4596,0.04936809840644374,13.3743,synthetic,0.5754043519696166,-0.04770301438881521,-0.874131305366678,-0.19530220669873655,0.171618335963463,0.0531907066156864,-0.874131305366678,0.8215136396338242,80.0,1.3333333333333333,0.25,2.6160737914391246,1.6094379124341003,400.0,0.25,12.6819,24812.22,23.0
2001000075,Dr. Lisa Hall,Palliative Care,Boston,MA,Abstral,REP-S750,Sadie Tanaka,TERR-S12,1,10.0,13,10,5,0.9965550940577499,4.370445665491865,4.803511022587571,8.761,0.08206883508290552,44.7575,synthetic,0.3920454964702906,2.534573396864543,-0.37111474289227814,2.6863763759761676,1.9454793272294546,1.6734172042069373,-0.37111474289227814,2.641827327777233,76.92307692307693,3.3333333333333335,0.5,3.7412868776290744,2.3978952727983707,769.2307692307693,0.5,41.1522,89330.68,25.0
2001000076,Dr. Linda Anderson,Oncology,Portland,OR,Lazanda,REP-S618,Summer O'Connor,TERR-S06,3,2.0,3,2,2,0.14158858559120047,-1.1495796642519969,-0.4205662827992315,4.6982,0.04089649127131656,8.3408,synthetic,-0.21915068852746614,-0.9084618181399344,0.6349183820565215,-1.2775283957372423,-0.9776304286355144,-1.1169728749779948,0.6349183820565215,0.5289347315370659,66.66666666666666,0.6666666666666666,1.0,2.1934954104063418,1.0986122886681098,133.33333333333331,1.0,7.9665,20392.14,20.0
2001000077,Dr. Ashley Jackson,Palliative Care,New York,NY,Subsys,REP-S765,Simon Muller,TERR-S13,2,8.0,5,3,4,0.48357518897782026,0.5771529629198892,0.04388327308433998,4.9304,0.04569551058498034,19.252,synthetic,-0.6164282087760067,-0.47808241626437475,1.3056071320223879,0.6920463859524241,-0.33040708865298646,0.4042397810937907,1.3056071320223879,1.1778389178138715,60.0,1.0,1.3333333333333333,2.9625580435226824,1.3862943611198906,480.0,1.3333333333333333,18.3474,26521.16,22.0
2001000078,Dr. Charles Moore,Family Practice,Boston,MA,Actiq,REP-S634,Selena Novak,TERR-S08,3,8.0,3,2,3,3.561454619457398,0.6914434375540542,-0.7305112759638926,0.6408,0.006066068378555833,19.1564,synthetic,-0.21915068852746614,-0.9084618181399344,1.640951507005321,0.7814197522010384,-0.9776304286355144,0.6382724974125267,1.640951507005321,1.281349754194796,66.66666666666666,0.6666666666666666,1.5,2.997455787450265,1.0986122886681098,533.3333333333333,1.5,19.0345,16302.01,40.0
2001000079,Dr. Deborah Campbell,Oncology,Austin,TX,Subsys,REP-S518,Summer Brooks,TERR-S04,2,6.0,7,3,3,0.31258188728451036,0.07995363570553539,-0.22166521602167752,10.5125,0.09412409011023071,16.9728,synthetic,-1.6379989751293982,-0.47808241626437475,0.6349183820565215,0.2622514575871984,-0.33040708865298646,-0.5736826406666429,0.6349183820565215,1.0197123313080676,42.857142857142854,1.0,1.0,2.794735413794937,1.3862943611198906,257.1428571428571,1.0,15.3583,23016.9,21.0
2001000081,Dr. David Ramirez,Neurology,Miami,FL,Actiq,REP-S575,Stephen Kapoor,TERR-S05,3,8.0,3,2,1,1.5095349991376794,0.5848377539664592,-0.3212574556978384,4.8151,0.044657546627868694,19.2793,synthetic,-0.21915068852746614,-0.9084618181399344,-0.37111474289227814,0.6981545700043884,-0.9776304286355144,0.6382724974125267,-0.37111474289227814,1.2585569455689996,66.66666666666666,0.6666666666666666,0.5,2.9649431147341105,1.0986122886681098,533.3333333333333,0.5,18.3936,21702.65,28.0
2001000082,Dr. Sandra Scott,Internal Medicine,Phoenix,AZ,Abstral,REP-S664,Sarah Kowalski,TERR-S10,3,8.0,5,3,0,-0.713377922875349,0.5253887427100914,0.44850625312470627,0.4701,0.004444777898240826,18.121,synthetic,-0.6164282087760067,-0.47808241626437475,-1.3771478678410778,0.6505180853281506,-0.33040708865298646,0.4042397810937907,-1.3771478678410778,1.1683568161839772,60.0,1.0,0.0,2.9463424296125815,1.3862943611198906,480.0,0.0,18.0362,31860.69,15.0
2001000084,Dr. Mary Baker,Anesthesiology,Charlotte,NC,Abstral,REP-S583,Sean Nakamura,TERR-S13,1,4.0,13,10,6,0.6545684906711301,-0.526995153251828,0.1072024921283626,7.0922,0.0632990047690849,12.5399,synthetic,0.3920454964702906,2.534573396864543,-0.16990811790251828,-0.3841301547875958,1.9454793272294546,-0.3518659177821261,-0.16990811790251828,0.8029725950080339,76.92307692307693,3.3333333333333335,0.6,2.5423418771633988,2.3978952727983707,307.69230769230774,0.6,11.7094,27356.74,23.0
2001000085,Dr. Mary Mitchell,Family Practice,Baltimore,MD,Abstral,REP-S677,Stanley Kowalski,TERR-S09,3,6.0,3,3,1,-0.0294047161021094,0.10561950710133186,0.6708676672344593,1.7693,0.016487008464788566,15.7871,synthetic,1.7672369127152399,-0.47808241626437475,-0.7064591178752114,0.2862949904109915,-0.33040708865298646,0.9308133928109472,-0.7064591178752114,1.0442652130038714,100.0,1.0,0.3333333333333333,2.804123725848274,1.3862943611198906,600.0,0.3333333333333333,15.5126,34795.04,19.0
2001000086,Dr. Nancy Davis,Pain Management,Chicago,IL,Subsys,REP-S562,Sophia Kapoor,TERR-S06,2,5.0,8,6,6,0.48357518897782026,-0.3022066982662211,-0.11457239435339457,5.7326,0.05188483536901156,13.8096,synthetic,0.27744621178321077,0.8130557893623042,0.6349183820565215,-0.12534319830855783,0.9286091450931295,-0.0565121291587212,0.6349183820565215,0.9015525629912258,75.0,2.0,1.0,2.6433907837680994,1.9459101490553132,375.0,1.0,13.0608,24430.13,22.0
2001000087,Dr. Jessica Gonzalez,Pain Management,Columbus,OH,Abstral,REP-S544,Sarah Chen,TERR-S02,1,10.0,10,9,2,-0.713377922875349,1.929177174710632,2.484614937870781,6.6907,0.06247866622942855,28.247,synthetic,1.1713206323424281,2.104193994988983,-0.9300220345305003,1.5902947331575201,1.7310517392273213,2.2472474221038388,-0.9300220345305003,1.827540811951067,90.0,3.0,0.2222222222222222,3.3132983380858154,2.302585092994046,900.0,0.2222222222222222,26.4756,58729.81,15.0
2001000088,Dr. Sarah Garcia,Internal Medicine,New York,NY,Abstral,REP-S794,Selena Gomez,TERR-S14,3,2.0,2,1,1,-1.3973511296485885,-1.0405953548642732,-1.2922168122508717,3.8244,0.03369228054823514,8.9514,synthetic,-1.2123444891488182,-1.3388412200154942,0.6349183820565215,-1.0969119591582983,-1.889840491916844,-1.2632433226772048,0.6349183820565215,0.5585002363077254,50.0,0.3333333333333333,1.0,2.2640209642420426,0.6931471805599453,100.0,1.0,8.6217,8889.57,11.0
2001000089,Dr. Robert Miller,Oncology,Philadelphia,PA,Subsys,REP-S551,Silas Chen,TERR-S09,3,7.0,2,1,0,0.48357518897782026,0.2198268130012266,0.7026659518933225,0.7805,0.007328077190348559,16.3257,synthetic,-1.2123444891488182,-1.3388412200154942,-1.3771478678410778,0.3906282263264565,-1.889840491916844,-0.16621496493312882,-1.3771478678410778,1.0755437774575083,50.0,0.3333333333333333,0.0,2.844862871109801,0.6931471805599453,350.0,0.0,16.1992,35214.66,22.0
2001000090,Dr. Elizabeth Martinez,Neurology,Boston,MA,Actiq,REP-S738,Summer Santos,TERR-S14,3,5.0,2,1,2,-0.542384621182039,-0.3400983735997429,-0.5639510697904795,2.2629,0.020775954387521,13.1234,synthetic,-1.2123444891488182,-1.3388412200154942,2.646984631954121,-0.1671740254781196,-1.889840491916844,-0.6050263080307592,2.646984631954121,0.878080489000901,50.0,0.3333333333333333,2.0,2.6270570418926784,0.6931471805599453,250.0,2.0,12.833,18499.99,16.0
2001000091,Dr. Linda Robinson,Family Practice,Charlotte,NC,Abstral,REP-S648,Serena Dubois,TERR-S08,3,8.0,5,3,3,1.1675483957510597,0.7154958355050074,-0.5118622634685474,3.4377,0.03215482200890207,19.8385,synthetic,-0.6164282087760067,-0.47808241626437475,0.6349183820565215,0.7998375614645483,-0.33040708865298646,0.4042397810937907,0.6349183820565215,1.291083825195167,60.0,1.0,1.0,3.0046474153184275,1.3862943611198906,480.0,1.0,19.1791,19187.37,26.0
2001000092,Dr. Susan Scott,Pain Management,New York,NY,Actiq,REP-S789,Seth Gomez,TERR-S09,2,5.0,5,4,5,-1.0553645262619686,-0.1801316301043616,0.6399355338401946,7.6765,0.0691275953449253,14.8536,synthetic,0.5754043519696166,-0.04770301438881521,1.1379349445309213,0.004956291102499991,0.171618335963463,0.0531907066156864,1.1379349445309213,0.9522117435911325,80.0,1.3333333333333333,1.25,2.6942690085259406,1.6094379124341003,400.0,1.25,13.7947,34386.85,13.0
2001000093,Dr. Patricia Sanchez,Oncology,Houston,TX,Actiq,REP-S717,Stanley Rossi,TERR-S07,2,1.0,9,4,4,0.48357518897782026,-1.464622829667669,-1.2909975319492628,7.6632,0.06372960444502884,6.5379,synthetic,-1.5434090893559358,-0.04770301438881521,0.6349183820565215,-1.8852076852058721,0.171618335963463,-1.5070274021758883,0.6349183820565215,0.40318284783265335,44.44444444444444,1.3333333333333333,1.0,1.9562140241935853,1.6094379124341003,44.44444444444444,1.0,6.0725,8905.66,22.0
2001000094,Dr. Sandra Jones,Internal Medicine,Charlotte,NC,Actiq,REP-S609,Seth O'Connor,TERR-S11,3,1.0,4,3,3,0.31258188728451036,-1.181815865655142,-1.3603987545363012,4.4794,0.03892385669435283,8.1209,synthetic,0.27744621178321077,-0.47808241626437475,0.6349183820565215,-1.3334884055324123,-0.33040708865298646,-1.3729461584516125,0.6349183820565215,0.5035033446708952,75.0,1.0,1.0,2.171644626733447,1.3862943611198906,75.0,1.0,7.7727,7989.82,21.0
2001000095,Dr. Linda Sanchez,Psychiatry,Nashville,TN,Fentora,REP-S819,Solomon Vargas,TERR-S11,3,9.0,2,1,1,-0.37139131948872917,1.2769346930696956,1.1580864681288703,-0.4149,-0.003981696288027248,22.4608,synthetic,-1.2123444891488182,-1.3388412200154942,0.6349183820565215,1.195936282285975,-1.889840491916844,0.2725963781645016,0.6349183820565215,1.8185072605158557,50.0,0.3333333333333333,1.0,3.159312639528705,0.6931471805599453,450.0,1.0,22.5544,41224.53,17.0
2001000097,Dr. James Harris,Pain Management,New York,NY,Abstral,REP-S804,Sarah Vargas,TERR-S10,3,9.0,4,3,4,-0.37139131948872917,0.7895326427523758,0.26981462473348333,5.5701,0.05164403435672904,20.7173,synthetic,0.27744621178321077,-0.47808241626437475,1.3056071320223879,0.8557129161449664,-0.33040708865298646,1.2599219001341702,1.3056071320223879,1.3546067474161163,75.0,1.0,1.3333333333333333,3.0264651435896877,1.3862943611198906,675.0,1.3333333333333333,19.6242,29502.62,17.0
2001000098,Dr. Thomas White,Anesthesiology,Detroit,MI,Subsys,REP-S748,Serena Tanaka,TERR-S10,3,2.0,4,3,2,-0.8843712245686588,-1.0206015911457074,-1.2164850317771705,3.8124,0.03364078825335737,9.0752,synthetic,0.27744621178321077,-0.47808241626437475,-0.035770367909345006,-1.0651165291111229,-0.33040708865298646,-1.0438376511283896,-0.035770367909345006,0.5994761583258519,75.0,1.0,0.6666666666666666,2.2764361704989837,1.3862943611198906,150.0,0.6666666666666666,8.7419,9888.95,14.0
2001000099,Dr. Jennifer Gonzalez,Anesthesiology,Portland,OR,Abstral,REP-S659,Solomon Dubois,TERR-S05,3,1.0,3,2,1,1.8515216025242993,-1.3300558176184194,-0.778915718813841,3.2325,0.027827186200398923,7.1039,synthetic,-0.21915068852746614,-0.9084618181399344,-0.37111474289227814,-1.6078398283454467,-0.9776304286355144,-1.409513770376415,-0.37111474289227814,0.47189915047293496,66.66666666666666,0.6666666666666666,0.5,2.06451824108446,1.0986122886681098,66.66666666666666,0.5,6.8815,15663.25,30.0
2001000100,Dr. Sharon Adams,Emergency Medicine,Las Vegas,NV,Fentora,REP-S776,Sasha Muller,TERR-S10,3,9.0,2,1,1,-0.0294047161021094,0.75774555251429,0.6686344670798033,2.0774,0.019564519272038172,19.8368,synthetic,-1.2123444891488182,-1.3388412200154942,0.6349183820565215,0.8318724799418452,-1.889840491916844,0.2725963781645016,0.6349183820565215,1.4956714798961894,50.0,0.3333333333333333,1.0,3.0171561349592637,0.6931471805599453,450.0,1.0,19.4331,34765.57,19.0
2001000101,Dr. Richard Perez,Anesthesiology,New York,NY,Actiq,REP-S512,Sienna Brooks,TERR-S12,1,5.0,14,5,6,0.6545684906711301,-0.18329204200663077,-1.0130137477845744,6.2236,0.05640012509873005,14.633,synthetic,-2.0636534611099777,0.3826763874867446,1.0373316320360413,0.0016652203311307674,0.5818029746283429,-0.9184629816719238,1.0373316320360413,0.944669203977332,35.714285714285715,1.6666666666666667,1.2,2.692983939496457,1.791759469228055,178.57142857142858,1.2,13.7757,12574.02,23.0
2001000102,Dr. David Rodriguez,Oncology,Phoenix,AZ,Subsys,REP-S645,Simon Dubois,TERR-S05,3,3.0,3,3,4,-0.542384621182039,-0.6742537141507166,-0.7476888060303124,7.3834,0.06540449108457169,11.6233,synthetic,1.7672369127152399,-0.47808241626437475,1.3056071320223879,-0.5690401241565155,-0.33040708865298646,-0.385620636481944,1.3056071320223879,0.7186647119350223,100.0,1.0,1.3333333333333333,2.4701398215449135,1.3862943611198906,300.0,1.3333333333333333,10.8241,16075.33,16.0
2001000103,Dr. Richard Mitchell,Pain Management,New York,NY,Lazanda,REP-S505,Simon Brooks,TERR-S05,2,6.0,8,7,4,-1.0553645262619686,-0.007756111455860642,0.8815811276363007,8.8854,0.07995815722675381,16.1488,synthetic,1.0223415622492253,1.243435191237864,-0.2273957250424497,0.17833911407828612,1.2290263146108709,0.6017048854877244,-0.2273957250424497,1.0237447983066021,87.5,2.3333333333333335,0.5714285714285714,2.7619700430916403,2.0794415416798357,525.0,0.5714285714285714,14.831,37575.68,13.0
2001000104,Dr. James Gonzalez,Internal Medicine,Denver,CO,Subsys,REP-S847,Scott Kim,TERR-S11,3,10.0,2,1,1,0.14158858559120047,2.1503561066289105,2.8472875523320527,2.0325,0.019427966468604563,28.3704,synthetic,-1.2123444891488182,-1.3388412200154942,0.6349183820565215,1.7113306380790037,-1.889840491916844,0.49200204971331685,0.6349183820565215,1.801183829245647,50.0,0.3333333333333333,1.0,3.3605593979886437,0.6931471805599453,500.0,1.0,27.8053,63515.75,20.0
2001000106,Dr. Sarah Lewis,Emergency Medicine,Denver,CO,Subsys,REP-S539,Solomon Patel,TERR-S11,3,2.0,3,3,2,-0.0294047161021094,-0.9679391486057908,-0.5716653478951274,2.1405,0.019093776331414514,9.2524,synthetic,1.7672369127152399,-0.47808241626437475,-0.035770367909345006,-0.9832107166948462,-0.33040708865298646,-0.8244319795795745,-0.035770367909345006,0.6971888221971602,100.0,1.0,0.6666666666666666,2.3084180481864895,1.3862943611198906,200.0,0.6666666666666666,9.0585,18398.19,19.0
2001000108,Dr. John Martinez,Palliative Care,Atlanta,GA,Abstral,REP-S524,Sarah Patel,TERR-S10,2,9.0,8,8,0,-0.542384621182039,1.260583719912166,-0.38667574648546366,4.7262,0.04425248056008435,23.5174,synthetic,1.7672369127152399,1.6738145931134232,-1.3771478678410778,1.185226021627096,1.4940130379096728,2.2472474221038388,-1.3771478678410778,1.441603089392507,100.0,2.6666666666666665,0.0,3.155130588996654,2.1972245773362196,900.0,0.0,22.4561,20839.37,16.0
2001000109,Dr. Susan Lopez,Internal Medicine,Boston,MA,Lazanda,REP-S585,Simon Nakamura,TERR-S01,3,7.0,2,2,1,0.9965550940577499,0.20199543637368658,0.1444189583636725,2.1758,0.020282039532208973,16.4422,synthetic,1.7672369127152399,-0.9084618181399344,-0.37111474289227814,0.37461590572886455,-0.9776304286355144,1.3696247359085776,-0.37111474289227814,1.0424145821199897,100.0,0.6666666666666666,0.5,2.8386105177817784,1.0986122886681098,700.0,0.5,16.092,27847.86,25.0
2001000110,Dr. Sandra Perez,Palliative Care,Houston,TX,Subsys,REP-S821,Samuel Alvarez,TERR-S13,2,1.0,9,4,2,0.14158858559120047,-1.2047205350731665,-1.0703699359439731,6.4955,0.055851506035561105,8.131,synthetic,-1.5434090893559358,-0.04770301438881521,-0.37111474289227814,-1.37400587983291,0.171618335963463,-1.5070274021758883,-0.37111474289227814,0.4901402998522357,44.44444444444444,1.3333333333333333,0.5,2.155823711598642,1.6094379124341003,44.44444444444444,0.5,7.635,11817.13,20.0
2001000111,Dr. Barbara Wright,Emergency Medicine,Houston,TX,Actiq,REP-S560,Sloan Chen,TERR-S04,3,1.0,2,1,0,-0.8843712245686588,-1.4964265536526093,-0.8347896743629555,-1.2692,-0.010914857883012274,5.8066,synthetic,-1.2123444891488182,-1.3388412200154942,-1.3771478678410778,-1.9553957610237873,-1.889840491916844,-1.4826489942260201,-1.3771478678410778,0.4526551437862955,50.0,0.3333333333333333,0.0,1.9288075875841626,0.6931471805599453,50.0,0.0,5.8813,14925.92,14.0
2001000113,Dr. Susan Hernandez,Palliative Care,Columbus,OH,Actiq,REP-S714,Selena Rossi,TERR-S04,2,1.0,9,8,1,2.022514904217609,-2.1448599072639687,-1.7783860772734816,5.9146,0.03856937546971717,2.1003,synthetic,1.1051077123010045,1.6738145931134232,-1.125639586603878,-4.096085374696399,1.4940130379096728,-1.3120001385769418,-1.125639586603878,0.12730166530543333,88.88888888888889,2.6666666666666665,0.125,1.0929295055326116,2.1972245773362196,88.88888888888889,0.125,1.983,2473.93,31.0
2001000114,Dr. Robert Moore,Oncology,Detroit,MI,Actiq,REP-S685,Simon Larsson,TERR-S03,1,8.0,12,8,7,-1.3973511296485885,0.6883994618797634,-0.35874975663158587,7.3981,0.0679231655540522,20.423,synthetic,-0.21915068852746614,1.6738145931134232,0.3834101008193216,0.7790793970392675,1.4940130379096728,0.6382724974125267,0.3834101008193216,1.262578126135085,66.66666666666666,2.6666666666666665,0.875,2.9965419456810305,2.1972245773362196,533.3333333333333,0.875,19.0162,21207.89,11.0
2001000115,Dr. Michael Baker,Internal Medicine,Jacksonville,FL,Fentora,REP-S830,Sadie Alvarez,TERR-S08,3,6.0,5,3,0,-0.542384621182039,-0.13322446397594576,-0.46739301179712894,1.8274,0.016922079395549794,14.334,synthetic,-0.6164282087760067,-0.47808241626437475,-1.3771478678410778,0.05331193751446078,-0.33040708865298646,-0.12233383062336577,-1.3771478678410778,0.9118666013005506,60.0,1.0,0.0,2.7131505057411527,1.3862943611198906,360.0,0.0,14.0767,19774.2,16.0
2001000116,Dr. Richard Thompson,Pain Management,Charlotte,NC,Subsys,REP-S595,Stephen Nakamura,TERR-S11,3,3.0,4,3,2,0.14158858559120047,-0.6714426109323824,-0.1731531673278333,5.539,0.049461535822967306,11.4414,synthetic,0.27744621178321077,-0.47808241626437475,-0.035770367909345006,-0.5653823305664478,-0.33040708865298646,-0.7147291438051668,-0.035770367909345006,0.7483256259484777,75.0,1.0,0.6666666666666666,2.4715680853488196,1.3862943611198906,225.0,0.6666666666666666,10.841,23657.08,20.0
2001000117,Dr. Patricia Jackson,Oncology,Houston,TX,Subsys,REP-S565,Simon Kapoor,TERR-S09,3,2.0,4,3,2,-0.542384621182039,-1.1525072036983093,-1.1472255154775162,3.8054,0.03324427171783606,8.2514,synthetic,0.27744621178321077,-0.47808241626437475,-0.035770367909345006,-1.2825602384627353,-0.33040708865298646,-1.0438376511283896,-0.035770367909345006,0.5277661818257684,75.0,1.0,0.6666666666666666,2.191530619705389,1.3862943611198906,150.0,0.6666666666666666,7.9489,10802.92,16.0
2001000118,Dr. Joseph King,Oncology,Seattle,WA,Subsys,REP-S743,Sean Tanaka,TERR-S05,3,4.0,4,2,1,1.8515216025242993,-0.5129895384007196,-0.40608420334364,2.5347,0.023094501287616254,12.0925,synthetic,-1.2123444891488182,-0.9084618181399344,-0.37111474289227814,-0.36721939351653965,-0.9776304286355144,-0.8244319795795745,-0.37111474289227814,0.7830345383613306,50.0,0.6666666666666666,0.5,2.5489450458838894,1.0986122886681098,200.0,0.5,11.7936,20583.25,30.0
2001000119,Dr. Sarah Lopez,Oncology,Houston,TX,Actiq,REP-S679,Solomon Kowalski,TERR-S11,3,8.0,3,2,0,-0.8843712245686588,0.5638126979429423,0.36894916067927047,2.6137,0.024475867952180153,18.7446,synthetic,-0.21915068852746614,-0.9084618181399344,-1.3771478678410778,0.6814082824271236,-0.9776304286355144,0.6382724974125267,-1.3771478678410778,1.2128483685349765,66.66666666666666,0.6666666666666666,0.0,2.958404168287992,1.0986122886681098,533.3333333333333,0.0,18.2672,30810.83,14.0
2001000120,Dr. Rebecca Allen,Neurology,Austin,TX,Abstral,REP-S849,Seth Kim,TERR-S13,2,7.0,7,5,5,0.31258188728451036,0.3295929084910905,-0.17619265352407518,5.3544,0.04930970556122949,17.7618,synthetic,0.06461896879292103,0.3826763874867446,0.6349183820565215,0.4870509364339232,0.5818029746283429,0.49200204971331685,0.6349183820565215,1.153560879927927,71.42857142857143,1.6666666666666667,1.0,2.882513182241347,1.791759469228055,500.0,1.0,16.8591,23616.97,21.0
2001000121,Dr. Barbara Sanchez,Neurology,Los Angeles,CA,Subsys,REP-S544,Sarah Chen,TERR-S02,2,6.0,7,5,0,-0.37139131948872917,-0.10774156379554398,-0.5829616881412946,2.8955,0.02669261021728353,14.6419,synthetic,0.06461896879292103,0.3826763874867446,-1.3771478678410778,0.07920396191227513,0.5818029746283429,0.17856537607215217,-1.3771478678410778,0.973661462669206,71.42857142857143,1.6666666666666667,0.0,2.723260600897333,1.791759469228055,428.57142857142856,0.0,14.2299,18249.12,17.0
2001000122,Dr. Michael Torres,Anesthesiology,Columbus,OH,Abstral,REP-S736,Sasha Santos,TERR-S12,2,8.0,5,2,3,-0.20039801779541927,0.44278555583288803,-0.7861366771693604,3.6191,0.033667071088664624,18.1744,synthetic,-1.80826076952163,-0.9084618181399344,1.640951507005321,0.5828218486442456,-0.9776304286355144,-0.2978583678624179,1.640951507005321,1.2027788039867893,40.0,0.6666666666666666,1.5,2.9199089849319346,1.0986122886681098,320.0,1.5,17.5396,15567.96,18.0
2001000123,Dr. Melissa King,Palliative Care,New York,NY,Actiq,REP-S844,Sarah Kim,TERR-S08,2,10.0,8,7,2,-0.542384621182039,3.8359202103370267,3.1385538381291833,6.1616,0.05829987068082243,40.2763,synthetic,1.0223415622492253,1.243435191237864,-0.8022717964417637,2.483292970039449,1.2290263146108709,2.137544586329431,-0.8022717964417637,2.435531865619386,87.5,2.3333333333333335,0.2857142857142857,3.661988614692371,2.0794415416798357,875.0,0.2857142857142857,37.9387,67359.39,16.0
2001000124,Dr. Richard Williams,Palliative Care,Nashville,TN,Actiq,REP-S522,Sophia Patel,TERR-S08,3,5.0,3,2,1,-1.2263578279552785,-0.14228985601140215,0.6054743834387253,4.6489,0.04247418164906369,14.674,synthetic,-0.21915068852746614,-0.9084618181399344,-0.37111474289227814,0.04403750996577492,-0.9776304286355144,-0.2393501887827342,-0.37111474289227814,0.9001762033514106,66.66666666666666,0.6666666666666666,0.5,2.709529106981609,1.0986122886681098,333.33333333333326,0.5,14.0222,33932.09,12.0
2001000125,Dr. Elizabeth Green,Oncology,Phoenix,AZ,Fentora,REP-S560,Sloan Chen,TERR-S04,2,3.0,7,5,3,-1.2263578279552785,-0.6090660602297019,0.24056402209700006,7.146,0.06354803813858556,12.0175,synthetic,0.06461896879292103,0.3826763874867446,-0.16990811790251828,-0.48553401867085133,0.5818029746283429,-0.7617446448513415,-0.16990811790251828,0.744684861472382,71.42857142857143,1.6666666666666667,0.6,2.5027465679163314,1.791759469228055,214.28571428571428,0.6,11.216,29116.62,12.0
2001000126,Dr. Nancy Hall,Anesthesiology,Austin,TX,Abstral,REP-S635,Stephen Novak,TERR-S09,3,5.0,2,2,3,-0.8843712245686588,-0.3088435632609865,-0.7183942517111112,3.6112,0.03298559432032144,13.4911,synthetic,1.7672369127152399,-0.9084618181399344,1.640951507005321,-0.13262083803809221,-0.9776304286355144,0.49200204971331685,1.640951507005321,0.8929087623909087,100.0,0.6666666666666666,1.5,2.640549073554656,1.0986122886681098,500.0,1.5,13.0209,16461.91,14.0
2001000127,Dr. Thomas Jones,Oncology,Columbus,OH,Subsys,REP-S711,Silas Rossi,TERR-S01,2,4.0,8,7,1,0.14158858559120047,-0.5774952087007185,-0.32138324844492794,4.895,0.04402760730822708,11.9642,synthetic,1.0223415622492253,1.243435191237864,-1.089709832141421,-0.446049597895417,1.2290263146108709,-0.16621496493312882,-1.089709832141421,0.7572866077908074,87.5,2.3333333333333335,0.14285714285714285,2.518164105189315,2.0794415416798357,350.0,0.14285714285714285,11.4058,21700.99,20.0
2001000128,Dr. Thomas Campbell,Pain Management,Miami,FL,Actiq,REP-S573,Spencer Kapoor,TERR-S03,1,1.0,11,8,2,1.5095349991376794,-1.7756572620915156,-1.4296423572956611,6.13,0.04832691849354753,4.4602,synthetic,0.14201069351666307,1.6738145931134232,-0.874131305366678,-2.671579028383291,1.4940130379096728,-1.382919143522013,-0.874131305366678,0.2900943894115924,72.72727272727273,2.6666666666666665,0.25,1.6491585006290328,2.1972245773362196,72.72727272727273,0.25,4.2026,7076.06,28.0
2001000129,Dr. Richard Adams,Pain Management,Portland,OR,Subsys,REP-S831,Silas Alvarez,TERR-S09,3,9.0,2,1,1,0.48357518897782026,0.857864074828806,0.10836948508328947,4.3923,0.040983616828288216,20.915,synthetic,-1.2123444891488182,-1.3388412200154942,0.6349183820565215,0.906222564683272,-1.889840491916844,0.2725963781645016,0.6349183820565215,1.3829631875175492,50.0,0.3333333333333333,1.0,3.0461877170424843,0.6931471805599453,450.0,1.0,20.035,27372.14,22.0
2001000130,Dr. Melissa Torres,Oncology,Detroit,MI,Fentora,REP-S544,Sarah Chen,TERR-S02,1,10.0,10,9,6,-0.8843712245686588,2.1930715685501063,2.8134394521257367,10.1662,0.09363806556822496,30.9149,synthetic,1.1713206323424281,2.104193994988983,-0.035770367909345006,1.7340609115377195,1.7310517392273213,2.2472474221038388,-0.035770367909345006,1.8631794803070731,90.0,3.0,0.6666666666666666,3.3694349198119977,2.302585092994046,900.0,0.6666666666666666,28.0621,63069.08,14.0
2001000131,Dr. Michael Rivera,Internal Medicine,Los Angeles,CA,Subsys,REP-S616,Sasha O'Connor,TERR-S04,3,5.0,4,3,4,0.14158858559120047,-0.24423809047986333,0.6190440865841016,4.233,0.03863518262869059,13.9769,synthetic,0.27744621178321077,-0.47808241626437475,1.3056071320223879,-0.0626419419661243,-0.33040708865298646,-0.0565121291587212,1.3056071320223879,0.8686334735285595,75.0,1.0,1.3333333333333333,2.66787383145469,1.3862943611198906,375.0,1.3333333333333333,13.4093,34111.16,20.0
2001000132,Dr. James Rodriguez,Palliative Care,Nashville,TN,Lazanda,REP-S703,Sean Rossi,TERR-S07,2,10.0,5,2,2,-0.713377922875349,3.74351974656279,4.214557716378312,2.8031,0.02693244510525661,38.431,synthetic,-1.80826076952163,-0.9084618181399344,0.6349183820565215,2.446494498679637,-0.9776304286355144,0.0531907066156864,0.6349183820565215,2.399870708243104,40.0,0.6666666666666666,1.0,3.6476198638626336,1.0986122886681098,400.0,1.0,37.3832,81558.67,15.0
2001000133,Dr. Sandra Nguyen,Oncology,Nashville,TN,Actiq,REP-S680,Sloan Kowalski,TERR-S12,1,8.0,9,5,4,-1.0553645262619686,0.6940882033038477,0.8220894939269123,8.3004,0.07591072774292629,20.6317,synthetic,-0.8812798889417006,0.3826763874867446,0.23250513207700174,0.7834514406088389,0.5818029746283429,0.24821797021463332,0.23250513207700174,1.26484883068772,55.55555555555556,1.6666666666666667,0.8,2.9982491036782655,1.791759469228055,444.44444444444446,0.8,19.0504,36790.61,13.0
2001000135,Dr. Robert Sanchez,Pain Management,Houston,TX,Subsys,REP-S527,Scott Patel,TERR-S13,1,6.0,12,9,4,-0.37139131948872917,0.0707052724546846,-0.33918519552099713,7.8354,0.07097299451587746,16.5018,synthetic,0.27744621178321077,2.104193994988983,-0.4828962012199226,0.2535320597503032,1.7310517392273213,0.2725963781645016,-0.4828962012199226,1.056305004722975,75.0,3.0,0.4444444444444444,2.791330738267015,2.302585092994046,450.0,0.4444444444444444,15.3027,21466.07,17.0
2001000136,Dr. Barbara Martinez,Pain Management,Portland,OR,Actiq,REP-S849,Seth Kim,TERR-S13,2,3.0,8,6,3,-0.37139131948872917,-0.7115299408506385,-1.2739048740977472,7.77,0.06859279146561148,11.4236,synthetic,0.27744621178321077,0.8130557893623042,-0.37111474289227814,-0.6180442846820773,0.9286091450931295,-0.7147291438051668,-0.37111474289227814,0.731690031828601,75.0,2.0,0.5,2.451005098112319,1.9459101490553132,225.0,0.5,10.6,9131.22,17.0
2001000137,Dr. Nancy King,Neurology,Atlanta,GA,Fentora,REP-S644,Sarah Dubois,TERR-S04,3,6.0,3,2,1,2.8774814126841584,-0.03064414712703076,-0.5142311076095226,4.5274,0.04151962411132759,15.3587,synthetic,-0.21915068852746614,-0.9084618181399344,-0.37111474289227814,0.15598203192881566,-0.9776304286355144,0.05319070661568615,-0.37111474289227814,1.0053758168071252,66.66666666666666,0.6666666666666666,0.5,2.7532402418033035,1.0986122886681098,399.99999999999994,0.5,14.6934,19156.11,36.0
2001000138,Dr. Robert Johnson,Pain Management,Houston,TX,Abstral,REP-S715,Stephen Rossi,TERR-S05,2,6.0,5,4,3,0.14158858559120047,0.11300489070452918,-0.293016983976237,8.7592,0.07908611274361199,16.9196,synthetic,0.5754043519696166,-0.04770301438881521,0.1319018195821217,0.2931719274666163,0.171618335963463,0.4042397810937907,0.1319018195821217,1.073858662750712,80.0,1.3333333333333333,0.75,2.806808973125474,1.6094379124341003,480.0,0.75,15.557,22075.32,20.0
2001000139,Dr. Ashley Martin,Pain Management,Chicago,IL,Subsys,REP-S517,Stanley Brooks,TERR-S03,1,4.0,10,4,4,-0.542384621182039,-0.4640863226498179,-0.7602983922445892,6.2778,0.05636005400226374,12.8464,synthetic,-1.80826076952163,-0.04770301438881521,0.6349183820565215,-0.30903287628118564,0.171618335963463,-0.9999565168186266,0.6349183820565215,0.834375134785981,40.0,1.3333333333333333,1.0,2.571665217046165,1.6094379124341003,160.0,1.0,12.0876,15908.93,16.0
2001000140,Dr. Melissa Williams,Internal Medicine,Las Vegas,NV,Lazanda,REP-S640,Sloan Novak,TERR-S14,3,9.0,3,3,3,-0.713377922875349,1.2001865850851172,-0.25343697811338306,4.1587,0.03901167025666785,23.0117,synthetic,1.7672369127152399,-0.47808241626437475,0.6349183820565215,1.1452716293778018,-0.33040708865298646,2.2472474221038388,0.6349183820565215,1.4311499728297872,100.0,1.0,1.0,3.1395295413017577,1.3862943611198906,900.0,1.0,22.093,22597.63,15.0
2001000141,Dr. Sarah Wilson,Pain Management,Columbus,OH,Subsys,REP-S660,Sloan Dubois,TERR-S06,3,3.0,4,3,2,-0.20039801779541927,-0.7733575779071353,-0.2526761593297815,6.029,0.053468460551063135,10.845,synthetic,0.27744621178321077,-0.47808241626437475,-0.035770367909345006,-0.7014504460534189,-0.33040708865298646,-0.7147291438051668,-0.035770367909345006,0.7060325615615548,75.0,1.0,0.6666666666666666,2.4184373770596856,1.3862943611198906,225.0,0.6666666666666666,10.2283,22607.67,18.0
2001000142,Dr. Patricia Clark,Anesthesiology,New York,NY,Abstral,REP-S514,Selena Brooks,TERR-S14,2,8.0,9,5,2,-1.3973511296485885,0.6008227846931995,0.58134339405126,3.1629,0.02956423203037728,19.0745,synthetic,-0.8812798889417006,0.3826763874867446,-0.572321367882038,0.7108136433426865,0.5818029746283429,0.24821797021463332,-0.572321367882038,1.267931951246011,55.55555555555556,1.6666666666666667,0.4,2.9698861208920246,1.791759469228055,444.44444444444446,0.4,18.4897,33613.65,11.0
2001000143,Dr. Deborah Williams,Palliative Care,Columbus,OH,Subsys,REP-S748,Serena Tanaka,TERR-S10,3,2.0,4,2,1,-0.713377922875349,-0.8430862447193053,-1.100272235944896,4.4327,0.039437387431672466,10.2439,synthetic,-1.2123444891488182,-0.9084618181399344,-0.37111474289227814,-0.7988942142503772,-0.9776304286355144,-1.2632433226772048,-0.37111474289227814,0.6297099168671337,50.0,0.6666666666666666,0.5,2.380388371940905,1.0986122886681098,100.0,0.5,9.8091,11422.53,15.0
2001000144,Dr. Barbara Robinson,Palliative Care,Portland,OR,Subsys,REP-S577,Stanley Kapoor,TERR-S07,2,10.0,6,4,4,0.48357518897782026,1.5888174465830986,1.992916854277296,6.6129,0.06158876523819723,26.0448,synthetic,-0.21915068852746614,-0.04770301438881521,0.6349183820565215,1.3920923756149657,0.171618335963463,1.2233542882093669,0.6349183820565215,1.5682820486195426,66.66666666666666,1.3333333333333333,1.0,3.235905984975579,1.6094379124341003,666.6666666666665,1.0,24.4294,52241.21,22.0
2001000145,Dr. Laura Gonzalez,Orthopedics,Houston,TX,Subsys,REP-S680,Sloan Kowalski,TERR-S12,3,7.0,2,2,3,1.3385416974443696,0.2877091339125968,1.0917777768723886,4.9217,0.045378566940657006,17.4247,synthetic,1.7672369127152399,-0.9084618181399344,1.640951507005321,0.45068567826971284,-0.9776304286355144,1.3696247359085776,1.640951507005321,1.028777624630252,100.0,0.6666666666666666,1.5,2.868313588776949,1.0986122886681098,700.0,1.5,16.6073,40349.5,27.0
2001000146,Dr. Betty White,Pain Management,Miami,FL,Fentora,REP-S589,Seth Nakamura,TERR-S05,2,4.0,7,5,4,0.14158858559120047,-0.4476355470111642,-0.8997138876138192,8.8853,0.07891679734899926,13.2693,synthetic,0.06461896879292103,0.3826763874867446,0.23250513207700174,-0.2897526887277649,0.5818029746283429,-0.4483079712101769,0.23250513207700174,0.8412019408376649,71.42857142857143,1.6666666666666667,0.8,2.579193578977206,1.791759469228055,285.7142857142857,0.8,12.1865,14069.16,20.0
2001000147,Dr. David Allen,Neurology,Portland,OR,Lazanda,REP-S724,Sarah Santos,TERR-S14,3,1.0,2,2,0,-0.20039801779541927,-1.7387802453160912,-1.583815009031287,2.2981,0.01857536765814416,4.526,synthetic,1.7672369127152399,-0.9084618181399344,-1.3771478678410778,-2.56470728916458,-0.9776304286355144,-1.2632433226772048,-1.3771478678410778,0.3027266817958923,100.0,0.6666666666666666,0.0,1.6908888588430806,1.0986122886681098,100.0,0.0,4.4243,5041.55,18.0
2001000148,Dr. Linda Anderson,Oncology,Chicago,IL,Fentora,REP-S612,Sienna O'Connor,TERR-S14,2,2.0,8,4,0,-0.713377922875349,-0.9250240817223467,-0.15931823851088323,4.6499,0.04113329196437299,9.7497,synthetic,-1.2123444891488182,-0.04770301438881521,-1.3771478678410778,-0.9183493550071131,0.171618335963463,-1.2632433226772048,-1.3771478678410778,0.618567805983189,50.0,1.3333333333333333,0.0,2.3337445552431477,1.6094379124341003,100.0,0.0,9.3165,23839.65,15.0
2001000149,Dr. Michael Brown,Pain Management,Miami,FL,Subsys,REP-S569,Seth Kapoor,TERR-S13,1,3.0,13,7,3,-0.20039801779541927,-0.6268142681229713,-0.43405490266786884,8.5991,0.07593252992776467,12.0646,synthetic,-0.9831459197746599,1.243435191237864,-0.5148337607421067,-0.5080012604921641,1.2290263146108709,-0.993205573078663,-0.5148337607421067,0.7668456670371205,53.84615384615385,2.3333333333333335,0.42857142857142855,2.493973752426108,2.0794415416798357,161.53846153846155,0.42857142857142855,11.1093,20214.14,18.0
2001000150,Dr. Stephanie Miller,Oncology,Charlotte,NC,Subsys,REP-S717,Stanley Rossi,TERR-S07,2,1.0,5,5,3,-0.37139131948872917,-1.8781377764593064,-1.320410301139223,6.673,0.050859318188368086,3.8258,synthetic,1.7672369127152399,0.3826763874867446,-0.16990811790251828,-2.9943716654547288,0.5818029746283429,-1.2632433226772048,-0.16990811790251828,0.23812520111186683,100.0,1.6666666666666667,0.6,1.5231172059675733,1.791759469228055,100.0,0.6,3.5865,8517.52,17.0
2001000151,Dr. Ashley Hill,Pain Management,Atlanta,GA,Actiq,REP-S526,Stella Patel,TERR-S12,1,4.0,12,8,0,0.82556179236444,-0.4486502055692611,-0.04538865681704732,2.4155,0.022075554125855046,12.4746,synthetic,-0.21915068852746614,1.6738145931134232,-1.3771478678410778,-0.2909376701201763,1.4940130379096728,-0.5318910841811543,-1.3771478678410778,0.840780873932556,66.66666666666666,2.6666666666666665,0.0,2.578730877627496,2.1972245773362196,266.66666666666663,0.0,12.1804,25343.1,24.0
2001000152,Dr. Kathleen Jones,Orthopedics,Detroit,MI,Subsys,REP-S749,Seth Tanaka,TERR-S11,3,6.0,3,3,3,0.31258188728451036,-0.029745924796912186,0.7903230363486385,4.6817,0.04290406125200352,15.387,synthetic,1.7672369127152399,-0.47808241626437475,0.6349183820565215,0.15686310671173453,-0.33040708865298646,0.9308133928109472,0.6349183820565215,0.910551176224621,100.0,1.0,1.0,2.7535842763120835,1.3862943611198906,600.0,1.0,14.6988,36371.41,21.0
2001000153,Dr. Charles King,Pain Management,Los Angeles,CA,Subsys,REP-S642,Sophia Dubois,TERR-S02,1,5.0,13,9,7,-0.20039801779541927,-0.25508329342870284,0.5339900026483791,9.0155,0.0805354182214244,14.5471,synthetic,-0.06635164227802695,2.104193994988983,0.18779254874594392,-0.07425642527265992,1.7310517392273213,-0.18309232428303776,0.18779254874594392,0.9211080145022674,69.23076923076923,3.0,0.7777777777777778,2.663338707834582,2.302585092994046,346.15384615384613,0.7777777777777778,13.3441,32988.76,18.0
2001000154,Dr. Laura Thompson,Palliative Care,Charlotte,NC,Fentora,REP-S590,Sadie Nakamura,TERR-S06,3,1.0,5,3,0,-0.8843712245686588,-1.5580213182531497,-0.9009702995094484,2.5555,0.021409473890198427,5.6519,synthetic,-0.6164282087760067,-0.47808241626437475,-1.3771478678410778,-2.0970566677111,-0.33040708865298646,-1.438767859916257,-1.3771478678410778,0.3537869276340106,60.0,1.0,0.0,1.873493054254725,1.3862943611198906,60.0,0.0,5.511,14052.58,14.0
2001000155,Dr. Jessica Harris,Internal Medicine,Austin,TX,Subsys,REP-S803,Sean Vargas,TERR-S09,3,2.0,4,2,3,0.31258188728451036,-0.8870326039077006,-0.21713440376355508,2.6824,0.02398713327308366,9.8009,synthetic,-1.2123444891488182,-0.9084618181399344,1.640951507005321,-0.8622689988774921,-0.9776304286355144,-1.2632433226772048,1.640951507005321,0.6183036878496825,50.0,0.6666666666666666,1.5,2.3556423307183945,1.0986122886681098,100.0,1.5,9.5449,23076.69,21.0
2001000156,Dr. David Thomas,Pain Management,Miami,FL,Subsys,REP-S575,Stephen Kapoor,TERR-S05,2,7.0,5,5,6,-0.8843712245686588,0.24910220746435113,0.666676343835952,8.5594,0.07758348875614196,17.7769,synthetic,1.7672369127152399,0.3826763874867446,1.0373316320360413,0.4167019180858374,0.5818029746283429,1.3696247359085776,1.0373316320360413,1.1303368499245008,100.0,1.6666666666666667,1.2,2.855043902175974,1.791759469228055,700.0,1.2,16.3752,34739.73,14.0
2001000157,Dr. Joseph Lopez,Palliative Care,Chicago,IL,Fentora,REP-S510,Sadie Brooks,TERR-S10,3,8.0,4,3,4,-0.20039801779541927,0.594335623420121,-0.6813740524727663,3.9994,0.03723502952841651,19.1886,synthetic,0.27744621178321077,-0.47808241626437475,1.3056071320223879,0.7056837881725577,-0.33040708865298646,0.9308133928109472,1.3056071320223879,1.184470416566293,75.0,1.0,1.3333333333333333,2.967883059134065,1.3862943611198906,600.0,1.3333333333333333,18.4507,16950.44,18.0
2001000158,Dr. Ashley Adams,Oncology,Chicago,IL,Abstral,REP-S723,Sean Santos,TERR-S13,2,8.0,9,8,0,-0.713377922875349,0.499007620199571,1.1800759496652815,7.8128,0.07137804013500304,19.2743,synthetic,1.1051077123010045,1.6738145931134232,-1.3771478678410778,0.6290916876378341,1.4940130379096728,1.4183815518083143,-1.3771478678410778,1.1869809271985252,88.88888888888889,2.6666666666666665,0.0,2.9379760339930274,2.1972245773362196,711.1111111111111,0.0,17.8776,41514.71,15.0
2001000160,Dr. Patricia Smith,Internal Medicine,Miami,FL,Abstral,REP-S722,Sophia Santos,TERR-S12,3,2.0,4,2,0,0.31258188728451036,-1.1218013070057364,-0.590868444304742,-0.2715,-0.002422595992160659,8.1114,synthetic,-1.2123444891488182,-0.9084618181399344,-1.3771478678410778,-1.23026869356344,-0.9776304286355144,-1.2632433226772048,-1.3771478678410778,0.5268754041556635,50.0,0.6666666666666666,0.0,2.2119489727346013,1.0986122886681098,100.0,0.0,8.1335,18144.78,21.0
2001000161,Dr. Jessica Adams,Psychiatry,Detroit,MI,Actiq,REP-S573,Spencer Kapoor,TERR-S03,3,6.0,2,2,0,0.9965550940577499,-0.09677992461872637,-1.0002351749281233,0.8172,0.007607075799723528,14.4126,synthetic,1.7672369127152399,-0.9084618181399344,-1.3771478678410778,0.09026157061888095,-0.9776304286355144,0.9308133928109472,-1.3771478678410778,1.152636119554613,100.0,0.6666666666666666,0.0,2.7275782809097553,1.0986122886681098,600.0,0.0,14.2958,12742.65,25.0
2001000162,Dr. Joseph Young,Pain Management,Jacksonville,FL,Fentora,REP-S569,Seth Kapoor,TERR-S13,2,10.0,6,4,3,0.31258188728451036,2.6748347786839033,3.185315397390637,7.4792,0.06994907450418753,33.2739,synthetic,-0.21915068852746614,-0.04770301438881521,0.1319018195821217,1.9773569274105527,0.171618335963463,1.2233542882093669,0.1319018195821217,2.136976668053072,66.66666666666666,1.3333333333333333,0.75,3.4644350570666784,1.6094379124341003,666.6666666666665,0.75,30.9584,67976.47,21.0
2001000163,Dr. Sharon Wright,Neurology,Los Angeles,CA,Abstral,REP-S504,Sarah Brooks,TERR-S04,3,1.0,5,2,3,-0.542384621182039,-1.5027473774571476,-1.19286630682966,6.0607,0.05044977826431496,6.1974,synthetic,-1.80826076952163,-0.9084618181399344,1.640951507005321,-1.969577378619379,-0.9776304286355144,-1.526530128535783,1.640951507005321,0.39981981776505604,40.0,0.6666666666666666,1.5,1.9232700714302655,1.0986122886681098,40.0,1.5,5.8433,10200.63,16.0
2001000165,Dr. Sharon Rivera,Pain Management,Las Vegas,NV,Subsys,REP-S761,Samuel Muller,TERR-S09,3,4.0,4,3,2,0.48357518897782026,-0.5212232430934735,0.2912986619186373,3.8418,0.03479228617479402,12.1953,synthetic,0.27744621178321077,-0.47808241626437475,-0.035770367909345006,-0.37714746103463515,-0.33040708865298646,-0.385620636481944,-0.035770367909345006,0.8106642361130447,75.0,1.0,0.6666666666666666,2.545068419406842,1.3862943611198906,300.0,0.6666666666666666,11.7441,29786.13,22.0
2001000166,Dr. Kathleen Jones,Orthopedics,Philadelphia,PA,Subsys,REP-S632,Sienna Novak,TERR-S06,3,4.0,2,1,1,-0.542384621182039,-0.4325154711208345,0.43999402464243653,3.8194,0.034706355244296105,12.7463,synthetic,-1.2123444891488182,-1.3388412200154942,0.6349183820565215,-0.27215917823018154,-1.889840491916844,-0.8244319795795745,0.6349183820565215,0.7605519505660436,50.0,0.3333333333333333,1.0,2.5860633417477383,0.6931471805599453,200.0,1.0,12.2774,31748.36,16.0
2001000167,Dr. Patricia Taylor,Oncology,New York,NY,Actiq,REP-S721,Samuel Santos,TERR-S11,3,2.0,2,2,3,1.6805283008309895,-1.1028222018452674,-0.6670753576243774,6.0693,0.052708335825463415,8.7481,synthetic,1.7672369127152399,-0.9084618181399344,1.640951507005321,-1.198473572353469,-0.9776304286355144,-0.8244319795795745,1.640951507005321,0.5475983294828476,100.0,0.6666666666666666,1.5,2.2243640583994453,1.0986122886681098,200.0,1.5,8.2476,17139.13,29.0
2001000169,Dr. Sharon Miller,Oncology,Jacksonville,FL,Subsys,REP-S773,Spencer Muller,TERR-S07,2,9.0,9,8,5,0.14158858559120047,1.0649375894148518,2.0991010885735286,8.9685,0.08218825268140773,23.1884,synthetic,1.1051077123010045,1.6738145931134232,-0.11960646165507824,1.0534733207586964,1.4940130379096728,1.8084360790062082,-0.11960646165507824,1.4128761932637433,88.88888888888889,2.6666666666666665,0.625,3.1036849267186697,2.1972245773362196,800.0,0.625,21.2799,53642.45,20.0
2001000170,Dr. Deborah Williams,Oncology,New York,NY,Subsys,REP-S613,Spencer O'Connor,TERR-S01,2,9.0,6,4,4,0.14158858559120047,0.9221535064197024,1.7696665552739523,6.1538,0.057009020051651316,21.6782,synthetic,-0.21915068852746614,-0.04770301438881521,0.6349183820565215,0.9528517756396475,0.171618335963463,0.9308133928109468,0.6349183820565215,1.355882836890001,66.66666666666666,1.3333333333333333,1.0,3.0643950905789605,1.6094379124341003,599.9999999999999,1.0,20.4215,49295.13,20.0
2001000171,Dr. John Nelson,Internal Medicine,Denver,CO,Subsys,REP-S805,Simon Vargas,TERR-S11,3,1.0,2,1,1,-0.0294047161021094,-1.3021776578910347,-1.0020265848926997,2.9136,0.025198222247775348,7.2545,synthetic,-1.2123444891488182,-1.3388412200154942,0.6349183820565215,-1.5539510094443758,-1.889840491916844,-1.4826489942260201,0.6349183820565215,0.4566296688306003,50.0,0.3333333333333333,1.0,2.085560283938011,0.6931471805599453,50.0,1.0,7.0491,12719.01,19.0
2001000172,Dr. Emily Hall,Pain Management,New York,NY,Subsys,REP-S694,Selena Larsson,TERR-S12,1,7.0,13,10,5,-1.2263578279552785,0.3584358255360096,0.7582799862842937,9.0759,0.08225123233096454,18.5784,synthetic,0.3920454964702906,2.534573396864543,-0.37111474289227814,0.5117966745848925,1.9454793272294546,0.6607756432124059,-0.37111474289227814,1.1757085346340233,76.92307692307693,3.3333333333333335,0.5,2.8921756853956904,2.3978952727983707,538.4615384615386,0.5,17.0325,35948.56,12.0
2001000173,Dr. Emily Adams,Pain Management,Miami,FL,Subsys,REP-S584,Sarah Nakamura,TERR-S14,2,8.0,9,8,0,1.6805283008309895,0.5873660834882746,0.326028826929846,5.1615,0.04779650309495542,19.359,synthetic,1.1051077123010045,1.6738145931134232,-1.3771478678410778,0.7001610081777572,1.4940130379096728,1.4183815518083143,-1.3771478678410778,1.270710892257203,88.88888888888889,2.6666666666666665,0.0,2.965726571467585,2.1972245773362196,711.1111111111111,0.0,18.4088,30244.44,29.0
2001000174,Dr. Kathleen Scott,Neurology,Miami,FL,Subsys,REP-S601,Samuel O'Connor,TERR-S03,2,5.0,5,3,3,-0.20039801779541927,-0.2640488829830346,0.5412943176435362,5.4756,0.049668835334172545,14.0179,synthetic,-0.6164282087760067,-0.47808241626437475,0.6349183820565215,-0.08389790000571855,-0.33040708865298646,-0.385620636481944,0.6349183820565215,0.9093637742476252,60.0,1.0,1.0,2.6595739876450954,1.3862943611198906,300.0,1.0,13.2902,33085.15,18.0
2001000175,Dr. Margaret Martin,Oncology,Denver,CO,Lazanda,REP-S598,Summer Nakamura,TERR-S14,2,7.0,5,3,2,-0.542384621182039,0.26194346003567653,1.1948535662977702,2.6928,0.025066521572763012,16.8954,synthetic,-0.6164282087760067,-0.47808241626437475,-0.035770367909345006,0.4280555608114939,-0.33040708865298646,0.1409529752352125,-0.035770367909345006,1.0923549585314032,60.0,1.0,0.6666666666666666,2.859477175007872,1.3862943611198906,420.0,0.6666666666666666,16.4524,41709.72,16.0
2001000176,Dr. Margaret Harris,Anesthesiology,Charlotte,NC,Subsys,REP-S724,Sarah Santos,TERR-S14,2,4.0,7,7,8,-0.8843712245686588,-0.5284755567218383,-1.2040921728259517,7.3072,0.06515100625967873,12.5555,synthetic,1.7672369127152399,1.243435191237864,0.9223564177561785,-0.3859241770523331,1.2290263146108709,0.0531907066156864,0.9223564177561785,0.8023622771355918,100.0,2.3333333333333335,1.1428571428571428,2.5416413627683045,2.0794415416798357,400.0,1.1428571428571428,11.7005,10052.49,14.0
2001000177,Dr. Jennifer Lopez,Oncology,Houston,TX,Abstral,REP-S652,Sienna Dubois,TERR-S12,2,7.0,9,7,4,-1.3973511296485885,0.24557585313129285,1.0291981585582421,8.8952,0.08049650137890962,17.8087,synthetic,0.44297851188677,1.243435191237864,-0.2273957250424497,0.4135752491731289,1.2290263146108709,0.6870293133122637,-0.2273957250424497,1.0858217033273303,77.77777777777779,2.3333333333333335,0.5714285714285714,2.853823027371298,2.0794415416798357,544.4444444444445,0.5714285714285714,16.354,39523.68,11.0
2001000178,Dr. Karen Brown,Internal Medicine,Atlanta,GA,Abstral,REP-S751,Silas Tanaka,TERR-S13,2,10.0,8,6,4,0.31258188728451036,1.4856549485942918,0.32819306840989265,5.944,0.055479536202324375,25.2245,synthetic,0.27744621178321077,0.8130557893623042,-0.035770367909345006,1.3288574434009166,0.9286091450931295,1.5890304074573929,-0.035770367909345006,1.5423227236273467,75.0,2.0,0.6666666666666666,3.2112145521213518,1.9459101490553132,750.0,0.6666666666666666,23.8092,30273.0,21.0
2001000179,Dr. Elizabeth Torres,Palliative Care,Detroit,MI,Subsys,REP-S759,Solomon Tanaka,TERR-S07,2,9.0,9,4,3,-1.0553645262619686,1.1312729718687955,1.388106084058424,6.0401,0.05613171605586054,22.9881,synthetic,-1.5434090893559358,-0.04770301438881521,0.1319018195821217,1.0989087381212224,0.171618335963463,0.0531907066156864,0.1319018195821217,1.3916967280165897,44.44444444444444,1.3333333333333333,0.75,3.121426157992756,1.6094379124341003,400.0,0.75,21.6787,44259.94,13.0
2001000180,Dr. Ashley Smith,Oncology,Philadelphia,PA,Subsys,REP-S606,Stella O'Connor,TERR-S08,3,4.0,3,2,2,1.8515216025242993,-0.41794430887668826,-0.5118827237346403,6.4039,0.05755572443483237,13.1568,synthetic,-0.21915068852746614,-0.9084618181399344,0.6349183820565215,-0.25531797615595436,-0.9776304286355144,-0.5318910841811543,0.6349183820565215,0.8209725670565268,66.66666666666666,0.6666666666666666,1.0,2.592639349590882,1.0986122886681098,266.66666666666663,1.0,12.365,19187.1,30.0
2001000181,Dr. Linda Hill,Orthopedics,Miami,FL,Abstral,REP-S838,Summer Alvarez,TERR-S02,3,9.0,2,1,2,0.31258188728451036,0.9089795789112962,1.1581781604324717,2.564,0.02414128224191492,20.8638,synthetic,-1.2123444891488182,-1.3388412200154942,2.646984631954121,0.9433656221277809,-1.889840491916844,0.2725963781645016,2.646984631954121,1.2601508417091265,50.0,0.3333333333333333,2.0,3.0606910188850067,0.6931471805599453,450.0,2.0,20.3423,41225.74,21.0
2001000183,Dr. Ashley Gonzalez,Anesthesiology,Portland,OR,Abstral,REP-S840,Sloan Alvarez,TERR-S04,2,4.0,7,6,0,-0.713377922875349,-0.5472550569200587,-0.5727095792534971,4.4067,0.03976261378367951,12.0982,synthetic,0.91592794075408,0.8130557893623042,-1.3771478678410778,-0.4087918191936323,0.9286091450931295,-0.19755863229724538,-1.3771478678410778,0.7946201549110196,85.71428571428571,2.0,0.0,2.5327122024023994,1.9459101490553132,342.85714285714283,0.0,11.5876,18384.41,15.0
2001000184,Dr. Dorothy Rodriguez,Oncology,Los Angeles,CA,Subsys,REP-S700,Sloan Larsson,TERR-S04,2,8.0,5,2,1,-0.8843712245686588,0.6998601134622026,1.5272563537560795,6.0987,0.05633158880081357,20.249,synthetic,-1.80826076952163,-0.9084618181399344,-0.37111474289227814,0.78787978782312,-0.9776304286355144,-0.2978583678624179,-0.37111474289227814,1.2671527326753351,40.0,0.6666666666666666,0.5,2.9999782466387814,1.0986122886681098,320.0,0.5,19.0851,46096.21,14.0
2001000185,Dr. Sharon Nelson,Internal Medicine,Austin,TX,Subsys,REP-S568,Serena Kapoor,TERR-S12,3,7.0,2,1,1,-1.3973511296485885,0.20284375746324343,-0.7595413623991527,3.8228,0.03535610078722495,16.7124,synthetic,-1.2123444891488182,-1.3388412200154942,0.6349183820565215,0.37537995835163984,-1.889840491916844,-0.16621496493312882,0.6349183820565215,1.042744952140423,50.0,0.3333333333333333,1.0,2.83890885848322,0.6931471805599453,350.0,1.0,16.0971,15918.92,11.0
2001000186,Dr. William Brown,Anesthesiology,Los Angeles,CA,Fentora,REP-S687,Scott Larsson,TERR-S05,3,9.0,5,3,4,0.6545684906711301,1.1027959972546653,2.0296589454543046,2.9577,0.027874018266479172,22.1437,synthetic,-0.6164282087760067,-0.47808241626437475,1.3056071320223879,1.0795025258178836,-0.33040708865298646,0.667526586952369,1.3056071320223879,1.4748777125331176,60.0,1.0,1.3333333333333333,3.113848587000495,1.3862943611198906,540.0,1.3333333333333333,21.5075,52726.07,23.0
2001000187,Dr. Margaret Allen,Anesthesiology,Seattle,WA,Subsys,REP-S688,Serena Larsson,TERR-S06,3,5.0,3,1,1,1.1675483957510597,-0.239264600170503,-0.9466565581195764,2.4576,0.022617513298860636,13.7695,synthetic,-2.205538289770171,-1.3388412200154942,0.6349183820565215,-0.057333233609105264,-1.889840491916844,-0.9707024272787848,0.6349183820565215,0.9215937023956793,33.33333333333333,0.3333333333333333,1.0,2.6699467302679016,0.6931471805599453,166.66666666666663,1.0,13.4392,13449.69,26.0
2001000188,Dr. Betty Harris,Pain Management,Chicago,IL,Subsys,REP-S762,Sophia Muller,TERR-S10,2,7.0,8,6,2,-1.3973511296485885,0.35788691188982613,-0.6309698080591474,8.4959,0.07719027258324962,18.476,synthetic,0.27744621178321077,0.8130557893623042,-0.7064591178752114,0.5113279599596008,0.9286091450931295,0.6017048854877244,-0.7064591178752114,1.1754807443410955,75.0,2.0,0.3333333333333333,2.8919926657372046,1.9459101490553132,525.0,0.3333333333333333,17.0292,17615.59,11.0
2001000189,Dr. Lisa Rodriguez,Palliative Care,Atlanta,GA,Subsys,REP-S753,Spencer Tanaka,TERR-S01,3,3.0,2,1,0,0.14158858559120047,-0.7498041923618033,-0.818117588647793,1.0858,0.009854624568801817,10.4825,synthetic,-1.2123444891488182,-1.3388412200154942,-1.3771478678410778,-0.6693555591682904,-1.889840491916844,-1.0438376511283896,-1.3771478678410778,0.6657113157089324,50.0,0.3333333333333333,0.0,2.4309695126490096,0.6931471805599453,150.0,0.0,10.3699,15145.93,20.0
2001000190,Dr. Dorothy Lewis,Neurology,Nashville,TN,Subsys,REP-S710,Sadie Rossi,TERR-S14,2,5.0,6,5,4,-0.20039801779541927,-0.36178877949742166,0.16964722424382264,6.5039,0.05854729057231456,13.5288,synthetic,0.7740431120938877,0.3826763874867446,0.23250513207700174,-0.19143046503041372,0.5818029746283429,0.1263259304652918,0.23250513207700174,0.8691580471894993,83.33333333333334,1.6666666666666667,0.8,2.617585595849837,1.791759469228055,416.66666666666674,0.8,12.7026,28180.78,18.0
2001000191,Dr. Michelle Brown,Pain Management,Los Angeles,CA,Actiq,REP-S677,Stanley Kowalski,TERR-S09,3,5.0,4,3,4,-0.37139131948872917,-0.297998360312147,-0.9934044772036347,6.0552,0.05472872232652204,13.8785,synthetic,0.27744621178321077,-0.47808241626437475,1.3056071320223879,-0.12073924587471625,-0.33040708865298646,-0.0565121291587212,1.3056071320223879,0.9032989552370053,75.0,1.0,1.3333333333333333,2.645188495545499,1.3862943611198906,375.0,1.3333333333333333,13.0861,12832.79,17.0
2001000192,Dr. Michael Rivera,Pain Management,Nashville,TN,Subsys,REP-S648,Serena Dubois,TERR-S08,2,3.0,5,4,0,-0.0294047161021094,-0.7827556448796728,-0.3393905559695589,4.2302,0.03778475101878431,10.602,synthetic,0.5754043519696166,-0.04770301438881521,-1.3771478678410778,-0.7143697814115949,0.171618335963463,-0.6489074423405222,-1.3771478678410778,0.7021325156371853,80.0,1.3333333333333333,0.0,2.4133927460250884,1.6094379124341003,240.0,0.0,10.1718,21463.36,19.0
2001000193,Dr. James Sanchez,Pain Management,Phoenix,AZ,Subsys,REP-S711,Silas Rossi,TERR-S01,2,4.0,9,8,2,-0.8843712245686588,-0.5005973969944536,-0.3211415141899789,6.6807,0.05979367734334762,12.661,synthetic,1.1051077123010045,1.6738145931134232,-0.874131305366678,-0.3523493298005048,1.4940130379096728,-0.1418365569832605,-0.874131305366678,0.8192236289382094,88.88888888888889,2.6666666666666665,0.25,2.5547513805620023,2.1972245773362196,355.55555555555554,0.25,11.8681,21704.18,14.0
2001000194,Dr. Carol Lee,Internal Medicine,Philadelphia,PA,Subsys,REP-S687,Scott Larsson,TERR-S05,3,6.0,2,1,0,1.1675483957510597,-0.08319015343896907,0.2555091097963971,1.5296,0.014198831598005945,14.5974,synthetic,-1.2123444891488182,-1.3388412200154942,-1.3771478678410778,0.10390436524219554,-1.889840491916844,-0.385620636481944,-1.3771478678410778,0.9313519546625748,50.0,0.3333333333333333,0.0,2.7329054021003865,0.6931471805599453,300.0,0.0,14.3775,29313.84,26.0
2001000195,Dr. Lisa Mitchell,Pain Management,Las Vegas,NV,Abstral,REP-S660,Sloan Dubois,TERR-S06,2,4.0,7,6,1,-1.2263578279552785,-0.4559856879318964,-0.1454855830568325,6.3378,0.05689786345115966,12.9054,synthetic,0.91592794075408,0.8130557893623042,-1.0418034928581448,-0.29952085221524993,0.9286091450931295,-0.19755863229724538,-1.0418034928581448,0.837736767290703,85.71428571428571,2.0,0.16666666666666666,2.5753793904517255,1.9459101490553132,342.85714285714283,0.16666666666666666,12.1363,24022.19,12.0
2001000196,Dr. Robert Campbell,Oncology,Las Vegas,NV,Abstral,REP-S581,Samuel Nakamura,TERR-S11,3,5.0,2,2,0,-1.3973511296485885,-0.1682717685974254,-0.01361841030060793,0.3156,0.002941988567348286,13.9098,synthetic,1.7672369127152399,-0.9084618181399344,-1.3771478678410778,0.01726888995157901,-0.9776304286355144,0.49200204971331685,-1.3771478678410778,0.9206312668666236,100.0,0.6666666666666666,0.0,2.699076726303102,1.0986122886681098,500.0,0.0,13.866,25762.35,11.0
2001000197,Dr. Sharon Allen,Pain Management,Philadelphia,PA,Fentora,REP-S841,Samuel Kim,TERR-S05,2,1.0,7,4,3,0.48357518897782026,-1.2645687562540318,-1.4527556378919144,4.945,0.042549040600325494,7.6349,synthetic,-0.7866900031682388,-0.04770301438881521,0.1319018195821217,-1.4830039289879964,0.171618335963463,-1.4513053268619034,0.1319018195821217,0.5021878603357961,57.14285714285714,1.3333333333333333,0.75,2.1132630901553466,1.6094379124341003,57.14285714285714,0.75,7.2752,6771.05,22.0
2001000198,Dr. Betty Perez,Oncology,Denver,CO,Subsys,REP-S837,Stanley Alvarez,TERR-S01,2,7.0,5,5,4,-0.37139131948872917,0.14410999732159915,0.6362936064756628,4.9028,0.045069054713159584,16.5159,synthetic,1.7672369127152399,0.3826763874867446,0.23250513207700174,0.3219346277870238,0.5818029746283429,1.3696247359085776,0.23250513207700174,1.0453208326516747,100.0,1.6666666666666667,0.8,2.818039985143699,1.791759469228055,700.0,0.8,15.744,34338.79,17.0
2001000199,Dr. Ashley Rodriguez,Palliative Care,Columbus,OH,Abstral,REP-S823,Sean Alvarez,TERR-S01,2,3.0,7,6,7,0.14158858559120047,-0.7997054329239477,-0.6601347806930937,9.3272,0.08143498247581737,11.0091,synthetic,0.91592794075408,0.8130557893623042,0.9702627570394549,-0.7378363724127883,0.9286091450931295,-0.5736826406666429,0.9702627570394549,0.646452364830652,85.71428571428571,2.0,1.1666666666666667,2.4042297132560764,1.9459101490553132,257.1428571428571,1.1666666666666667,10.0699,17230.72,20.0
2001000200,Dr. Sharon Lee,Pain Management,Columbus,OH,Lazanda,REP-S545,Simon Chen,TERR-S03,1,2.0,9,6,0,0.31258188728451036,-1.1468184622742248,-0.4830405686323815,4.7033,0.040950672329231885,8.3586,synthetic,-0.21915068852746614,0.8130557893623042,-1.3771478678410778,-1.2727914959502074,0.9286091450931295,-1.1169728749779948,-1.3771478678410778,0.5510523295368779,66.66666666666666,2.0,0.0,2.1953450343235916,1.9459101490553132,133.33333333333331,0.0,7.9831,19567.71,21.0
2001000201,Dr. Lisa Perez,Pain Management,Los Angeles,CA,Subsys,REP-S808,Serena Vargas,TERR-S14,1,6.0,13,9,3,-1.2263578279552785,-0.01633912483254929,0.2847581968576142,9.5879,0.08599476770588321,16.1964,synthetic,-0.06635164227802695,2.104193994988983,-0.7064591178752114,0.1699780633968766,1.7310517392273213,0.12070014401532174,-0.7064591178752114,1.0201829864535497,69.23076923076923,3.0,0.3333333333333333,2.7587052918811543,2.302585092994046,415.38461538461536,0.3333333333333333,14.7794,29699.82,12.0
2001000202,Dr. Deborah Nguyen,Oncology,Detroit,MI,Subsys,REP-S557,Stanley Chen,TERR-S01,2,5.0,7,4,0,-0.20039801779541927,-0.1932057551316434,-0.8313553808098845,3.1302,0.028754722943054034,14.1454,synthetic,-0.7866900031682388,-0.04770301438881521,-1.3771478678410778,-0.008685875538986712,0.171618335963463,-0.4483079712101771,-1.3771478678410778,0.9106786758596059,57.14285714285714,1.3333333333333333,0.0,2.6889421325442564,1.6094379124341003,285.71428571428567,0.0,13.7161,14971.24,18.0
2001000203,Dr. Amanda Martinez,Pain Management,New York,NY,Subsys,REP-S501,Samuel Brooks,TERR-S01,2,4.0,6,5,3,-0.713377922875349,-0.5598967045291354,-0.4896318054648201,8.4689,0.07503297112833751,12.4865,synthetic,0.7740431120938877,0.3826763874867446,-0.16990811790251828,-0.42430124788837836,0.5818029746283429,-0.2393501887827337,-0.16990811790251828,0.7946153745658607,83.33333333333334,1.6666666666666667,0.6,2.526656213982463,1.791759469228055,333.33333333333337,0.6,11.5116,19480.73,15.0
2001000204,Dr. Jessica Green,Pain Management,Charlotte,NC,Abstral,REP-S847,Scott Kim,TERR-S11,3,4.0,5,3,1,0.82556179236444,-0.4557694492227937,-0.8281597903612303,5.6969,0.05129671966484084,12.8291,synthetic,-0.6164282087760067,-0.47808241626437475,-0.7064591178752114,-0.2992674213127963,-0.33040708865298646,-0.6489074423405222,-0.7064591178752114,0.8378265028606442,60.0,1.0,0.3333333333333333,2.5754783479723873,1.3862943611198906,240.0,0.3333333333333333,12.1376,15013.41,24.0
2001000205,Dr. John Hill,Neurology,New York,NY,Abstral,REP-S665,Simon Kowalski,TERR-S11,3,8.0,3,3,0,-0.37139131948872917,0.6807146708331928,0.23614763577147102,3.8541,0.03595569152833278,19.7011,synthetic,1.7672369127152399,-0.47808241626437475,-1.3771478678410778,0.7731614265524649,-0.33040708865298646,1.8084360790062082,-1.3771478678410778,1.2979963279316675,100.0,1.0,0.0,2.994231147427724,1.3862943611198906,800.0,0.0,18.97,29058.34,17.0
2001000208,Dr. Barbara Allen,Family Practice,Chicago,IL,Subsys,REP-S591,Silas Nakamura,TERR-S07,3,10.0,4,3,0,-0.20039801779541927,1.3879982208141752,1.0194249714545445,1.8433,0.017519574477468325,23.6502,synthetic,0.27744621178321077,-0.47808241626437475,-1.3771478678410778,1.2675235986701565,-0.33040708865298646,1.5890304074573929,-1.3771478678410778,1.5632473732899195,75.0,1.0,0.0,3.1872654395685798,1.3862943611198906,750.0,0.0,23.2221,39394.71,18.0
2001000209,Dr. Sandra Sanchez,Palliative Care,Atlanta,GA,Lazanda,REP-S799,Solomon Gomez,TERR-S05,3,1.0,4,2,0,-0.20039801779541927,-1.5343015952392767,-1.2251488177860543,1.7222,0.01453258048739281,5.751,synthetic,-1.2123444891488182,-0.9084618181399344,-1.3771478678410778,-2.0415724324609874,-0.9776304286355144,-1.4826489942260201,-1.3771478678410778,0.36294134895148655,50.0,0.6666666666666666,0.0,1.8951580615723407,1.0986122886681098,50.0,0.0,5.6536,9774.62,18.0
2001000211,Dr. Michael Rivera,Oncology,New York,NY,Subsys,REP-S586,Stella Nakamura,TERR-S02,2,7.0,8,5,0,0.9965550940577499,0.36577130789864487,1.0196545811073645,3.0282,0.028204529484172625,17.5937,synthetic,-0.46744913868280374,0.3826763874867446,-1.3771478678410778,0.5180521871596764,0.5818029746283429,0.2177449602772978,-1.3771478678410778,1.1337986363604922,62.5,1.6666666666666667,0.0,2.8946182841824846,1.791759469228055,437.5,0.0,17.0766,39397.74,25.0
2001000212,Dr. Barbara Allen,Anesthesiology,Seattle,WA,Subsys,REP-S539,Solomon Patel,TERR-S11,3,10.0,2,1,0,-0.542384621182039,1.9450624029562482,1.170337620792705,0.3616,0.0034794733710037384,26.6672,synthetic,-1.2123444891488182,-1.3388412200154942,-1.3771478678410778,1.5991808757687402,-1.889840491916844,0.49200204971331685,-1.3771478678410778,1.8221142944316504,50.0,0.3333333333333333,0.0,3.3167681226801173,0.6931471805599453,500.0,0.0,26.5711,41386.2,16.0
2001000213,Dr. Laura Adams,Pain Management,Los Angeles,CA,Subsys,REP-S562,Sophia Kapoor,TERR-S06,3,4.0,2,2,1,0.82556179236444,-0.43943510981211864,-0.10563353143370666,5.1255,0.046298140916263275,12.863,synthetic,1.7672369127152399,-0.9084618181399344,-0.37111474289227814,-0.2801957772335433,-0.9776304286355144,0.0531907066156864,-0.37111474289227814,0.8446049897592827,100.0,0.6666666666666666,0.5,2.5829252796399755,1.0986122886681098,400.0,0.5,12.2358,24548.09,24.0
2001000214,Dr. Michael Jones,Oncology,Baltimore,MD,Subsys,REP-S517,Stanley Brooks,TERR-S03,2,3.0,9,6,6,-0.0294047161021094,-0.6053234671875408,0.2327050065544362,7.751,0.06875806569504972,12.1096,synthetic,-0.21915068852746614,0.8130557893623042,0.6349183820565215,-0.48082137489494003,0.9286091450931295,-0.8244319795795746,0.6349183820565215,0.7461787460464842,66.66666666666666,2.0,1.0,2.5045867205548276,1.9459101490553132,199.99999999999997,1.0,11.2385,29012.91,19.0
2001000215,Dr. Robert Adams,Anesthesiology,Nashville,TN,Abstral,REP-S645,Simon Dubois,TERR-S05,3,9.0,5,3,3,0.6545684906711301,1.1628604571446333,0.13029834360905515,5.3115,0.04954658204871665,23.0302,synthetic,-0.6164282087760067,-0.47808241626437475,0.6349183820565215,1.1202640345292763,-0.33040708865298646,0.667526586952369,0.6349183820565215,1.4996401601442164,60.0,1.0,1.0,3.1297647905946966,1.3862943611198906,540.0,1.0,21.8686,27661.52,23.0
2001000217,Dr. Michael Mitchell,Pain Management,Phoenix,AZ,Subsys,REP-S649,Seth Dubois,TERR-S09,3,8.0,5,4,5,0.31258188728451036,0.6407604108897694,1.0056514234358729,6.6789,0.06147278438547099,19.9807,synthetic,0.5754043519696166,-0.04770301438881521,1.1379349445309213,0.7421707723750421,0.171618335963463,1.1063379300499994,1.1379349445309213,1.2928686752965408,80.0,1.3333333333333333,1.25,2.9821301831357054,1.6094379124341003,640.0,1.25,18.7298,39212.95,21.0
2001000218,Dr. Linda Rodriguez,Pain Management,Chicago,IL,Fentora,REP-S849,Seth Kim,TERR-S13,1,1.0,10,7,6,-1.3973511296485885,-1.1558006855754108,-1.2352789228649277,9.6611,0.08230499730178042,8.6951,synthetic,-0.020511928403195035,1.243435191237864,0.34748034635686437,-1.2882329042194705,1.2290263146108709,-1.394886725606494,0.34748034635686437,0.5473248520162416,70.0,2.3333333333333335,0.8571428571428571,2.189315605934792,2.0794415416798357,70.0,0.8571428571428571,7.9291,9640.94,11.0
2001000219,Dr. Deborah Lopez,Palliative Care,Detroit,MI,Subsys,REP-S764,Sarah Muller,TERR-S12,2,8.0,5,2,3,-1.2263578279552785,0.5584233639622308,-0.47678048499559417,6.1787,0.05691981315958472,19.3614,synthetic,-1.80826076952163,-0.9084618181399344,1.640951507005321,0.6770980312106053,-0.9776304286355144,-0.2978583678624179,1.640951507005321,1.1706103915842236,40.0,0.6666666666666666,1.5,2.9567211384376986,1.0986122886681098,320.0,1.5,18.2348,19650.32,12.0
2001000220,Dr. Elizabeth Harris,Pain Management,Houston,TX,Abstral,REP-S729,Seth Santos,TERR-S05,2,2.0,5,4,3,-0.542384621182039,-1.152041458786396,-0.9913955821883675,7.6657,0.06588024269828319,8.5613,synthetic,0.5754043519696166,-0.04770301438881521,0.1319018195821217,-1.2817590564197092,0.171618335963463,-0.9999565168186266,0.1319018195821217,0.5488848703859893,80.0,1.3333333333333333,0.75,2.191843458383739,1.6094379124341003,160.0,0.75,7.9517,12859.3,16.0
2001000221,Dr. Mary Wright,Oncology,Las Vegas,NV,Subsys,REP-S626,Stella Novak,TERR-S14,2,8.0,6,3,4,-0.713377922875349,0.4566248332154564,0.6434069589872865,5.0314,0.046514889940040494,18.5095,synthetic,-1.2123444891488182,-0.47808241626437475,1.3056071320223879,0.5942891455811772,-0.33040708865298646,0.0531907066156864,1.3056071320223879,1.170063514332694,50.0,1.0,1.3333333333333333,2.9243866364834425,1.3862943611198906,400.0,1.3333333333333333,17.6228,34432.66,15.0
2001000223,Dr. Kathleen Johnson,Internal Medicine,Chicago,IL,Abstral,REP-S758,Summer Tanaka,TERR-S06,3,9.0,4,3,1,-0.20039801779541927,1.0761653685413342,2.032943197056028,2.1134,0.019984761126094597,21.7985,synthetic,0.27744621178321077,-0.47808241626437475,-0.7064591178752114,1.0612205115532485,-0.33040708865298646,1.2599219001341702,-0.7064591178752114,1.3828511714111529,75.0,1.0,0.3333333333333333,3.106709983196394,1.3862943611198906,675.0,0.3333333333333333,21.3474,52769.41,18.0
2001000224,Dr. Margaret White,Oncology,Seattle,WA,Actiq,REP-S704,Sarah Rossi,TERR-S08,2,5.0,5,4,4,1.3385416974443696,-0.24749830486325686,0.5551633469039742,7.0865,0.06385985423572293,14.3386,synthetic,0.5754043519696166,-0.04770301438881521,0.6349183820565215,-0.06612787861798895,0.171618335963463,0.0531907066156864,0.6349183820565215,0.8890073903046322,80.0,1.3333333333333333,1.0,2.666512672870978,1.6094379124341003,400.0,1.0,13.3897,33268.17,27.0
2001000225,Dr. Michelle Sanchez,Anesthesiology,Las Vegas,NV,Fentora,REP-S606,Stella O'Connor,TERR-S08,2,5.0,9,7,0,0.31258188728451036,-0.18878117846846687,-0.046365445076073875,6.5324,0.05910926521707571,14.6404,synthetic,0.44297851188677,1.243435191237864,-1.3771478678410778,-0.0040609210577646345,1.2290263146108709,0.004433890715949802,-1.3771478678410778,0.9424062275963675,77.77777777777779,2.3333333333333335,0.0,2.6907480450206136,2.0794415416798357,388.8888888888889,0.0,13.7427,25330.21,21.0
2001000226,Dr. Deborah Green,Pain Management,Chicago,IL,Abstral,REP-S758,Summer Tanaka,TERR-S06,3,6.0,2,1,0,-0.713377922875349,-0.028215620086339772,-0.25529886232783483,1.5828,0.01471172359269124,14.9408,synthetic,-1.2123444891488182,-1.3388412200154942,-1.3771478678410778,0.15836349930265103,-1.889840491916844,-0.385620636481944,-1.3771478678410778,1.0152544328429307,50.0,0.3333333333333333,0.0,2.7541701367157634,0.6931471805599453,300.0,0.0,14.708,22573.06,15.0
2001000227,Dr. Donna Martin,Pain Management,Chicago,IL,Subsys,REP-S702,Sophia Rossi,TERR-S06,3,9.0,3,2,2,-1.0553645262619686,0.8835299462246021,0.8758029969341456,4.3586,0.04069116521804306,21.0693,synthetic,-0.21915068852746614,-0.9084618181399344,0.6349183820565215,0.9249399922339868,-0.9776304286355144,0.9308133928109468,0.6349183820565215,1.39361410939596,66.66666666666666,0.6666666666666666,1.0,3.0534963372843458,1.0986122886681098,599.9999999999999,1.0,20.1893,37499.43,13.0
2001000228,Dr. Betty Perez,Internal Medicine,Baltimore,MD,Actiq,REP-S666,Stella Kowalski,TERR-S12,2,9.0,5,4,3,-0.542384621182039,1.1608976750158553,1.1628074850828936,4.9272,0.04603884153696303,22.9337,synthetic,0.5754043519696166,-0.04770301438881521,0.1319018195821217,1.1189422360019075,0.171618335963463,1.4573870045281037,0.1319018195821217,1.415849306393251,80.0,1.3333333333333333,0.75,3.1292486660660126,1.6094379124341003,720.0,0.75,21.8568,41286.83,16.0
2001000229,Dr. Deborah Carter,Oncology,Philadelphia,PA,Abstral,REP-S688,Serena Larsson,TERR-S06,3,6.0,4,3,3,-0.37139131948872917,0.09668718504070785,0.8522676286262726,6.3293,0.057745225641547826,16.4373,synthetic,0.27744621178321077,-0.47808241626437475,0.6349183820565215,0.27795286480916526,-0.33040708865298646,0.2725963781645016,0.6349183820565215,1.0263916552260526,75.0,1.0,1.0,2.800866364340211,1.3862943611198906,450.0,1.0,15.4589,37188.85,17.0
2001000230,Dr. Charles Rodriguez,Oncology,Denver,CO,Lazanda,REP-S528,Serena Patel,TERR-S14,2,2.0,5,5,3,-1.0553645262619686,-1.1267415298213888,-0.6307045823875731,7.9398,0.06828815550153733,8.7472,synthetic,1.7672369127152399,0.3826763874867446,-0.16990811790251828,-1.238610057136162,0.5818029746283429,-0.8244319795795745,-0.16990811790251828,0.5380507471825864,100.0,1.6666666666666667,0.6,2.2086919087771135,1.791759469228055,200.0,0.6,8.1038,17619.09,13.0
2001000231,Dr. John Lee,Oncology,Philadelphia,PA,Subsys,REP-S545,Simon Chen,TERR-S03,1,1.0,12,10,4,-0.37139131948872917,-1.1747298894953178,-1.4242863143051259,11.799,0.09948529339855794,8.7374,synthetic,0.7740431120938877,2.534573396864543,-0.572321367882038,-1.3210823205584092,1.9454793272294546,-1.33637854652681,-0.572321367882038,0.5188958271991001,83.33333333333334,3.3333333333333335,0.4,2.176488848169196,2.3978952727983707,83.33333333333334,0.4,7.8153,7146.74,17.0
2001000232,Dr. Richard Moore,Anesthesiology,Phoenix,AZ,Subsys,REP-S537,Stanley Patel,TERR-S09,3,7.0,3,3,4,-1.3973511296485885,0.29700739840400986,0.5661217138657925,6.2384,0.057184519250768506,17.7027,synthetic,1.7672369127152399,-0.47808241626437475,1.3056071320223879,0.45880353374625604,-0.33040708865298646,1.3696247359085776,1.3056071320223879,1.1426796373117212,100.0,1.0,1.3333333333333333,2.8714833792139958,1.3862943611198906,700.0,1.3333333333333333,16.6632,33412.78,11.0
2001000233,Dr. William White,Pain Management,Las Vegas,NV,Subsys,REP-S637,Stanley Novak,TERR-S11,3,10.0,4,1,1,-1.2263578279552785,1.5314975549240488,-0.28088859290895946,3.0927,0.029262907626177448,24.8297,synthetic,-2.7021351900808472,-1.3388412200154942,0.6349183820565215,1.357150252393159,-1.889840491916844,-0.6050263080307592,0.6349183820565215,1.662510196092971,25.0,0.3333333333333333,1.0,3.222262085012266,0.6931471805599453,250.0,1.0,24.0848,22235.37,12.0
2001000234,Dr. Mary Lewis,Pain Management,Phoenix,AZ,Fentora,REP-S593,Spencer Nakamura,TERR-S09,3,7.0,3,2,1,-0.8843712245686588,0.18808962400370283,0.5569297498766597,2.4287,0.02260193406396649,16.3972,synthetic,-0.21915068852746614,-0.9084618181399344,-0.37111474289227814,0.3620588322884596,-0.9776304286355144,0.3457316020141065,-0.37111474289227814,1.1050176137287715,66.66666666666666,0.6666666666666666,0.5,2.833707339667349,1.0986122886681098,466.66666666666663,0.5,16.0084,33291.48,14.0
2001000235,Dr. Betty Gonzalez,Pain Management,New York,NY,Abstral,REP-S532,Sienna Patel,TERR-S04,2,2.0,6,5,1,-1.2263578279552785,-0.8595370203579589,-0.9156395525104081,7.3119,0.06418715878774295,10.4202,synthetic,0.7740431120938877,0.3826763874867446,-0.9747346178615579,-0.8224345129542949,0.5818029746283429,-0.9707024272787845,-0.9747346178615579,0.6702694855718946,83.33333333333334,1.6666666666666667,0.2,2.371196558421619,1.791759469228055,166.66666666666669,0.2,9.7102,13859.0,12.0
2001000236,Dr. Margaret Jackson,Internal Medicine,Atlanta,GA,Abstral,REP-S813,Spencer Vargas,TERR-S05,3,6.0,3,2,3,-0.8843712245686588,-0.040790732708000134,-0.47706692872089435,3.4118,0.03143439775668888,15.1316,synthetic,-0.21915068852746614,-0.9084618181399344,1.640951507005321,0.1460080409023022,-0.9776304286355144,0.05319070661568615,1.640951507005321,0.9478639778406996,66.66666666666666,0.6666666666666666,1.5,2.7493456835093815,1.0986122886681098,399.99999999999994,1.5,14.6324,19646.54,14.0
2001000237,Dr. Margaret Gonzalez,Internal Medicine,Jacksonville,FL,Subsys,REP-S581,Samuel Nakamura,TERR-S11,3,6.0,4,2,3,0.82556179236444,-0.13259238159549191,0.3437466595786444,5.0582,0.04615162144050178,14.7928,synthetic,-1.2123444891488182,-0.9084618181399344,1.640951507005321,0.053957344026073745,-0.9776304286355144,-0.385620636481944,1.640951507005321,0.9121127593549911,50.0,0.6666666666666666,1.5,2.7134025185288193,1.0986122886681098,300.0,1.5,14.0805,30478.25,24.0
2001000238,Dr. Sharon Williams,Family Practice,Seattle,WA,Subsys,REP-S792,Sienna Gomez,TERR-S12,3,4.0,5,4,4,-1.0553645262619686,-0.5233190951970833,-0.058596137473815674,5.5487,0.04986117329127415,12.3824,synthetic,0.5754043519696166,-0.04770301438881521,0.6349183820565215,-0.37968076276230006,0.171618335963463,-0.2978583678624179,0.6349183820565215,0.7897320466172607,80.0,1.3333333333333333,1.0,2.5440792375208487,1.6094379124341003,320.0,1.0,11.7315,25168.81,13.0
2001000239,Dr. Carol Thomas,Anesthesiology,Charlotte,NC,Abstral,REP-S699,Solomon Larsson,TERR-S03,2,2.0,6,5,3,0.14158858559120047,-0.8996243502762149,-0.2524814079080824,7.1852,0.06296600964702792,10.1496,synthetic,0.7740431120938877,0.3826763874867446,-0.16990811790251828,-0.8807203308879046,0.5818029746283429,-0.9707024272787845,-0.16990811790251828,0.6493507862614715,83.33333333333334,1.6666666666666667,0.6,2.348437613176135,1.791759469228055,166.66666666666669,0.6,9.4692,22610.24,20.0
2001000240,Dr. Joseph Anderson,Pain Management,Baltimore,MD,Subsys,REP-S571,Silas Kapoor,TERR-S01,2,8.0,8,7,0,-0.542384621182039,0.7119528474250957,0.06694957084734288,3.408,0.03187596724974595,19.8107,synthetic,1.0223415622492253,1.243435191237864,-1.3771478678410778,0.7971328690351714,1.2290263146108709,1.3696247359085776,-1.3771478678410778,1.322412386015658,87.5,2.3333333333333335,0.0,3.0035913102642584,2.0794415416798357,700.0,0.0,19.1578,26825.55,16.0
2001000241,Dr. Barbara Scott,Anesthesiology,Baltimore,MD,Subsys,REP-S732,Sienna Santos,TERR-S08,2,7.0,7,5,2,-0.20039801779541927,0.34838904243616486,0.4324487331799634,4.6583,0.04305030105963281,17.7627,synthetic,0.06461896879292103,0.3826763874867446,-0.572321367882038,0.5032041632113088,0.5818029746283429,0.49200204971331685,-0.572321367882038,1.1638624677383855,71.42857142857143,1.6666666666666667,0.4,2.888820555403428,1.791759469228055,500.0,0.4,16.9721,31648.79,18.0
2001000242,Dr. Patricia Robinson,Palliative Care,Los Angeles,CA,Abstral,REP-S742,Sophia Tanaka,TERR-S04,3,9.0,2,1,0,0.6545684906711301,1.3094703019162137,-0.14173453427313842,0.687,0.006559492047239601,22.9063,synthetic,-1.2123444891488182,-1.3388412200154942,-1.3771478678410778,1.2171155308476604,-1.889840491916844,0.2725963781645016,-1.3771478678410778,1.4604704416029288,50.0,0.3333333333333333,0.0,3.1675825304806504,0.6931471805599453,450.0,0.0,22.75,24071.69,23.0
2001000243,Dr. Barbara Gonzalez,Anesthesiology,Seattle,WA,Subsys,REP-S703,Sean Rossi,TERR-S07,2,3.0,9,7,3,-0.37139131948872917,-0.7354659025736139,-1.118226498335212,6.3972,0.056747097593075946,11.125,synthetic,0.44297851188677,1.243435191237864,-0.5148337607421067,-0.650012717474054,1.2290263146108709,-0.6781615318803641,-0.5148337607421067,0.7170274950606779,77.77777777777779,2.3333333333333335,0.42857142857142855,2.438522339230471,2.0794415416798357,233.33333333333337,0.42857142857142855,10.4561,11185.6,17.0
2001000244,Dr. Emily Sanchez,Orthopedics,Las Vegas,NV,Abstral,REP-S756,Sasha Tanaka,TERR-S04,3,3.0,2,1,2,-0.20039801779541927,-0.601198297967737,-0.030779269039100086,1.628,0.01483643092977438,11.4466,synthetic,-1.2123444891488182,-1.3388412200154942,2.646984631954121,-0.47563702149044884,-1.889840491916844,-1.0438376511283896,2.646984631954121,0.6977311796317232,50.0,0.3333333333333333,2.0,2.5066110623149527,0.6931471805599453,150.0,2.0,11.2633,25535.89,18.0
2001000245,Dr. Barbara Martinez,Pain Management,Nashville,TN,Abstral,REP-S503,Sean Brooks,TERR-S03,1,3.0,10,5,3,-1.3973511296485885,-0.6936153954888284,-0.06311634070507544,6.9658,0.06176299274344599,11.4536,synthetic,-1.2123444891488182,0.3826763874867446,-0.16990811790251828,-0.5943763623833005,0.5818029746283429,-1.0438376511283896,-0.16990811790251828,0.7391242786614257,50.0,1.6666666666666667,0.6,2.4602467449960566,1.791759469228055,150.0,0.6,10.7077,25109.16,11.0
2001000246,Dr. Thomas Flores,Anesthesiology,Boston,MA,Actiq,REP-S842,Sophia Kim,TERR-S06,3,4.0,4,2,2,-0.37139131948872917,-0.4697916978207564,-0.35226536785541007,2.6549,0.024219206535295523,12.3733,synthetic,-1.2123444891488182,-0.9084618181399344,0.6349183820565215,-0.315753577579271,-0.9776304286355144,-0.8244319795795745,0.6349183820565215,0.8265555518993573,50.0,0.6666666666666666,1.0,2.5690409753647905,1.0986122886681098,200.0,1.0,12.0533,21293.46,17.0
2001000247,Dr. Karen Martin,Oncology,Houston,TX,Fentora,REP-S784,Sarah Gomez,TERR-S04,2,10.0,5,3,3,1.3385416974443696,2.3809996405071425,3.221119347477905,5.3308,0.050259204543336544,30.7481,synthetic,-0.6164282087760067,-0.47808241626437475,0.6349183820565215,1.8317345340928115,-0.33040708865298646,0.9308133928109472,0.6349183820565215,1.9381924043879841,60.0,1.0,1.0,3.407573676485044,1.3862943611198906,600.0,1.0,29.1919,68448.95,27.0
2001000248,Dr. Michelle Mitchell,Anesthesiology,Philadelphia,PA,Actiq,REP-S532,Sienna Patel,TERR-S04,2,4.0,9,8,8,-1.3973511296485885,-0.404371171443785,-0.3236323621398783,7.41,0.06633986280884896,13.3689,synthetic,1.1051077123010045,1.6738145931134232,0.6349183820565215,-0.23972928947660038,1.4940130379096728,-0.1418365569832605,0.6349183820565215,0.8535261158579426,88.88888888888889,2.6666666666666665,1.0,2.5987262859874605,2.1972245773362196,355.55555555555554,1.0,12.4466,21671.31,11.0
2001000249,Dr. Dorothy Williams,Neurology,Los Angeles,CA,Fentora,REP-S520,Sloan Brooks,TERR-S06,3,10.0,2,1,1,0.6545684906711301,3.277275822243819,3.2056665420643515,2.8253,0.02708885386243809,35.5572,synthetic,-1.2123444891488182,-1.3388412200154942,0.6349183820565215,2.2522919029204624,-1.889840491916844,0.49200204971331685,0.6349183820565215,2.3661029319526965,50.0,0.3333333333333333,1.0,3.57178930335736,0.6931471805599453,500.0,1.0,34.5802,68245.03,23.0
2001000250,Dr. Richard Hall,Neurology,Portland,OR,Subsys,REP-S803,Sean Vargas,TERR-S09,3,2.0,5,4,2,-1.0553645262619686,-0.8512866819183511,-1.204204325395646,3.9942,0.035586655622866115,10.1496,synthetic,0.5754043519696166,-0.04770301438881521,-0.37111474289227814,-0.8106016137602388,0.171618335963463,-0.9999565168186266,-0.37111474289227814,0.6678009784579594,80.0,1.3333333333333333,0.5,2.3758169672002967,1.6094379124341003,160.0,0.5,9.7598,10051.01,13.0
2001000251,Dr. Betty Robinson,Oncology,Boston,MA,Subsys,REP-S620,Sloan O'Connor,TERR-S08,2,10.0,9,7,3,1.5095349991376794,2.070497487982625,1.7339194392591646,6.6956,0.06258893046515013,29.1547,synthetic,0.44297851188677,1.243435191237864,-0.5148337607421067,1.6682864356988096,1.2290263146108709,1.7109224472067348,-0.5148337607421067,1.8142531006334819,77.77777777777779,2.3333333333333335,0.42857142857142855,3.3437518677894067,2.0794415416798357,777.7777777777778,0.42857142857142855,27.3252,48823.4,28.0
2001000252,Dr. Jennifer Garcia,Pain Management,Detroit,MI,Abstral,REP-S669,Seth Kowalski,TERR-S01,2,6.0,7,6,1,-0.542384621182039,0.06629732953836176,-0.7646882560029609,8.3268,0.07524746245384994,16.5482,synthetic,0.91592794075408,0.8130557893623042,-1.0418034928581448,0.2493657619139796,0.9286091450931295,0.5546893844415495,-1.0418034928581448,1.0544757796434032,85.71428571428571,2.0,0.16666666666666666,2.7897039180954035,1.9459101490553132,514.2857142857142,0.16666666666666666,15.2762,15851.0,16.0
2001000253,Dr. Charles Perez,Pain Management,Charlotte,NC,Subsys,REP-S814,Selena Vargas,TERR-S06,2,10.0,6,5,6,-0.8843712245686588,3.6117139364913124,3.055949681611175,7.4672,0.07016516612271229,39.3231,synthetic,0.7740431120938877,0.3826763874867446,1.0373316320360413,2.3930705501735106,0.5818029746283429,1.954706526705419,1.0373316320360413,2.5257663789277336,83.33333333333334,1.6666666666666667,1.2,3.6267593396055418,1.791759469228055,833.3333333333335,1.2,36.5908,66269.32,14.0
2001000254,Dr. Charles Brown,Pain Management,Phoenix,AZ,Subsys,REP-S580,Sloan Kapoor,TERR-S10,2,9.0,5,4,3,-0.20039801779541927,1.107669685082901,1.9378279667160414,7.5502,0.06966473168960485,23.1628,synthetic,0.5754043519696166,-0.04770301438881521,0.1319018195821217,1.082834246612147,0.171618335963463,1.4573870045281037,0.1319018195821217,1.4866284790081334,80.0,1.3333333333333333,0.75,3.115149528701549,1.6094379124341003,720.0,0.75,21.5368,51514.24,18.0
2001000255,Dr. Richard Lee,Oncology,Denver,CO,Fentora,REP-S530,Sadie Patel,TERR-S02,2,3.0,7,5,4,0.82556179236444,-0.7116297433317629,-1.272291544226942,7.4339,0.06571838158135135,11.3873,synthetic,0.06461896879292103,0.3826763874867446,0.23250513207700174,-0.6181767539870012,0.5818029746283429,-0.7617446448513415,0.23250513207700174,0.7037457846549898,71.42857142857143,1.6666666666666667,0.8,2.4509533726366484,1.791759469228055,214.28571428571428,0.8,10.5994,9152.51,24.0
2001000256,Dr. Sharon Jackson,Neurology,Jacksonville,FL,Abstral,REP-S676,Sasha Kowalski,TERR-S08,3,7.0,2,2,3,-0.37139131948872917,0.22855953009960164,-0.04039483631511911,4.2386,0.03915003757611135,16.9405,synthetic,1.7672369127152399,-0.9084618181399344,1.640951507005321,0.39843371014416096,-0.9776304286355144,1.3696247359085776,1.640951507005321,1.1120003649260455,100.0,0.6666666666666666,1.5,2.847910689346203,1.0986122886681098,700.0,1.5,16.2517,25409.0,17.0
2001000258,Dr. Amanda Wilson,Anesthesiology,Boston,MA,Actiq,REP-S824,Sarah Alvarez,TERR-S02,2,5.0,9,7,3,1.3385416974443696,-0.36218798942191877,-0.35269124450519507,5.341,0.04832360404059477,13.3785,synthetic,0.44297851188677,1.243435191237864,-0.5148337607421067,-0.1918790627503261,1.2290263146108709,0.004433890715949802,-0.5148337607421067,0.8709167464704453,77.77777777777779,2.3333333333333335,0.42857142857142855,2.617410431267668,2.0794415416798357,388.8888888888889,0.42857142857142855,12.7002,21287.84,27.0
2001000259,Dr. Laura Wilson,Internal Medicine,Austin,TX,Abstral,REP-S737,Stanley Santos,TERR-S13,3,7.0,4,2,1,0.48357518897782026,0.1616253327589118,0.03423133200193366,5.2948,0.04860559799903941,16.6885,synthetic,-1.2123444891488182,-0.9084618181399344,-0.37111474289227814,0.3379899078351003,-0.9776304286355144,-0.16621496493312882,-0.37111474289227814,1.0266928558534896,50.0,0.6666666666666666,0.5,2.824309112908729,1.0986122886681098,350.0,0.5,15.8493,26393.79,22.0
2001000260,Dr. Susan Carter,Pain Management,Nashville,TN,Abstral,REP-S632,Sienna Novak,TERR-S06,3,10.0,4,3,3,-0.713377922875349,4.375668662004036,2.499417561495161,6.6185,0.0626133803341058,43.9093,synthetic,0.27744621178321077,-0.47808241626437475,0.6349183820565215,2.6882834100780593,-0.33040708865298646,1.5890304074573929,0.6349183820565215,2.8427952447939977,75.0,1.0,1.0,3.742031519915053,1.3862943611198906,750.0,1.0,41.1836,58925.15,15.0
2001000261,Dr. Ashley Hall,Pain Management,Nashville,TN,Subsys,REP-S545,Simon Chen,TERR-S03,1,5.0,9,6,1,0.82556179236444,-0.31250298756887684,-0.7675004059092818,4.8082,0.043678421514225185,13.6239,synthetic,-0.21915068852746614,0.8130557893623042,-1.0418034928581448,-0.13664243458269582,0.9286091450931295,-0.2393501887827342,-1.0418034928581448,0.8972797693147927,66.66666666666666,2.0,0.16666666666666666,2.638978755099791,1.9459101490553132,333.33333333333326,0.16666666666666666,12.9989,15813.89,24.0
2001000262,Dr. Amanda Miller,Oncology,Philadelphia,PA,Actiq,REP-S776,Sasha Muller,TERR-S10,3,8.0,4,2,2,-0.713377922875349,0.627885890824736,-0.6654165604955883,5.1368,0.04760118641434019,19.6105,synthetic,-1.2123444891488182,-0.9084618181399344,0.6349183820565215,0.7321041840940433,-0.9776304286355144,0.0531907066156864,0.6349183820565215,1.2384236724436037,50.0,0.6666666666666666,1.0,2.978199468261685,1.0986122886681098,400.0,1.0,18.6524,17161.02,15.0
2001000263,Dr. Rebecca Lopez,Neurology,Nashville,TN,Subsys,REP-S656,Sasha Dubois,TERR-S02,2,3.0,9,7,3,1.5095349991376794,-0.6002335406502022,-0.9965523270314055,5.6458,0.05055417330458667,11.9053,synthetic,0.44297851188677,1.243435191237864,-0.5148337607421067,-0.47442606448356545,1.2290263146108709,-0.6781615318803641,-0.5148337607421067,0.7710727685342518,77.77777777777779,2.3333333333333335,0.42857142857142855,2.507083906399352,2.0794415416798357,233.33333333333337,0.42857142857142855,11.2691,12791.25,28.0
2001000264,Dr. Robert Campbell,Oncology,Charlotte,NC,Actiq,REP-S848,Serena Kim,TERR-S12,2,6.0,6,5,1,-0.20039801779541927,-0.01798586577110006,0.006497062419222381,6.7927,0.06168083201431296,15.7728,synthetic,0.7740431120938877,0.3826763874867446,-0.9747346178615579,0.16837078263173003,0.5818029746283429,0.49200204971331707,-0.9747346178615579,0.9806190318755659,83.33333333333334,1.6666666666666667,0.2,2.7580776947018584,1.791759469228055,500.00000000000006,0.2,14.7695,26027.8,18.0
2001000265,Dr. Elizabeth Ramirez,Anesthesiology,Nashville,TN,Abstral,REP-S652,Sienna Dubois,TERR-S12,2,8.0,6,5,4,2.7064881109908487,0.5347202746952125,-0.6568194597984146,5.7243,0.05282676811002762,19.128,synthetic,0.7740431120938877,0.3826763874867446,0.23250513207700174,0.6580543165462608,0.5818029746283429,1.2233542882093678,0.23250513207700174,1.2406802296158514,83.33333333333334,1.6666666666666667,0.8,2.9492851124080026,1.791759469228055,666.6666666666667,0.8,18.0923,17274.47,35.0
2001000266,Dr. Barbara Scott,Palliative Care,Miami,FL,Lazanda,REP-S600,Sloan Nakamura,TERR-S02,2,3.0,6,5,0,0.31258188728451036,-0.6468912005758073,-0.7451699199379894,2.8567,0.025846295505991712,11.3025,synthetic,0.7740431120938877,0.3826763874867446,-1.3771478678410778,-0.5336562867877136,0.5818029746283429,-0.6050263080307591,-1.3771478678410778,0.7054296920702393,83.33333333333334,1.6666666666666667,0.0,2.4839561982520046,1.791759469228055,250.00000000000003,0.0,10.9886,16108.57,21.0
2001000267,Dr. Kimberly King,Pain Management,Seattle,WA,Subsys,REP-S628,Serena Novak,TERR-S02,1,10.0,12,10,6,0.48357518897782026,1.5395649221482617,2.540732901037744,6.5762,0.061233658531300694,25.7204,synthetic,0.7740431120938877,2.534573396864543,-0.16990811790251828,1.3620970296624317,1.9454793272294546,1.954706526705419,-0.16990811790251828,1.665858023125394,83.33333333333334,3.3333333333333335,0.6,3.2241936600849743,2.3978952727983707,833.3333333333335,0.6,24.1333,59470.36,22.0
2001000268,Dr. Amanda Nelson,Oncology,Las Vegas,NV,Subsys,REP-S714,Selena Rossi,TERR-S04,2,6.0,6,5,0,-0.0294047161021094,0.08848674784166201,-0.6211534270603649,2.7959,0.025920170160757205,15.8405,synthetic,0.7740431120938877,0.3826763874867446,-1.3771478678410778,0.2702702666101574,0.5818029746283429,0.49200204971331707,-1.3771478678410778,1.02311838813702,83.33333333333334,1.6666666666666667,0.0,2.7978665294240495,1.791759469228055,500.00000000000006,0.0,15.4096,17745.13,19.0
2001000269,Dr. Charles Scott,Oncology,Los Angeles,CA,Subsys,REP-S797,Stanley Gomez,TERR-S03,1,6.0,12,9,2,-0.0294047161021094,-0.07485664626509086,0.5065762772344563,7.3103,0.06612896472640495,15.4823,synthetic,0.27744621178321077,2.104193994988983,-0.9300220345305003,0.1122345809200373,1.7310517392273213,0.2725963781645016,-0.9300220345305003,0.9579186258362107,75.0,3.0,0.2222222222222222,2.7361581131236927,2.302585092994046,450.0,0.2222222222222222,14.4276,32627.0,19.0
2001000270,Dr. Melissa Martin,Pain Management,Seattle,WA,Abstral,REP-S683,Sean Larsson,TERR-S01,2,5.0,6,5,5,0.31258188728451036,-0.3201545111217392,-0.8298428366942776,8.3618,0.07475995373505295,14.036,synthetic,0.7740431120938877,0.3826763874867446,0.6349183820565215,-0.1450716898036843,0.5818029746283429,0.1263259304652918,0.6349183820565215,0.8941045106861025,83.33333333333334,1.6666666666666667,1.0,2.6356873719668785,1.791759469228055,416.66666666666674,1.0,12.9529,14991.2,21.0
2001000271,Dr. Mary Johnson,Internal Medicine,Charlotte,NC,Subsys,REP-S548,Serena Chen,TERR-S06,3,8.0,2,1,0,0.48357518897782026,0.6714496738354883,-0.26548201254102305,1.8124,0.017067282753654656,19.2571,synthetic,-1.2123444891488182,-1.3388412200154942,-1.3771478678410778,0.7660083270991462,-1.889840491916844,0.0531907066156864,-1.3771478678410778,1.2252387602903383,50.0,0.3333333333333333,0.0,2.991438066630968,0.6931471805599453,400.0,0.0,18.9143,22438.68,22.0
2001000272,Dr. Melissa Lewis,Anesthesiology,Phoenix,AZ,Fentora,REP-S629,Seth Novak,TERR-S03,2,8.0,9,6,2,-1.2263578279552785,0.5959823643586716,0.6712511077767923,6.1864,0.05702537266407948,19.6026,synthetic,-0.21915068852746614,0.8130557893623042,-0.7064591178752114,0.7069869556216354,0.9286091450931295,0.6382724974125267,-0.7064591178752114,1.2659364175282515,66.66666666666666,2.0,0.3333333333333333,2.9683919087594237,1.9459101490553132,533.3333333333333,0.3333333333333333,18.4606,34800.1,12.0
2001000273,Dr. Elizabeth Carter,Oncology,Phoenix,AZ,Abstral,REP-S582,Sophia Nakamura,TERR-S12,1,10.0,10,8,9,1.3385416974443696,2.853481219896381,3.8938324363456043,5.6336,0.05318827185943986,33.8369,synthetic,0.5754043519696166,1.6738145931134232,0.8864266632937214,2.062008045144887,1.4940130379096728,1.8084360790062082,0.8864266632937214,2.126787032509623,80.0,2.6666666666666665,1.125,3.4974888979800753,2.1972245773362196,800.0,1.125,32.0324,77326.28,27.0
2001000274,Dr. Laura Green,Pain Management,Las Vegas,NV,Abstral,REP-S685,Simon Larsson,TERR-S03,1,9.0,9,5,6,-0.8843712245686588,1.199487967717247,0.5190312747715868,8.9299,0.08197717215537148,24.0613,synthetic,-0.8812798889417006,0.3826763874867446,1.0373316320360413,1.1448058082360761,0.5818029746283429,0.49200204971331685,1.0373316320360413,1.5247315825524153,55.55555555555556,1.6666666666666667,1.2,3.1393476514658665,1.791759469228055,500.0,1.2,22.0888,32791.36,14.0
2001000276,Dr. Thomas Torres,Psychiatry,Los Angeles,CA,Actiq,REP-S629,Seth Novak,TERR-S03,3,1.0,2,2,1,-0.0294047161021094,-1.2821339929319067,-0.7286486339618078,2.0328,0.017677243303642953,7.3153,synthetic,1.7672369127152399,-0.9084618181399344,-0.37111474289227814,-1.5158953056971327,-0.9776304286355144,-1.2632433226772048,-0.37111474289227814,0.5780676788118716,100.0,0.6666666666666666,0.5,2.1004199480650274,1.0986122886681098,100.0,0.5,7.1696,16326.59,19.0
2001000277,Dr. Stephanie Walker,Oncology,Denver,CO,Fentora,REP-S788,Serena Gomez,TERR-S08,3,9.0,2,2,2,-0.713377922875349,1.2829062081902987,0.4681799356544572,3.2562,0.030706015768081407,23.3259,synthetic,1.7672369127152399,-0.9084618181399344,0.6349183820565215,1.1998366218291234,-0.9776304286355144,2.2472474221038388,0.6349183820565215,1.4998800308594464,100.0,0.6666666666666666,1.0,3.160835610591793,1.0986122886681098,900.0,1.0,22.5903,32120.31,15.0
2001000279,Dr. Lisa Gonzalez,Oncology,Las Vegas,NV,Lazanda,REP-S570,Sadie Kapoor,TERR-S14,2,5.0,9,8,8,0.6545684906711301,-0.25446784479510304,0.4733177358066684,5.9339,0.05373041753451391,14.1398,synthetic,1.1051077123010045,1.6738145931134232,0.6349183820565215,-0.07359590952238229,1.4940130379096728,0.24821797021463332,0.6349183820565215,0.8862254452533043,88.88888888888889,2.6666666666666665,1.0,2.663596620347905,2.1972245773362196,444.44444444444446,1.0,13.3478,32188.11,23.0
2001000280,Dr. Deborah Wright,Oncology,Miami,FL,Actiq,REP-S777,Stanley Muller,TERR-S11,3,4.0,4,3,3,-0.542384621182039,-0.5565865889051799,0.1452691960879766,4.6371,0.04179092207756385,12.0663,synthetic,0.27744621178321077,-0.47808241626437475,0.6349183820565215,-0.42023114076159634,-0.33040708865298646,-0.385620636481944,0.6349183820565215,0.7656324429447908,75.0,1.0,1.0,2.52824547443253,1.3862943611198906,300.0,1.0,11.5315,27859.08,16.0
2001000281,Dr. Robert Thompson,Emergency Medicine,Denver,CO,Lazanda,REP-S531,Silas Patel,TERR-S03,3,7.0,3,2,0,0.82556179236444,0.3928510477770354,0.11173254659885205,0.0585,0.0005535930246156617,17.2495,synthetic,-0.21915068852746614,-0.9084618181399344,-1.3771478678410778,0.541013676941032,-0.9776304286355144,0.3457316020141065,-1.3771478678410778,1.3268330276961662,66.66666666666666,0.6666666666666666,0.0,2.9035840893682994,1.0986122886681098,466.66666666666663,0.0,17.2394,27416.52,24.0
2001000282,Dr. Donna Nguyen,Pain Management,Boston,MA,Actiq,REP-S673,Spencer Kowalski,TERR-S05,3,4.0,3,2,1,-1.2263578279552785,-0.5480368430221989,-1.0924268605797274,2.9317,0.026623490269550132,11.9224,synthetic,-0.21915068852746614,-0.9084618181399344,-0.37111474289227814,-0.4097482350779701,-0.9776304286355144,-0.5318910841811543,-0.37111474289227814,0.7995370254403306,66.66666666666666,0.6666666666666666,0.5,2.5323387493478613,1.0986122886681098,266.66666666666663,0.5,11.5829,11526.06,12.0
2001000283,Dr. Lisa Lee,Palliative Care,Denver,CO,Actiq,REP-S655,Stephen Dubois,TERR-S01,3,8.0,4,3,3,1.6805283008309895,0.6283682694835034,0.8311079245480728,2.669,0.02501606266776646,19.1532,synthetic,0.27744621178321077,-0.47808241626437475,0.6349183820565215,0.7324820703755615,-0.33040708865298646,0.9308133928109472,0.6349183820565215,1.19760502106528,75.0,1.0,1.0,2.978347022049124,1.3862943611198906,600.0,1.0,18.6553,36909.62,29.0
2001000284,Dr. Rebecca Moore,Palliative Care,Philadelphia,PA,Abstral,REP-S572,Sienna Kapoor,TERR-S02,2,3.0,7,5,0,0.48357518897782026,-0.7545281764683529,-0.5603902257026859,0.9686,0.008787271627697102,10.4416,synthetic,0.06461896879292103,0.3826763874867446,-1.3771478678410778,-0.6757605043957756,0.5818029746283429,-0.7617446448513415,-1.3771478678410778,0.6638881350257886,71.42857142857143,1.6666666666666667,0.0,2.428468564684297,1.791759469228055,214.28571428571428,0.0,10.3415,18546.98,22.0
2001000285,Dr. James Moore,Oncology,Seattle,WA,Abstral,REP-S588,Serena Nakamura,TERR-S04,2,1.0,7,5,0,0.31258188728451036,-1.288820759167234,-0.7642691994418733,4.8119,0.0413385044007657,7.4725,synthetic,0.06461896879292103,0.3826763874867446,-1.3771478678410778,-1.5285283126166134,0.5818029746283429,-1.3886179921336705,-1.3771478678410778,0.4733555858934737,71.42857142857143,1.6666666666666667,0.0,2.0954871200983036,1.791759469228055,71.42857142857143,0.0,7.1294,15856.53,21.0
2001000286,Dr. Amanda Adams,Orthopedics,Nashville,TN,Subsys,REP-S783,Sean Gomez,TERR-S03,3,7.0,5,5,3,-0.713377922875349,0.15036428613872116,0.3463238953187137,5.9989,0.0548791847019201,16.7283,synthetic,1.7672369127152399,0.3826763874867446,-0.16990811790251828,0.32767912771075897,0.5818029746283429,1.3696247359085776,-0.16990811790251828,0.9776277276176611,100.0,1.6666666666666667,0.6,2.820283048102443,1.791759469228055,700.0,0.6,15.7816,30512.26,15.0
2001000287,Dr. Lisa Williams,Neurology,Denver,CO,Subsys,REP-S503,Sean Brooks,TERR-S03,2,9.0,7,5,4,0.48357518897782026,0.7566976264624851,1.3264570289576867,5.2893,0.0490819883851743,20.4544,synthetic,0.06461896879292103,0.3826763874867446,0.23250513207700174,0.8310827401634523,0.5818029746283429,1.1188753969956462,0.23250513207700174,1.3292522437249825,71.42857142857143,1.6666666666666667,0.8,3.0168477641580664,1.791759469228055,642.8571428571429,0.8,19.4268,43446.4,22.0
2001000288,Dr. Sarah Campbell,Family Practice,Seattle,WA,Abstral,REP-S586,Stella Nakamura,TERR-S02,3,4.0,3,2,2,-1.0553645262619686,-0.4062674185851465,-0.6022382899513167,-0.0826,-0.0007594880522336922,12.425,synthetic,-0.21915068852746614,-0.9084618181399344,0.6349183820565215,-0.24190142686871735,-0.9776304286355144,-0.5318910841811543,0.6349183820565215,0.8371031791411976,66.66666666666666,0.6666666666666666,1.0,2.597878128447162,1.0986122886681098,266.66666666666663,1.0,12.4352,17994.74,13.0
2001000289,Dr. Ashley Martin,Anesthesiology,Jacksonville,FL,Abstral,REP-S672,Sienna Kowalski,TERR-S04,2,6.0,8,4,0,0.31258188728451036,0.0901667562739211,0.7077037240779683,1.099,0.010270047763842438,15.5892,synthetic,-1.2123444891488182,-0.04770301438881521,-1.3771478678410778,0.2718460645375168,0.171618335963463,-0.385620636481944,-1.3771478678410778,1.05740657277447,50.0,1.3333333333333333,0.0,2.7984818334554276,1.6094379124341003,300.0,0.0,15.4197,35281.14,21.0
2001000290,Dr. Nancy Young,Oncology,Los Angeles,CA,Subsys,REP-S536,Sasha Patel,TERR-S08,2,4.0,5,3,4,2.022514904217609,-0.5007970019567023,-0.32783732571578117,6.6141,0.05920593364751525,12.6517,synthetic,-0.6164282087760067,-0.47808241626437475,1.3056071320223879,-0.3525881647252523,-0.33040708865298646,-0.6489074423405222,1.3056071320223879,0.7879012823294054,60.0,1.0,1.3333333333333333,2.554658122353269,1.3862943611198906,240.0,1.3333333333333333,11.8669,21615.82,31.0
2001000291,Dr. Margaret Jones,Oncology,Detroit,MI,Abstral,REP-S535,Stephen Patel,TERR-S07,2,4.0,9,7,1,-0.0294047161021094,-0.43434518327477967,-0.3060698759558593,2.348,0.0214766949440075,12.5544,synthetic,0.44297851188677,1.243435191237864,-1.089709832141421,-0.2742817890499477,1.2290263146108709,-0.33686382058220715,-1.089709832141421,0.8144260328784618,77.77777777777779,2.3333333333333335,0.14285714285714285,2.585234522917752,2.0794415416798357,311.11111111111114,0.14285714285714285,12.2664,21903.07,19.0
2001000292,Dr. Nancy Moore,Orthopedics,Detroit,MI,Subsys,REP-S598,Summer Nakamura,TERR-S14,3,6.0,2,2,3,0.82556179236444,-0.01811893574593243,-0.6948187206586854,2.752,0.025452242497129074,15.1752,synthetic,1.7672369127152399,-0.9084618181399344,1.640951507005321,0.16824085729705135,-0.9776304286355144,0.9308133928109472,1.640951507005321,0.9148812934599124,100.0,0.6666666666666666,1.5,2.7580269625738247,1.0986122886681098,600.0,1.5,14.7687,16773.02,24.0
2001000293,Dr. Laura Lewis,Pain Management,Seattle,WA,Abstral,REP-S715,Stephen Rossi,TERR-S05,2,2.0,5,3,4,-0.8843712245686588,-0.8788321667086547,-0.54194719028904,6.0413,0.05327402009554305,10.1739,synthetic,-0.6164282087760067,-0.47808241626437475,1.3056071320223879,-0.8503235637666269,-0.33040708865298646,-1.1754810540576788,1.3056071320223879,0.6622623116386759,60.0,1.0,1.3333333333333333,2.3603066815546705,1.3862943611198906,120.0,1.3333333333333333,9.5942,18790.36,14.0
2001000294,Dr. Jennifer Brown,Family Practice,Denver,CO,Subsys,REP-S709,Seth Rossi,TERR-S13,3,7.0,3,2,3,0.6545684906711301,0.3490211248166184,-0.5632288981761643,1.8609,0.01742090009980668,17.2918,synthetic,-0.21915068852746614,-0.9084618181399344,1.640951507005321,0.5037456023239576,-0.9776304286355144,0.3457316020141065,1.640951507005321,1.1427705110318336,66.66666666666666,0.6666666666666666,1.5,2.8890319718947017,1.0986122886681098,466.66666666666663,1.5,16.9759,18509.52,23.0
2001000295,Dr. Margaret Davis,Oncology,Boston,MA,Fentora,REP-S740,Sloan Santos,TERR-S02,1,1.0,11,4,1,-1.0553645262619686,-1.322304491584433,-0.6142772620778922,6.4066,0.05447939411392122,7.372,synthetic,-2.0249575987481068,-0.04770301438881521,-0.874131305366678,-1.592742258322874,0.171618335963463,-1.5424869046484242,-0.874131305366678,0.4599902985705073,36.36363636363637,1.3333333333333333,0.25,2.070413410469832,1.6094379124341003,36.36363636363637,0.25,6.9281,17835.87,13.0
2001000297,Dr. Sandra Flores,Palliative Care,Austin,TX,Subsys,REP-S841,Samuel Kim,TERR-S05,3,1.0,4,3,3,1.3385416974443696,-1.277825852496708,-1.1843737808258499,7.453,0.0633863110179207,7.7318,synthetic,0.27744621178321077,-0.47808241626437475,0.6349183820565215,-1.5077890140758,-0.33040708865298646,-1.3729461584516125,0.6349183820565215,0.46192593681555494,75.0,1.0,1.0,2.103585223147278,1.3862943611198906,75.0,1.0,7.1955,10312.7,27.0
2001000298,Dr. Donna Allen,Palliative Care,Portland,OR,Abstral,REP-S808,Serena Vargas,TERR-S14,2,3.0,8,4,0,-1.3973511296485885,-0.7299767661117778,-0.2796973507497741,3.4086,0.03064214676948085,10.8466,synthetic,-1.2123444891488182,-0.04770301438881521,-1.3771478678410778,-0.6426461842515045,0.171618335963463,-1.0438376511283896,-1.3771478678410778,0.6733635388579026,50.0,1.3333333333333333,0.0,2.441398759811066,1.6094379124341003,150.0,0.0,10.4891,22251.09,11.0
2001000299,Dr. Elizabeth Adams,Pain Management,Philadelphia,PA,Actiq,REP-S706,Stella Rossi,TERR-S10,3,3.0,5,5,3,0.14158858559120047,-0.7128939080926705,0.1054489715454395,4.5742,0.04094690260773293,11.0763,synthetic,1.7672369127152399,0.3826763874867446,-0.16990811790251828,-0.6198552918673838,0.5818029746283429,-0.385620636481944,-0.16990811790251828,0.7311240074643562,100.0,1.6666666666666667,0.6,2.450297951591419,1.791759469228055,300.0,0.6,10.5918,27333.6,20.0
2001000300,Dr. Deborah Wright,Anesthesiology,Miami,FL,Fentora,REP-S813,Spencer Vargas,TERR-S05,3,2.0,2,1,0,-1.2263578279552785,-1.044337947906434,-0.3814583786317799,0.6839,0.006117179840286369,8.6581,synthetic,-1.2123444891488182,-1.3388412200154942,-1.3771478678410778,-1.1029077953230244,-1.889840491916844,-1.2632433226772048,-1.3771478678410778,0.5896904998542268,50.0,0.3333333333333333,0.0,2.261679761668042,0.6931471805599453,100.0,0.0,8.5992,20908.22,12.0
2001000301,Dr. Kimberly Clark,Anesthesiology,Los Angeles,CA,Subsys,REP-S683,Sean Larsson,TERR-S01,2,2.0,8,6,0,-1.3973511296485885,-1.0690556957315498,-0.8011022251348503,1.732,0.015372318081882774,8.597,synthetic,0.27744621178321077,0.8130557893623042,-1.3771478678410778,-1.1428634230521295,0.9286091450931295,-1.0438376511283896,-1.3771478678410778,0.579500248635702,75.0,2.0,0.0,2.2460782315536076,1.9459101490553132,150.0,0.0,8.4506,15370.47,11.0
2001000302,Dr. David Moore,Pain Management,Los Angeles,CA,Lazanda,REP-S795,Stephen Gomez,TERR-S01,2,9.0,5,4,5,-0.8843712245686588,0.8255447046913901,0.2981627022989808,5.7443,0.053243341599535476,20.9804,synthetic,0.5754043519696166,-0.04770301438881521,1.1379349445309213,0.8824566465115197,0.171618335963463,1.4573870045281037,1.1379349445309213,1.369551171179408,80.0,1.3333333333333333,1.25,3.036907805572499,1.6094379124341003,720.0,1.25,19.8407,29876.71,14.0
2001000303,Dr. Thomas Ramirez,Palliative Care,Denver,CO,Abstral,REP-S514,Selena Brooks,TERR-S14,2,2.0,9,5,0,-0.37139131948872917,-0.8444003107207753,-0.8465853966593155,3.3631,0.03005880144319173,10.1308,synthetic,-0.8812798889417006,0.3826763874867446,-1.3771478678410778,-0.8007666506486001,0.5818029746283429,-1.214486506777468,-1.3771478678410778,0.6292027644940056,55.55555555555556,1.6666666666666667,0.0,2.379657239068903,1.791759469228055,111.11111111111111,0.0,9.8012,14770.26,17.0
2001000304,Dr. Kimberly Hernandez,Internal Medicine,Las Vegas,NV,Subsys,REP-S782,Sophia Gomez,TERR-S02,2,2.0,8,4,2,-0.8843712245686588,-0.9445521005289992,-1.2519017523839406,2.4485,0.021840138044333823,9.4243,synthetic,-1.2123444891488182,-0.04770301438881521,-0.37111474289227814,-0.947660269918393,0.171618335963463,-1.2632433226772048,-0.37111474289227814,0.5959033048956002,50.0,1.3333333333333333,0.5,2.322299481103145,1.6094379124341003,100.0,0.5,9.1991,9421.58,14.0
2001000306,Dr. Thomas Williams,Neurology,Philadelphia,PA,Actiq,REP-S556,Sasha Chen,TERR-S14,3,5.0,4,2,2,1.3385416974443696,-0.2524884289194712,-0.7651883958407868,3.5982,0.03292751951692674,13.8404,synthetic,-1.2123444891488182,-0.9084618181399344,0.6349183820565215,-0.07147270234894407,-0.9776304286355144,-0.6050263080307592,0.6349183820565215,0.914119216777475,50.0,0.6666666666666666,1.0,2.664425672036948,1.0986122886681098,250.0,1.0,13.3597,15844.4,27.0
2001000307,Dr. Margaret Robinson,Anesthesiology,Phoenix,AZ,Subsys,REP-S579,Solomon Kapoor,TERR-S09,3,10.0,3,3,3,-0.20039801779541927,1.6001616619375592,1.2836685502564165,3.1387,0.029710032909950446,25.2665,synthetic,1.7672369127152399,-0.47808241626437475,0.6349183820565215,1.3989516361782652,-0.33040708865298646,2.6860587652014694,0.6349183820565215,1.6799239451610506,100.0,1.0,1.0,3.2385843300879777,1.3862943611198906,1000.0,1.0,24.4976,42881.75,18.0
2001000308,Dr. Donna Walker,Oncology,Jacksonville,FL,Abstral,REP-S503,Sean Brooks,TERR-S03,1,7.0,14,8,9,-1.0553645262619686,0.15107953725344533,-0.4505519394397922,9.0875,0.08200259719016234,17.2204,synthetic,-0.7866900031682388,1.6738145931134232,0.8864266632937214,0.3283352582019409,1.4940130379096728,0.0531907066156864,0.8864266632937214,1.0481027777030025,57.14285714285714,2.6666666666666665,1.125,2.8205392482974836,2.1972245773362196,400.0,1.125,15.7859,19996.44,13.0
2001000309,Dr. Stephanie Lee,Oncology,Seattle,WA,Fentora,REP-S814,Selena Vargas,TERR-S06,3,1.0,2,1,1,-0.713377922875349,-1.2656166823058368,-0.6713848958936439,4.7413,0.04084086021321065,7.6136,synthetic,-1.2123444891488182,-1.3388412200154942,0.6349183820565215,-1.4849543940888608,-1.889840491916844,-1.4826489942260201,0.6349183820565215,0.4826176702529064,50.0,0.3333333333333333,1.0,2.1125014893061596,0.6931471805599453,50.0,1.0,7.2689,17082.26,15.0
2001000310,Dr. Charles Clark,Palliative Care,Charlotte,NC,Actiq,REP-S712,Sienna Rossi,TERR-S02,2,10.0,5,4,5,0.31258188728451036,1.5794193796105616,2.2116461922617465,8.672,0.08001329972972115,26.4865,synthetic,0.5754043519696166,-0.04770301438881521,1.1379349445309213,1.3863959030230193,0.171618335963463,1.8084360790062082,1.1379349445309213,1.564654946204133,80.0,1.3333333333333333,1.25,3.233681675316578,1.6094379124341003,800.0,1.25,24.3729,55127.63,21.0
2001000311,Dr. Richard Hall,Palliative Care,Los Angeles,CA,Actiq,REP-S825,Simon Alvarez,TERR-S03,2,9.0,6,4,3,-1.0553645262619686,1.0120755419126863,1.0130565241862282,5.7907,0.05379470516479268,22.1759,synthetic,-0.21915068852746614,-0.04770301438881521,0.1319018195821217,1.0166801368426361,0.171618335963463,0.9308133928109468,0.1319018195821217,1.3456935140186705,66.66666666666666,1.3333333333333333,0.75,3.089318240484525,1.6094379124341003,599.9999999999999,0.75,20.9621,39310.67,13.0
2001000312,Dr. Rebecca Walker,Neurology,Nashville,TN,Abstral,REP-S556,Sasha Chen,TERR-S14,3,9.0,5,3,1,-1.2263578279552785,1.1913706992524715,-0.39200072018304316,1.8269,0.017327309960836423,22.4427,synthetic,-0.6164282087760067,-0.47808241626437475,-0.7064591178752114,1.139387189590193,-0.33040708865298646,0.667526586952369,-0.7064591178752114,1.5080568828473353,60.0,1.0,0.3333333333333333,3.1372318358276905,1.3862943611198906,540.0,0.3333333333333333,22.04,20769.1,12.0
2001000313,Dr. Stephanie Hernandez,Palliative Care,Portland,OR,Fentora,REP-S823,Sean Alvarez,TERR-S01,2,5.0,6,4,2,-0.37139131948872917,-0.17421001622432064,-0.9929914829436118,5.8562,0.05317853130864325,14.6403,synthetic,-0.21915068852746614,-0.04770301438881521,-0.37111474289227814,0.011111355598490715,0.171618335963463,-0.2393501887827342,-0.37111474289227814,0.8878568944396038,66.66666666666666,1.3333333333333333,0.5,2.6966723852102352,1.6094379124341003,333.33333333333326,0.5,13.8303,12838.24,17.0
2001000314,Dr. Charles Wilson,Pain Management,Baltimore,MD,Lazanda,REP-S668,Serena Kowalski,TERR-S14,2,7.0,6,5,5,0.6545684906711301,0.31944632291012115,1.167029877774357,6.0059,0.055137430932222564,17.807,synthetic,0.7740431120938877,0.3826763874867446,0.6349183820565215,0.47828852216747114,0.5818029746283429,0.8576781689613423,0.6349183820565215,1.1595285211000024,83.33333333333334,1.6666666666666667,1.0,2.8790917100277187,1.791759469228055,583.3333333333334,1.0,16.7981,41342.55,23.0
2001000315,Dr. Elizabeth Hall,Family Practice,Charlotte,NC,Actiq,REP-S810,Sadie Vargas,TERR-S02,3,2.0,4,3,0,-0.713377922875349,-0.8697002396857823,-0.327835052352882,3.4851,0.03109173692221745,9.9854,synthetic,0.27744621178321077,-0.47808241626437475,-1.3771478678410778,-0.8370864869521887,-0.33040708865298646,-1.0438376511283896,-1.3771478678410778,0.6495506534556204,75.0,1.0,0.0,2.3654753815422596,1.3862943611198906,150.0,0.0,9.6491,21615.85,15.0
2001000317,Dr. Joseph Hill,Oncology,Columbus,OH,Subsys,REP-S632,Sienna Novak,TERR-S06,3,9.0,5,2,3,-0.37139131948872917,0.8630538038472687,-0.016814758536895163,5.9337,0.05497771955750519,21.2568,synthetic,-1.80826076952163,-0.9084618181399344,1.640951507005321,0.9100183440348331,-0.9776304286355144,-0.12233383062336577,1.640951507005321,1.3322927395931805,40.0,0.6666666666666666,1.5,3.0476698603406107,1.0986122886681098,360.0,1.5,20.0662,25720.17,17.0
2001000318,Dr. Sarah Nelson,Psychiatry,Boston,MA,Subsys,REP-S639,Solomon Novak,TERR-S13,3,7.0,3,2,2,-1.2263578279552785,0.18120325280612667,0.17092258083027875,0.4991,0.004686355548720211,16.0467,synthetic,-0.21915068852746614,-0.9084618181399344,0.6349183820565215,0.35581750815403473,-0.9776304286355144,0.3457316020141065,0.6349183820565215,1.2873809734977062,66.66666666666666,0.6666666666666666,1.0,2.8312702810608026,1.0986122886681098,466.66666666666663,1.0,15.967,28197.61,12.0
2001000319,Dr. Richard Thomas,Neurology,Philadelphia,PA,Abstral,REP-S577,Stanley Kapoor,TERR-S07,3,3.0,4,3,1,-0.542384621182039,-0.7526152955801374,-0.5614412771497533,3.1321,0.02815619645141032,10.6772,synthetic,0.27744621178321077,-0.47808241626437475,-0.7064591178752114,-0.6731650224117124,-0.33040708865298646,-0.7147291438051668,-0.7064591178752114,0.7083898778638141,75.0,1.0,0.3333333333333333,2.4294820261823964,1.3862943611198906,225.0,0.3333333333333333,10.353,18533.11,16.0
2001000321,Dr. Amanda Garcia,Pain Management,Atlanta,GA,Subsys,REP-S599,Solomon Nakamura,TERR-S01,2,3.0,7,4,5,-0.20039801779541927,-0.7864483366812715,-0.32167878562182517,7.3993,0.06518519619133434,10.9006,synthetic,-0.7866900031682388,-0.04770301438881521,1.1379349445309213,-0.7194639398422434,0.171618335963463,-0.9498066490360403,1.1379349445309213,0.7006001082120348,57.14285714285714,1.3333333333333333,1.25,2.411403622823163,1.6094379124341003,171.42857142857142,1.25,10.1496,21697.09,18.0
2001000322,Dr. William Mitchell,Anesthesiology,Portland,OR,Actiq,REP-S781,Samuel Gomez,TERR-S01,3,3.0,3,2,1,-0.542384621182039,-0.6855979295051773,-0.8351973641095468,4.8996,0.04385280896443167,11.2829,synthetic,-0.21915068852746614,-0.9084618181399344,-0.37111474289227814,-0.5838544722459232,-0.9776304286355144,-0.8244319795795746,-0.37111474289227814,0.7375862926065307,66.66666666666666,0.6666666666666666,0.5,2.4643552422258344,1.0986122886681098,199.99999999999997,0.5,10.7559,14920.54,16.0
2001000323,Dr. Kathleen Nelson,Pain Management,Portland,OR,Subsys,REP-S523,Sean Patel,TERR-S09,3,1.0,2,1,1,-0.8843712245686588,-1.3341976205850774,-0.840289697003774,4.782,0.040888178721092405,7.1845,synthetic,-1.2123444891488182,-1.3388412200154942,0.6349183820565215,-1.6159436181729052,-1.889840491916844,-1.4826489942260201,0.6349183820565215,0.4732930068147157,50.0,0.3333333333333333,1.0,2.06135394288118,0.6931471805599453,50.0,1.0,6.8566,14853.34,14.0
2001000324,Dr. William Jones,Oncology,Nashville,TN,Subsys,REP-S684,Sarah Larsson,TERR-S02,1,7.0,10,7,7,1.5095349991376794,0.29429609766679987,0.6944765409427397,6.6704,0.06102287941971207,17.7573,synthetic,-0.020511928403195035,1.243435191237864,0.6349183820565215,0.456439087485507,1.2290263146108709,0.44812091540355375,0.6349183820565215,1.1052687607386409,70.0,2.3333333333333335,1.0,2.870560130559485,2.0794415416798357,490.0,1.0,16.6469,35106.59,28.0
2001000325,Dr. Linda Martin,Pain Management,Portland,OR,Abstral,REP-S776,Sasha Muller,TERR-S10,2,2.0,6,5,3,-0.0294047161021094,-1.0765242480690174,-0.34632128166161263,7.7872,0.0672810968217008,9.0603,synthetic,0.7740431120938877,0.3826763874867446,-0.16990811790251828,-1.1550598169711326,0.5818029746283429,-0.9707024272787845,-0.16990811790251828,0.5802232925039313,83.33333333333334,1.6666666666666667,0.6,2.2413158884788116,1.791759469228055,166.66666666666669,0.6,8.4057,21371.9,19.0
2001000326,Dr. Emily Ramirez,Anesthesiology,Philadelphia,PA,Fentora,REP-S578,Summer Kapoor,TERR-S08,2,1.0,8,4,4,0.14158858559120047,-1.463874311059237,-0.8958597797120276,7.0898,0.05910571041564916,6.5079,synthetic,-1.2123444891488182,-0.04770301438881521,0.6349183820565215,-1.883578718548625,0.171618335963463,-1.4826489942260201,0.6349183820565215,0.4167305293066956,50.0,1.3333333333333333,1.0,1.9568500890936478,1.6094379124341003,50.0,1.0,6.077,14120.02,20.0
2001000327,Dr. Rebecca Carter,Internal Medicine,Phoenix,AZ,Lazanda,REP-S633,Spencer Novak,TERR-S07,3,8.0,4,3,4,0.14158858559120047,0.5404256498661507,0.5845253443225188,5.4533,0.05039074045975678,19.1151,synthetic,0.27744621178321077,-0.47808241626437475,1.3056071320223879,0.6626511292987878,-0.33040708865298646,0.9308133928109472,1.3056071320223879,1.174212786742245,75.0,1.0,1.3333333333333333,2.951080036344005,1.3862943611198906,600.0,1.3333333333333333,18.1266,33655.64,20.0
2001000329,Dr. Laura Walker,Palliative Care,Austin,TX,Abstral,REP-S691,Silas Larsson,TERR-S09,3,6.0,2,1,1,0.31258188728451036,0.012769932162034823,0.6251503393313753,2.0706,0.01921942306917046,15.264,synthetic,-1.2123444891488182,-1.3388412200154942,0.6349183820565215,0.19822433501162975,-1.889840491916844,-0.385620636481944,0.6349183820565215,0.9600201833805204,50.0,0.3333333333333333,1.0,2.769734653256875,0.6931471805599453,300.0,1.0,14.9544,34191.74,21.0
2001000330,Dr. Deborah Robinson,Oncology,Atlanta,GA,Abstral,REP-S656,Sasha Dubois,TERR-S02,1,7.0,14,11,3,-0.37139131948872917,0.3914704467881497,0.07399093353382495,7.5215,0.06867431739068186,18.5271,synthetic,0.4902734547735005,2.9649527987401023,-0.8284025269599145,0.5398480028531372,2.141236377892201,0.711407721262132,-0.8284025269599145,1.1440566437693263,78.57142857142857,3.6666666666666665,0.2727272727272727,2.9031289269689196,2.4849066497880004,550.0,0.2727272727272727,17.2311,26918.47,17.0
2001000331,Dr. Robert Garcia,Orthopedics,Charlotte,NC,Subsys,REP-S533,Spencer Patel,TERR-S05,3,9.0,4,3,0,-0.713377922875349,0.8480335304380634,0.3718810410316163,1.5173,0.014346511231245085,20.279,synthetic,0.27744621178321077,-0.47808241626437475,-1.3771478678410778,0.8990170245425464,-0.33040708865298646,1.2599219001341702,-1.3771478678410778,1.2374533459292871,75.0,1.0,0.0,3.0433741596568145,1.3862943611198906,675.0,0.0,19.9759,30849.52,15.0
2001000332,Dr. William Harris,Pain Management,Boston,MA,Subsys,REP-S616,Sasha O'Connor,TERR-S04,1,8.0,14,12,13,0.31258188728451036,0.6919757174533837,1.0857685209421473,10.0587,0.09127008436051964,20.9526,synthetic,0.91592794075408,3.395332200615662,0.802590569547988,0.7818287750346211,2.321315408052812,1.3069374011803445,0.802590569547988,1.314122199900317,85.71428571428571,4.0,1.0833333333333333,2.997615499170949,2.5649493574615367,685.7142857142857,1.0833333333333333,19.0377,40270.2,21.0
2001000333,Dr. Dorothy Thomas,Pain Management,Atlanta,GA,Subsys,REP-S648,Serena Dubois,TERR-S08,2,2.0,8,7,0,-1.2263578279552785,-1.0676251935021017,-0.620141022782584,2.7499,0.02429235427399412,8.6918,synthetic,1.0223415622492253,1.243435191237864,-1.3771478678410778,-1.1405339788844717,1.2290263146108709,-0.934134815353982,-1.3771478678410778,0.5839162563438209,87.5,2.3333333333333335,0.0,2.246987812891636,2.0794415416798357,175.0,0.0,8.4592,17758.49,12.0
2001000334,Dr. Kimberly Wilson,Anesthesiology,Jacksonville,FL,Subsys,REP-S847,Scott Kim,TERR-S11,3,2.0,4,3,4,0.9965550940577499,-0.8780337468596605,-1.1656496062003352,4.67,0.04142639717040897,10.0473,synthetic,0.27744621178321077,-0.47808241626437475,1.3056071320223879,-0.8491634903678023,-0.33040708865298646,-1.0438376511283896,1.3056071320223879,0.658251826693265,75.0,1.0,1.3333333333333333,2.3607596570451177,1.3862943611198906,150.0,1.3333333333333333,9.599,10559.79,25.0
2001000335,Dr. Patricia King,Internal Medicine,Detroit,MI,Fentora,REP-S643,Sean Dubois,TERR-S03,3,5.0,2,1,2,-0.713377922875349,-0.19970955015157646,0.561643946741985,1.466,0.013568361907808413,13.8775,synthetic,-1.2123444891488182,-1.3388412200154942,2.646984631954121,-0.015499408817380374,-1.889840491916844,-0.6050263080307592,2.646984631954121,0.8859746606795365,50.0,0.3333333333333333,2.0,2.6862816426290617,0.6931471805599453,250.0,2.0,13.677,33353.69,15.0
2001000336,Dr. Ashley Scott,Oncology,Phoenix,AZ,Abstral,REP-S522,Sophia Patel,TERR-S08,2,2.0,7,6,7,-0.0294047161021094,-1.0029864532272705,-0.2632253209697421,11.6542,0.0995862454551375,9.879,synthetic,0.91592794075408,0.8130557893623042,0.9702627570394549,-1.0374271533096597,0.9286091450931295,-0.9498066490360403,0.9702627570394549,0.5874485304328942,85.71428571428571,2.0,1.1666666666666667,2.287248079983808,1.9459101490553132,171.42857142857142,1.1666666666666667,8.8478,22468.46,19.0
2001000337,Dr. Richard Perez,Oncology,Baltimore,MD,Fentora,REP-S690,Sadie Larsson,TERR-S08,2,3.0,6,5,4,-0.8843712245686588,-0.6888248763948628,0.13595977501571743,6.6951,0.05944259124942253,11.4553,synthetic,0.7740431120938877,0.3826763874867446,0.23250513207700174,-0.5880842271422859,0.5818029746283429,-0.6050263080307591,0.23250513207700174,0.7128485213265183,83.33333333333334,1.6666666666666667,0.8,2.4627036438868046,1.791759469228055,250.00000000000003,0.8,10.7365,27736.23,14.0
2001000338,Dr. Karen Green,Palliative Care,Jacksonville,FL,Abstral,REP-S560,Sloan Chen,TERR-S04,2,9.0,6,4,3,-0.542384621182039,1.03325030165789,-0.08706546106060443,6.9751,0.06446948111640172,22.5604,synthetic,-0.21915068852746614,-0.04770301438881521,0.1319018195821217,1.0314817711917246,0.171618335963463,0.9308133928109468,0.1319018195821217,1.3538657288413543,66.66666666666666,1.3333333333333333,0.75,3.0950978554515536,1.6094379124341003,599.9999999999999,0.75,21.0894,24793.12,16.0
2001000339,Dr. Betty Perez,Pain Management,Detroit,MI,Subsys,REP-S518,Summer Brooks,TERR-S04,2,5.0,9,6,4,-1.3973511296485885,-0.1863859189214839,0.47501669568001015,9.4676,0.0845824787047631,15.0596,synthetic,-0.21915068852746614,0.8130557893623042,-0.035770367909345006,-0.0015606665724788673,0.9286091450931295,-0.2393501887827342,-0.035770367909345006,0.9496163147989856,66.66666666666666,2.0,0.6666666666666666,2.691724322903429,1.9459101490553132,333.33333333333326,0.6666666666666666,13.7571,32210.53,11.0
2001000340,Dr. Jennifer Carter,Pain Management,Portland,OR,Abstral,REP-S540,Sloan Patel,TERR-S12,1,6.0,9,5,5,-1.3973511296485885,0.07669342132214187,0.9577865253806701,9.5102,0.0855214710925738,16.7975,synthetic,-0.8812798889417006,0.3826763874867446,0.6349183820565215,0.25918109987359544,0.5818029746283429,-0.2393501887827337,0.6349183820565215,1.0587899897367323,55.55555555555556,1.6666666666666667,1.0,2.7935365269033174,1.791759469228055,333.33333333333337,1.0,15.3387,38581.31,11.0
2001000342,Dr. Stephanie Jones,Anesthesiology,Charlotte,NC,Lazanda,REP-S616,Sasha O'Connor,TERR-S04,2,2.0,8,6,0,-0.8843712245686588,-1.0558651344762895,-0.7812868363177156,5.7798,0.05043825050855588,9.0229,synthetic,0.27744621178321077,0.8130557893623042,-1.3771478678410778,-1.1214636668556424,0.9286091450931295,-1.0438376511283896,-1.3771478678410778,0.5849382494542015,75.0,2.0,0.0,2.2544342244316233,1.9459101490553132,150.0,0.0,8.5299,15631.96,14.0
2001000343,Dr. Rebecca Adams,Family Practice,Nashville,TN,Abstral,REP-S550,Sadie Chen,TERR-S08,3,7.0,3,1,0,1.5095349991376794,0.2503164709846968,-0.00359363770273126,-0.1552,-0.0014623084045966017,16.3571,synthetic,-2.205538289770171,-1.3388412200154942,-1.3771478678410778,0.41777767116074765,-1.889840491916844,-0.6781615318803643,-1.3771478678410778,1.1028244686278201,33.33333333333333,0.3333333333333333,0.0,2.8554639529910357,0.6931471805599453,233.33333333333331,0.0,16.3825,25894.64,28.0
2001000344,Dr. Melissa Jackson,Psychiatry,Detroit,MI,Fentora,REP-S679,Solomon Kowalski,TERR-S11,3,1.0,2,1,0,1.1675483957510597,-1.1859909361155083,-1.2458659738865419,2.2596,0.01980800690852469,7.9226,synthetic,-1.2123444891488182,-1.3388412200154942,-1.3771478678410778,-1.3408263300552632,-1.889840491916844,-1.4826489942260201,-1.3771478678410778,0.6246704346634201,50.0,0.3333333333333333,0.0,2.168779377032031,0.6931471805599453,50.0,0.0,7.7476,9501.23,26.0
2001000345,Dr. Elizabeth Wilson,Palliative Care,Los Angeles,CA,Lazanda,REP-S792,Sienna Gomez,TERR-S12,2,10.0,7,6,3,2.364501507604229,2.310722060048789,1.8807908071501651,5.6677,0.05332368788915165,30.3999,synthetic,0.91592794075408,0.8130557893623042,-0.37111474289227814,1.7956431430657942,0.9286091450931295,2.0591854179191396,-0.37111474289227814,1.8468948713253321,85.71428571428571,2.0,0.5,3.393481020306609,1.9459101490553132,857.1428571428571,0.5,28.7694,50761.56,33.0
2001000346,Dr. Michael Garcia,Family Practice,Las Vegas,NV,Subsys,REP-S534,Selena Patel,TERR-S06,3,5.0,5,3,3,-0.37139131948872917,-0.13746606942372822,-0.4639208288624045,3.9346,0.036069569408860414,14.604,synthetic,-0.6164282087760067,-0.47808241626437475,0.6349183820565215,0.04897670711848435,-0.33040708865298646,-0.385620636481944,0.6349183820565215,0.9458878177068962,60.0,1.0,1.0,2.71145772223555,1.3862943611198906,300.0,1.0,14.0512,19820.02,17.0
2001000347,Dr. Carol Moore,Orthopedics,Chicago,IL,Abstral,REP-S812,Sienna Vargas,TERR-S04,3,7.0,3,2,2,0.14158858559120047,0.15106290350659132,0.44799550426001755,3.3262,0.030797293281427773,16.3108,synthetic,-0.21915068852746614,-0.9084618181399344,0.6349183820565215,0.32832000126235705,-0.9776304286355144,0.3457316020141065,0.6349183820565215,0.9778879063356616,66.66666666666666,0.6666666666666666,1.0,2.8205332908988416,1.0986122886681098,466.66666666666663,1.0,15.7858,31853.95,20.0
2001000349,Dr. Carol Baker,Anesthesiology,Jacksonville,FL,Subsys,REP-S657,Stanley Dubois,TERR-S03,2,1.0,9,8,5,-0.8843712245686588,-1.41453861789013,-1.4937019348571927,8.896,0.07408278545733338,6.9406,synthetic,1.1051077123010045,1.6738145931134232,-0.11960646165507824,-1.7784341060823232,1.4940130379096728,-1.3120001385769418,-0.11960646165507824,0.4370698867186366,88.88888888888889,2.6666666666666665,0.625,1.9979060536973174,2.1972245773362196,88.88888888888889,0.625,6.3736,6230.71,14.0
2001000350,Dr. Amanda Carter,Neurology,Los Angeles,CA,Subsys,REP-S526,Stella Patel,TERR-S12,2,4.0,9,7,0,-0.713377922875349,-0.5233357289439373,-0.2477293216611035,0.1306,0.001208876755456778,11.7468,synthetic,0.44297851188677,1.243435191237864,-1.3771478678410778,-0.37970087835787864,1.2290263146108709,-0.33686382058220715,-1.3771478678410778,0.8027050143119434,77.77777777777779,2.3333333333333335,0.0,2.544071382955972,2.0794415416798357,311.11111111111114,0.0,11.7314,22672.95,15.0
2001000351,Dr. Melissa Davis,Neurology,Houston,TX,Abstral,REP-S593,Spencer Nakamura,TERR-S09,3,6.0,3,2,3,-0.542384621182039,0.11147458599395677,0.1741212024294651,5.3206,0.048779228977422484,16.375,synthetic,-0.21915068852746614,-0.9084618181399344,1.640951507005321,0.29174849249979395,-0.9776304286355144,0.05319070661568615,1.640951507005321,1.0638369692891925,66.66666666666666,0.6666666666666666,1.5,2.8062531624734333,1.0986122886681098,399.99999999999994,1.5,15.5478,28239.82,16.0
2001000352,Dr. David Wilson,Pain Management,Charlotte,NC,Subsys,REP-S753,Spencer Tanaka,TERR-S01,2,3.0,5,4,1,-1.2263578279552785,-0.704793273374749,-0.8802917905782476,6.7575,0.05993460142966489,11.3595,synthetic,0.5754043519696166,-0.04770301438881521,-0.874131305366678,-0.6091184106068841,0.171618335963463,-0.6489074423405222,-0.874131305366678,0.7344856399690782,80.0,1.3333333333333333,0.25,2.4544903967071985,1.6094379124341003,240.0,0.25,10.6405,14325.46,12.0
2001000353,Dr. Emily Rodriguez,Family Practice,Los Angeles,CA,Subsys,REP-S708,Serena Rossi,TERR-S12,3,9.0,3,1,2,-0.542384621182039,1.2544458673230223,0.6964073838318011,1.4828,0.014093697885007028,22.7516,synthetic,-2.205538289770171,-1.3388412200154942,2.646984631954121,1.1811939971889607,-1.889840491916844,-0.3856206364819443,2.646984631954121,1.5091983718639295,33.33333333333333,0.3333333333333333,2.0,3.1535561987475456,0.6931471805599453,299.99999999999994,2.0,22.4192,35132.07,16.0
2001000354,Dr. Nancy Miller,Pain Management,Portland,OR,Abstral,REP-S506,Stella Brooks,TERR-S06,3,9.0,5,4,3,0.6545684906711301,0.7619039892278023,1.749842830792854,7.3598,0.06766015599886588,20.8902,synthetic,0.5754043519696166,-0.04770301438881521,0.1319018195821217,0.8350039694950726,0.171618335963463,1.4573870045281037,0.1319018195821217,1.3431413026720853,80.0,1.3333333333333333,0.75,3.0183788920862185,1.6094379124341003,720.0,0.75,19.4581,49033.53,23.0
2001000356,Dr. Susan Wilson,Palliative Care,Baltimore,MD,Subsys,REP-S605,Simon O'Connor,TERR-S07,2,9.0,7,6,2,-1.0553645262619686,1.1455779941632773,1.1150342793312922,4.7653,0.04455011749410698,22.8018,synthetic,0.91592794075408,0.8130557893623042,-0.7064591178752114,1.10860197693502,0.9286091450931295,1.6830614095497418,-0.7064591178752114,1.3972176272683634,85.71428571428571,2.0,0.3333333333333333,3.1252110905755996,1.9459101490553132,771.4285714285713,0.3333333333333333,21.7647,40656.4,13.0
2001000357,Dr. Ashley Robinson,Palliative Care,New York,NY,Actiq,REP-S706,Stella Rossi,TERR-S10,3,5.0,2,2,3,-0.37139131948872917,-0.23479012226676382,0.13970779264887917,4.6285,0.042177902202985784,14.0893,synthetic,1.7672369127152399,-0.9084618181399344,1.640951507005321,-0.05256655704753692,-0.9776304286355144,0.49200204971331685,1.640951507005321,0.8644765280733715,100.0,0.6666666666666666,1.5,2.671807981164153,1.0986122886681098,500.0,1.5,13.4661,27785.69,17.0
2001000358,Dr. David Hall,Family Practice,Las Vegas,NV,Subsys,REP-S587,Scott Nakamura,TERR-S03,3,3.0,4,3,0,-0.713377922875349,-0.6641736635571632,-0.8440354412740366,0.7838,0.007151660977863461,10.97,synthetic,0.27744621178321077,-0.47808241626437475,-1.3771478678410778,-0.5559481615289176,-0.33040708865298646,-0.7147291438051668,-1.3771478678410778,0.7327278189332053,75.0,1.0,0.0,2.4752518585920185,1.3862943611198906,225.0,0.0,10.8847,14803.91,15.0
2001000359,Dr. Stephanie Martin,Pain Management,Los Angeles,CA,Subsys,REP-S507,Scott Brooks,TERR-S07,2,4.0,6,3,1,0.31258188728451036,-0.5603957169347569,-0.9015090865165609,5.5271,0.049594620152870306,12.1446,synthetic,-1.2123444891488182,-0.47808241626437475,-0.7064591178752114,-0.4249153933401885,-0.33040708865298646,-0.8244319795795745,-0.7064591178752114,0.7944082924813809,50.0,1.0,0.3333333333333333,2.526416407744753,1.3862943611198906,200.0,0.3333333333333333,11.5086,14045.47,21.0
2001000361,Dr. Margaret Gonzalez,Oncology,Las Vegas,NV,Subsys,REP-S714,Selena Rossi,TERR-S04,2,9.0,9,6,6,-1.2263578279552785,0.9406502329214034,1.8675136100311542,10.1629,0.09249569832184479,22.6194,synthetic,-0.21915068852746614,0.8130557893623042,0.6349183820565215,0.9661116949888583,0.9286091450931295,0.9308133928109468,0.6349183820565215,1.363265946429563,66.66666666666666,2.0,1.0,3.069572709923206,1.9459101490553132,599.9999999999999,1.0,20.5327,50586.35,12.0
2001000363,Dr. Joseph Johnson,Neurology,Detroit,MI,Fentora,REP-S749,Seth Tanaka,TERR-S11,3,1.0,4,3,0,0.14158858559120047,-1.361360529197738,-0.721695174640762,5.447,0.046303156458078476,7.0579,synthetic,0.27744621178321077,-0.47808241626437475,-1.3771478678410778,-1.6697353232300087,-0.33040708865298646,-1.3729461584516125,-1.3771478678410778,0.45797990625962204,75.0,1.0,0.0,2.04034982020677,1.3862943611198906,75.0,0.0,6.6933,16418.35,20.0
2001000364,Dr. Margaret Davis,Pain Management,Seattle,WA,Subsys,REP-S746,Stella Tanaka,TERR-S08,2,5.0,8,5,3,0.9965550940577499,-0.30456869031949607,-0.2708266887170622,6.6469,0.05990658520090841,13.9138,synthetic,-0.46744913868280374,0.3826763874867446,-0.16990811790251828,-0.12793086578393342,0.5818029746283429,-0.33076921859474023,-0.16990811790251828,0.9005723744580214,62.5,1.6666666666666667,0.6,2.6423803736121902,1.791759469228055,312.5,0.6,13.0466,22368.15,25.0
2001000365,Dr. Lisa Martinez,Emergency Medicine,Austin,TX,Fentora,REP-S830,Sadie Alvarez,TERR-S08,3,2.0,3,1,1,-0.0294047161021094,-1.099478818727604,-1.1545214948087095,0.4507,0.004016653491231814,8.305,synthetic,-2.205538289770171,-1.3388412200154942,0.6349183820565215,-1.19291316979053,-1.889840491916844,-1.409513770376415,0.6349183820565215,0.636324780623664,33.33333333333333,0.3333333333333333,1.0,2.2265352366029822,0.6931471805599453,66.66666666666666,1.0,8.2677,10706.64,19.0
2001000366,Dr. Betty Taylor,Pain Management,Austin,TX,Lazanda,REP-S619,Solomon O'Connor,TERR-S07,2,2.0,5,4,4,0.48357518897782026,-1.1242963690338437,-0.6722828742388313,8.3132,0.07140337253164208,8.7934,synthetic,0.5754043519696166,-0.04770301438881521,0.6349183820565215,-1.234478107715084,0.171618335963463,-0.9999565168186266,0.6349183820565215,0.5603986342830658,80.0,1.3333333333333333,1.0,2.2103053168747495,1.6094379124341003,160.0,1.0,8.1185,17070.41,22.0
2001000367,Dr. Dorothy Thompson,Family Practice,Boston,MA,Abstral,REP-S794,Selena Gomez,TERR-S14,3,3.0,4,3,4,0.6545684906711301,-0.7194808718468736,-0.7549021865095011,2.6307,0.023745876656640075,10.8298,synthetic,0.27744621178321077,-0.47808241626437475,1.3056071320223879,-0.6286192026782447,-0.33040708865298646,-0.7147291438051668,1.3056071320223879,0.710344841010498,75.0,1.0,1.3333333333333333,2.4468758950199923,1.3862943611198906,225.0,1.3333333333333333,10.5522,15980.14,23.0
2001000368,Dr. Jennifer Hall,Anesthesiology,Denver,CO,Subsys,REP-S704,Sarah Rossi,TERR-S08,3,1.0,3,2,0,-1.3973511296485885,-1.4565554624434556,-1.2499421135648228,0.317,0.0027206321912722764,6.1404,synthetic,-0.21915068852746614,-0.9084618181399344,-1.3771478678410778,-1.8677054028075404,-0.9776304286355144,-1.409513770376415,-1.3771478678410778,0.41974783114798153,66.66666666666666,0.6666666666666666,0.0,1.9630481649999878,1.0986122886681098,66.66666666666666,0.0,6.121,9447.44,11.0
2001000369,Dr. Elizabeth Flores,Anesthesiology,Nashville,TN,Subsys,REP-S602,Sophia O'Connor,TERR-S04,2,2.0,9,5,3,1.1675483957510597,-1.0654295389173671,-1.0678214961339603,4.812,0.042140326186315136,8.8801,synthetic,-0.8812798889417006,0.3826763874867446,-0.16990811790251828,-1.1369626697727615,0.5818029746283429,-1.214486506777468,-0.16990811790251828,0.5809951845479756,55.55555555555556,1.6666666666666667,0.6,2.2483823069797295,1.791759469228055,111.11111111111111,0.6,8.4724,11850.76,26.0
2001000370,Dr. Linda Hernandez,Palliative Care,Austin,TX,Abstral,REP-S694,Selena Larsson,TERR-S12,2,1.0,7,5,5,-0.0294047161021094,-1.3463735232822407,-0.8406890510864017,7.6525,0.0645634135481572,7.3025,synthetic,0.06461896879292103,0.3826763874867446,0.6349183820565215,-1.639916390648105,0.5818029746283429,-1.3886179921336705,0.6349183820565215,0.4354705579590905,71.42857142857143,1.6666666666666667,1.0,2.0519932607206073,1.791759469228055,71.42857142857143,1.0,6.7834,14848.07,19.0
2001000371,Dr. Kathleen Nelson,Pain Management,Portland,OR,Subsys,REP-S840,Sloan Alvarez,TERR-S04,1,4.0,14,4,0,0.48357518897782026,-0.4346778582118607,-0.2776861823716075,6.1243,0.05508010528806695,13.0155,synthetic,-2.4893079470905577,-0.04770301438881521,-1.3771478678410778,-0.27466790737252217,0.171618335963463,-1.200555987948972,-1.3771478678410778,0.8465791722979901,28.57142857142857,1.3333333333333333,0.0,2.585083754753672,1.6094379124341003,114.28571428571428,0.0,12.2644,22277.63,22.0
2001000372,Dr. William Nelson,Psychiatry,Las Vegas,NV,Subsys,REP-S682,Sophia Larsson,TERR-S14,3,10.0,4,3,2,1.8515216025242993,1.676394123769662,0.6680070189196219,1.8413,0.01754822933510658,25.4154,synthetic,0.27744621178321077,-0.47808241626437475,-0.035770367909345006,1.4445749871888365,-0.33040708865298646,1.5890304074573929,-0.035770367909345006,2.0121344545945643,75.0,1.0,0.6666666666666666,3.2563989440777448,1.3862943611198906,750.0,0.6666666666666666,24.9559,34757.29,30.0
2001000373,Dr. Jennifer Wilson,Palliative Care,Philadelphia,PA,Actiq,REP-S511,Silas Brooks,TERR-S11,3,3.0,4,3,0,0.6545684906711301,-0.6307897336210886,-0.3644202814898449,1.4633,0.01333188693827525,11.2476,synthetic,0.27744621178321077,-0.47808241626437475,-1.3771478678410778,-0.5130608881832169,-0.33040708865298646,-0.7147291438051668,-1.3771478678410778,0.7116439135536311,75.0,1.0,0.0,2.491998112490603,1.3862943611198906,225.0,0.0,11.0854,21133.06,23.0
2001000374,Dr. Michelle Baker,Palliative Care,Los Angeles,CA,Subsys,REP-S587,Scott Nakamura,TERR-S03,1,3.0,9,8,8,0.6545684906711301,-0.7249367408150014,0.09118361935290589,10.3713,0.0904892997521678,11.6104,synthetic,1.1051077123010045,1.6738145931134232,0.6349183820565215,-0.6359009764583102,1.4940130379096728,-0.5318910841811543,0.6349183820565215,0.6753086928966088,88.88888888888889,2.6666666666666665,1.0,2.444032570578028,2.1972245773362196,266.66666666666663,1.0,10.5194,27145.35,23.0
2001000375,Dr. Sharon Anderson,Pain Management,Baltimore,MD,Subsys,REP-S799,Solomon Gomez,TERR-S05,3,4.0,3,3,4,-1.3973511296485885,-0.4676792119702922,-0.9298238214262033,3.8133,0.03460771587557243,12.5261,synthetic,1.7672369127152399,-0.47808241626437475,1.3056071320223879,-0.31326309801986807,-0.33040708865298646,0.0531907066156864,1.3056071320223879,0.8328841437777266,100.0,1.0,1.3333333333333333,2.5700134364185585,1.3862943611198906,400.0,1.3333333333333333,12.066,13671.82,11.0
2001000377,Dr. Kathleen Rodriguez,Pain Management,Nashville,TN,Subsys,REP-S750,Sadie Tanaka,TERR-S12,1,6.0,12,8,2,0.14158858559120047,-0.014559313919166147,-0.953466037790339,8.2397,0.07434769581229306,16.0088,synthetic,-0.21915068852746614,1.6738145931134232,-0.874131305366678,0.1717140918976465,1.4940130379096728,0.05319070661568615,-0.874131305366678,1.0209215792215276,66.66666666666666,2.6666666666666665,0.25,2.7593831613697257,2.1972245773362196,399.99999999999994,0.25,14.7901,13359.83,20.0
2001000378,Dr. Susan Carter,Pain Management,Austin,TX,Subsys,REP-S693,Spencer Larsson,TERR-S11,3,9.0,5,4,5,0.14158858559120047,0.8667963968894297,0.4166761413852546,5.7456,0.053285504562188724,21.2429,synthetic,0.5754043519696166,-0.04770301438881521,1.1379349445309213,0.9127521976471532,0.171618335963463,1.4573870045281037,1.1379349445309213,1.3866699568297376,80.0,1.3333333333333333,1.25,3.0487373520028678,1.6094379124341003,720.0,1.25,20.0887,31440.65,20.0
2001000379,Dr. Patricia Nguyen,Pain Management,Phoenix,AZ,Subsys,REP-S698,Summer Larsson,TERR-S02,1,10.0,9,6,3,0.14158858559120047,2.6303228721024703,2.497680712240166,8.8667,0.08238182877708189,33.4121,synthetic,-0.21915068852746614,0.8130557893623042,-0.37111474289227814,1.9558223438052043,0.9286091450931295,1.2233542882093669,-0.37111474289227814,2.1185049461174743,66.66666666666666,2.0,0.5,3.4560264179408335,1.9459101490553132,666.6666666666665,0.5,30.6908,58902.23,20.0
2001000380,Dr. Sharon Young,Pain Management,Los Angeles,CA,Abstral,REP-S645,Simon Dubois,TERR-S05,2,9.0,5,2,0,-1.0553645262619686,0.7406793282420367,0.3859152679960638,2.3513,0.0221141623213299,19.7851,synthetic,-1.80826076952163,-0.9084618181399344,-1.3771478678410778,0.8189805924550815,-0.9776304286355144,-0.12233383062336577,-1.3771478678410778,1.3343334113455447,40.0,0.6666666666666666,0.0,3.012122221533593,1.0986122886681098,360.0,0.0,19.3305,31034.72,13.0
2001000381,Dr. Charles Smith,Internal Medicine,Baltimore,MD,Subsys,REP-S650,Sadie Dubois,TERR-S10,3,4.0,4,4,0,1.3385416974443696,-0.46583286606949303,-0.4994565221275662,4.0376,0.036615593267212976,12.5648,synthetic,1.7672369127152399,-0.04770301438881521,-1.3771478678410778,-0.31108836133341883,0.171618335963463,0.0531907066156864,-1.3771478678410778,0.7823356419165628,100.0,1.3333333333333333,0.0,2.570862608908968,1.6094379124341003,400.0,0.0,12.0771,19351.08,27.0
2001000382,Dr. Laura Flores,Oncology,Austin,TX,Abstral,REP-S678,Summer Kowalski,TERR-S10,3,3.0,3,1,2,-0.713377922875349,-0.6635083136830013,-0.6423911832647712,2.3196,0.021024494769030788,11.1413,synthetic,-2.205538289770171,-1.3388412200154942,2.646984631954121,-0.5550863556391559,-1.889840491916844,-1.2632433226772048,2.646984631954121,0.7229538205344442,33.33333333333333,0.3333333333333333,2.0,2.475588369149006,0.6931471805599453,99.99999999999999,2.0,10.8887,17464.87,15.0
2001000383,Dr. Charles Baker,Family Practice,Chicago,IL,Abstral,REP-S522,Sophia Patel,TERR-S08,3,6.0,5,2,0,-0.713377922875349,0.005035239874902428,-0.7732489828937471,2.0054,0.018621236303214328,15.2069,synthetic,-1.80826076952163,-0.9084618181399344,-1.3771478678410778,0.19074923687154868,-0.9776304286355144,-0.6489074423405222,-1.3771478678410778,1.0035584859366202,40.0,0.6666666666666666,0.0,2.7668158411803505,1.0986122886681098,240.0,0.0,14.9079,15738.03,15.0
2001000384,Dr. Rebecca Miller,Pain Management,Boston,MA,Fentora,REP-S557,Stanley Chen,TERR-S01,2,3.0,9,8,2,-1.0553645262619686,-0.6775638297746721,-0.4499472249086028,7.4256,0.06575715361039691,11.6065,synthetic,1.1051077123010045,1.6738145931134232,-0.874131305366678,-0.5733539386261484,1.4940130379096728,-0.5318910841811543,-0.874131305366678,0.7457854190455256,88.88888888888889,2.6666666666666665,0.25,2.4684554003461687,2.1972245773362196,266.66666666666663,0.25,10.8042,20004.42,13.0
2001000385,Dr. Patricia Brown,Family Practice,Los Angeles,CA,Subsys,REP-S584,Sarah Nakamura,TERR-S14,3,2.0,5,4,1,0.31258188728451036,-1.1442568652587015,-0.9064763844513315,2.505,0.022015143985909535,8.1988,synthetic,0.5754043519696166,-0.04770301438881521,-0.874131305366678,-1.2684048432230528,0.171618335963463,-0.9999565168186266,-0.874131305366678,0.5384368388414235,80.0,1.3333333333333333,0.25,2.1970578967791203,1.6094379124341003,160.0,0.25,7.9985,13979.92,21.0
2001000386,Dr. William King,Orthopedics,Jacksonville,FL,Subsys,REP-S528,Serena Patel,TERR-S14,3,8.0,4,3,4,3.732447921150708,0.46587319646630687,-0.12855963848459181,5.8284,0.053692386594751174,18.7087,synthetic,0.27744621178321077,-0.47808241626437475,1.3056071320223879,0.601923864801061,-0.33040708865298646,0.9308133928109472,1.3056071320223879,1.0951293924517198,75.0,1.0,1.3333333333333333,2.9273677760273347,1.3862943611198906,600.0,1.3333333333333333,17.6784,24245.55,41.0
2001000387,Dr. Laura Taylor,Pain Management,Nashville,TN,Abstral,REP-S549,Seth Chen,TERR-S07,2,9.0,8,7,4,-0.713377922875349,0.7492956091124336,1.451113852385255,5.6531,0.05236227826825335,20.478,synthetic,1.0223415622492253,1.243435191237864,-0.2273957250424497,0.8254974733297294,1.2290263146108709,1.7535846611190042,-0.2273957250424497,1.3379090286708957,87.5,2.3333333333333335,0.5714285714285714,3.0146668771677714,2.0794415416798357,787.5,0.5714285714285714,19.3823,45091.41,15.0
2001000388,Dr. Lisa Nguyen,Palliative Care,Baltimore,MD,Actiq,REP-S639,Solomon Novak,TERR-S13,1,5.0,13,7,7,-0.713377922875349,-0.20578086775330406,-1.0646243901100398,8.7688,0.0785320559263547,14.8366,synthetic,-0.9831459197746599,1.243435191237864,0.6349183820565215,-0.021876269296719007,1.2290263146108709,-0.5206395112812149,0.6349183820565215,0.8756723981839452,53.84615384615385,2.3333333333333335,1.0,2.6837916609554293,2.0794415416798357,269.2307692307692,1.0,13.6405,11892.95,15.0
2001000389,Dr. Elizabeth Jones,Anesthesiology,Columbus,OH,Fentora,REP-S647,Scott Dubois,TERR-S07,2,8.0,6,5,0,-0.0294047161021094,0.6925911660869832,1.0036463173587709,4.0046,0.0373403350753545,19.8039,synthetic,0.7740431120938877,0.3826763874867446,-1.3771478678410778,0.7823016262664153,0.5818029746283429,1.2233542882093678,-1.3771478678410778,1.3057648018332257,83.33333333333334,1.6666666666666667,0.0,2.9978001340559897,1.791759469228055,666.6666666666667,0.0,19.0414,39186.49,19.0
2001000390,Dr. Susan Martin,Oncology,Denver,CO,Subsys,REP-S511,Silas Brooks,TERR-S11,3,4.0,3,2,0,-1.0553645262619686,-0.4238160215161672,0.2150985686876991,2.4687,0.022579379207404937,12.6341,synthetic,-0.21915068852746614,-0.9084618181399344,-1.3771478678410778,-0.2620911258491527,-0.9776304286355144,-0.5318910841811543,-1.3771478678410778,0.8186288281469356,66.66666666666666,0.6666666666666666,0.0,2.589994628310955,1.0986122886681098,266.66666666666663,0.0,12.3297,28780.57,13.0
2001000391,Dr. Charles Robinson,Orthopedics,Austin,TX,Subsys,REP-S749,Seth Tanaka,TERR-S11,3,10.0,5,3,0,-1.2263578279552785,2.6379743956553323,1.0332265576156394,2.2053,0.02113204772472521,31.4146,synthetic,-0.6164282087760067,-0.47808241626437475,-1.3771478678410778,1.9595370150948477,-0.33040708865298646,0.9308133928109472,-1.3771478678410778,1.9040621951030647,60.0,1.0,0.0,3.457476890860031,1.3862943611198906,600.0,0.0,30.7368,39576.84,12.0
2001000392,Dr. Sarah Wright,Neurology,Las Vegas,NV,Subsys,REP-S564,Sarah Kapoor,TERR-S08,3,2.0,5,4,0,0.48357518897782026,-1.039780301268425,-0.48231157692936844,1.4464,0.01288076432054508,8.7514,synthetic,0.5754043519696166,-0.04770301438881521,-1.3771478678410778,-1.095608058602072,0.171618335963463,-0.9999565168186266,-1.3771478678410778,0.5902633169496744,80.0,1.3333333333333333,0.0,2.26453010012478,1.6094379124341003,160.0,0.0,8.6266,19577.33,22.0
2001000394,Dr. Joseph Rivera,Anesthesiology,Denver,CO,Actiq,REP-S786,Stella Gomez,TERR-S06,3,10.0,3,1,2,-0.0294047161021094,1.6332960856708232,1.3461981545867807,3.0418,0.028817851545722473,25.4481,synthetic,-2.205538289770171,-1.3388412200154942,2.646984631954121,1.41888175227314,-1.889840491916844,-0.2393501887827342,2.646984631954121,1.6935840934970543,33.33333333333333,0.3333333333333333,2.0,3.246366470530033,0.6931471805599453,333.33333333333326,2.0,24.6968,43706.91,19.0
2001000396,Dr. Emily Martin,Palliative Care,Jacksonville,FL,Subsys,REP-S506,Stella Brooks,TERR-S06,3,10.0,5,4,4,-0.542384621182039,2.7394568852118804,1.8111683105742709,7.7843,0.0727255643080511,33.787,synthetic,0.5754043519696166,-0.04770301438881521,0.6349183820565215,2.008301913975487,0.171618335963463,1.8084360790062082,0.6349183820565215,2.0123613576212245,80.0,1.3333333333333333,1.0,3.4765181894618657,1.6094379124341003,800.0,1.0,31.3469,49842.8,16.0
2001000397,Dr. Carol Ramirez,Anesthesiology,Austin,TX,Lazanda,REP-S521,Samuel Patel,TERR-S07,2,9.0,7,4,3,-1.3973511296485885,1.1116285168341649,1.1319382480621738,4.2837,0.040122832581519496,22.4842,synthetic,-0.7866900031682388,-0.04770301438881521,0.1319018195821217,1.0855373723843214,0.171618335963463,0.5546893844415495,0.1319018195821217,1.478519047255215,57.14285714285714,1.3333333333333333,0.75,3.1162050220208783,1.6094379124341003,514.2857142857142,0.75,21.5606,40879.47,11.0
2001000398,Dr. William Williams,Internal Medicine,Houston,TX,Subsys,REP-S627,Scott Novak,TERR-S01,3,6.0,5,4,4,-1.0553645262619686,0.05563509780491691,-0.024582081775857686,4.0844,0.03761307153683369,15.8335,synthetic,0.5754043519696166,-0.04770301438881521,0.6349183820565215,0.23925992311754118,0.171618335963463,0.4042397810937907,0.6349183820565215,0.9854160368299464,80.0,1.3333333333333333,1.0,2.7857578770174554,1.6094379124341003,480.0,1.0,15.2121,25617.67,13.0
2001000399,Dr. Richard Scott,Internal Medicine,Miami,FL,Abstral,REP-S646,Stella Dubois,TERR-S06,3,5.0,2,1,2,-0.37139131948872917,-0.14584947783816843,-0.0037883891244301035,2.3602,0.02179295731865105,14.3313,synthetic,-1.2123444891488182,-1.3388412200154942,2.646984631954121,0.04038660506366492,-1.889840491916844,-0.6050263080307592,2.646984631954121,0.9069499180552792,50.0,0.3333333333333333,2.0,2.7081035330133716,0.6931471805599453,250.0,2.0,14.0008,25892.07,17.0
2001000400,Dr. Kathleen Garcia,Oncology,Seattle,WA,Subsys,REP-S563,Sean Kapoor,TERR-S07,2,7.0,5,5,6,1.1675483957510597,0.12501445593315202,0.27276090305085765,5.0961,0.04678594179125373,16.4257,synthetic,1.7672369127152399,0.3826763874867446,1.0373316320360413,0.30431541461788714,0.5818029746283429,1.3696247359085776,1.0373316320360413,1.0376987015802563,100.0,1.6666666666666667,1.2,2.8111601862148814,1.791759469228055,700.0,1.2,15.6292,29541.5,26.0
2001000402,Dr. William Carter,Pain Management,Austin,TX,Fentora,REP-S521,Samuel Patel,TERR-S07,1,9.0,13,11,11,2.193508205910919,1.174670417411007,0.8360009592948027,10.6441,0.09694317716018785,24.2748,synthetic,0.8504426352186064,2.9649527987401023,0.6349183820565215,1.128202859548791,2.141236377892201,1.6396624855071196,0.6349183820565215,1.5144327002176203,84.61538461538461,3.6666666666666665,1.0,3.1328646747575717,2.4849066497880004,761.5384615384615,1.0,21.9396,36974.19,32.0
2001000403,Dr. Laura White,Pain Management,Miami,FL,Abstral,REP-S501,Samuel Brooks,TERR-S01,3,4.0,2,1,2,0.14158858559120047,-0.4840634526215299,0.08827068369138678,3.9098,0.03544678736184936,12.4354,synthetic,-1.2123444891488182,-1.3388412200154942,2.646984631954121,-0.3326427736370972,-1.889840491916844,-0.8244319795795745,2.646984631954121,0.8260849486706399,50.0,0.3333333333333333,2.0,2.5624462272434183,0.6931471805599453,200.0,2.0,11.9675,27106.91,20.0
2001000404,Dr. Sarah Mitchell,Anesthesiology,Houston,TX,Actiq,REP-S777,Stanley Muller,TERR-S11,3,7.0,4,2,3,0.9965550940577499,0.18607694063436267,0.7893462480896114,5.6756,0.05203964888645807,16.9042,synthetic,-1.2123444891488182,-0.9084618181399344,1.640951507005321,0.360236249767413,-0.9776304286355144,-0.16621496493312882,1.640951507005321,1.096946941903685,50.0,0.6666666666666666,1.5,2.832995673308834,1.0986122886681098,350.0,1.5,15.9963,36358.52,25.0
2001000405,Dr. Sharon Davis,Anesthesiology,Portland,OR,Abstral,REP-S653,Spencer Dubois,TERR-S13,2,2.0,5,2,0,-0.8843712245686588,-0.8666396302646375,-0.13406951236464018,1.7878,0.016068934825281378,9.8403,synthetic,-1.80826076952163,-0.9084618181399344,-1.3771478678410778,-0.83266528090809,-0.9776304286355144,-1.351005591296731,-1.3771478678410778,0.6629492170598124,40.0,0.6666666666666666,0.0,2.367201736080018,1.0986122886681098,80.0,0.0,9.6675,24172.84,14.0
2001000406,Dr. Melissa Scott,Pain Management,Nashville,TN,Actiq,REP-S561,Samuel Kapoor,TERR-S05,2,7.0,6,5,0,-0.37139131948872917,0.28428258206066315,0.4845223837492343,2.5854,0.024089563909314826,17.0155,synthetic,0.7740431120938877,0.3826763874867446,-1.3771478678410778,0.4476876246192756,0.5818029746283429,0.8576781689613423,-1.3771478678410778,1.1449361368803261,83.33333333333334,1.6666666666666667,0.0,2.8671429345544923,1.791759469228055,583.3333333333334,0.0,16.5867,32335.97,17.0
2001000407,Dr. Deborah Williams,Oncology,New York,NY,Actiq,REP-S543,Sean Chen,TERR-S01,2,7.0,9,7,0,-0.20039801779541927,0.18043810045084047,0.5381692014447577,5.8752,0.053818342696598354,16.9003,synthetic,0.44297851188677,1.243435191237864,-1.3771478678410778,0.35512308784354757,1.2290263146108709,0.6870293133122637,-1.3771478678410778,1.0598214722509587,77.77777777777779,2.3333333333333335,0.0,2.830999129786204,2.0794415416798357,544.4444444444445,0.0,15.9624,33043.91,18.0
2001000408,Dr. Jessica Young,Neurology,Philadelphia,PA,Fentora,REP-S823,Sean Alvarez,TERR-S01,3,3.0,5,2,3,-0.20039801779541927,-0.7947319426145873,-1.1494064282854903,4.2369,0.03783441934562992,10.5278,synthetic,-1.80826076952163,-0.9084618181399344,1.640951507005321,-0.7309283713547846,-0.9776304286355144,-1.1754810540576788,1.640951507005321,0.6910650138557858,40.0,0.6666666666666666,1.5,2.406927090137944,1.0986122886681098,120.0,1.5,10.0998,10774.14,18.0
2001000409,Dr. Margaret Davis,Pain Management,Austin,TX,Actiq,REP-S792,Sienna Gomez,TERR-S12,1,2.0,14,9,6,0.31258188728451036,-1.0551997846021277,-0.7196067119240224,7.6952,0.06661185880671594,9.1906,synthetic,-0.3610355171876585,2.104193994988983,-0.035770367909345006,-1.1203889568688081,1.7310517392273213,-1.137868653220739,-0.035770367909345006,0.5890726002473677,64.28571428571429,3.0,0.6666666666666666,2.254853867950618,2.302585092994046,128.57142857142858,0.6666666666666666,8.5339,16445.91,21.0
2001000410,Dr. David Hill,Palliative Care,Chicago,IL,Abstral,REP-S800,Sloan Gomez,TERR-S06,3,8.0,4,3,1,-0.20039801779541927,0.43227302782112986,-0.25998123211257146,3.4881,0.03245560049707619,18.0859,synthetic,0.27744621178321077,-0.47808241626437475,-0.7064591178752114,0.574076668222158,-0.33040708865298646,0.9308133928109472,-0.7064591178752114,1.121923763763931,75.0,1.0,0.3333333333333333,2.9164942420417366,1.3862943611198906,600.0,0.3333333333333333,17.4764,22511.27,18.0
2001000411,Dr. Laura Lewis,Palliative Care,Detroit,MI,Subsys,REP-S695,Stephen Larsson,TERR-S13,2,6.0,6,3,2,-0.713377922875349,0.10402266740334312,-0.22178570425533556,4.3639,0.0401804508365502,16.1796,synthetic,-1.2123444891488182,-0.47808241626437475,-0.035770367909345006,0.28480565398648405,-0.33040708865298646,-0.385620636481944,-0.035770367909345006,0.9952383848866025,50.0,1.0,0.6666666666666666,2.8035421825614306,1.3862943611198906,300.0,0.6666666666666666,15.503,23015.31,15.0
2001000413,Dr. Charles Adams,Family Practice,Miami,FL,Abstral,REP-S725,Simon Santos,TERR-S01,3,9.0,2,1,2,0.82556179236444,0.8971696186449217,0.2816974926076465,1.5484,0.014649148366951081,20.5852,synthetic,-1.2123444891488182,-1.3388412200154942,2.646984631954121,0.9348316487118297,-1.889840491916844,0.2725963781645016,2.646984631954121,1.3646077003445831,50.0,0.3333333333333333,2.0,3.0573587462913325,0.6931471805599453,450.0,2.0,20.2713,29659.43,24.0
2001000414,Dr. Charles Smith,Palliative Care,Atlanta,GA,Fentora,REP-S790,Sadie Gomez,TERR-S10,3,4.0,4,2,3,-0.542384621182039,-0.5183123373940149,-0.20937693176382227,5.2589,0.04732786660843491,12.3801,synthetic,-1.2123444891488182,-0.9084618181399344,1.640951507005321,-0.3736331383996623,-0.9776304286355144,-0.8244319795795745,1.640951507005321,0.7550535888332751,50.0,0.6666666666666666,1.5,2.546440661905273,1.0986122886681098,200.0,1.5,11.7616,23179.06,16.0
2001000416,Dr. David Moore,Palliative Care,Seattle,WA,Subsys,REP-S600,Sloan Nakamura,TERR-S02,2,2.0,9,3,4,0.31258188728451036,-1.040162877446068,-0.8082534670281272,4.0762,0.035871009804927745,8.9758,synthetic,-2.205538289770171,-0.47808241626437475,1.3056071320223879,-1.0962200108861309,-0.33040708865298646,-1.409513770376415,1.3056071320223879,0.5536499001985117,33.33333333333333,1.0,1.3333333333333333,2.2642911502563643,1.3862943611198906,66.66666666666666,1.3333333333333333,8.6243,15276.1,21.0
2001000417,Dr. Lisa Miller,Family Practice,Austin,TX,Subsys,REP-S609,Seth O'Connor,TERR-S11,3,8.0,4,2,2,0.6545684906711301,0.7402801183175394,0.08471362854175858,3.9382,0.03675689577284569,20.0892,synthetic,-1.2123444891488182,-0.9084618181399344,0.6349183820565215,0.8186782496891694,-0.9776304286355144,0.0531907066156864,0.6349183820565215,1.3011140919936133,50.0,0.6666666666666666,1.0,3.012004165328864,1.0986122886681098,400.0,1.0,19.3281,27059.97,23.0
2001000418,Dr. Mary Walker,Anesthesiology,Charlotte,NC,Subsys,REP-S795,Stephen Gomez,TERR-S01,3,5.0,2,1,1,0.6545684906711301,-0.1661759164938152,0.13235194809467343,1.1412,0.010589891583109967,14.037,synthetic,-1.2123444891488182,-1.3388412200154942,0.6349183820565215,0.01943860748320365,-1.889840491916844,-0.6050263080307592,0.6349183820565215,0.9517255757834302,50.0,0.3333333333333333,1.0,2.699923938957073,0.6931471805599453,250.0,1.0,13.8786,27688.62,23.0
2001000419,Dr. Kimberly Rodriguez,Pain Management,Baltimore,MD,Actiq,REP-S718,Summer Rossi,TERR-S08,3,5.0,4,3,2,-0.0294047161021094,-0.15170455673079333,0.10740482142639202,5.2194,0.04755609845451714,14.6945,synthetic,0.27744621178321077,-0.47808241626437475,-0.035770367909345006,0.03437003399568911,-0.33040708865298646,-0.0565121291587212,-0.035770367909345006,0.9640085196703313,75.0,1.0,0.6666666666666666,2.7057542340525575,1.3862943611198906,375.0,0.6666666666666666,13.9656,27359.41,19.0
2001000420,Dr. Sarah Scott,Oncology,Phoenix,AZ,Subsys,REP-S837,Stanley Alvarez,TERR-S01,2,10.0,5,3,0,-1.0553645262619686,2.1898945229009827,3.3320109585507653,3.6228,0.0343812997695192,29.0589,synthetic,-0.6164282087760067,-0.47808241626437475,-1.3771478678410778,1.7323772302314777,-0.33040708865298646,0.9308133928109472,-1.3771478678410778,1.8619113382908354,60.0,1.0,0.0,3.3687774904060444,1.3862943611198906,600.0,0.0,28.043,69912.31,13.0
2001000421,Dr. John Lee,Pain Management,Baltimore,MD,Lazanda,REP-S511,Silas Brooks,TERR-S11,3,3.0,5,3,3,1.1675483957510597,-0.797393342111235,-0.7879311182844689,5.1023,0.04537395283791801,10.5983,synthetic,-0.6164282087760067,-0.47808241626437475,0.6349183820565215,-0.734622642708217,-0.33040708865298646,-0.9121942481991006,0.6349183820565215,0.696058107825778,60.0,1.0,1.0,2.4054845828105096,1.3862943611198906,180.0,1.0,10.0838,15544.28,26.0
2001000423,Dr. James Thomas,Pain Management,Portland,OR,Abstral,REP-S845,Simon Kim,TERR-S09,2,10.0,9,8,7,0.31258188728451036,1.3394110462535003,0.2126584925092152,11.4816,0.10437507414777247,25.5627,synthetic,1.1051077123010045,1.6738145931134232,0.3834101008193216,1.236452084906501,1.4940130379096728,2.198490606204102,0.3834101008193216,1.5827973990405493,88.88888888888889,2.6666666666666665,0.875,3.175132901920282,2.1972245773362196,888.8888888888889,0.875,22.93,28748.37,21.0
2001000424,Dr. Sarah King,Pain Management,Chicago,IL,Fentora,REP-S628,Serena Novak,TERR-S02,1,4.0,9,8,9,0.31258188728451036,-0.4686606030346811,-0.04504992574506515,6.9964,0.06260759553544748,12.9039,synthetic,1.1051077123010045,1.6738145931134232,0.8864266632937214,-0.3144197912513316,1.4940130379096728,-0.1418365569832605,0.8864266632937214,0.8324768823449162,88.88888888888889,2.6666666666666665,1.125,2.5695617807868114,2.1972245773362196,355.55555555555554,1.125,12.0601,25347.57,21.0
2001000426,Dr. Patricia Lopez,Pain Management,Miami,FL,Subsys,REP-S734,Selena Santos,TERR-S10,3,4.0,4,3,3,-0.713377922875349,-0.5138711269839842,-0.09724482233562708,5.4722,0.04921345263566934,12.4334,synthetic,0.27744621178321077,-0.47808241626437475,0.6349183820565215,-0.36828056076828064,-0.33040708865298646,-0.385620636481944,0.6349183820565215,0.8137152454910469,75.0,1.0,1.0,2.5485306904157,1.3862943611198906,300.0,1.0,11.7883,24658.79,15.0
2001000427,Dr. Linda Thomas,Pain Management,Seattle,WA,Abstral,REP-S514,Selena Brooks,TERR-S14,2,10.0,7,5,5,-1.2263578279552785,1.5604569081969464,2.3598785467417405,4.7901,0.044980579627345474,25.421,synthetic,0.06461896879292103,0.3826763874867446,0.6349183820565215,1.3748634159066555,0.5818029746283429,1.4323120706368109,0.6349183820565215,1.6745278597289481,71.42857142857143,1.6666666666666667,1.0,3.2291785688640866,1.791759469228055,714.2857142857143,1.0,24.2589,57083.75,12.0
2001000428,Dr. Betty Clark,Neurology,Detroit,MI,Actiq,REP-S657,Stanley Dubois,TERR-S03,2,4.0,6,5,4,-1.3973511296485885,-0.5532931070280783,-0.3599781303847915,6.1722,0.055251969878205465,12.2643,synthetic,0.7740431120938877,0.3826763874867446,0.23250513207700174,-0.41618789606804535,0.5818029746283429,-0.2393501887827337,0.23250513207700174,0.7903819179144476,83.33333333333334,1.6666666666666667,0.8,2.5298242458705396,1.791759469228055,333.33333333333337,0.8,11.5513,21191.68,11.0
2001000429,Dr. Emily Torres,Anesthesiology,Jacksonville,FL,Subsys,REP-S507,Scott Brooks,TERR-S07,2,3.0,9,3,4,1.3385416974443696,-0.6132743981837759,0.08534941236590386,5.8548,0.05235132831832745,11.8459,synthetic,-2.205538289770171,-0.47808241626437475,1.3056071320223879,-0.49084350337284105,-0.33040708865298646,-1.2632433226772048,1.3056071320223879,0.7674027208017835,33.33333333333333,1.0,1.3333333333333333,2.500673365962608,1.3862943611198906,99.99999999999999,1.3333333333333333,11.1907,27068.36,27.0
2001000430,Dr. Ashley Perez,Oncology,Houston,TX,Actiq,REP-S548,Serena Chen,TERR-S06,3,3.0,4,3,3,-0.37139131948872917,-0.8171043321332823,-0.02134405521975141,4.4689,0.039815770408718976,10.4107,synthetic,0.27744621178321077,-0.47808241626437475,0.6349183820565215,-0.7621505010460761,-0.33040708865298646,-0.7147291438051668,0.6349183820565215,0.6616447976132961,75.0,1.0,1.0,2.394735741276701,1.3862943611198906,225.0,1.0,9.9653,25660.4,17.0
2001000432,Dr. William Garcia,Pain Management,Boston,MA,Subsys,REP-S638,Summer Novak,TERR-S12,1,7.0,13,10,6,0.6545684906711301,0.20775071278518742,0.3707041968374594,7.3815,0.06719677993722861,17.317,synthetic,0.3920454964702906,2.534573396864543,-0.16990811790251828,0.3797950113712306,1.9454793272294546,0.6607756432124059,-0.16990811790251828,1.1131766478572753,76.92307692307693,3.3333333333333335,0.6,2.840632810440851,2.3978952727983707,538.4615384615386,0.6,16.1266,30833.99,23.0
2001000433,Dr. Amanda Hernandez,Oncology,Miami,FL,Abstral,REP-S783,Sean Gomez,TERR-S03,2,6.0,9,7,3,-1.2263578279552785,-0.07711883583724145,-0.5342874728939736,11.0408,0.09825475332009237,16.0054,synthetic,0.44297851188677,1.243435191237864,-0.5148337607421067,0.10997596286090405,1.2290263146108709,0.345731602014107,-0.5148337607421067,0.9570156556047534,77.77777777777779,2.3333333333333335,0.42857142857142855,2.7352761873558014,2.0794415416798357,466.66666666666674,0.42857142857142855,14.414,18891.44,12.0
2001000434,Dr. Rebecca Adams,Internal Medicine,Columbus,OH,Abstral,REP-S812,Sienna Vargas,TERR-S04,3,5.0,3,2,1,0.31258188728451036,-0.21599398832168948,-0.045027192116073124,2.8301,0.026018223170895194,13.9634,synthetic,-0.21915068852746614,-0.9084618181399344,-0.37111474289227814,-0.032639322920502825,-0.9776304286355144,-0.2393501887827342,-0.37111474289227814,0.8796328518559255,66.66666666666666,0.6666666666666666,0.5,2.6795889962801747,1.0986122886681098,333.33333333333326,0.5,13.5791,25347.87,21.0
2001000435,Dr. Joseph Walker,Anesthesiology,Austin,TX,Abstral,REP-S739,Solomon Santos,TERR-S01,2,9.0,9,7,1,-0.542384621182039,1.1109132657194407,1.922103873329849,6.213,0.05768412034556558,22.8957,synthetic,0.44297851188677,1.243435191237864,-1.089709832141421,1.085049203644692,1.2290263146108709,1.3696247359085783,-1.089709832141421,1.478224174575271,77.77777777777779,2.3333333333333335,0.14285714285714285,3.1160144060870256,2.0794415416798357,700.0000000000001,0.14285714285714285,21.5563,51306.74,16.0
2001000436,Dr. Charles Jones,Oncology,Nashville,TN,Subsys,REP-S534,Selena Patel,TERR-S06,2,8.0,7,2,3,0.6545684906711301,0.6301979816374487,-0.2078689343740141,6.2528,0.05765095707311607,19.8334,synthetic,-2.4893079470905577,-0.9084618181399344,1.640951507005321,0.7339149254812056,-0.9776304286355144,-0.6990573101231087,1.640951507005321,1.239346561136049,28.57142857142857,0.6666666666666666,1.5,2.9789065109960102,1.0986122886681098,228.57142857142856,1.5,18.6663,23198.96,23.0
2001000439,Dr. Barbara Torres,Pain Management,Baltimore,MD,Abstral,REP-S696,Sasha Larsson,TERR-S14,1,6.0,11,10,8,-0.37139131948872917,0.06470048984037331,-0.13614509269161754,9.7286,0.08737862662439477,16.7519,synthetic,1.2254948396490473,2.534573396864543,0.23250513207700174,0.2478547875756461,1.9454793272294546,0.6914617511213308,0.23250513207700174,1.053813116973068,90.9090909090909,3.3333333333333335,0.8,2.7891139258219377,2.3978952727983707,545.4545454545455,0.8,15.2666,24145.45,17.0
2001000440,Dr. Kimberly Adams,Neurology,Charlotte,NC,Subsys,REP-S773,Spencer Muller,TERR-S07,2,4.0,5,4,3,1.6805283008309895,-0.5642048449643339,-0.5247037326985433,4.5417,0.04092674887858916,12.0073,synthetic,0.5754043519696166,-0.04770301438881521,0.1319018195821217,-0.4296082294313433,0.171618335963463,-0.2978583678624179,0.1319018195821217,0.7858933275553376,80.0,1.3333333333333333,0.75,2.524583989440762,1.6094379124341003,320.0,0.75,11.4857,19017.91,29.0
2001000441,Dr. John Miller,Pain Management,Boston,MA,Fentora,REP-S790,Sadie Gomez,TERR-S10,2,8.0,8,5,5,1.3385416974443696,0.540192777410194,1.1283569437082872,6.9468,0.06375815953262398,19.3843,synthetic,-0.46744913868280374,0.3826763874867446,0.6349183820565215,0.6624636657131685,0.5818029746283429,0.49200204971331685,0.6349183820565215,1.2511347325377131,62.5,1.6666666666666667,1.0,2.95100683717426,1.791759469228055,500.0,1.0,18.1252,40832.21,27.0
2001000442,Dr. Carol Smith,Family Practice,Los Angeles,CA,Actiq,REP-S631,Silas Novak,TERR-S05,3,9.0,2,2,2,-1.3973511296485885,1.1602655926354017,1.5437791553075273,1.4224,0.013508315488144795,22.1638,synthetic,1.7672369127152399,-0.9084618181399344,0.6349183820565215,1.118516426805765,-0.9776304286355144,2.2472474221038388,0.6349183820565215,1.4710833580298341,100.0,0.6666666666666666,1.0,3.1290823997507475,1.0986122886681098,900.0,1.0,21.853,46314.25,11.0
2001000443,Dr. Barbara Thomas,Neurology,Detroit,MI,Abstral,REP-S660,Sloan Dubois,TERR-S06,3,10.0,4,3,3,0.48357518897782026,1.7558701662383045,0.3262993571148518,4.5481,0.04282817487961044,26.5904,synthetic,0.27744621178321077,-0.47808241626437475,0.6349183820565215,1.4912897194825683,-0.33040708865298646,1.5890304074573929,0.6349183820565215,1.7402661679344047,75.0,1.0,1.0,3.2746397112510133,1.3862943611198906,750.0,1.0,25.4337,30248.01,22.0
2001000445,Dr. Susan Moore,Pain Management,Philadelphia,PA,Fentora,REP-S734,Selena Santos,TERR-S10,3,5.0,2,1,0,-1.0553645262619686,-0.22442729797669203,-0.83740025275888,1.5794,0.014601991564649364,13.7421,synthetic,-1.2123444891488182,-1.3388412200154942,-1.3771478678410778,-0.04156095383156263,-1.889840491916844,-0.6050263080307592,-1.3771478678410778,0.9338297572254761,50.0,0.3333333333333333,0.0,2.676105354519558,0.6931471805599453,250.0,0.0,13.5284,14891.47,13.0
2001000446,Dr. Nancy Gonzalez,Internal Medicine,Las Vegas,NV,Subsys,REP-S662,Sophia Kowalski,TERR-S08,3,5.0,4,3,1,0.14158858559120047,-0.2596243063198578,-1.0383564395973184,4.3254,0.03944420181216213,13.8928,synthetic,0.27744621178321077,-0.47808241626437475,-0.7064591178752114,-0.07913523313015056,-0.33040708865298646,-0.0565121291587212,-0.7064591178752114,0.8626414682559956,75.0,1.0,0.3333333333333333,2.6614336728736188,1.3862943611198906,375.0,0.3333333333333333,13.3168,12239.59,20.0
2001000447,Dr. Lisa Brown,Pain Management,Seattle,WA,Abstral,REP-S674,Selena Kowalski,TERR-S06,2,2.0,5,3,0,-0.713377922875349,-1.1146654296053498,-0.5509542540957043,3.8634,0.03384597278060841,8.4923,synthetic,-0.6164282087760067,-0.47808241626437475,-1.3771478678410778,-1.2182678196038805,-0.33040708865298646,-1.1754810540576788,-1.3771478678410778,0.5643953185135258,60.0,1.0,0.0,2.2166349708560427,1.3862943611198906,120.0,0.0,8.1764,18671.5,15.0
2001000448,Dr. Ashley Hall,Palliative Care,Portland,OR,Subsys,REP-S608,Serena O'Connor,TERR-S10,3,7.0,5,3,2,1.6805283008309895,0.2678151726751554,0.8541908936390034,5.4002,0.04966196168565684,17.3781,synthetic,-0.6164282087760067,-0.47808241626437475,-0.035770367909345006,0.4332303357904838,-0.33040708865298646,0.1409529752352125,-0.035770367909345006,1.0584526813194115,60.0,1.0,0.6666666666666666,2.8614977766667296,1.3862943611198906,420.0,0.6666666666666666,16.4877,37214.23,29.0
2001000449,Dr. Joseph Miller,Anesthesiology,Seattle,WA,Abstral,REP-S607,Scott O'Connor,TERR-S09,3,6.0,5,4,5,-0.8843712245686588,0.1064345606971801,-0.3875328042984651,7.1864,0.06533470780501904,16.6327,synthetic,0.5754043519696166,-0.04770301438881521,1.1379349445309213,0.28705483881346017,0.171618335963463,0.4042397810937907,1.1379349445309213,1.0641132118671464,80.0,1.3333333333333333,1.25,2.804420424921904,1.6094379124341003,480.0,1.25,15.5175,20828.06,14.0
2001000450,Dr. Deborah Brown,Neurology,Columbus,OH,Lazanda,REP-S655,Stephen Dubois,TERR-S01,3,6.0,2,1,1,0.31258188728451036,-0.04939037983154308,0.47113000290999685,2.6284,0.024296954242686297,14.9639,synthetic,-1.2123444891488182,-1.3388412200154942,0.6349183820565215,0.137524155441551,-1.889840491916844,-0.385620636481944,0.6349183820565215,0.9976644733090809,50.0,0.3333333333333333,1.0,2.7460329688299696,0.6931471805599453,300.0,1.0,14.5807,32159.24,21.0
2001000451,Dr. Susan Flores,Family Practice,Nashville,TN,Subsys,REP-S646,Stella Dubois,TERR-S06,3,4.0,4,3,3,-0.8843712245686588,-0.5833669213401973,-1.0524725076261372,2.1002,0.01912003097781456,11.6093,synthetic,0.27744621178321077,-0.47808241626437475,0.6349183820565215,-0.4533471853506509,-0.33040708865298646,-0.385620636481944,0.6349183820565215,0.76543052772975,75.0,1.0,1.0,2.5153146059593827,1.3862943611198906,300.0,1.0,11.3705,12053.31,14.0
2001000452,Dr. Melissa Flores,Oncology,Nashville,TN,Lazanda,REP-S513,Spencer Brooks,TERR-S13,1,9.0,14,10,10,-0.8843712245686588,1.2225090733632498,0.6566288376090831,9.1054,0.08354571340387862,24.2511,synthetic,0.06461896879292103,2.534573396864543,0.6349183820565215,1.1601112932881692,1.9454793272294546,1.1188753969956462,0.6349183820565215,1.4757720535769374,71.42857142857143,3.3333333333333335,1.0,3.1453240057250267,2.3978952727983707,642.8571428571429,1.0,22.2272,34607.14,14.0
2001000453,Dr. Michael Williams,Psychiatry,Houston,TX,Subsys,REP-S637,Stanley Novak,TERR-S11,3,3.0,2,1,0,-0.542384621182039,-0.8003541490512555,-1.2403606467322918,1.4433,0.013044853770211251,10.2113,synthetic,-1.2123444891488182,-1.3388412200154942,-1.3771478678410778,-0.7387387913229911,-1.889840491916844,-1.0438376511283896,-1.3771478678410778,0.8115974747434027,50.0,0.3333333333333333,0.0,2.403877344475918,0.6931471805599453,150.0,0.0,10.066,9573.88,16.0
2001000454,Dr. Richard Garcia,Oncology,Philadelphia,PA,Subsys,REP-S571,Silas Kapoor,TERR-S01,2,5.0,5,4,4,2.7064881109908487,-0.3539210172354569,-0.0685898407787365,5.5149,0.049877373062666486,13.4531,synthetic,0.5754043519696166,-0.04770301438881521,0.6349183820565215,-0.18260534887323382,0.171618335963463,0.0531907066156864,0.6349183820565215,0.8465279525041659,80.0,1.3333333333333333,1.0,2.621031551358861,1.6094379124341003,400.0,1.0,12.7499,25036.93,35.0
2001000455,Dr. Elizabeth Garcia,Internal Medicine,Seattle,WA,Actiq,REP-S585,Simon Nakamura,TERR-S01,3,10.0,4,3,3,1.1675483957510597,2.023823194310166,2.308159540784746,4.7127,0.04444649144995605,28.3192,synthetic,0.27744621178321077,-0.47808241626437475,0.6349183820565215,1.6427896449372352,-0.33040708865298646,1.5890304074573929,0.6349183820565215,1.7519068734527887,75.0,1.0,1.0,3.3337961000666443,1.3862943611198906,750.0,1.0,27.0446,56401.25,26.0
2001000456,Dr. Emily Jones,Pain Management,Miami,FL,Fentora,REP-S524,Sarah Patel,TERR-S10,3,9.0,2,2,0,-1.2263578279552785,0.7713020562003395,1.7695983543869767,3.2449,0.030399053393697972,20.1478,synthetic,1.7672369127152399,-0.9084618181399344,-1.3771478678410778,0.8420670620829253,-0.9776304286355144,2.2472474221038388,-1.3771478678410778,1.3470413485964547,100.0,0.6666666666666666,0.0,3.021136827775717,1.0986122886681098,900.0,0.0,19.5146,49294.23,12.0
2001000457,Dr. Lisa Campbell,Neurology,Charlotte,NC,Subsys,REP-S735,Stephen Santos,TERR-S11,3,1.0,5,3,2,-0.542384621182039,-1.1755283093443119,-0.7500637124723523,5.1963,0.045029463480413146,8.2163,synthetic,-0.6164282087760067,-0.47808241626437475,-0.035770367909345006,-1.3224771887484132,-0.33040708865298646,-1.438767859916257,-0.035770367909345006,0.5344227896315388,60.0,1.0,0.6666666666666666,2.1759441920266482,1.3862943611198906,60.0,0.6666666666666666,7.8105,16043.99,16.0
2001000458,Dr. Karen Lee,Pain Management,Charlotte,NC,Abstral,REP-S734,Selena Santos,TERR-S10,3,4.0,3,2,2,-0.542384621182039,-0.543578998865314,-0.2173299129728869,4.7381,0.04270036916181885,12.1598,synthetic,-0.21915068852746614,-0.9084618181399344,0.6349183820565215,-0.40429941174801187,-0.9776304286355144,-0.5318910841811543,0.6349183820565215,0.80138695872835,66.66666666666666,0.6666666666666666,1.0,2.534466359051479,1.0986122886681098,266.66666666666663,1.0,11.6097,23074.11,16.0
2001000459,Dr. Karen Robinson,Neurology,Los Angeles,CA,Subsys,REP-S634,Selena Novak,TERR-S08,3,5.0,3,2,3,0.31258188728451036,-0.27377962489265284,0.6380175733408959,1.5794,0.014578737860674984,13.4407,synthetic,-0.21915068852746614,-0.9084618181399344,1.640951507005321,-0.09440344971983593,-0.9776304286355144,-0.2393501887827342,1.640951507005321,0.9053609916865285,66.66666666666666,0.6666666666666666,1.5,2.6554718708833533,1.0986122886681098,333.33333333333326,1.5,13.2317,34361.54,21.0
2001000460,Dr. Susan Allen,Anesthesiology,Nashville,TN,Abstral,REP-S587,Scott Nakamura,TERR-S03,2,4.0,6,4,0,0.48357518897782026,-0.39302695608932425,-0.45624519792704327,5.307,0.04797661550868604,13.179,synthetic,-0.21915068852746614,-0.04770301438881521,-1.3771478678410778,-0.2267729111378738,0.171618335963463,-0.5318910841811543,-1.3771478678410778,0.8582029337119358,66.66666666666666,1.3333333333333333,0.0,2.603785381246735,1.6094379124341003,266.66666666666663,0.0,12.5148,19921.31,22.0
2001000461,Dr. David Taylor,Oncology,Seattle,WA,Subsys,REP-S731,Silas Santos,TERR-S07,2,7.0,6,4,0,0.48357518897782026,0.20838279516564157,0.3925724323525793,1.0507,0.009846058230336574,16.2999,synthetic,-0.21915068852746614,-0.04770301438881521,-1.3771478678410778,0.3803631770958665,0.171618335963463,0.3457316020141065,-1.3771478678410778,1.070975810404254,66.66666666666666,1.3333333333333333,0.0,2.84085466290987,1.6094379124341003,466.66666666666663,0.0,16.1304,31122.57,22.0
2001000462,Dr. Kathleen Lee,Pain Management,Charlotte,NC,Lazanda,REP-S744,Sarah Tanaka,TERR-S06,3,8.0,5,3,2,0.82556179236444,0.5186687089810557,-0.5471266687610704,7.4213,0.06794366840574062,19.3313,synthetic,-0.6164282087760067,-0.47808241626437475,-0.035770367909345006,0.6450771555087558,-0.33040708865298646,0.4042397810937907,-0.035770367909345006,1.2422025919604847,60.0,1.0,0.6666666666666666,2.9442179020991275,1.3862943611198906,480.0,0.6666666666666666,17.9958,18722.01,24.0
2001000463,Dr. Elizabeth Hall,Pain Management,New York,NY,Fentora,REP-S529,Seth Patel,TERR-S01,2,7.0,6,5,6,-0.542384621182039,0.2607291965153309,-0.4024831965112936,9.3163,0.08417945166609453,17.9772,synthetic,0.7740431120938877,0.3826763874867446,1.0373316320360413,0.42698411722248536,0.5818029746283429,0.8576781689613423,1.0373316320360413,1.1351618624928799,83.33333333333334,1.6666666666666667,1.2,2.859058806923827,1.791759469228055,583.3333333333334,1.2,16.4451,20630.77,16.0
2001000464,Dr. Kathleen Nelson,Pain Management,Portland,OR,Lazanda,REP-S750,Sadie Tanaka,TERR-S12,1,4.0,9,6,2,-0.713377922875349,-0.4174120289773588,-0.1895736675488168,5.3115,0.047976959274324216,13.0252,synthetic,-0.21915068852746614,0.8130557893623042,-0.7064591178752114,-0.25470486418898586,0.9286091450931295,-0.5318910841811543,-0.7064591178752114,0.853744212420991,66.66666666666666,2.0,0.3333333333333333,2.5928787522823136,1.9459101490553132,266.66666666666663,0.3333333333333333,12.3682,23440.39,15.0
2001000465,Dr. David Miller,Neurology,Baltimore,MD,Fentora,REP-S828,Serena Alvarez,TERR-S06,3,10.0,4,3,4,-0.542384621182039,1.822371886160789,2.099911921340913,3.495,0.03309452305170968,26.7364,synthetic,0.27744621178321077,-0.47808241626437475,1.3056071320223879,1.52973400876284,-0.33040708865298646,1.5890304074573929,1.3056071320223879,1.7676219366169075,75.0,1.0,1.3333333333333333,3.289651106917243,1.3862943611198906,750.0,1.3333333333333333,25.8335,53653.15,16.0
2001000466,Dr. Amanda Nguyen,Pain Management,Charlotte,NC,Abstral,REP-S761,Samuel Muller,TERR-S09,3,4.0,4,3,1,3.903441222844018,-0.4593623385432683,0.25299477042987245,5.5337,0.04985699350173478,12.7865,synthetic,0.27744621178321077,-0.47808241626437475,-0.7064591178752114,-0.3034815301235318,-0.33040708865298646,-0.385620636481944,-0.7064591178752114,0.8363355118523896,75.0,1.0,0.3333333333333333,2.573832858982402,1.3862943611198906,300.0,0.3333333333333333,12.116,29280.66,42.0
2001000467,Dr. Jessica Taylor,Anesthesiology,Austin,TX,Abstral,REP-S805,Simon Vargas,TERR-S11,3,10.0,3,2,0,0.82556179236444,1.4489276355405534,1.5767360972573536,4.2689,0.04013395386942298,24.5953,synthetic,-0.21915068852746614,-0.9084618181399344,-1.3771478678410778,1.3059626424341555,-0.9776304286355144,1.2233542882093669,-1.3771478678410778,1.6175755171133879,66.66666666666666,0.6666666666666666,0.0,3.2022747870106985,1.0986122886681098,666.6666666666665,0.0,23.5884,46749.16,24.0
2001000468,Dr. Dorothy Wilson,Anesthesiology,Austin,TX,Actiq,REP-S736,Sasha Santos,TERR-S12,2,1.0,5,3,1,-1.3973511296485885,-1.2700412589690135,-1.4377696296603317,3.4086,0.029503556450473756,7.4891,synthetic,-0.6164282087760067,-0.47808241626437475,-0.7064591178752114,-1.4932061074661027,-0.33040708865298646,-1.438767859916257,-0.7064591178752114,0.4966410255714796,60.0,1.0,0.3333333333333333,2.1092794311864984,1.3862943611198906,60.0,0.3333333333333333,7.2423,6968.81,11.0
2001000469,Dr. Laura Green,Internal Medicine,Philadelphia,PA,Lazanda,REP-S584,Sarah Nakamura,TERR-S14,3,3.0,3,2,0,-0.0294047161021094,-0.7353494663456355,-0.3790167868780301,0.0171,0.000157099592736909,10.4586,synthetic,-0.21915068852746614,-0.9084618181399344,-1.3771478678410778,-0.6498562375089805,-0.9776304286355144,-0.8244319795795746,-1.3771478678410778,0.6773751430718561,66.66666666666666,0.6666666666666666,0.0,2.438583440182356,1.0986122886681098,199.99999999999997,0.0,10.4568,20940.44,19.0
2001000470,Dr. Susan Carter,Oncology,Charlotte,NC,Fentora,REP-S755,Stephen Tanaka,TERR-S03,1,3.0,13,12,1,0.31258188728451036,-0.780826130244603,-0.28783750550420695,10.2168,0.0889625157787548,11.2239,synthetic,1.308839773966923,3.395332200615662,-1.2094756803496112,-0.711711994070085,2.321315408052812,-0.4868847925813973,-1.2094756803496112,0.676125518751592,92.3076923076923,4.0,0.08333333333333333,2.414430535983676,2.5649493574615367,276.9230769230769,0.08333333333333333,10.1834,22143.67,21.0
2001000471,Dr. James Scott,Pain Management,Detroit,MI,Abstral,REP-S676,Sasha Kowalski,TERR-S08,2,1.0,7,5,3,1.6805283008309895,-1.5907565320619164,-1.3852420642988523,6.2586,0.051334470569352364,5.6468,synthetic,0.06461896879292103,0.3826763874867446,-0.16990811790251828,-2.1756590661247257,0.5818029746283429,-1.3886179921336705,-0.16990811790251828,0.3668252044475049,71.42857142857143,1.6666666666666667,0.6,1.842801065275569,1.791759469228055,71.42857142857143,0.6,5.3142,7661.98,29.0
2001000472,Dr. Kathleen Perez,Oncology,Portland,OR,Actiq,REP-S686,Stella Larsson,TERR-S04,2,9.0,8,6,0,0.14158858559120047,0.9046049034886811,-0.4223531460380093,3.6099,0.03382289092265722,21.0493,synthetic,0.27744621178321077,0.8130557893623042,-1.3771478678410778,0.9402077610570166,0.9286091450931295,1.2599219001341702,-1.3771478678410778,1.3488781781092112,75.0,2.0,0.0,3.059457964434536,1.9459101490553132,675.0,0.0,20.316,20368.56,20.0
2001000473,Dr. Carol Baker,Anesthesiology,Houston,TX,Subsys,REP-S744,Sarah Tanaka,TERR-S06,3,4.0,3,3,1,-0.8843712245686588,-0.4887541692343714,-0.2825640613656762,4.5493,0.04112335644661558,12.4825,synthetic,1.7672369127152399,-0.47808241626437475,-0.7064591178752114,-0.3382181766768203,-0.33040708865298646,0.0531907066156864,-0.7064591178752114,0.8187379971287527,100.0,1.0,0.3333333333333333,2.5602691917826292,1.3862943611198906,400.0,0.3333333333333333,11.9393,22213.26,14.0
2001000475,Dr. Amanda Scott,Neurology,Detroit,MI,Actiq,REP-S651,Silas Dubois,TERR-S11,3,4.0,4,3,1,0.31258188728451036,-0.4356925167699577,-0.871695447668707,2.087,0.019109813425683075,12.5141,synthetic,0.27744621178321077,-0.47808241626437475,-0.7064591178752114,-0.27584592793110224,-0.33040708865298646,-0.385620636481944,-0.7064591178752114,0.838757426815222,75.0,1.0,0.3333333333333333,2.5846237714105316,1.3862943611198906,300.0,0.3333333333333333,12.2583,14438.9,21.0
2001000476,Dr. Deborah Torres,Family Practice,Jacksonville,FL,Subsys,REP-S604,Sarah O'Connor,TERR-S06,3,5.0,3,2,0,1.5095349991376794,-0.22336273817803276,-0.8704958698455579,0.0358,0.0003370651289889004,13.5397,synthetic,-0.21915068852746614,-0.9084618181399344,-1.3771478678410778,-0.040433036394941994,-0.9776304286355144,-0.2393501887827342,-1.3771478678410778,0.911125201769194,66.66666666666666,0.6666666666666666,0.0,2.67654577402625,1.0986122886681098,333.33333333333326,0.0,13.5348,14454.73,28.0
2001000477,Dr. Kathleen Rodriguez,Oncology,Portland,OR,Fentora,REP-S504,Sarah Brooks,TERR-S04,2,2.0,9,7,0,-0.20039801779541927,-0.8740749151083971,-0.42692639440358393,6.0549,0.05340209464619283,10.2055,synthetic,0.44297851188677,1.243435191237864,-1.3771478678410778,-0.8434192092988855,1.2290263146108709,-1.0194592431785212,-1.3771478678410778,0.6389045546519648,77.77777777777779,2.3333333333333335,0.0,2.363002634547313,2.0794415416798357,155.55555555555557,0.0,9.6228,20308.21,18.0
2001000478,Dr. Carol Allen,Neurology,Austin,TX,Subsys,REP-S782,Sophia Gomez,TERR-S02,2,9.0,6,4,5,-1.3973511296485885,1.1335517951878,0.36318618572977657,2.616,0.024700781188517595,22.2599,synthetic,-0.21915068852746614,-0.04770301438881521,1.1379349445309213,1.1004553524582972,0.171618335963463,0.9308133928109468,1.1379349445309213,1.4842728278347341,66.66666666666666,1.3333333333333333,1.25,3.12203006666662,1.6094379124341003,599.9999999999999,1.25,21.6924,30734.78,11.0
2001000479,Dr. Betty Williams,Pain Management,Columbus,OH,Subsys,REP-S662,Sophia Kowalski,TERR-S08,2,6.0,9,8,8,-0.20039801779541927,-0.04717809149995481,-0.9655254701830073,11.0112,0.09808129677684585,16.201,synthetic,1.1051077123010045,1.6738145931134232,0.6349183820565215,0.13970935017171904,1.4940130379096728,0.6382724974125267,0.6349183820565215,1.0073853136326985,88.88888888888889,2.6666666666666665,1.0,2.746886224887408,2.1972245773362196,533.3333333333333,1.0,14.594,13200.69,18.0
2001000480,Dr. Margaret Nelson,Palliative Care,Austin,TX,Subsys,REP-S724,Sarah Santos,TERR-S14,2,5.0,9,5,3,-0.713377922875349,-0.27793806160616497,0.6266772814120105,4.6731,0.04252705882682006,13.8239,synthetic,-0.8812798889417006,0.3826763874867446,-0.16990811790251828,-0.09890617781461415,0.5818029746283429,-0.4831342682814175,-0.16990811790251828,0.8478239552139517,55.55555555555556,1.6666666666666667,0.6,2.653713684315892,1.791759469228055,277.77777777777777,0.6,13.2067,34211.89,15.0
2001000481,Dr. Michael Jackson,Anesthesiology,Chicago,IL,Subsys,REP-S654,Selena Dubois,TERR-S14,3,9.0,4,3,0,0.48357518897782026,0.8986999233554942,1.2442423752830758,5.7683,0.05351727096346082,21.4504,synthetic,0.27744621178321077,-0.47808241626437475,-1.3771478678410778,0.9359390643654752,-0.33040708865298646,1.2599219001341702,-1.3771478678410778,1.3907361361863484,75.0,1.0,0.0,3.0577911604380126,1.3862943611198906,675.0,0.0,20.2805,42361.47,22.0
2001000482,Dr. Michael Nelson,Internal Medicine,Jacksonville,FL,Lazanda,REP-S549,Seth Chen,TERR-S07,3,1.0,4,3,3,0.6545684906711301,-1.2117566099924288,-0.724671006675826,2.8336,0.02472468694838703,7.8078,synthetic,0.27744621178321077,-0.47808241626437475,0.6349183820565215,-1.3865822322787713,-0.33040708865298646,-1.3729461584516125,0.6349183820565215,0.4918432263026626,75.0,1.0,1.0,2.1509130055838566,1.3862943611198906,75.0,1.0,7.5927,16379.08,23.0
2001000483,Dr. Michelle Johnson,Anesthesiology,Miami,FL,Actiq,REP-S658,Summer Dubois,TERR-S04,3,10.0,4,2,3,-1.0553645262619686,2.1681375820158877,1.5326305836498084,1.1952,0.011472322255446255,28.2458,synthetic,-1.2123444891488182,-0.9084618181399344,1.640951507005321,1.7208172568905953,-0.9776304286355144,0.49200204971331685,1.640951507005321,1.9140802830532084,50.0,0.6666666666666666,1.5,3.364263651368835,1.0986122886681098,500.0,1.5,27.9122,46167.13,13.0
2001000484,Dr. Karen Thompson,Family Practice,Philadelphia,PA,Actiq,REP-S624,Sarah Novak,TERR-S12,3,10.0,2,2,3,-1.3973511296485885,1.3509215990765013,1.4098379177995914,4.7127,0.044169829376986325,24.083,synthetic,1.7672369127152399,-0.9084618181399344,1.640951507005321,1.2438472347140592,-0.9776304286355144,2.6860587652014694,1.640951507005321,1.548242363428351,100.0,0.6666666666666666,1.5,3.178020496459044,1.0986122886681098,1000.0,1.5,22.9992,44546.72,11.0
2001000485,Dr. James Scott,Palliative Care,Seattle,WA,Abstral,REP-S527,Scott Patel,TERR-S13,1,9.0,14,9,2,1.5095349991376794,0.8835632137183101,1.8173852003159727,7.0044,0.0646078337263134,21.6037,synthetic,-0.3610355171876585,2.104193994988983,-0.9300220345305003,0.9249641647635851,1.7310517392273213,0.8367823907185983,-0.9300220345305003,1.2960952958568057,64.28571428571429,3.0,0.2222222222222222,3.053505775965951,2.302585092994046,578.5714285714287,0.2222222222222222,20.1895,49924.84,28.0
2001000486,Dr. Rebecca Gonzalez,Oncology,Detroit,MI,Subsys,REP-S819,Solomon Vargas,TERR-S11,3,2.0,4,2,3,0.82556179236444,-0.9390296965734551,-0.24132677394929933,3.7582,0.03334987804262113,9.5793,synthetic,-1.2123444891488182,-0.9084618181399344,1.640951507005321,-0.9393372468252268,-0.9776304286355144,-1.2632433226772048,1.640951507005321,0.6129773579325494,50.0,0.6666666666666666,1.5,2.3255493836278043,1.0986122886681098,100.0,1.5,9.2323,22757.44,24.0
2001000487,Dr. Carol Hernandez,Family Practice,Detroit,MI,Subsys,REP-S836,Sasha Alvarez,TERR-S14,3,6.0,3,2,0,-0.542384621182039,0.04829961544228163,-0.39714761378685115,0.4748,0.0044433546322122375,15.24,synthetic,-0.21915068852746614,-0.9084618181399344,-1.3771478678410778,0.23228400406631433,-0.9776304286355144,0.05319070661568615,-1.3771478678410778,1.0210676966364582,66.66666666666666,0.6666666666666666,0.0,2.7830339801013197,1.0986122886681098,399.99999999999994,0.0,15.168,20701.18,16.0
2001000488,Dr. Sharon Torres,Family Practice,Chicago,IL,Fentora,REP-S719,Solomon Rossi,TERR-S09,3,4.0,5,4,4,0.14158858559120047,-0.486924457080426,-0.7339288981890362,5.6237,0.05058920187400329,12.6223,synthetic,0.5754043519696166,-0.04770301438881521,0.6349183820565215,-0.3360419299506155,0.171618335963463,-0.2978583678624179,0.6349183820565215,0.8044610558488046,80.0,1.3333333333333333,1.0,2.5611189539003845,1.6094379124341003,320.0,1.0,11.9503,16256.91,20.0
2001000489,Dr. Kimberly Thompson,Palliative Care,Philadelphia,PA,Actiq,REP-S720,Sloan Rossi,TERR-S10,2,6.0,8,6,6,-0.0294047161021094,0.020471356955459197,-0.5013782715650305,8.6885,0.07831099636191441,16.3041,synthetic,0.27744621178321077,0.8130557893623042,0.6349183820565215,0.20564566724125163,0.9286091450931295,0.2725963781645016,0.6349183820565215,0.9629924814660684,75.0,2.0,1.0,2.772632471282778,1.9459101490553132,450.0,1.0,15.0007,19325.72,19.0
2001000490,Dr. Linda Thomas,Oncology,Nashville,TN,Actiq,REP-S592,Sienna Nakamura,TERR-S08,2,4.0,5,4,2,-1.2263578279552785,-0.5498166539355821,-0.5164809790921061,5.1283,0.046126935645648626,12.1657,synthetic,0.5754043519696166,-0.04770301438881521,-0.37111474289227814,-0.4119269405079542,0.171618335963463,-0.2978583678624179,-0.37111474289227814,0.7683347141521666,80.0,1.3333333333333333,0.5,2.531488027176586,1.6094379124341003,320.0,0.5,11.5722,19126.42,12.0
2001000491,Dr. Jennifer White,Pain Management,Houston,TX,Subsys,REP-S636,Sasha Novak,TERR-S10,3,1.0,4,4,5,0.48357518897782026,-2.234981547719202,-1.8034802147425786,7.7026,0.044466010629536035,1.5522,synthetic,1.7672369127152399,-0.04770301438881521,1.1379349445309213,-4.609413062855647,0.171618335963463,-1.2632433226772048,1.1379349445309213,0.09948223338409244,100.0,1.3333333333333333,1.25,0.8924897216882028,1.6094379124341003,100.0,1.25,1.4412,2142.78,22.0
2001000493,Dr. Dorothy Nguyen,Pain Management,Seattle,WA,Subsys,REP-S516,Sasha Brooks,TERR-S02,1,1.0,14,11,11,-1.2263578279552785,-1.1934262209592679,-1.0721962041396704,11.1985,0.09450657199064061,8.5655,synthetic,0.4902734547735005,2.9649527987401023,0.6349183820565215,-1.3539465573243028,2.141236377892201,-1.3572743247695542,0.6349183820565215,0.5317108628464652,78.57142857142857,3.6666666666666665,1.0,2.1636563034506584,2.4849066497880004,78.57142857142857,1.0,7.7029,11793.03,12.0
2001000494,Dr. Richard Thompson,Family Practice,Houston,TX,Subsys,REP-S596,Sasha Nakamura,TERR-S12,3,4.0,3,2,0,-0.542384621182039,-0.39051526031436296,-0.9717802493063631,1.9026,0.0174667971566409,12.7683,synthetic,-0.21915068852746614,-0.9084618181399344,-1.3771478678410778,-0.22391311164909286,-0.9776304286355144,-0.5318910841811543,-1.3771478678410778,0.8434781205224919,66.66666666666666,0.6666666666666666,0.0,2.6049020511723824,1.0986122886681098,266.66666666666663,0.0,12.5299,13118.15,16.0
2001000495,Dr. Jessica Hernandez,Neurology,Phoenix,AZ,Fentora,REP-S584,Sarah Nakamura,TERR-S14,3,10.0,5,3,2,0.31258188728451036,2.1659419274311538,1.9718829429461855,3.9943,0.037836956159365,29.0134,synthetic,-0.6164282087760067,-0.47808241626437475,-0.035770367909345006,1.7196477501895107,-0.33040708865298646,0.9308133928109472,-0.035770367909345006,1.9089509516587029,60.0,1.0,0.6666666666666666,3.3638069924435965,1.3862943611198906,600.0,0.6666666666666666,27.899,51963.64,21.0
2001000496,Dr. Melissa Jones,Pain Management,Jacksonville,FL,Abstral,REP-S588,Serena Nakamura,TERR-S04,1,3.0,12,8,8,-1.0553645262619686,-0.6917025146006128,-0.6395100746838409,12.2962,0.10658595741146915,12.0373,synthetic,-0.21915068852746614,1.6738145931134232,0.6349183820565215,-0.5918620235003488,1.4940130379096728,-0.8244319795795746,0.6349183820565215,0.7399180933185983,66.66666666666666,2.6666666666666665,1.0,2.4612285224334234,2.1972245773362196,199.99999999999997,1.0,10.7192,17502.89,13.0
2001000497,Dr. Margaret Green,Pain Management,Las Vegas,NV,Fentora,REP-S810,Sadie Vargas,TERR-S02,1,7.0,12,10,5,0.9965550940577499,0.3477403263088567,1.164108606448874,6.7093,0.061430296268727425,18.1066,synthetic,0.7740431120938877,2.534573396864543,-0.37111474289227814,0.5026483566480338,1.9454793272294546,0.8576781689613423,-0.37111474289227814,1.1712700752900065,83.33333333333334,3.3333333333333335,0.5,2.888603528833516,2.3978952727983707,583.3333333333334,0.5,16.9682,41304.0,25.0
2001000498,Dr. Stephanie Thomas,Palliative Care,Boston,MA,Fentora,REP-S600,Sloan Nakamura,TERR-S02,2,8.0,7,6,7,0.48357518897782026,0.5078900410196328,-0.23146492569253244,6.6977,0.06150979888634067,19.132,synthetic,0.91592794075408,0.8130557893623042,0.9702627570394549,0.6363259075971578,0.9286091450931295,1.3069374011803445,0.9702627570394549,1.1511074939948185,85.71428571428571,2.0,1.1666666666666667,2.940800790027773,1.9459101490553132,685.7142857142857,1.1666666666666667,17.931,22887.58,22.0
2001000499,Dr. Sandra Clark,Family Practice,Miami,FL,Subsys,REP-S815,Stephen Vargas,TERR-S07,3,6.0,5,4,2,-0.8843712245686588,-0.07409149390980466,-0.4283229970113311,5.8511,0.05327840172233067,15.2767,synthetic,0.5754043519696166,-0.04770301438881521,-0.37111474289227814,0.11299807467284176,0.171618335963463,0.4042397810937907,-0.37111474289227814,0.971535681131111,80.0,1.3333333333333333,0.5,2.7364562356023914,1.6094379124341003,480.0,0.5,14.4322,20289.78,14.0
2001000500,Dr. Rebecca Taylor,Oncology,Miami,FL,Fentora,REP-S709,Seth Rossi,TERR-S13,1,4.0,10,9,10,1.3385416974443696,-0.4678122819451246,-0.652670572507359,8.9083,0.0790554535380088,13.14,synthetic,1.1713206323424281,2.104193994988983,0.8584812987118104,-0.3134199071671917,1.7310517392273213,-0.12233383062336577,0.8584812987118104,0.8010673850424915,90.0,3.0,1.1111111111111112,2.569952206930418,2.302585092994046,360.0,1.1111111111111112,12.0652,17329.22,27.0
2001000502,Dr. John Smith,Oncology,Portland,OR,Subsys,REP-S678,Summer Kowalski,TERR-S10,3,4.0,3,2,1,-0.0294047161021094,-0.4294049604591276,0.34671339816211166,3.1381,0.02861034119503225,12.682,synthetic,-0.21915068852746614,-0.9084618181399344,-0.37111474289227814,-0.26855477243645437,-0.9776304286355144,-0.5318910841811543,-0.37111474289227814,0.8163979605162764,66.66666666666666,0.6666666666666666,0.5,2.5874707591437742,1.0986122886681098,266.66666666666663,0.5,12.2961,30517.4,19.0
2001000503,Dr. Sarah Johnson,Pain Management,Charlotte,NC,Subsys,REP-S733,Spencer Santos,TERR-S09,3,1.0,5,5,0,-0.37139131948872917,-1.205552222415869,-1.117768794604838,2.3708,0.02074508627529914,7.8109,synthetic,1.7672369127152399,0.3826763874867446,-1.3771478678410778,-1.3754892317384353,0.5818029746283429,-1.2632433226772048,-1.3771478678410778,0.5266787681936063,100.0,1.6666666666666667,0.0,2.1552445050953364,1.791759469228055,100.0,0.0,7.63,11191.64,17.0
2001000504,Dr. Richard Anderson,Anesthesiology,Philadelphia,PA,Subsys,REP-S817,Stanley Vargas,TERR-S09,3,3.0,2,2,1,-0.37139131948872917,-0.647140706778618,-0.18746095562781892,4.6476,0.04171355581711156,11.4977,synthetic,1.7672369127152399,-0.9084618181399344,-0.37111474289227814,-0.5339767371182517,-0.9776304286355144,-0.385620636481944,-0.37111474289227814,0.7534408422816513,100.0,0.6666666666666666,0.5,2.483831071561067,1.0986122886681098,300.0,0.5,10.9871,23468.27,17.0
2001000505,Dr. Emily Campbell,Neurology,Chicago,IL,Subsys,REP-S680,Sloan Kowalski,TERR-S12,2,2.0,6,3,2,0.6545684906711301,-1.082312791974226,-0.8894344983712312,5.4913,0.047880654700380276,8.8305,synthetic,-1.2123444891488182,-0.47808241626437475,-0.035770367909345006,-1.1645528184103824,-0.33040708865298646,-1.2632433226772048,-0.035770367909345006,0.5727673938578386,50.0,1.0,0.6666666666666666,2.237609142865028,1.3862943611198906,100.0,0.6666666666666666,8.3709,14204.81,23.0
2001000506,Dr. Patricia Martin,Palliative Care,Charlotte,NC,Subsys,REP-S667,Scott Kowalski,TERR-S13,1,5.0,11,5,4,-0.37139131948872917,-0.2249263103823135,0.4827711365292106,5.5778,0.0506328535623517,14.2798,synthetic,-1.4832155256819146,0.3826763874867446,0.23250513207700174,-0.04208983618135323,0.5818029746283429,-0.7047561587347663,0.23250513207700174,0.8682833806969782,45.45454545454545,1.6666666666666667,0.8,2.675898841085125,1.791759469228055,227.27272727272725,0.8,13.5254,32312.86,17.0
2001000508,Dr. Margaret Sanchez,Internal Medicine,Miami,FL,Actiq,REP-S565,Simon Kapoor,TERR-S09,3,8.0,5,3,0,-1.0553645262619686,0.6215317995264896,-0.3360221899405649,1.8213,0.017135737759166325,18.9532,synthetic,-0.6164282087760067,-0.47808241626437475,-1.3771478678410778,0.7271212979767648,-0.33040708865298646,0.4042397810937907,-1.3771478678410778,1.2057987518330795,60.0,1.0,0.0,2.976253793716347,1.3862943611198906,480.0,0.0,18.6142,21507.81,13.0
2001000509,Dr. Elizabeth Lopez,Palliative Care,Seattle,WA,Fentora,REP-S580,Sloan Kapoor,TERR-S10,3,3.0,5,3,0,1.6805283008309895,-0.608467245342956,0.05740978233463081,5.4244,0.04860465262080593,11.8282,synthetic,-0.6164282087760067,-0.47808241626437475,-1.3771478678410778,-0.48477941266628843,-0.33040708865298646,-0.9121942481991006,-1.3771478678410778,0.7202590842465152,60.0,1.0,0.0,2.503041219983483,1.3862943611198906,180.0,0.0,11.2196,26699.66,29.0
2001000510,Dr. Lisa Carter,Pain Management,Charlotte,NC,Abstral,REP-S716,Sasha Rossi,TERR-S06,2,1.0,9,7,5,-0.0294047161021094,-1.5275815615102415,-1.3262013142311402,6.2091,0.05147553054520215,6.0476,synthetic,0.44297851188677,1.243435191237864,0.06004231065720745,-2.026069271070603,1.2290263146108709,-1.3607569544766782,0.06004231065720745,0.39304179634264663,77.77777777777779,2.3333333333333335,0.7142857142857143,1.9012116027891348,2.0794415416798357,77.77777777777779,0.7142857142857143,5.694,8441.1,19.0
2001000511,Dr. Emily Torres,Palliative Care,New York,NY,Subsys,REP-S758,Summer Tanaka,TERR-S06,3,10.0,3,2,1,-0.713377922875349,1.5651476248097878,0.8660298098304481,3.9308,0.03705536428588019,25.2417,synthetic,-0.21915068852746614,-0.9084618181399344,-0.37111474289227814,1.3777210269818714,-0.9776304286355144,1.2233542882093669,-0.37111474289227814,1.5591468862529447,66.66666666666666,0.6666666666666666,0.5,3.2302943842768137,1.0986122886681098,666.6666666666665,0.5,24.2871,37370.46,15.0
2001000512,Dr. Sharon White,Family Practice,Phoenix,AZ,Lazanda,REP-S625,Simon Novak,TERR-S13,3,1.0,3,2,1,0.31258188728451036,-1.907047228491642,-1.7067402877172912,1.9647,0.015069332887701625,3.4797,synthetic,-0.21915068852746614,-0.9084618181399344,-0.37111474289227814,-3.093304540995859,-0.9776304286355144,-1.409513770376415,-0.37111474289227814,0.22973350002051957,66.66666666666666,0.6666666666666666,0.5,1.48448674701127,1.0986122886681098,66.66666666666666,0.5,3.4127,3419.39,21.0
2001000513,Dr. Joseph Perez,Palliative Care,Miami,FL,Fentora,REP-S546,Stella Chen,TERR-S04,2,1.0,8,7,6,2.193508205910919,-1.5014499452025318,-0.9886145015750023,11.0142,0.08989361714671351,6.4955,synthetic,1.0223415622492253,1.243435191237864,0.34748034635686437,-1.9666600026543368,1.2290263146108709,-1.3180947405644086,0.34748034635686437,0.3756201582796878,87.5,2.3333333333333335,0.8571428571428571,1.9244092233235188,2.0794415416798357,87.5,0.8571428571428571,5.8511,12896.0,32.0
2001000514,Dr. Mary King,Anesthesiology,Los Angeles,CA,Subsys,REP-S654,Selena Dubois,TERR-S14,2,7.0,7,7,4,-0.542384621182039,0.2609953364649956,0.24210990886846198,8.4377,0.0765344660318994,17.8344,synthetic,1.7672369127152399,1.243435191237864,-0.2273957250424497,0.4272189925337126,1.2290263146108709,1.3696247359085776,-0.2273957250424497,1.1278331407517574,100.0,2.3333333333333335,0.5714285714285714,2.859150519016704,2.0794415416798357,700.0,0.5714285714285714,16.4467,29137.02,16.0
2001000515,Dr. Ashley Allen,Anesthesiology,Phoenix,AZ,Subsys,REP-S652,Sienna Dubois,TERR-S12,2,7.0,5,4,0,0.14158858559120047,0.1636712836219597,0.6586710752802052,2.0642,0.019230797105319386,16.189,synthetic,0.5754043519696166,-0.04770301438881521,-1.3771478678410778,0.3398587625625236,0.171618335963463,0.7552888555718951,-1.3771478678410778,1.0877098837668393,80.0,1.3333333333333333,0.0,2.8250388472407004,1.6094379124341003,560.0,0.0,15.8616,34634.09,20.0
2001000516,Dr. Michelle King,Anesthesiology,Los Angeles,CA,Subsys,REP-S684,Sarah Larsson,TERR-S02,2,6.0,8,3,0,-0.20039801779541927,-0.019316565519424064,0.0044919563421205125,2.6717,0.02470886075713352,15.1558,synthetic,-1.9572398396148327,-0.47808241626437475,-1.3771478678410778,0.16707123257711975,-0.33040708865298646,-0.7147291438051668,-1.3771478678410778,1.0122704802305063,37.5,1.0,0.0,2.757570257565601,1.3862943611198906,225.0,0.0,14.7615,26001.34,18.0
2001000517,Dr. Susan Perez,Anesthesiology,Los Angeles,CA,Abstral,REP-S504,Sarah Brooks,TERR-S04,2,7.0,6,4,1,-0.37139131948872917,0.3580199818646588,0.9178890064995602,4.4569,0.04123455499615991,17.789,synthetic,-0.21915068852746614,-0.04770301438881521,-0.874131305366678,0.5114415956251156,0.171618335963463,0.3457316020141065,-0.874131305366678,1.1678329626613504,66.66666666666666,1.3333333333333333,0.25,2.8920370372152258,1.6094379124341003,466.66666666666663,0.25,17.03,38054.81,17.0
2001000518,Dr. Charles Adams,Oncology,Austin,TX,Subsys,REP-S538,Summer Patel,TERR-S10,3,1.0,2,1,1,0.48357518897782026,-1.420343795542193,-0.7494006482934165,3.1806,0.027100253803089114,6.5403,synthetic,-1.2123444891488182,-1.3388412200154942,0.6349183820565215,-1.7905843900918716,-1.889840491916844,-1.4826489942260201,0.6349183820565215,0.42085716221602965,50.0,0.3333333333333333,1.0,1.9931617152236707,0.6931471805599453,50.0,1.0,6.3387,16052.74,22.0
2001000519,Dr. Elizabeth Jackson,Palliative Care,Houston,TX,Subsys,REP-S633,Spencer Novak,TERR-S07,2,5.0,8,4,5,0.31258188728451036,-0.328072174624266,-0.0986232380401807,5.4891,0.049689382471523214,13.6137,synthetic,-1.2123444891488182,-0.04770301438881521,1.1379349445309213,-0.1538234434355429,0.171618335963463,-0.6050263080307592,1.1379349445309213,0.8284751292315727,50.0,1.3333333333333333,1.25,2.632270062426223,1.6094379124341003,250.0,1.25,12.9053,24640.6,21.0
2001000520,Dr. Karen Taylor,Orthopedics,New York,NY,Fentora,REP-S746,Stella Tanaka,TERR-S08,3,6.0,3,2,0,5.271387636390497,-0.07816676188904642,-0.12617639637858813,3.5811,0.03294118101180521,14.9237,synthetic,-0.21915068852746614,-0.9084618181399344,-1.3771478678410778,0.10892901578904036,-0.9776304286355144,0.05319070661568615,-1.3771478678410778,0.892518313174645,66.66666666666666,0.6666666666666666,0.0,2.7348673844612343,1.0986122886681098,399.99999999999994,0.0,14.4077,24277.0,50.0
2001000521,Dr. Michael Wilson,Palliative Care,Jacksonville,FL,Subsys,REP-S676,Sasha Kowalski,TERR-S08,3,6.0,4,4,0,1.1675483957510597,0.0582632298078566,0.2564343684963749,2.2499,0.02089202286189762,15.5705,synthetic,1.7672369127152399,-0.04770301438881521,-1.3771478678410778,0.24175461570037815,0.171618335963463,0.9308133928109472,-1.3771478678410778,0.9775779269312194,100.0,1.3333333333333333,0.0,2.786731983136405,1.6094379124341003,600.0,0.0,15.2279,29326.05,26.0
2001000522,Dr. David Torres,Oncology,Nashville,TN,Lazanda,REP-S671,Silas Kowalski,TERR-S03,1,5.0,10,10,1,-0.542384621182039,-0.14871048229706485,0.27632326271391733,7.1112,0.06425650641586866,14.978,synthetic,1.7672369127152399,2.534573396864543,-1.1759412428513178,0.03744845555150986,1.9454793272294546,0.49200204971331685,-1.1759412428513178,0.9284393035739302,100.0,3.3333333333333335,0.1,2.7069562696439813,2.3978952727983707,500.0,0.1,13.9836,29588.51,16.0
2001000523,Dr. Ashley Williams,Pain Management,Philadelphia,PA,Fentora,REP-S834,Selena Alvarez,TERR-S12,1,7.0,11,8,0,-0.542384621182039,0.24389584469903436,0.45907208609259453,6.4269,0.05879997445574281,17.3943,synthetic,0.14201069351666307,1.6738145931134232,-1.3771478678410778,0.4120843133318946,1.4940130379096728,0.5318939899949198,-1.3771478678410778,1.1281762935097617,72.72727272727273,2.6666666666666665,0.0,2.8532408595579573,2.1972245773362196,509.0909090909091,0.0,16.3439,32000.12,16.0
2001000524,Dr. Emily Nelson,Anesthesiology,Columbus,OH,Subsys,REP-S598,Summer Nakamura,TERR-S14,2,1.0,5,4,5,-0.20039801779541927,-1.3890889852034363,-0.9639053202235047,6.5469,0.05521896179754204,6.9539,synthetic,0.5754043519696166,-0.04770301438881521,1.1379349445309213,-1.7258377862620797,0.171618335963463,-1.351005591296731,1.1379349445309213,0.44756186812129,80.0,1.3333333333333333,1.25,2.0184434126182538,1.6094379124341003,80.0,1.25,6.5266,13222.07,18.0
2001000525,Dr. Kimberly Flores,Pain Management,Denver,CO,Subsys,REP-S663,Sean Kowalski,TERR-S09,3,6.0,2,1,0,0.9965550940577499,-0.007390169025071549,-0.38142276261302577,0.8954,0.008352459939209744,14.966,synthetic,-1.2123444891488182,-1.3388412200154942,-1.3771478678410778,0.17869498698171157,-1.889840491916844,-0.385620636481944,-1.3771478678410778,1.0238966585018874,50.0,0.3333333333333333,0.0,2.762109001284397,0.6931471805599453,300.0,0.0,14.8332,20908.69,25.0
2001000526,Dr. Emily Miller,Oncology,Philadelphia,PA,Abstral,REP-S694,Selena Larsson,TERR-S12,2,9.0,6,4,4,0.6545684906711301,1.0289587949695456,1.2998010911768334,4.7184,0.04406190432016732,22.0575,synthetic,-0.21915068852746614,-0.04770301438881521,0.6349183820565215,1.0284888154266767,0.171618335963463,0.9308133928109468,0.6349183820565215,1.3985149828913754,66.66666666666666,1.3333333333333333,1.0,3.0939291918075695,1.6094379124341003,599.9999999999999,1.0,21.0636,43094.64,23.0
2001000527,Dr. Patricia Moore,Family Practice,Baltimore,MD,Abstral,REP-S599,Solomon Nakamura,TERR-S01,3,6.0,5,3,1,-0.37139131948872917,0.012503792212370081,0.19424576860089218,-0.3481,-0.0032712289990048937,14.9007,synthetic,-0.6164282087760067,-0.47808241626437475,-0.7064591178752114,0.19796748945998546,-0.33040708865298646,-0.12233383062336577,-0.7064591178752114,1.0065810294215212,60.0,1.0,0.3333333333333333,2.7696343624133446,1.3862943611198906,360.0,0.3333333333333333,14.9528,28505.39,17.0
2001000528,Dr. Lisa Brown,Anesthesiology,Nashville,TN,Lazanda,REP-S521,Samuel Patel,TERR-S07,2,8.0,7,6,5,0.82556179236444,0.4201969276050907,1.255146181535313,7.9045,0.07208382703272509,18.7794,synthetic,0.91592794075408,0.8130557893623042,0.2995740070735884,0.5639937864655399,0.9286091450931295,1.3069374011803445,0.2995740070735884,1.1934663133039112,85.71428571428571,2.0,0.8333333333333334,2.9125571650313917,1.9459101490553132,685.7142857142857,0.8333333333333334,17.4038,42505.36,24.0
2001000530,Dr. Donna Sanchez,Anesthesiology,Columbus,OH,Abstral,REP-S654,Selena Dubois,TERR-S14,2,6.0,7,4,5,-0.20039801779541927,-0.08239173358997455,-1.0311423013304966,7.8992,0.07125135946844496,15.5183,synthetic,-0.7866900031682388,-0.04770301438881521,1.1379349445309213,0.10470364440965259,0.171618335963463,-0.19755863229724538,1.1379349445309213,0.9862668243619694,57.14285714285714,1.3333333333333333,1.25,2.7332174977602386,1.6094379124341003,342.85714285714283,1.25,14.3823,12334.79,18.0
2001000531,Dr. Ashley Miller,Palliative Care,Los Angeles,CA,Subsys,REP-S710,Sadie Rossi,TERR-S14,2,8.0,9,7,6,1.1675483957510597,0.4198143514274473,0.09877665143626248,9.6731,0.08753112705045307,19.0848,synthetic,0.44297851188677,1.243435191237864,0.34748034635686437,0.5636737066894077,1.2290263146108709,1.028327024610421,0.34748034635686437,1.1171154456946535,77.77777777777779,2.3333333333333335,0.8571428571428571,2.912432183031354,2.0794415416798357,622.2222222222223,0.8571428571428571,17.4015,27245.55,26.0
2001000532,Dr. David Adams,Palliative Care,Miami,FL,Abstral,REP-S776,Sasha Muller,TERR-S10,3,5.0,2,1,1,2.193508205910919,-0.2794683663167374,-0.20824100810185123,1.5823,0.014599718137283446,13.4063,synthetic,-1.2123444891488182,-1.3388412200154942,0.6349183820565215,-0.10056517649524574,-1.889840491916844,-0.6050263080307592,0.6349183820565215,0.8472333473870177,50.0,0.3333333333333333,1.0,2.6530658927694506,0.6931471805599453,250.0,1.0,13.1975,23194.05,32.0
2001000534,Dr. Carol Green,Oncology,Jacksonville,FL,Subsys,REP-S638,Summer Novak,TERR-S12,2,10.0,8,6,5,0.14158858559120047,4.684973184755062,2.8791441866386616,8.4572,0.07941253184026875,46.6833,synthetic,0.27744621178321077,0.8130557893623042,0.2995740070735884,2.7987580297703176,0.9286091450931295,1.5890304074573929,0.2995740070735884,2.8578410271791985,75.0,2.0,0.8333333333333334,3.7851686999312224,1.9459101490553132,750.0,0.8333333333333334,43.0431,63936.14,20.0
2001000535,Dr. Charles Adams,Anesthesiology,Philadelphia,PA,Actiq,REP-S738,Summer Santos,TERR-S14,2,8.0,9,4,2,-0.8843712245686588,0.44261921836434737,-0.350248894963812,5.8963,0.054285802429620666,18.5728,synthetic,-1.5434090893559358,-0.04770301438881521,-0.37111474289227814,0.5826837077963125,0.171618335963463,-0.1418365569832605,-0.37111474289227814,1.2027102289449416,44.44444444444444,1.3333333333333333,0.5,2.919855044880894,1.6094379124341003,355.55555555555554,0.5,17.5386,21320.07,14.0
2001000537,Dr. Patricia Hill,Oncology,Seattle,WA,Actiq,REP-S658,Summer Dubois,TERR-S04,2,6.0,6,3,3,-1.2263578279552785,-0.031059990798382175,-0.3355349324925011,4.1182,0.037832615953954374,15.2959,synthetic,-1.2123444891488182,-0.47808241626437475,0.6349183820565215,0.15557402426276798,-0.33040708865298646,-0.385620636481944,0.6349183820565215,0.9754003950967026,50.0,1.0,1.0,2.7530809264765135,1.3862943611198906,300.0,1.0,14.6909,21514.24,12.0
2001000538,Dr. Kimberly Flores,Family Practice,Atlanta,GA,Subsys,REP-S501,Samuel Brooks,TERR-S01,3,5.0,4,3,4,0.48357518897782026,-0.3654482038053123,0.1050632576402071,1.8959,0.017419720524709525,12.921,synthetic,0.27744621178321077,-0.47808241626437475,1.3056071320223879,-0.1955455550107539,-0.33040708865298646,-0.0565121291587212,1.3056071320223879,0.853622826606558,75.0,1.0,1.3333333333333333,2.615978770881721,1.3862943611198906,375.0,1.3333333333333333,12.6806,27328.51,22.0
2001000539,Dr. William Nguyen,Pain Management,Los Angeles,CA,Abstral,REP-S624,Sarah Novak,TERR-S12,1,2.0,14,7,7,-0.8843712245686588,-0.8739751126272728,-0.13432791794751686,12.7666,0.10943751447567918,10.852,synthetic,-1.2123444891488182,1.243435191237864,0.6349183820565215,-0.8432745618610958,1.2290263146108709,-1.2632433226772048,0.6349183820565215,0.6642779105942792,50.0,2.3333333333333335,1.0,2.3630591152356395,2.0794415416798357,100.0,1.0,9.6234,24169.43,14.0
2001000541,Dr. Elizabeth Anderson,Internal Medicine,Nashville,TN,Fentora,REP-S593,Spencer Nakamura,TERR-S09,3,4.0,3,2,3,-0.8843712245686588,-0.46631524472826047,-0.19615429535439247,2.5003,0.022828709780327028,12.3761,synthetic,-0.21915068852746614,-0.9084618181399344,1.640951507005321,-0.3116563575944837,-0.9776304286355144,-0.5318910841811543,1.640951507005321,0.7821477844539635,66.66666666666666,0.6666666666666666,1.5,2.570640822610628,1.0986122886681098,266.66666666666663,1.5,12.0742,23353.55,14.0
2001000542,Dr. Robert King,Internal Medicine,Seattle,WA,Abstral,REP-S576,Sasha Kapoor,TERR-S06,3,4.0,3,2,0,2.022514904217609,-0.5273111944420551,0.06801502025943872,1.6451,0.015042692936644286,11.9001,synthetic,-0.21915068852746614,-0.9084618181399344,-1.3771478678410778,-0.3845130428106296,-0.9776304286355144,-0.5318910841811543,-1.3771478678410778,0.7583935322004587,66.66666666666666,0.6666666666666666,0.0,2.5421923703389204,1.0986122886681098,266.66666666666663,0.0,11.7075,26839.61,31.0
2001000543,Dr. Sarah Hernandez,Oncology,Austin,TX,Subsys,REP-S766,Stella Muller,TERR-S14,2,7.0,7,6,1,-0.0294047161021094,0.25653749230811046,-0.5477745771873448,6.1759,0.056583554691721716,17.434,synthetic,0.91592794075408,0.8130557893623042,-1.0418034928581448,0.42328198686427315,0.9286091450931295,0.9308133928109472,-1.0418034928581448,1.0901971252577,85.71428571428571,2.0,0.16666666666666666,2.857613230879751,1.9459101490553132,600.0,0.16666666666666666,16.4199,18713.46,19.0
2001000544,Dr. Dorothy Adams,Palliative Care,Los Angeles,CA,Fentora,REP-S770,Sadie Muller,TERR-S04,2,9.0,8,7,7,-0.20039801779541927,1.0156018962457447,1.1166324534494356,7.4097,0.06833731070192517,22.5381,synthetic,1.0223415622492253,1.243435191237864,0.6349183820565215,1.0191510827195458,1.2290263146108709,1.7535846611190042,0.6349183820565215,1.3470544798807358,87.5,2.3333333333333335,1.0,3.0902830741938367,2.0794415416798357,787.5,1.0,20.9833,40677.49,18.0
2001000546,Dr. Betty Green,Family Practice,Austin,TX,Actiq,REP-S801,Samuel Vargas,TERR-S07,3,7.0,4,3,0,-0.20039801779541927,0.2249167395385653,1.1282857116707785,0.9995,0.009369887567440838,16.392,synthetic,0.27744621178321077,-0.47808241626437475,-1.3771478678410778,0.39518059988535964,-0.33040708865298646,0.6017048854877244,-1.3771478678410778,1.0925451280900838,75.0,1.0,0.0,2.8466404428114127,1.3862943611198906,525.0,0.0,16.2298,40831.27,18.0
2001000548,Dr. Carol Hall,Orthopedics,Houston,TX,Actiq,REP-S614,Selena O'Connor,TERR-S02,3,6.0,5,4,1,-0.713377922875349,-0.06921780608156868,-0.35856940317491526,2.7109,0.025037233103118783,14.8535,synthetic,0.5754043519696166,-0.04770301438881521,-0.874131305366678,0.11785586298579082,0.171618335963463,0.4042397810937907,-0.874131305366678,0.8958510786576017,80.0,1.3333333333333333,0.25,2.738353063032256,1.6094379124341003,480.0,0.25,14.4615,21210.27,15.0
2001000549,Dr. David Thomas,Pain Management,Chicago,IL,Subsys,REP-S843,Sean Kim,TERR-S07,2,7.0,6,2,2,-0.713377922875349,0.12787546039204814,-0.5237610448830049,3.9504,0.03645839326610112,16.2645,synthetic,-2.205538289770171,-0.9084618181399344,0.6349183820565215,0.3069629596182867,-0.9776304286355144,-0.6781615318803643,0.6349183820565215,1.0800297088682098,33.33333333333333,0.6666666666666666,1.0,2.8121939768321407,1.0986122886681098,233.33333333333331,1.0,15.6464,19030.35,15.0
2001000550,Dr. Melissa Robinson,Anesthesiology,Austin,TX,Actiq,REP-S787,Scott Gomez,TERR-S07,2,8.0,6,3,2,-0.20039801779541927,0.6747265219657358,-0.31387508857647534,4.3723,0.04069275972252262,19.7619,synthetic,-1.2123444891488182,-0.47808241626437475,-0.035770367909345006,0.7685405225442752,-0.33040708865298646,0.0531907066156864,-0.035770367909345006,1.2983998423388143,50.0,1.0,0.6666666666666666,2.9924268165452643,1.3862943611198906,400.0,0.6666666666666666,18.934,21800.07,18.0
2001000551,Dr. Nancy Jackson,Oncology,New York,NY,Subsys,REP-S828,Serena Alvarez,TERR-S06,3,8.0,5,4,5,-1.0553645262619686,0.4218270347967871,0.8123488916914368,6.4978,0.05963509360253827,18.5451,synthetic,0.5754043519696166,-0.04770301438881521,1.1379349445309213,0.5653571564551085,0.171618335963463,1.1063379300499994,1.1379349445309213,1.1561737075370428,80.0,1.3333333333333333,1.25,2.913089522027347,1.6094379124341003,640.0,1.25,17.4136,36662.07,13.0
2001000552,Dr. Mary Adams,Anesthesiology,Atlanta,GA,Abstral,REP-S663,Sean Kowalski,TERR-S09,3,7.0,5,4,4,0.14158858559120047,0.15848155460349667,-0.8565199925288569,6.9451,0.06328293535377538,16.9299,synthetic,0.5754043519696166,-0.04770301438881521,0.6349183820565215,0.33511559260936585,0.171618335963463,0.7552888555718951,0.6349183820565215,1.0855703424612002,80.0,1.3333333333333333,1.0,2.8231867750028723,1.6094379124341003,560.0,1.0,15.8304,14639.16,20.0
2001000553,Dr. Barbara Scott,Palliative Care,Atlanta,GA,Subsys,REP-S602,Sophia O'Connor,TERR-S04,2,2.0,5,4,4,0.14158858559120047,-0.9729126389151511,-0.8279248761949788,4.1002,0.03624940389938258,9.3988,synthetic,0.5754043519696166,-0.04770301438881521,0.6349183820565215,-0.9908349298121358,0.171618335963463,-0.9999565168186266,0.6349183820565215,0.5796045463321409,80.0,1.3333333333333333,1.0,2.305441010975243,1.6094379124341003,160.0,1.0,9.0286,15016.51,20.0
2001000554,Dr. Rebecca Young,Psychiatry,Phoenix,AZ,Actiq,REP-S818,Summer Vargas,TERR-S10,3,1.0,5,2,1,-0.0294047161021094,-1.1594268423895933,-1.177177829462222,3.7316,0.03259315434293564,8.2024,synthetic,-1.80826076952163,-0.9084618181399344,-0.37111474289227814,-1.2944931338906769,-0.9776304286355144,-1.526530128535783,-0.37111474289227814,0.6375466632265555,40.0,0.6666666666666666,0.5,2.186871165256728,1.0986122886681098,40.0,0.5,7.9073,10407.66,19.0
2001000555,Dr. Jennifer Walker,Pain Management,Boston,MA,Subsys,REP-S622,Sophia Novak,TERR-S10,3,9.0,3,1,2,-0.542384621182039,1.2761362732207013,0.441983217179244,3.0616,0.02889532602094036,23.24,synthetic,-2.205538289770171,-1.3388412200154942,2.646984631954121,1.195414337924122,-1.889840491916844,-0.3856206364819443,2.646984631954121,1.5565393907285117,33.33333333333333,0.3333333333333333,2.0,3.1591088351801733,0.6931471805599453,299.99999999999994,2.0,22.5496,31774.61,16.0
2001000556,Dr. Betty Lopez,Palliative Care,Columbus,OH,Subsys,REP-S617,Stanley O'Connor,TERR-S05,3,1.0,3,2,2,-0.20039801779541927,-1.4195952769337608,-0.8527666703822635,4.8578,0.041100853118967606,6.6513,synthetic,-0.21915068852746614,-0.9084618181399344,0.6349183820565215,-1.789014493575659,-0.9776304286355144,-1.409513770376415,0.6349183820565215,0.4072112573703604,66.66666666666666,0.6666666666666666,1.0,1.9937747149227443,1.0986122886681098,66.66666666666666,1.0,6.3432,14688.69,18.0
2001000557,Dr. Stephanie Walker,Oncology,Chicago,IL,Abstral,REP-S625,Simon Novak,TERR-S13,1,5.0,13,11,7,0.31258188728451036,-0.32981871804394114,-0.4597143497112357,10.0242,0.08895146729285974,14.1874,synthetic,0.8504426352186064,2.9649527987401023,-0.09674207245169646,-0.15575801019668714,2.141236377892201,0.15445486271513964,-0.09674207245169646,0.856148569161383,84.61538461538461,3.6666666666666665,0.6363636363636364,2.6315146694240905,2.4849066497880004,423.0769230769231,0.6363636363636364,12.8948,19875.53,21.0
2001000558,Dr. Melissa Lewis,Orthopedics,Nashville,TN,Actiq,REP-S602,Sophia O'Connor,TERR-S04,3,4.0,4,3,1,-1.0553645262619686,-0.44098204826954507,0.21569949428072324,3.3854,0.030813584635807967,12.6404,synthetic,0.27744621178321077,-0.47808241626437475,-0.7064591178752114,-0.2819958751855866,-0.33040708865298646,-0.385620636481944,-0.7064591178752114,0.7573988322931346,75.0,1.0,0.3333333333333333,2.58222239286272,1.3862943611198906,300.0,0.3333333333333333,12.2265,28788.5,13.0
2001000559,Dr. Laura Adams,Palliative Care,Detroit,MI,Subsys,REP-S510,Sadie Brooks,TERR-S10,3,8.0,4,2,0,-1.2263578279552785,0.4173691906399026,0.9594127376412372,2.3472,0.021952540575691515,17.7949,synthetic,-1.2123444891488182,-0.9084618181399344,-1.3771478678410778,0.561627033980692,-0.9776304286355144,0.0531907066156864,-1.3771478678410778,1.1161717571016179,50.0,0.6666666666666666,0.0,2.9116330158623156,1.0986122886681098,400.0,0.0,17.3868,38602.77,12.0
2001000560,Dr. Kimberly Lopez,Anesthesiology,Atlanta,GA,Subsys,REP-S835,Stephen Alvarez,TERR-S13,2,4.0,8,6,3,-0.20039801779541927,-0.4949086555703691,-1.0264334089786025,4.4084,0.0398620150418898,12.427,synthetic,0.27744621178321077,0.8130557893623042,-0.37111474289227814,-0.34555188074346127,0.9286091450931295,-0.385620636481944,-0.37111474289227814,0.8162007205803987,75.0,2.0,0.5,2.557405590048681,1.9459101490553132,300.0,0.5,11.9023,12396.93,18.0
2001000561,Dr. Sarah Flores,Palliative Care,Detroit,MI,Subsys,REP-S671,Silas Kowalski,TERR-S03,1,1.0,10,7,5,-0.8843712245686588,-1.4532952480600625,-1.0724455162709505,6.8866,0.0575372395858047,6.5635,synthetic,-0.020511928403195035,1.243435191237864,0.06004231065720745,-1.8606661128721866,1.2290263146108709,-1.394886725606494,0.06004231065720745,0.3942050458772284,70.0,2.3333333333333335,0.7142857142857143,1.965796806434312,2.0794415416798357,70.0,0.7142857142857143,6.1406,11789.74,14.0
2001000562,Dr. John Anderson,Pain Management,Houston,TX,Actiq,REP-S567,Scott Kapoor,TERR-S11,3,4.0,2,2,1,-0.542384621182039,-0.5754825253313786,-0.2365239159309047,3.6192,0.032732931423590905,11.8311,synthetic,1.7672369127152399,-0.9084618181399344,-0.37111474289227814,-0.4435529364732241,-0.9776304286355144,0.0531907066156864,-0.37111474289227814,0.7881475107939419,100.0,0.6666666666666666,0.5,2.519138980083735,1.0986122886681098,400.0,0.5,11.4179,22820.82,16.0
2001000563,Dr. David White,Neurology,Atlanta,GA,Abstral,REP-S777,Stanley Muller,TERR-S11,3,9.0,5,4,1,-0.37139131948872917,1.0417501463003083,1.3614675753931316,5.4535,0.05076154805822242,22.2934,synthetic,0.5754043519696166,-0.04770301438881521,-0.874131305366678,1.0373993751466815,0.171618335963463,1.4573870045281037,-0.874131305366678,1.44650982449338,80.0,1.3333333333333333,0.25,3.097408510584655,1.6094379124341003,720.0,0.25,21.1405,43908.41,17.0
2001000564,Dr. Charles Johnson,Family Practice,Phoenix,AZ,Subsys,REP-S696,Sasha Larsson,TERR-S14,3,5.0,5,5,3,1.1675483957510597,-0.36350205542338876,-0.8053041575602207,6.0238,0.05433126106917907,13.4568,synthetic,1.7672369127152399,0.3826763874867446,-0.16990811790251828,-0.19335625218596958,0.5818029746283429,0.49200204971331685,-0.16990811790251828,0.85441043816053,100.0,1.6666666666666667,0.6,2.616833631032638,1.791759469228055,500.0,0.6,12.6923,15315.02,26.0
2001000565,Dr. John Lee,Oncology,Boston,MA,Abstral,REP-S630,Sadie Novak,TERR-S04,2,6.0,7,6,4,-0.20039801779541927,0.10690030560909354,1.0552705998616316,5.8215,0.05324715996991758,16.4238,synthetic,0.91592794075408,0.8130557893623042,-0.035770367909345006,0.2874889367012359,0.9286091450931295,0.5546893844415495,-0.035770367909345006,1.0304683002416024,85.71428571428571,2.0,0.6666666666666666,2.80458992773424,1.9459101490553132,514.2857142857142,0.6666666666666666,15.5203,39867.74,18.0
2001000566,Dr. Dorothy Allen,Pain Management,Los Angeles,CA,Abstral,REP-S510,Sadie Brooks,TERR-S10,2,7.0,5,4,3,-0.8843712245686588,0.20946398871115454,-0.3875797871317156,5.177,0.047597650366961286,16.9723,synthetic,0.5754043519696166,-0.04770301438881521,0.1319018195821217,0.38133474740669016,0.171618335963463,0.7552888555718951,0.1319018195821217,1.113887629680656,80.0,1.3333333333333333,0.75,2.8412340333346164,1.6094379124341003,560.0,0.75,16.1369,20827.44,14.0
2001000567,Dr. Sarah Thomas,Internal Medicine,Las Vegas,NV,Subsys,REP-S598,Summer Nakamura,TERR-S14,3,10.0,5,4,1,-0.0294047161021094,1.5880190267341046,0.5482682372306749,3.6981,0.03490820587279009,25.3278,synthetic,0.5754043519696166,-0.04770301438881521,-0.874131305366678,1.3916089196978578,0.171618335963463,1.8084360790062082,-0.874131305366678,1.5821873727596263,80.0,1.3333333333333333,0.25,3.23571720926416,1.6094379124341003,800.0,0.25,24.4246,33177.18,19.0
2001000568,Dr. Michelle Perez,Oncology,Los Angeles,CA,Lazanda,REP-S661,Samuel Kowalski,TERR-S07,2,5.0,9,7,5,-0.542384621182039,-0.20366838190283984,0.2811609789634331,9.2521,0.08269756535477812,14.9165,synthetic,0.44297851188677,1.243435191237864,0.06004231065720745,-0.019655669587391945,1.2290263146108709,0.004433890715949802,0.06004231065720745,0.9065024385391162,77.77777777777779,2.3333333333333335,0.7142857142857143,2.6846587416448395,2.0794415416798357,388.8888888888889,0.7142857142857143,13.6532,29652.35,16.0
2001000569,Dr. William Martinez,Pain Management,Phoenix,AZ,Actiq,REP-S633,Spencer Novak,TERR-S07,1,8.0,14,12,1,-0.37139131948872917,0.6843907288879377,0.10970849583092344,5.282,0.04896140762958279,19.9953,synthetic,0.91592794075408,3.395332200615662,-1.2094756803496112,0.7759940234541121,2.321315408052812,1.3069374011803445,-1.2094756803496112,1.310974552216224,85.71428571428571,4.0,0.08333333333333333,2.995337195520942,2.5649493574615367,685.7142857142857,0.08333333333333333,18.9921,27389.81,17.0
2001000570,Dr. Donna Jones,Oncology,Denver,CO,Fentora,REP-S614,Selena O'Connor,TERR-S02,1,6.0,14,8,7,-0.8843712245686588,-0.10323381839809709,-0.7222013767796526,9.0903,0.08152894014696344,15.553,synthetic,-0.7866900031682388,1.6738145931134232,0.3834101008193216,0.08375695403662803,1.4940130379096728,-0.19755863229724538,0.3834101008193216,0.9465916610210191,57.14285714285714,2.6666666666666665,0.875,2.725038414131065,2.1972245773362196,342.85714285714283,0.875,14.257,16411.67,14.0
2001000571,Dr. Kathleen Wilson,Internal Medicine,Baltimore,MD,Abstral,REP-S748,Serena Tanaka,TERR-S10,3,9.0,2,2,0,-0.8843712245686588,0.8727013770226166,0.35586974613249045,0.95,0.00900582200981015,20.3153,synthetic,1.7672369127152399,-0.9084618181399344,-1.3771478678410778,0.9170596851542848,-0.9776304286355144,2.2472474221038388,-1.3771478678410778,1.3036141892554747,100.0,0.6666666666666666,0.0,3.0504193027036726,1.0986122886681098,900.0,0.0,20.1242,30638.23,14.0
2001000572,Dr. Richard Martinez,Oncology,Las Vegas,NV,Subsys,REP-S531,Silas Patel,TERR-S03,2,4.0,9,7,5,-1.0553645262619686,-0.42431503392178865,-0.3985139048892754,8.6036,0.07656938074542907,13.3872,synthetic,0.44297851188677,1.243435191237864,0.06004231065720745,-0.26266757435775084,1.2290263146108709,-0.33686382058220715,0.06004231065720745,0.8184296435370553,77.77777777777779,2.3333333333333335,0.7142857142857143,2.5897695416516417,2.0794415416798357,311.11111111111114,0.7142857142857143,12.3267,20683.15,13.0
2001000573,Dr. Linda Jones,Family Practice,Boston,MA,Abstral,REP-S565,Simon Kapoor,TERR-S09,3,8.0,4,3,0,0.48357518897782026,0.5740923534987443,0.10281793288342234,1.9214,0.01805730655031157,18.6812,synthetic,0.27744621178321077,-0.47808241626437475,-1.3771478678410778,0.6896096269866648,-0.33040708865298646,0.9308133928109472,-1.3771478678410778,1.2338574506625555,75.0,1.0,0.0,2.961606558824615,1.3862943611198906,600.0,0.0,18.329,27298.88,22.0
2001000574,Dr. Sarah Baker,Oncology,Las Vegas,NV,Subsys,REP-S667,Scott Kowalski,TERR-S13,2,2.0,6,4,3,-1.0553645262619686,-1.1519582900521257,-0.8845687439792919,7.2939,0.06277622883560774,8.5322,synthetic,-0.21915068852746614,-0.04770301438881521,0.1319018195821217,-1.2816160145688291,0.171618335963463,-1.1169728749779948,0.1319018195821217,0.5279852848966367,66.66666666666666,1.3333333333333333,0.75,2.191899312136288,1.6094379124341003,133.33333333333331,0.75,7.9522,14269.02,13.0
2001000575,Dr. Mary Martinez,Pain Management,Atlanta,GA,Abstral,REP-S519,Solomon Brooks,TERR-S05,2,8.0,5,4,1,-0.37139131948872917,0.6322771999942045,0.6810909801921998,8.1544,0.07454888614834365,20.2019,synthetic,0.5754043519696166,-0.04770301438881521,-0.874131305366678,0.7355421974156118,0.171618335963463,1.1063379300499994,-0.874131305366678,1.2893482798603841,80.0,1.3333333333333333,0.25,2.9795419141552633,1.6094379124341003,640.0,0.25,18.6788,34929.95,17.0
2001000576,Dr. Carol Johnson,Palliative Care,Boston,MA,Actiq,REP-S701,Samuel Rossi,TERR-S05,3,1.0,4,3,1,-0.8843712245686588,-1.2015933906646055,-0.784377852073006,4.9722,0.04304098259194111,8.0344,synthetic,0.27744621178321077,-0.47808241626437475,-0.7064591178752114,-1.3684361525584743,-0.33040708865298646,-1.3729461584516125,-0.7064591178752114,0.4913471941072746,75.0,1.0,0.3333333333333333,2.1579985308353824,1.3862943611198906,75.0,0.3333333333333333,7.6538,15591.17,14.0
2001000577,Dr. Sarah Baker,Pain Management,Columbus,OH,Abstral,REP-S610,Sadie O'Connor,TERR-S12,1,9.0,11,7,7,-0.542384621182039,1.0210743989607267,0.06340312472457761,9.3186,0.08521639057244368,22.9746,synthetic,-0.39973137954952986,1.243435191237864,0.6349183820565215,1.0229809965041228,1.2290263146108709,0.811137571966139,0.6349183820565215,1.4506928346147403,63.63636363636363,2.3333333333333335,1.0,3.0917785460119966,2.0794415416798357,572.7272727272727,1.0,21.0162,26778.75,16.0
2001000578,Dr. Susan Green,Neurology,Denver,CO,Subsys,REP-S555,Stephen Chen,TERR-S13,2,8.0,9,6,4,0.9965550940577499,0.7299006602806132,0.7244819000617607,4.8734,0.04528833747500638,20.2046,synthetic,-0.21915068852746614,0.8130557893623042,-0.035770367909345006,0.8108047831867972,0.9286091450931295,0.6382724974125267,-0.035770367909345006,1.3182291963644241,66.66666666666666,2.0,0.6666666666666666,3.008929801798035,1.9459101490553132,533.3333333333333,0.6666666666666666,19.2657,35502.55,25.0
2001000580,Dr. Thomas Allen,Palliative Care,Miami,FL,Actiq,REP-S575,Stephen Kapoor,TERR-S05,3,10.0,4,2,0,-0.0294047161021094,1.5830788039184518,1.404685719682352,1.4059,0.01341624729572466,24.7379,synthetic,-1.2123444891488182,-0.9084618181399344,-1.3771478678410778,1.3886155051085627,-0.9776304286355144,0.49200204971331685,-1.3771478678410778,1.5660672692685402,50.0,0.6666666666666666,0.0,3.2345483664624273,1.0986122886681098,500.0,0.0,24.3949,44478.73,19.0
2001000581,Dr. Stephanie Young,Family Practice,Austin,TX,Actiq,REP-S684,Sarah Larsson,TERR-S02,3,8.0,2,2,2,1.5095349991376794,0.7198705109276226,-0.3828921128335475,4.3121,0.040171263672712065,20.0336,synthetic,1.7672369127152399,-0.9084618181399344,0.6349183820565215,0.803173222098977,-0.9776304286355144,1.8084360790062082,0.6349183820565215,1.2928542682609332,100.0,0.6666666666666666,1.0,3.005949895414408,1.0986122886681098,800.0,1.0,19.2054,20889.3,28.0
2001000582,Dr. Elizabeth Perez,Orthopedics,New York,NY,Actiq,REP-S683,Sean Larsson,TERR-S01,3,3.0,5,2,2,0.9965550940577499,-0.5992188820921053,-1.054279831131008,4.7067,0.042325035399642275,11.8059,synthetic,-1.80826076952163,-0.9084618181399344,0.6349183820565215,-0.47315308925259725,-0.9776304286355144,-1.1754810540576788,0.6349183820565215,0.6984683526660576,40.0,0.6666666666666666,1.0,2.5075809668268727,1.0986122886681098,120.0,1.0,11.2752,12029.46,25.0
2001000583,Dr. Sandra Walker,Internal Medicine,Charlotte,NC,Subsys,REP-S711,Silas Rossi,TERR-S01,3,5.0,5,3,0,0.14158858559120047,-0.3188903463608315,-0.5254137797107293,1.5767,0.014528100562909874,13.1648,synthetic,-0.6164282087760067,-0.47808241626437475,-1.3771478678410778,-0.1436771156113637,-0.33040708865298646,-0.385620636481944,-1.3771478678410778,0.839560911730433,60.0,1.0,0.0,2.636231913311738,1.3862943611198906,300.0,0.0,12.9605,19008.54,20.0
2001000584,Dr. Emily Lopez,Pain Management,Chicago,IL,Fentora,REP-S630,Sadie Novak,TERR-S04,1,6.0,12,9,5,2.022514904217609,0.06947437518748494,-0.29972719346706744,9.6697,0.08688249716988317,16.7744,synthetic,0.27744621178321077,2.104193994988983,-0.2593332845646337,0.25236932264521056,1.7310517392273213,0.2725963781645016,-0.2593332845646337,1.0557942022479248,75.0,3.0,0.5555555555555556,2.7908767226754376,2.302585092994046,450.0,0.5555555555555556,15.2953,21986.77,31.0
2001000585,Dr. Kathleen Moore,Neurology,New York,NY,Lazanda,REP-S570,Sadie Kapoor,TERR-S14,3,7.0,5,3,3,-1.3973511296485885,0.21112736339655902,-0.5531813919492956,2.4405,0.02272359860588624,16.541,synthetic,-0.6164282087760067,-0.47808241626437475,0.6349183820565215,0.382828751610378,-0.33040708865298646,0.1409529752352125,0.6349183820565215,1.104829568132833,60.0,1.0,1.0,2.8418173992557567,1.3862943611198906,420.0,1.0,16.1469,18642.11,11.0
2001000587,Dr. Thomas Garcia,Internal Medicine,Portland,OR,Fentora,REP-S664,Sarah Kowalski,TERR-S10,3,8.0,2,2,3,1.8515216025242993,0.5679545009096006,1.2780010565486895,1.802,0.016940410973911302,18.6217,synthetic,1.7672369127152399,-0.9084618181399344,1.640951507005321,0.6847158675231666,-0.9776304286355144,1.8084360790062082,1.640951507005321,1.1849336177974812,100.0,0.6666666666666666,1.5,2.9596956856890406,1.0986122886681098,800.0,1.5,18.2921,42806.96,30.0
2001000588,Dr. Jessica Davis,Oncology,Nashville,TN,Actiq,REP-S623,Sean Novak,TERR-S11,3,7.0,4,2,0,-0.37139131948872917,0.3741547163130851,-0.5170341640642468,3.17,0.02951541807284963,17.67,synthetic,-1.2123444891488182,-0.9084618181399344,-1.3771478678410778,0.525182684449723,-0.9776304286355144,-0.16621496493312882,-1.3771478678410778,1.1371449378064806,50.0,0.6666666666666666,0.0,2.897402539480782,1.0986122886681098,350.0,0.0,17.127,19119.12,17.0
2001000589,Dr. John Baker,Pain Management,New York,NY,Fentora,REP-S777,Stanley Muller,TERR-S11,3,4.0,3,3,3,-0.0294047161021094,-0.5268953507707036,-0.42975976236363084,7.3556,0.06556818361477879,12.5713,synthetic,1.7672369127152399,-0.47808241626437475,0.6349183820565215,-0.38400925467223024,-0.33040708865298646,0.0531907066156864,0.6349183820565215,0.8083104030861245,100.0,1.0,1.0,2.542389085201363,1.3862943611198906,400.0,1.0,11.71,20270.82,19.0
2001000590,Dr. Robert Carter,Pain Management,New York,NY,Fentora,REP-S556,Sasha Chen,TERR-S14,2,3.0,9,6,7,1.5095349991376794,-0.6672509067251623,-0.4580820751496039,10.3092,0.09020863344060093,11.9864,synthetic,-0.21915068852746614,0.8130557893623042,0.9702627570394549,-0.559937790465727,0.9286091450931295,-0.8244319795795746,0.9702627570394549,0.750065115458108,66.66666666666666,2.0,1.1666666666666667,2.473694022573897,1.9459101490553132,199.99999999999997,1.1666666666666667,10.8662,19897.07,28.0
2001000591,Dr. Charles Adams,Palliative Care,Columbus,OH,Subsys,REP-S727,Scott Santos,TERR-S03,1,3.0,10,6,1,-0.713377922875349,-0.6112783485612902,-1.0553452805431038,5.8208,0.05205226449381595,11.8547,synthetic,-0.6164282087760067,0.8130557893623042,-1.0418034928581448,-0.48832379833798994,0.9286091450931295,-0.9121942481991006,-1.0418034928581448,0.7191741633470388,60.0,2.0,0.16666666666666666,2.501657238728849,1.9459101490553132,180.0,0.16666666666666666,11.2027,12015.4,15.0
2001000592,Dr. Richard Adams,Internal Medicine,Atlanta,GA,Subsys,REP-S623,Sean Novak,TERR-S11,3,7.0,5,4,2,2.5354948092975387,0.1961736249747697,0.7821934906210684,4.9439,0.04548764848978992,16.8508,synthetic,0.5754043519696166,-0.04770301438881521,-0.37111474289227814,0.36936624827761677,0.171618335963463,0.7552888555718951,-0.37111474289227814,1.0401473368817222,80.0,1.3333333333333333,0.5,2.8365606766587357,1.6094379124341003,560.0,0.5,16.057,36264.13,34.0
2001000593,Dr. Susan Young,Oncology,Chicago,IL,Fentora,REP-S730,Sadie Santos,TERR-S06,3,9.0,2,2,1,-0.0294047161021094,0.9706076110055446,1.6913939128665696,2.4205,0.022825274002907125,21.2141,synthetic,1.7672369127152399,-0.9084618181399344,-0.37111474289227814,0.9874429329703251,-0.9776304286355144,2.2472474221038388,-0.37111474289227814,1.3752236625093757,100.0,0.6666666666666666,0.5,3.0779019483975047,1.0986122886681098,900.0,0.5,20.7128,48262.22,19.0
2001000594,Dr. Laura Gonzalez,Palliative Care,Boston,MA,Subsys,REP-S564,Sarah Kapoor,TERR-S08,3,7.0,2,1,2,1.1675483957510597,0.16091008164418794,0.4703191701426124,2.7078,0.025148603999577634,16.274,synthetic,-1.2123444891488182,-1.3388412200154942,2.646984631954121,0.3373362465255653,-1.889840491916844,-0.16621496493312882,2.646984631954121,1.0171935888878423,50.0,0.3333333333333333,2.0,2.824053876858516,0.6931471805599453,350.0,2.0,15.845,32148.54,26.0
2001000595,Dr. Jessica Flores,Pain Management,Los Angeles,CA,Subsys,REP-S751,Silas Tanaka,TERR-S13,1,7.0,12,6,5,-0.542384621182039,0.22872586756814234,-0.14880772404020928,8.5654,0.07759863386861188,17.6448,synthetic,-1.2123444891488182,0.8130557893623042,0.2995740070735884,0.39858215538557984,0.9286091450931295,-0.16621496493312882,0.2995740070735884,1.121880998141576,50.0,2.0,0.8333333333333334,2.84796865296825,1.9459101490553132,350.0,0.8333333333333334,16.2527,23978.35,16.0
2001000596,Dr. Michelle Green,Family Practice,Boston,MA,Subsys,REP-S660,Sloan Dubois,TERR-S06,3,2.0,3,2,3,-1.2263578279552785,-1.0078435073086525,-0.2759713089579714,2.6826,0.023811367617087242,9.0552,synthetic,-0.21915068852746614,-0.9084618181399344,1.640951507005321,-1.0450321505798033,-0.9776304286355144,-1.1169728749779948,1.640951507005321,0.5936436965689788,66.66666666666666,0.6666666666666666,1.5,2.2842785460114032,1.0986122886681098,133.33333333333331,1.5,8.8186,22300.26,12.0
2001000597,Dr. Karen Hill,Palliative Care,Seattle,WA,Subsys,REP-S727,Scott Santos,TERR-S03,2,7.0,9,7,1,-1.0553645262619686,0.17172201709931917,0.15776662973255887,5.7426,0.05261825893086147,16.8236,synthetic,0.44297851188677,1.243435191237864,-1.089709832141421,0.3471994170378314,1.2290263146108709,0.6870293133122637,-1.089709832141421,1.0213663615781363,77.77777777777779,2.3333333333333335,0.14285714285714285,2.827905162910489,2.0794415416798357,544.4444444444445,0.14285714285714285,15.91,28024.0,13.0
2001000598,Dr. Michael Miller,Oncology,Miami,FL,Abstral,REP-S691,Silas Larsson,TERR-S09,3,7.0,5,3,3,-0.0294047161021094,0.1570510523740486,-0.6355885236827061,4.9337,0.045359592106949176,16.6024,synthetic,-0.6164282087760067,-0.47808241626437475,0.6349183820565215,0.3338066344656637,-0.33040708865298646,0.1409529752352125,0.6349183820565215,1.0504863535345697,60.0,1.0,1.0,2.822675664276845,1.3862943611198906,420.0,1.0,15.8218,17554.64,19.0
2001000599,Dr. Laura Walker,Pain Management,Atlanta,GA,Subsys,REP-S622,Sophia Novak,TERR-S10,3,4.0,3,3,3,-0.542384621182039,-0.513471917059487,-0.4127110561948329,7.4585,0.06649262164693637,12.6701,synthetic,1.7672369127152399,-0.47808241626437475,0.6349183820565215,-0.3677999777273538,-0.33040708865298646,0.0531907066156864,0.6349183820565215,0.8138809111586308,100.0,1.0,1.0,2.548718344351119,1.3862943611198906,400.0,1.0,11.7907,20495.8,16.0
2001000600,Dr. Melissa Mitchell,Palliative Care,Denver,CO,Abstral,REP-S696,Sasha Larsson,TERR-S14,2,10.0,8,5,1,-1.2263578279552785,1.3756726143953253,0.8795851150107953,4.4373,0.04165384985719456,24.1751,synthetic,-0.46744913868280374,0.3826763874867446,-0.9747346178615579,1.2596769840608637,0.5818029746283429,1.0405162285853549,-0.9747346178615579,1.4860206497681143,62.5,1.6666666666666667,0.2,3.18420156093418,1.791759469228055,625.0,0.2,23.148,37549.34,12.0
2001000601,Dr. David Garcia,Family Practice,Charlotte,NC,Fentora,REP-S603,Sean O'Connor,TERR-S05,3,9.0,3,2,3,-0.20039801779541927,0.9078318503783666,1.3716067739236013,1.5428,0.014596218146142537,20.6491,synthetic,-0.21915068852746614,-0.9084618181399344,1.640951507005321,0.9425375105656454,-0.9776304286355144,0.9308133928109468,1.640951507005321,1.36892273458472,66.66666666666666,0.6666666666666666,1.5,3.0603676649994824,1.0986122886681098,599.9999999999999,1.5,20.3354,44042.21,18.0
2001000602,Dr. Richard Wright,Oncology,Jacksonville,FL,Abstral,REP-S603,Sean O'Connor,TERR-S05,3,8.0,2,2,0,-1.0553645262619686,0.7226150791585405,-0.37963589937424774,3.1623,0.02961367731710407,19.8297,synthetic,1.7672369127152399,-0.9084618181399344,-1.3771478678410778,0.8052637212288054,-0.9776304286355144,1.8084360790062082,-1.3771478678410778,1.2762355508858758,100.0,0.6666666666666666,0.0,3.0067661755476935,1.0986122886681098,800.0,0.0,19.2219,20932.27,13.0
2001000603,Dr. Susan Hernandez,Oncology,Detroit,MI,Subsys,REP-S699,Solomon Larsson,TERR-S03,2,1.0,5,3,3,0.31258188728451036,-1.3402024031993889,-0.7428685188963572,5.1322,0.04378161537754277,7.1705,synthetic,-0.6164282087760067,-0.47808241626437475,0.6349183820565215,-1.6277382123094108,-0.33040708865298646,-1.438767859916257,0.6349183820565215,0.4528462105628015,60.0,1.0,1.0,2.056748491132159,1.3862943611198906,60.0,1.0,6.8205,16138.94,21.0
2001000604,Dr. Deborah Wilson,Pain Management,Atlanta,GA,Subsys,REP-S649,Seth Dubois,TERR-S09,2,6.0,8,7,8,-0.0294047161021094,-0.05629338477597323,-0.12107572782039712,10.1331,0.09057662636657104,16.0124,synthetic,1.0223415622492253,1.243435191237864,0.9223564177561785,0.1306936802006862,1.2290263146108709,0.6017048854877244,0.9223564177561785,1.0036026142228676,87.5,2.3333333333333335,1.1428571428571428,2.743365863562878,2.0794415416798357,525.0,1.1428571428571428,14.5392,24344.31,19.0
2001000605,Dr. Sandra Green,Pain Management,Columbus,OH,Actiq,REP-S734,Selena Santos,TERR-S10,2,8.0,5,2,3,-0.8843712245686588,0.4247046730025379,-0.2506915135187722,6.7617,0.06198553877470259,18.6095,synthetic,-1.80826076952163,-0.9084618181399344,1.640951507005321,0.5677621517320123,-0.9776304286355144,-0.2978583678624179,1.640951507005321,1.20320903545294,40.0,0.6666666666666666,1.5,2.914028603913185,1.0986122886681098,320.0,1.5,17.4309,22633.86,14.0
2001000607,Dr. Kimberly Rivera,Emergency Medicine,Nashville,TN,Abstral,REP-S690,Sadie Larsson,TERR-S08,3,6.0,3,2,1,-0.20039801779541927,0.09805115228273986,0.5008996900751326,0.3783,0.003546242732919591,15.5256,synthetic,-0.21915068852746614,-0.9084618181399344,-0.37111474289227814,0.27922846814872426,-0.9776304286355144,0.05319070661568615,-0.37111474289227814,1.1904276902142403,66.66666666666666,0.6666666666666666,0.5,2.8013644509689866,1.0986122886681098,399.99999999999994,0.5,15.4671,32552.09,18.0
2001000608,Dr. Kimberly Miller,Palliative Care,Jacksonville,FL,Subsys,REP-S785,Simon Gomez,TERR-S05,3,7.0,5,4,1,-0.713377922875349,0.21515273013523875,-0.8328701982883904,4.9476,0.04554273844184342,16.9712,synthetic,0.5754043519696166,-0.04770301438881521,-0.874131305366678,0.3864406392209915,0.171618335963463,0.7552888555718951,-0.874131305366678,1.038128068492533,80.0,1.3333333333333333,0.25,2.8432277380873474,1.6094379124341003,560.0,0.25,16.1711,14951.25,15.0
2001000609,Dr. Rebecca Hall,Internal Medicine,Chicago,IL,Subsys,REP-S720,Sloan Rossi,TERR-S10,3,1.0,5,2,0,0.48357518897782026,-1.6614000549510588,-1.5394086537334135,2.313,0.019021604282911886,5.0026,synthetic,-1.80826076952163,-0.9084618181399344,-1.3771478678410778,-2.3539818828268557,-0.9776304286355144,-1.526530128535783,-1.3771478678410778,0.31673415978596137,40.0,0.6666666666666666,0.0,1.7731711044167022,1.0986122886681098,40.0,0.0,4.8895,5627.55,22.0
2001000610,Dr. Michelle Hernandez,Oncology,Austin,TX,Subsys,REP-S705,Simon Rossi,TERR-S09,3,9.0,2,1,2,1.3385416974443696,0.7669606482714324,-0.11494219471833257,2.834,0.026599656831429286,20.0408,synthetic,-1.2123444891488182,-1.3388412200154942,2.646984631954121,0.8388067090094944,-1.889840491916844,0.2725963781645016,2.646984631954121,1.293936423217236,50.0,0.3333333333333333,2.0,3.019863753128919,0.6931471805599453,450.0,2.0,19.4885,24425.25,27.0
2001000611,Dr. Deborah Lewis,Orthopedics,Portland,OR,Subsys,REP-S559,Solomon Chen,TERR-S03,3,1.0,4,3,4,-0.20039801779541927,-1.7488436621627899,-1.1506105528344377,5.2159,0.0415570239209766,4.5914,synthetic,0.27744621178321077,-0.47808241626437475,1.3056071320223879,-2.5934320038822296,-0.33040708865298646,-1.3729461584516125,1.3056071320223879,0.270325688002354,75.0,1.0,1.3333333333333333,1.6796726791165513,1.3862943611198906,75.0,1.3333333333333333,4.3638,10758.25,18.0
2001000612,Dr. Nancy Martin,Orthopedics,Jacksonville,FL,Fentora,REP-S520,Sloan Brooks,TERR-S06,3,5.0,4,3,4,-1.0553645262619686,-0.35081050657375,-0.1458909994405246,5.0014,0.045337444349566436,13.4072,synthetic,0.27744621178321077,-0.47808241626437475,1.3056071320223879,-0.17912472033997873,-0.33040708865298646,-0.0565121291587212,1.3056071320223879,0.7909804711093215,75.0,1.0,1.3333333333333333,2.6223906372740395,1.3862943611198906,375.0,1.3333333333333333,12.7686,24016.84,13.0
2001000613,Dr. Margaret Adams,Palliative Care,Las Vegas,NV,Abstral,REP-S670,Sadie Kowalski,TERR-S02,1,7.0,13,12,9,-0.20039801779541927,0.1402842355451681,0.03694496951595541,12.308,0.1094970354673519,17.6559,synthetic,1.308839773966923,3.395332200615662,0.1319018195821217,0.31841434270588137,2.321315408052812,1.1333417050098538,0.1319018195821217,1.0092332225248195,92.3076923076923,4.0,0.75,2.816665414480532,2.5649493574615367,646.1538461538462,0.75,15.721,26429.6,18.0
2001000614,Dr. Michael Flores,Oncology,Jacksonville,FL,Fentora,REP-S835,Stephen Alvarez,TERR-S13,1,2.0,9,7,8,-0.8843712245686588,-1.0700370867959386,-1.1721885556860923,8.428,0.07265031104017305,9.1564,synthetic,0.44297851188677,1.243435191237864,0.9223564177561785,-1.1444627564050252,1.2290263146108709,-1.0194592431785212,0.9223564177561785,0.5606847583519815,77.77777777777779,2.3333333333333335,1.1428571428571428,2.245453737611543,2.0794415416798357,155.55555555555557,1.1428571428571428,8.4447,10473.5,14.0
2001000615,Dr. Mary Anderson,Pain Management,Charlotte,NC,Actiq,REP-S757,Stanley Tanaka,TERR-S05,2,7.0,8,6,4,1.1675483957510597,0.3335184727486456,-0.7577582880985401,8.2119,0.0746690115567974,18.2691,synthetic,0.27744621178321077,0.8130557893623042,-0.035770367909345006,0.4904329582585241,0.9286091450931295,0.6017048854877244,-0.035770367909345006,1.1653682358823323,75.0,2.0,0.6666666666666666,2.8838337650564116,1.9459101490553132,525.0,0.6666666666666666,16.8827,15942.45,26.0
2001000616,Dr. Kimberly Hill,Anesthesiology,Jacksonville,FL,Fentora,REP-S848,Serena Kim,TERR-S12,2,4.0,7,6,6,-0.542384621182039,-0.541815821698785,-0.11515134410505964,6.9403,0.061946080998207975,12.4268,synthetic,0.91592794075408,0.8130557893623042,0.6349183820565215,-0.4021474755033715,0.9286091450931295,-0.19755863229724538,0.6349183820565215,0.7968625587794298,85.71428571428571,2.0,1.0,2.535306628621331,1.9459101490553132,342.85714285714283,1.0,11.6203,24422.49,16.0
2001000618,Dr. Margaret Gonzalez,Internal Medicine,Phoenix,AZ,Abstral,REP-S778,Summer Muller,TERR-S12,3,7.0,5,2,1,-0.37139131948872917,0.39107123686365225,0.8808756273499132,0.9204,0.008657495240740776,17.3872,synthetic,-1.80826076952163,-0.9084618181399344,-0.37111474289227814,0.5395108415525941,-0.9776304286355144,-0.4733829051014701,-0.37111474289227814,1.1160482296153784,40.0,0.6666666666666666,0.5,2.902997275122038,1.0986122886681098,280.0,0.5,17.2287,37566.37,17.0
2001000619,Dr. Deborah Young,Oncology,Portland,OR,Fentora,REP-S752,Sienna Tanaka,TERR-S14,1,4.0,11,8,7,1.3385416974443696,-0.40691613471245436,0.2862351249544668,6.5674,0.059007686115482016,13.2477,synthetic,0.14201069351666307,1.6738145931134232,0.3834101008193216,-0.24264494964570738,1.4940130379096728,-0.42551257676354665,0.3834101008193216,0.8253745469348808,72.72727272727273,2.6666666666666665,0.875,2.5975878040634575,2.1972245773362196,290.90909090909093,0.875,12.4313,29719.31,27.0
2001000620,Dr. Elizabeth Robinson,Oncology,Columbus,OH,Actiq,REP-S725,Simon Santos,TERR-S01,2,9.0,9,6,4,-0.0294047161021094,0.9920984119409744,0.1732785425814919,5.0774,0.047310922370973785,21.9002,synthetic,-0.21915068852746614,0.8130557893623042,-0.035770367909345006,1.002636807081075,0.9286091450931295,0.9308133928109468,-0.035770367909345006,1.3838018797082192,66.66666666666666,2.0,0.6666666666666666,3.0838347217755366,1.9459101490553132,599.9999999999999,0.6666666666666666,20.842,28228.7,19.0
2001000621,Dr. William Lopez,Oncology,New York,NY,Fentora,REP-S827,Scott Alvarez,TERR-S05,3,6.0,2,2,3,-0.8843712245686588,-0.10248529978966489,-0.6741690076575412,4.5035,0.04122475715766072,14.9038,synthetic,1.7672369127152399,-0.9084618181399344,1.640951507005321,0.08451220292194839,-0.9776304286355144,0.9308133928109472,1.640951507005321,0.9468904379358396,100.0,0.6666666666666666,1.5,2.7253333172247696,1.0986122886681098,600.0,1.5,14.2615,17045.52,14.0
2001000622,Dr. James Miller,Palliative Care,Los Angeles,CA,Lazanda,REP-S808,Serena Vargas,TERR-S14,2,2.0,7,5,0,4.0744345245373275,-1.0237121018074142,-0.43609259361319275,3.8057,0.033575131229536925,9.0552,synthetic,0.06461896879292103,0.3826763874867446,-1.3771478678410778,-1.0700372174721262,0.5818029746283429,-1.075181318492506,-1.3771478678410778,0.5599989343380515,71.42857142857143,1.6666666666666667,0.0,2.2745147823989535,1.791759469228055,142.85714285714286,0.0,8.7232,20187.25,43.0
2001000623,Dr. Kathleen Jackson,Pain Management,Houston,TX,Actiq,REP-S771,Silas Muller,TERR-S05,3,6.0,5,4,4,0.9965550940577499,-0.06875206116965522,0.2599770256809749,8.0605,0.07268617797633903,15.6302,synthetic,0.5754043519696166,-0.04770301438881521,0.6349183820565215,0.11831960650096694,0.171618335963463,0.4042397810937907,0.6349183820565215,0.9984324648470221,80.0,1.3333333333333333,1.0,2.7385341416143882,1.6094379124341003,480.0,1.0,14.4643,29372.8,25.0
2001000624,Dr. Joseph Young,Neurology,New York,NY,Subsys,REP-S753,Spencer Tanaka,TERR-S01,3,8.0,4,2,2,-1.0553645262619686,0.569917283038378,0.007804246086267293,3.998,0.03720853429896609,19.0357,synthetic,-1.2123444891488182,-0.9084618181399344,0.6349183820565215,0.6862818268693374,-0.9776304286355144,0.0531907066156864,0.6349183820565215,1.2524193456419848,50.0,0.6666666666666666,1.0,2.9603071480357945,1.0986122886681098,400.0,1.0,18.3039,26045.05,13.0
2001000625,Dr. Sharon Young,Family Practice,Nashville,TN,Lazanda,REP-S693,Spencer Larsson,TERR-S11,3,1.0,3,2,0,0.14158858559120047,-1.8601400623632263,-1.6634971364361795,2.4522,0.01911450600927611,3.7853,synthetic,-0.21915068852746614,-0.9084618181399344,-1.3771478678410778,-2.9346566477531635,-0.9776304286355144,-1.409513770376415,-1.3771478678410778,0.24871695798804866,66.66666666666666,0.6666666666666666,0.0,1.546434212855099,1.0986122886681098,66.66666666666666,0.0,3.6947,3990.04,20.0
2001000626,Dr. Susan Lee,Oncology,Nashville,TN,Fentora,REP-S558,Summer Chen,TERR-S02,2,1.0,9,7,4,-0.8843712245686588,-1.575885962374397,-1.0921798218113468,8.8599,0.0720925661824594,5.8823,synthetic,0.44297851188677,1.243435191237864,-0.2273957250424497,-2.139653185154879,1.2290263146108709,-1.3607569544766782,-0.2273957250424497,0.3587713193163484,77.77777777777779,2.3333333333333335,0.5714285714285714,1.8568603322218022,2.0794415416798357,77.77777777777779,0.5714285714285714,5.4036,11529.32,14.0
2001000627,Dr. Lisa Davis,Oncology,Charlotte,NC,Subsys,REP-S540,Sloan Patel,TERR-S12,2,7.0,6,4,3,-1.3973511296485885,0.23030607351927676,0.3698024295541066,7.3932,0.06733082980842342,17.4645,synthetic,-0.21915068852746614,-0.04770301438881521,0.1319018195821217,0.39999195619917943,0.171618335963463,0.3457316020141065,0.1319018195821217,1.079726654264994,66.66666666666666,1.3333333333333333,0.75,2.84851913987332,1.6094379124341003,466.66666666666663,0.75,16.2622,30822.09,11.0
2001000628,Dr. John Hill,Internal Medicine,Portland,OR,Abstral,REP-S836,Sasha Alvarez,TERR-S14,3,1.0,3,2,2,-0.37139131948872917,-1.2371230739448524,-1.2817411560113188,3.0241,0.026297458772308158,7.6651,synthetic,-0.21915068852746614,-0.9084618181399344,0.6349183820565215,-1.4324421859783878,-0.9776304286355144,-1.409513770376415,0.6349183820565215,0.4819645149073545,66.66666666666666,0.6666666666666666,1.0,2.1330060050095683,1.0986122886681098,66.66666666666666,1.0,7.4402,9027.81,17.0
2001000629,Dr. Deborah Garcia,Internal Medicine,Austin,TX,Actiq,REP-S623,Sean Novak,TERR-S11,3,5.0,2,2,3,0.6545684906711301,-0.23246139770719718,0.01823064612967075,5.6823,0.05154188055501052,14.246,synthetic,1.7672369127152399,-0.9084618181399344,1.640951507005321,-0.05008926464288505,-0.9776304286355144,0.49200204971331685,1.640951507005321,0.8732197867533976,100.0,0.6666666666666666,1.5,2.6727752930110715,1.0986122886681098,500.0,1.5,13.4801,26182.64,23.0
2001000630,Dr. Barbara Wilson,Anesthesiology,Jacksonville,FL,Subsys,REP-S529,Seth Patel,TERR-S01,3,6.0,4,2,3,0.6545684906711301,0.0933937031636063,0.8189484641878395,2.4901,0.023120018955079757,15.8236,synthetic,-1.2123444891488182,-0.9084618181399344,1.640951507005321,0.27487012758563223,-0.9776304286355144,-0.385620636481944,1.640951507005321,1.0587369285863097,50.0,0.6666666666666666,1.5,2.7996626436039502,1.0986122886681098,300.0,1.5,15.4391,36749.16,23.0
2001000632,Dr. Carol Lewis,Pain Management,Houston,TX,Abstral,REP-S793,Spencer Gomez,TERR-S13,1,1.0,13,9,5,-0.713377922875349,-1.7535676462693397,-1.5965011317965037,9.7545,0.07627843374392151,4.7583,synthetic,-0.06635164227802695,2.104193994988983,-0.2593332845646337,-2.607027930574215,1.7310517392273213,-1.3982621974764757,-0.2593332845646337,0.2992612230178978,69.23076923076923,3.0,0.5555555555555556,1.6743638585129361,2.302585092994046,69.23076923076923,0.5555555555555556,4.3354,4874.14,15.0
2001000633,Dr. Michelle Jackson,Pain Management,Los Angeles,CA,Subsys,REP-S826,Stella Alvarez,TERR-S04,1,6.0,13,12,4,1.5095349991376794,-0.13663438208102566,-0.01817044061245648,7.0656,0.0638753684222575,15.0493,synthetic,1.308839773966923,3.395332200615662,-0.7064591178752114,0.04982733089099087,2.321315408052812,0.7282850806120408,-0.7064591178752114,0.970262398621621,92.3076923076923,4.0,0.3333333333333333,2.711789866495497,2.5649493574615367,553.8461538461538,0.3333333333333333,14.0562,25702.28,28.0
2001000635,Dr. Patricia Harris,Pain Management,Las Vegas,NV,Abstral,REP-S707,Scott Rossi,TERR-S11,3,2.0,3,2,1,0.48357518897782026,-0.859902962788748,-0.09075967577181832,5.6203,0.04970583780911664,10.2537,synthetic,-0.21915068852746614,-0.9084618181399344,-0.37111474289227814,-0.8229606276983022,-0.9776304286355144,-1.1169728749779948,-0.37111474289227814,0.6701176253766093,66.66666666666666,0.6666666666666666,0.5,2.370991125658106,1.0986122886681098,133.33333333333331,0.5,9.708,24744.37,22.0
2001000636,Dr. Kathleen White,Pain Management,Chicago,IL,Subsys,REP-S722,Sophia Santos,TERR-S12,1,2.0,9,6,1,-0.20039801779541927,-1.1398322885955245,-1.1563159359238182,5.7031,0.04947004681697198,8.4828,synthetic,-0.21915068852746614,0.8130557893623042,-1.0418034928581448,-1.260845550353561,0.9286091450931295,-1.1169728749779948,-1.0418034928581448,0.5539514787195949,66.66666666666666,2.0,0.16666666666666666,2.200009584489968,1.9459101490553132,133.33333333333331,0.16666666666666666,8.0251,10682.96,18.0
2001000637,Dr. Sarah Mitchell,Anesthesiology,Philadelphia,PA,Subsys,REP-S535,Stephen Patel,TERR-S07,2,8.0,8,5,1,1.3385416974443696,0.5693683693921945,-0.7385521605383933,4.4934,0.041722286523409924,19.1229,synthetic,-0.46744913868280374,0.3826763874867446,-0.9747346178615579,0.6858439855244967,0.5818029746283429,0.49200204971331685,-0.9747346178615579,1.2549644108326663,62.5,1.6666666666666667,0.2,2.960136183510517,1.791759469228055,500.0,0.2,18.3006,16195.9,27.0
2001000638,Dr. Ashley Robinson,Internal Medicine,Los Angeles,CA,Actiq,REP-S579,Solomon Kapoor,TERR-S09,3,6.0,5,3,1,3.0484747143774684,-0.08292401348930432,-0.5755891722591612,3.2349,0.0297940579449687,14.8442,synthetic,-0.6164282087760067,-0.47808241626437475,-0.7064591178752114,0.1041708193491485,-0.33040708865298646,-0.12233383062336577,-0.7064591178752114,0.9314556001591813,60.0,1.0,0.3333333333333333,2.7330094448100124,1.3862943611198906,360.0,0.3333333333333333,14.3791,18346.41,37.0
2001000639,Dr. Deborah Lewis,Palliative Care,Los Angeles,CA,Abstral,REP-S529,Seth Patel,TERR-S01,3,10.0,2,1,1,-0.20039801779541927,2.1407584346941246,0.29879393939732785,5.1552,0.048558896593473566,29.178,synthetic,-1.2123444891488182,-1.3388412200154942,0.6349183820565215,1.7061955309680943,-1.889840491916844,0.49200204971331685,0.6349183820565215,1.781298884633909,50.0,0.3333333333333333,1.0,3.358554285497986,0.6931471805599453,500.0,1.0,27.7476,29885.04,18.0
2001000640,Dr. Melissa Mitchell,Internal Medicine,Phoenix,AZ,Abstral,REP-S618,Summer O'Connor,TERR-S06,3,9.0,3,2,3,-0.542384621182039,0.7969845613429898,1.9040836834154562,5.4032,0.05014163239863967,20.7318,synthetic,-0.21915068852746614,-0.9084618181399344,1.640951507005321,0.8612699162474245,-0.9776304286355144,0.9308133928109468,1.640951507005321,1.2741270454709221,66.66666666666666,0.6666666666666666,1.5,3.0286349932296988,1.0986122886681098,599.9999999999999,1.5,19.669,51068.94,16.0
2001000641,Dr. John Jackson,Oncology,Las Vegas,NV,Subsys,REP-S752,Sienna Tanaka,TERR-S14,2,4.0,8,3,2,-0.8843712245686588,-0.42755861455832816,-0.04116323297505155,4.0486,0.03676182135526673,12.8055,synthetic,-1.9572398396148327,-0.47808241626437475,-0.035770367909345006,-0.2664176556670938,-0.33040708865298646,-1.0438376511283896,-0.035770367909345006,0.8171349435728334,37.5,1.0,0.6666666666666666,2.588305242132286,1.3862943611198906,150.0,0.6666666666666666,12.3072,25398.86,14.0
2001000642,Dr. James White,Oncology,Las Vegas,NV,Subsys,REP-S717,Stanley Rossi,TERR-S07,2,7.0,8,6,6,-1.3973511296485885,0.31231044550973397,0.18979225068134262,7.5827,0.06911226599922582,18.0257,synthetic,0.27744621178321077,0.8130557893623042,0.6349183820565215,0.472108097096739,0.9286091450931295,0.6017048854877244,0.6349183820565215,1.1124593251553188,75.0,2.0,1.0,2.876678430764162,1.9459101490553132,525.0,1.0,16.7552,28446.62,11.0
2001000643,Dr. Susan Lopez,Oncology,Baltimore,MD,Subsys,REP-S756,Sasha Tanaka,TERR-S04,3,9.0,3,1,2,-0.542384621182039,0.7962693102282655,0.6917712390926818,2.9358,0.027553423340811456,20.242,synthetic,-2.205538289770171,-1.3388412200154942,2.646984631954121,0.8607370662915352,-1.889840491916844,-0.3856206364819443,2.646984631954121,1.305635199304204,33.33333333333333,0.3333333333333333,2.0,3.0284269305585365,0.6931471805599453,299.99999999999994,2.0,19.6647,35070.89,16.0
2001000644,Dr. Thomas Brown,Pain Management,Houston,TX,Abstral,REP-S512,Sienna Brooks,TERR-S12,1,4.0,9,7,2,0.48357518897782026,-0.47202061989919897,-0.7558115316691846,6.1484,0.05521889151084158,12.7802,synthetic,0.44297851188677,1.243435191237864,-0.8022717964417637,-0.31838395612440296,1.2290263146108709,-0.33686382058220715,-0.8022717964417637,0.8310825296427522,77.77777777777779,2.3333333333333335,0.2857142857142857,2.568013887757446,2.0794415416798357,311.11111111111114,0.2857142857142857,12.0399,15968.14,22.0
2001000645,Dr. Charles Wilson,Anesthesiology,New York,NY,Subsys,REP-S769,Seth Muller,TERR-S03,2,6.0,7,4,4,-1.3973511296485885,-0.03728101212179617,0.377927428555878,5.1662,0.047226839709400004,15.4105,synthetic,-0.7866900031682388,-0.04770301438881521,0.6349183820565215,0.14946245683736467,0.171618335963463,-0.19755863229724538,0.6349183820565215,1.0048643757109863,57.14285714285714,1.3333333333333333,1.0,2.7506945341545035,1.6094379124341003,342.85714285714283,1.0,14.6535,30929.31,11.0
2001000647,Dr. Linda Miller,Palliative Care,Miami,FL,Abstral,REP-S651,Silas Dubois,TERR-S11,3,5.0,5,3,0,-0.20039801779541927,-0.20511551787914192,-0.9112527199025687,2.4284,0.02237740401081645,13.9759,synthetic,-0.6164282087760067,-0.47808241626437475,-1.3771478678410778,-0.021176660074463453,-0.33040708865298646,-0.385620636481944,-1.3771478678410778,0.8759291841956556,60.0,1.0,0.0,2.684064838351699,1.3862943611198906,300.0,0.0,13.6445,13916.89,18.0
2001000648,Dr. Kimberly Hernandez,Neurology,Atlanta,GA,Subsys,REP-S621,Samuel Novak,TERR-S09,3,9.0,2,1,2,1.6805283008309895,0.9776769534185146,1.5092876934007349,1.9453,0.018386328496156068,21.159,synthetic,-1.2123444891488182,-1.3388412200154942,2.646984631954121,0.9924508735933442,-1.889840491916844,0.2725963781645016,2.646984631954121,1.4201530408603131,50.0,0.3333333333333333,2.0,3.0798574060109116,0.6931471805599453,450.0,2.0,20.7553,45859.09,29.0
2001000649,Dr. Lisa Williams,Pain Management,Atlanta,GA,Abstral,REP-S561,Samuel Kapoor,TERR-S05,3,2.0,2,1,1,0.14158858559120047,-1.0956696906980268,-0.6792727073662645,3.521,0.030935381956496144,8.5825,synthetic,-1.2123444891488182,-1.3388412200154942,0.6349183820565215,-1.1865928613665544,-1.889840491916844,-1.2632433226772048,0.6349183820565215,0.5722782431960566,50.0,0.3333333333333333,1.0,2.2290031363160767,0.6931471805599453,100.0,1.0,8.2906,16978.17,20.0
2001000650,Dr. David Davis,Pain Management,Columbus,OH,Abstral,REP-S773,Spencer Muller,TERR-S07,2,6.0,6,4,2,-0.0294047161021094,0.12205364899313127,0.12921925401956405,9.43,0.08491071365220604,17.0835,synthetic,-0.21915068852746614,-0.04770301438881521,-0.37111474289227814,0.30157262845651694,0.171618335963463,0.05319070661568615,-0.37111474289227814,1.0776137512159456,66.66666666666666,1.3333333333333333,0.5,2.8100892066476426,1.6094379124341003,399.99999999999994,0.5,15.6114,27647.28,19.0
2001000651,Dr. Mary Thomas,Pain Management,Denver,CO,Subsys,REP-S798,Summer Gomez,TERR-S04,2,10.0,7,5,2,-0.713377922875349,1.711541230872266,2.619719379395479,5.4217,0.05083134998715799,26.5317,synthetic,0.06461896879292103,0.3826763874867446,-0.572321367882038,1.4653390531038832,0.5818029746283429,1.4323120706368109,-0.572321367882038,1.7372254121732802,71.42857142857143,1.6666666666666667,0.4,3.264506718078145,1.791759469228055,714.2857142857143,0.4,25.1672,60512.69,15.0
2001000652,Dr. Sharon Lee,Anesthesiology,Columbus,OH,Subsys,REP-S653,Spencer Dubois,TERR-S13,2,3.0,8,7,5,1.1675483957510597,-0.743500002304119,-0.23561911749701978,9.4854,0.0829958335256955,11.395,synthetic,1.0223415622492253,1.243435191237864,0.06004231065720745,-0.6608329906367009,1.2290263146108709,-0.5501748901435554,0.06004231065720745,0.7137153205394481,87.5,2.3333333333333335,0.7142857142857143,2.4342973319614583,2.0794415416798357,262.5,0.7142857142857143,10.4078,22832.76,26.0
2001000653,Dr. Robert Allen,Pain Management,Philadelphia,PA,Subsys,REP-S631,Silas Novak,TERR-S05,3,5.0,5,4,1,-1.2263578279552785,-0.2419426334140047,-0.8238063004092459,7.3639,0.06628938467722456,14.4116,synthetic,0.5754043519696166,-0.04770301438881521,-0.874131305366678,-0.06019040139328439,0.171618335963463,0.0531907066156864,-0.874131305366678,0.9265611760602354,80.0,1.3333333333333333,0.25,2.6688310879476487,1.6094379124341003,400.0,0.25,13.4231,15070.86,12.0
2001000654,Dr. Patricia Brown,Pain Management,Boston,MA,Abstral,REP-S706,Stella Rossi,TERR-S10,2,2.0,7,3,2,-0.713377922875349,-1.103637255441116,-0.9697046689793856,6.8406,0.05922157762412272,8.8066,synthetic,-1.6379989751293982,-0.47808241626437475,-0.035770367909345006,-1.1998309256209525,-0.33040708865298646,-1.3259306574054377,-0.035770367909345006,0.5689718325805292,42.857142857142854,1.0,0.6666666666666666,2.2238340507614187,1.3862943611198906,85.71428571428571,0.6666666666666666,8.2427,13145.54,15.0
2001000655,Dr. Margaret Williams,Anesthesiology,Charlotte,NC,Lazanda,REP-S814,Selena Vargas,TERR-S06,3,9.0,4,3,4,-0.8843712245686588,0.8059834183910295,-0.30604486896396793,5.6591,0.05246207898114719,20.8393,synthetic,0.27744621178321077,-0.47808241626437475,1.3056071320223879,0.8679644573425392,-0.33040708865298646,1.2599219001341702,1.3056071320223879,1.3525124078606034,75.0,1.0,1.3333333333333333,3.0312490200998528,1.3862943611198906,675.0,1.3333333333333333,19.7231,21903.4,14.0
2001000656,Dr. Stephanie Martin,Neurology,Boston,MA,Actiq,REP-S568,Serena Kapoor,TERR-S12,2,8.0,8,7,1,1.8515216025242993,0.4315577767064057,0.1609266041624588,3.4514,0.03212233398423603,18.0751,synthetic,1.0223415622492253,1.243435191237864,-1.089709832141421,0.573480577440617,1.2290263146108709,1.3696247359085776,-1.089709832141421,1.1955045672775377,87.5,2.3333333333333335,0.14285714285714285,2.9162614856365012,2.0794415416798357,700.0,0.14285714285714285,17.4721,28065.7,30.0
2001000657,Dr. Melissa Anderson,Neurology,Denver,CO,Abstral,REP-S789,Seth Gomez,TERR-S09,3,10.0,2,1,0,-0.542384621182039,1.3390783713164194,0.3722546303347196,0.0434,0.00041783312353205204,22.938,synthetic,-1.2123444891488182,-1.3388412200154942,-1.3771478678410778,1.2362380344242585,-1.889840491916844,0.49200204971331685,-1.3771478678410778,1.5688170694157764,50.0,0.3333333333333333,0.0,3.1750493213276467,0.6931471805599453,500.0,0.0,22.928,30854.45,16.0
2001000658,Dr. Donna Anderson,Neurology,Austin,TX,Actiq,REP-S637,Stanley Novak,TERR-S11,3,9.0,2,2,1,-0.8843712245686588,0.9470708592070664,1.9288504566270668,1.7541,0.01658758960215234,20.9321,synthetic,1.7672369127152399,-0.9084618181399344,-0.37111474289227814,0.9706985034690981,-0.9776304286355144,2.2472474221038388,-0.37111474289227814,1.4075630922920777,100.0,0.6666666666666666,0.5,3.071363727476948,1.0986122886681098,900.0,0.5,20.5713,51395.77,14.0
2001000659,Dr. Susan Rodriguez,Palliative Care,Boston,MA,Fentora,REP-S712,Sienna Rossi,TERR-S02,1,3.0,14,9,3,-1.3973511296485885,-0.7074879403651048,-1.0093081662588645,7.8622,0.0693936755086142,11.4596,synthetic,-0.3610355171876585,2.104193994988983,-0.7064591178752114,-0.6126850279856612,1.7310517392273213,-0.8557756469436908,-0.7064591178752114,0.6820429060537142,64.28571428571429,3.0,0.3333333333333333,2.4530977346066574,2.302585092994046,192.8571428571429,0.3333333333333333,10.6243,12622.92,11.0
2001000660,Dr. Ashley Thompson,Family Practice,Austin,TX,Fentora,REP-S636,Sasha Novak,TERR-S10,3,2.0,2,2,1,-0.542384621182039,-0.9535343238301853,-0.25090369405603163,2.0451,0.018264723553324647,9.3321,synthetic,1.7672369127152399,-0.9084618181399344,-0.37111474289227814,-0.9612557617459696,-0.9776304286355144,-0.8244319795795745,-0.37111474289227814,0.6156227711306747,100.0,0.6666666666666666,0.5,2.3169908303016467,1.0986122886681098,200.0,0.5,9.1451,22631.06,16.0
2001000663,Dr. Mary Harris,Pain Management,Boston,MA,Abstral,REP-S631,Silas Novak,TERR-S05,3,3.0,4,3,0,0.31258188728451036,-0.808438150022323,-1.0738716725963873,3.4547,0.030921823064047338,10.3634,synthetic,0.27744621178321077,-0.47808241626437475,-1.3771478678410778,-0.7500110719332718,-0.33040708865298646,-0.7147291438051668,-1.3771478678410778,0.6914746910226254,75.0,1.0,0.0,2.3994758412235604,1.3862943611198906,225.0,0.0,10.0174,11770.92,21.0
2001000664,Dr. Michelle Lewis,Oncology,Houston,TX,Subsys,REP-S735,Stephen Santos,TERR-S11,3,10.0,3,3,1,-0.8843712245686588,1.4640976126714456,2.6925624734119187,5.3704,0.050244713245816364,24.9513,synthetic,1.7672369127152399,-0.47808241626437475,-0.7064591178752114,1.3154440138948629,-0.33040708865298646,2.6860587652014694,-0.7064591178752114,1.572203962706974,100.0,1.0,0.3333333333333333,3.2059769914504153,1.3862943611198906,1000.0,0.3333333333333333,23.6796,61473.95,14.0
2001000665,Dr. Richard Hernandez,Neurology,Houston,TX,Fentora,REP-S546,Stella Chen,TERR-S04,3,7.0,5,2,1,-0.20039801779541927,0.3438147620513016,1.0050110928859293,3.6267,0.033671000783430216,17.5591,synthetic,-1.80826076952163,-0.9084618181399344,-0.37111474289227814,0.4992824384382699,-0.9776304286355144,-0.4733829051014701,-0.37111474289227814,1.1594111005941452,40.0,0.6666666666666666,0.5,2.887289234019569,1.0986122886681098,280.0,0.5,16.9446,39204.5,18.0
2001000666,Dr. Karen Harris,Pain Management,Portland,OR,Lazanda,REP-S833,Spencer Alvarez,TERR-S11,3,1.0,4,2,2,0.48357518897782026,-1.1701223416167463,-0.616148997531574,4.6964,0.04081566180767826,8.2114,synthetic,-1.2123444891488182,-0.9084618181399344,0.6349183820565215,-1.3130475774742025,-0.9776304286355144,-1.4826489942260201,0.6349183820565215,0.5413815961916715,50.0,0.6666666666666666,1.0,2.179626185593598,1.0986122886681098,50.0,1.0,7.843,17811.17,22.0
2001000667,Dr. Donna Nelson,Palliative Care,Miami,FL,Abstral,REP-S821,Samuel Alvarez,TERR-S13,2,9.0,9,8,4,0.48357518897782026,0.7440060776128463,1.1968768592780656,10.8816,0.09845681059116229,21.4561,synthetic,1.1051077123010045,1.6738145931134232,-0.37111474289227814,0.8214987283904053,1.4940130379096728,1.8084360790062082,-0.37111474289227814,1.2422344299005483,88.88888888888889,2.6666666666666665,0.5,3.013105481611336,2.1972245773362196,800.0,0.5,19.3505,41736.42,22.0
2001000668,Dr. Dorothy Harris,Family Practice,Columbus,OH,Subsys,REP-S718,Summer Rossi,TERR-S08,3,6.0,2,1,1,-0.8843712245686588,-0.06797027506751502,-0.1651660856752808,1.8444,0.017106704956928898,14.7359,synthetic,-1.2123444891488182,-1.3388412200154942,0.6349183820565215,0.11909784438448308,-1.889840491916844,-0.385620636481944,0.6349183820565215,0.9740129550786467,50.0,0.3333333333333333,1.0,2.738838021254528,0.6931471805599453,300.0,1.0,14.469,23762.48,14.0
2001000669,Dr. Melissa Martin,Oncology,Atlanta,GA,Subsys,REP-S509,Seth Brooks,TERR-S09,3,6.0,5,4,5,-0.8843712245686588,-0.12392619948453294,0.627398695238693,6.6753,0.06047611953167609,15.076,synthetic,0.5754043519696166,-0.04770301438881521,1.1379349445309213,0.06278984361106761,0.171618335963463,0.4042397810937907,1.1379349445309213,0.9383321391979839,80.0,1.3333333333333333,1.25,2.716851357055279,1.6094379124341003,480.0,1.25,14.1326,34221.41,14.0
2001000670,Dr. Emily Williams,Anesthesiology,Austin,TX,Abstral,REP-S527,Scott Patel,TERR-S13,1,2.0,9,6,7,-0.8843712245686588,-0.8345032313426166,-0.14501196578616407,6.5857,0.05807414164289737,10.5101,synthetic,-0.21915068852746614,0.8130557893623042,0.9702627570394549,-0.7866976816918801,0.9286091450931295,-1.1169728749779948,0.9702627570394549,0.6761979151447315,66.66666666666666,2.0,1.1666666666666667,2.385150769150459,1.9459101490553132,133.33333333333331,1.1666666666666667,9.8607,24028.44,14.0
2001000671,Dr. Nancy Campbell,Neurology,Portland,OR,Lazanda,REP-S730,Sadie Santos,TERR-S06,3,2.0,2,2,2,-0.713377922875349,-0.8454815042662882,-0.9824650549326432,4.3079,0.03834846624962651,10.2167,synthetic,1.7672369127152399,-0.9084618181399344,0.6349183820565215,-0.8023082901226727,-0.9776304286355144,-0.8244319795795745,0.6349183820565215,0.6701889632679128,100.0,0.6666666666666666,1.0,2.379055272936787,1.0986122886681098,200.0,1.0,9.7947,12977.15,15.0
2001000672,Dr. Jennifer Gonzalez,Pain Management,Nashville,TN,Subsys,REP-S544,Sarah Chen,TERR-S02,1,10.0,14,7,1,-0.37139131948872917,1.4117678450686095,2.0967276977067546,8.1801,0.07551971593248208,25.2763,synthetic,-1.2123444891488182,1.243435191237864,-1.089709832141421,1.282588048063914,1.2290263146108709,0.49200204971331685,-1.089709832141421,1.6128243012901191,50.0,2.3333333333333335,0.14285714285714285,3.1931476762954696,2.0794415416798357,500.0,0.14285714285714285,23.365,53611.13,17.0
2001000673,Dr. Deborah Jones,Palliative Care,Phoenix,AZ,Lazanda,REP-S697,Stanley Larsson,TERR-S01,2,8.0,8,7,4,-1.2263578279552785,0.7285366930385815,-0.19525101249577348,7.8695,0.07214098186254292,20.7729,synthetic,1.0223415622492253,1.243435191237864,-0.2273957250424497,0.8097683271501753,1.2290263146108709,1.3696247359085776,-0.2273957250424497,1.2362641551282816,87.5,2.3333333333333335,0.5714285714285714,3.008525095352743,2.0794415416798357,700.0,0.5714285714285714,19.2575,23365.47,12.0
2001000674,Dr. Kimberly Johnson,Pain Management,Baltimore,MD,Abstral,REP-S689,Seth Larsson,TERR-S07,2,1.0,8,4,2,-1.3973511296485885,-1.2194081335452909,-0.9897602764762035,7.7342,0.06606426172449265,8.1304,synthetic,-1.2123444891488182,-0.04770301438881521,-0.37111474289227814,-1.40032910842995,0.171618335963463,-1.4826489942260201,-0.37111474289227814,0.5209287889812173,50.0,1.3333333333333333,0.5,2.1455452435327604,1.6094379124341003,50.0,0.5,7.5467,12880.88,11.0
2001000675,Dr. Melissa Allen,Oncology,Jacksonville,FL,Subsys,REP-S822,Sophia Alvarez,TERR-S14,2,1.0,9,6,4,-1.0553645262619686,-1.4645562946802528,-0.7938001835025924,10.5469,0.08668849642081766,6.7134,synthetic,-0.21915068852746614,0.8130557893623042,-0.035770367909345006,-1.8850628462055488,0.9286091450931295,-1.409513770376415,-0.035770367909345006,0.40320940578063735,66.66666666666666,2.0,0.6666666666666666,1.9562705796816033,1.9459101490553132,66.66666666666666,0.6666666666666666,6.0729,15466.83,13.0
2001000676,Dr. Carol Brown,Family Practice,Phoenix,AZ,Actiq,REP-S539,Solomon Patel,TERR-S11,3,8.0,2,1,1,2.7064881109908487,0.6496927329503932,-0.5439068291081579,2.867,0.026855786111777302,19.322,synthetic,-1.2123444891488182,-1.3388412200154942,0.6349183820565215,0.7491317784266284,-1.889840491916844,0.0531907066156864,0.6349183820565215,1.2644531302591582,50.0,0.3333333333333333,1.0,2.984848256951912,0.6931471805599453,400.0,1.0,18.7835,18764.5,35.0
2001000677,Dr. Linda King,Pain Management,Baltimore,MD,Subsys,REP-S543,Sean Chen,TERR-S01,2,10.0,5,4,3,-0.713377922875349,1.5640497975174208,0.19928278299790533,7.0843,0.06582574041556377,26.0006,synthetic,0.5754043519696166,-0.04770301438881521,0.1319018195821217,1.3770525101350488,0.171618335963463,1.8084360790062082,0.1319018195821217,1.6760188507372027,80.0,1.3333333333333333,0.75,3.2300333475640777,1.6094379124341003,800.0,0.75,24.2805,28571.86,15.0
2001000678,Dr. Barbara Gonzalez,Neurology,Detroit,MI,Subsys,REP-S579,Solomon Kapoor,TERR-S09,3,1.0,5,2,3,-0.0294047161021094,-1.195139496885235,-0.9860319613215014,3.5796,0.031179445945468842,7.9679,synthetic,-1.80826076952163,-0.9084618181399344,1.640951507005321,-1.356979338803832,-0.9776304286355144,-1.526530128535783,1.640951507005321,0.5263556432391748,40.0,0.6666666666666666,1.5,2.1624720890039684,1.0986122886681098,40.0,1.5,7.6926,12930.08,19.0
2001000679,Dr. Jennifer Nelson,Pain Management,Jacksonville,FL,Actiq,REP-S755,Stephen Tanaka,TERR-S03,1,5.0,14,12,8,0.6545684906711301,-0.1642796693524537,0.39579984988182243,12.3571,0.10909831653296997,15.6064,synthetic,0.91592794075408,3.395332200615662,-0.035770367909345006,0.021400102558599886,2.321315408052812,0.17856537607215217,-0.035770367909345006,0.9587900511414404,85.71428571428571,4.0,0.6666666666666666,2.7006898466959175,2.5649493574615367,428.57142857142856,0.6666666666666666,13.89,31165.16,23.0
2001000680,Dr. Patricia Clark,Oncology,Portland,OR,Subsys,REP-S512,Sienna Brooks,TERR-S12,2,5.0,6,5,0,-0.713377922875349,-0.3311993190328272,-0.7437869575076376,4.2509,0.03869017352109383,13.4343,synthetic,0.7740431120938877,0.3826763874867446,-1.3771478678410778,-0.15728827398396486,0.5818029746283429,0.1263259304652918,-1.3771478678410778,0.8555974917407143,83.33333333333334,1.6666666666666667,0.0,2.6309171451723854,1.791759469228055,416.66666666666674,0.0,12.8865,16126.82,15.0
2001000681,Dr. Sharon Davis,Pain Management,Atlanta,GA,Lazanda,REP-S780,Sloan Muller,TERR-S14,2,7.0,7,5,3,-0.20039801779541927,0.356190269710713,0.3600694051949619,5.0281,0.04640094230778269,17.8748,synthetic,0.06461896879292103,0.3826763874867446,-0.16990811790251828,0.5098786630721719,0.5818029746283429,0.49200204971331685,-0.16990811790251828,1.1747766652538643,71.42857142857143,1.6666666666666667,0.6,2.891426756744677,1.791759469228055,500.0,0.6,17.019,30693.65,18.0
2001000682,Dr. Michelle Rodriguez,Oncology,Portland,OR,Subsys,REP-S769,Seth Muller,TERR-S03,2,9.0,5,4,3,-0.0294047161021094,1.2570739993259616,1.315898773866129,5.2979,0.049470640122584175,23.6235,synthetic,0.5754043519696166,-0.04770301438881521,0.1319018195821217,1.1829212238635287,0.171618335963463,1.4573870045281037,0.1319018195821217,1.4895689075546443,80.0,1.3333333333333333,0.75,3.1542306313746695,1.6094379124341003,720.0,0.75,22.435,43307.07,19.0
2001000683,Dr. Laura Wright,Pain Management,Nashville,TN,Fentora,REP-S542,Sophia Chen,TERR-S14,2,4.0,9,6,1,-0.713377922875349,-0.3854586012707323,-0.5182792091453801,4.3379,0.03939002795201185,13.1051,synthetic,-0.21915068852746614,0.8130557893623042,-1.0418034928581448,-0.21816530282698296,0.9286091450931295,-0.5318910841811543,-1.0418034928581448,0.867004368563847,66.66666666666666,2.0,0.16666666666666666,2.607146406161325,1.9459101490553132,266.66666666666663,0.16666666666666666,12.5603,19102.69,15.0
2001000685,Dr. Charles Young,Neurology,Las Vegas,NV,Subsys,REP-S681,Samuel Larsson,TERR-S13,2,1.0,9,7,7,-0.8843712245686588,-1.5620965862323914,-1.2933497047623108,8.5521,0.06983837329843978,5.9557,synthetic,0.44297851188677,1.243435191237864,0.6349183820565215,-2.106711562213789,1.2290263146108709,-1.3607569544766782,0.6349183820565215,0.375406265324043,77.77777777777779,2.3333333333333335,1.0,1.8697230940289302,2.0794415416798357,77.77777777777779,1.0,5.4865,8874.62,14.0
2001000686,Dr. Jennifer Hernandez,Palliative Care,Boston,MA,Abstral,REP-S794,Selena Gomez,TERR-S14,2,7.0,9,7,8,-0.0294047161021094,0.28729329024124595,-0.19020566243479678,7.1771,0.06550441028303666,17.7966,synthetic,0.44297851188677,1.243435191237864,0.9223564177561785,0.45032202387284503,1.2290263146108709,0.6870293133122637,0.9223564177561785,1.0659700918122337,77.77777777777779,2.3333333333333335,1.1428571428571428,2.8681715921335114,2.0794415416798357,544.4444444444445,1.1428571428571428,16.6048,23432.05,19.0
2001000687,Dr. Sarah Hernandez,Internal Medicine,Denver,CO,Subsys,REP-S662,Sophia Kowalski,TERR-S08,3,10.0,4,2,1,-0.713377922875349,1.7466717042280155,1.7833597778035188,1.2101,0.011574853287938947,25.6855,synthetic,-1.2123444891488182,-0.9084618181399344,-0.37111474289227814,1.485926413024787,-0.9776304286355144,0.49200204971331685,-0.37111474289227814,1.6439730444241827,50.0,0.6666666666666666,0.5,3.272545493440663,1.0986122886681098,500.0,0.5,25.3784,49475.83,15.0
2001000688,Dr. Linda Thompson,Pain Management,Miami,FL,Abstral,REP-S715,Stephen Rossi,TERR-S05,3,6.0,5,4,3,-0.37139131948872917,0.033279342033076274,0.19912516317022674,5.9715,0.054485169621282914,15.978,synthetic,0.5754043519696166,-0.04770301438881521,0.1319018195821217,0.21794041493567837,0.171618335963463,0.4042397810937907,0.1319018195821217,1.0407738483869904,80.0,1.3333333333333333,0.75,2.7774332186944934,1.6094379124341003,480.0,0.75,15.0777,28569.78,17.0
2001000689,Dr. Emily Anderson,Oncology,Jacksonville,FL,Subsys,REP-S778,Summer Muller,TERR-S12,1,2.0,10,9,8,-0.0294047161021094,-0.8443504094802129,-1.2545002061777357,8.0966,0.07089758170248261,10.5951,synthetic,1.1713206323424281,2.104193994988983,0.4113554654012326,-0.800695520456722,1.7310517392273213,-0.9121942481991006,0.4113554654012326,0.6507693179138332,90.0,3.0,0.8888888888888888,2.3796850133748944,2.302585092994046,180.0,0.8888888888888888,9.8015,9387.29,19.0
2001000691,Dr. Margaret Taylor,Family Practice,Boston,MA,Lazanda,REP-S607,Scott O'Connor,TERR-S09,3,3.0,4,3,2,-1.2263578279552785,-0.698622153291897,-0.3046346261788258,1.6598,0.015060372022060342,10.8548,synthetic,0.27744621178321077,-0.47808241626437475,-0.035770367909345006,-0.600969081148341,-0.33040708865298646,-0.7147291438051668,-0.035770367909345006,0.7187864212556333,75.0,1.0,0.6666666666666666,2.4576724768342313,1.3862943611198906,225.0,0.6666666666666666,10.6776,21922.01,12.0
2001000692,Dr. Ashley Scott,Anesthesiology,Charlotte,NC,Subsys,REP-S538,Summer Patel,TERR-S10,3,2.0,4,3,2,-1.2263578279552785,-0.8312263832123691,-0.09111810932226017,3.569,0.031901771503248355,10.2331,synthetic,0.27744621178321077,-0.47808241626437475,-0.035770367909345006,-0.7820565318350955,-0.33040708865298646,-1.0438376511283896,-0.035770367909345006,0.6775488434691254,75.0,1.0,0.6666666666666666,2.386963005457874,1.3862943611198906,150.0,0.6666666666666666,9.8804,24739.64,12.0
2001000693,Dr. Barbara Hall,Internal Medicine,Portland,OR,Subsys,REP-S555,Stephen Chen,TERR-S13,3,9.0,5,3,2,0.31258188728451036,1.2637773993081434,1.9234815312467695,5.9968,0.055825866686590064,23.8231,synthetic,-0.6164282087760067,-0.47808241626437475,-0.035770367909345006,1.1873214774206347,-0.33040708865298646,0.667526586952369,-0.035770367909345006,1.4559147686752056,60.0,1.0,0.6666666666666666,3.1559488045653845,1.3862943611198906,540.0,0.6666666666666666,22.4753,51324.92,21.0
2001000694,Dr. Kathleen Wright,Oncology,Houston,TX,Subsys,REP-S829,Seth Alvarez,TERR-S07,1,4.0,10,6,4,-0.713377922875349,-0.4000796647554405,-0.5161483103211884,5.9681,0.053774181662118004,13.2167,synthetic,-0.6164282087760067,0.8130557893623042,-0.035770367909345006,-0.23482019176431226,0.9286091450931295,-0.6489074423405222,-0.035770367909345006,0.8281033760902405,60.0,2.0,0.6666666666666666,2.600643148270597,1.9459101490553132,240.0,0.6666666666666666,12.4724,19130.81,15.0
2001000695,Dr. Deborah Lopez,Family Practice,Charlotte,NC,Fentora,REP-S620,Sloan O'Connor,TERR-S08,3,7.0,2,2,1,0.14158858559120047,0.152360335761207,0.8733682252690935,3.1153,0.02887592350185475,16.2856,synthetic,1.7672369127152399,-0.9084618181399344,-0.37111474289227814,0.3295097696862679,-0.9776304286355144,1.3696247359085776,-0.37111474289227814,1.0631813537445653,100.0,0.6666666666666666,0.5,2.8209978614474687,1.0986122886681098,700.0,0.5,15.7936,37467.3,20.0
2001000696,Dr. Sharon Williams,Pain Management,Atlanta,GA,Actiq,REP-S686,Stella Larsson,TERR-S04,2,3.0,6,3,0,-1.2263578279552785,-0.6319540959008719,-0.7094455375521933,2.6565,0.024073699191824893,11.3727,synthetic,-1.2123444891488182,-0.47808241626437475,-1.3771478678410778,-0.5145446820777632,-0.33040708865298646,-1.0438376511283896,-1.3771478678410778,0.7647127215669787,50.0,1.0,0.0,2.4914187334032234,1.3862943611198906,150.0,0.0,11.0784,16580.0,12.0
2001000697,Dr. Laura Walker,Family Practice,Austin,TX,Abstral,REP-S791,Silas Gomez,TERR-S11,3,7.0,4,2,2,-1.0553645262619686,0.3857983391109189,0.3336256479513679,3.5251,0.03277032278620595,17.8032,synthetic,-1.2123444891488182,-0.9084618181399344,0.6349183820565215,0.5350533325859853,-0.9776304286355144,-0.16621496493312882,0.6349183820565215,1.1576543498850982,50.0,0.6666666666666666,1.0,2.901256745331106,1.0986122886681098,350.0,1.0,17.197,30344.69,13.0
2001000698,Dr. Amanda Carter,Pain Management,Chicago,IL,Fentora,REP-S621,Samuel Novak,TERR-S09,3,1.0,5,3,1,2.022514904217609,-1.2035894402870913,-0.9762428606775094,5.6062,0.048383420149657574,8.0702,synthetic,-0.6164282087760067,-0.47808241626437475,-0.7064591178752114,-1.3719898990432213,-0.33040708865298646,-1.438767859916257,-0.7064591178752114,0.5274932910592267,60.0,1.0,0.3333333333333333,2.1566108944509224,1.3862943611198906,60.0,0.3333333333333333,7.6418,13059.26,31.0
2001000699,Dr. Rebecca Johnson,Pain Management,Chicago,IL,Abstral,REP-S542,Sophia Chen,TERR-S14,1,1.0,11,8,7,-0.20039801779541927,-1.828569210834243,-1.4750830927126746,7.3413,0.056747733646537846,4.1697,synthetic,0.14201069351666307,1.6738145931134232,0.3834101008193216,-2.8331569919420656,1.4940130379096728,-1.382919143522013,0.3834101008193216,0.26813678572058497,72.72727272727273,2.6666666666666665,0.875,1.5860669261108602,2.1972245773362196,72.72727272727273,0.875,3.8845,6476.41,18.0
2001000700,Dr. Ashley Hall,Oncology,Columbus,OH,Abstral,REP-S669,Seth Kowalski,TERR-S01,2,10.0,5,3,3,-1.2263578279552785,1.5703207200813971,0.5408623786926863,5.9333,0.05542209906802409,25.761,synthetic,-0.6164282087760067,-0.47808241626437475,0.6349183820565215,1.3808688129852564,-0.33040708865298646,0.9308133928109472,0.6349183820565215,1.614603726663488,60.0,1.0,1.0,3.231523504701565,1.3862943611198906,600.0,1.0,24.3182,33079.45,12.0
2001000701,Dr. Michael Lewis,Anesthesiology,Baltimore,MD,Subsys,REP-S765,Simon Muller,TERR-S13,2,5.0,6,4,0,-0.8843712245686588,-0.36644622861655524,-0.4060523762630512,1.6317,0.015009717122282051,12.8814,synthetic,-0.21915068852746614,-0.04770301438881521,-1.3771478678410778,-0.19666900080578792,0.171618335963463,-0.2393501887827342,-1.3771478678410778,0.8691612253991515,66.66666666666666,1.3333333333333333,0.0,2.6155400974232035,1.6094379124341003,333.33333333333326,0.0,12.6746,20583.67,14.0
2001000702,Dr. Lisa Green,Palliative Care,Austin,TX,Actiq,REP-S582,Sophia Nakamura,TERR-S12,2,3.0,5,5,6,0.6545684906711301,-0.5925820170973402,-0.5958652959572022,5.9251,0.053014899491127476,11.9856,synthetic,1.7672369127152399,0.3826763874867446,1.0373316320360413,-0.4648421480514463,0.5818029746283429,-0.385620636481944,1.0373316320360413,0.7263898502761011,100.0,1.6666666666666667,1.2,2.5108261517181765,1.791759469228055,300.0,1.2,11.3151,18078.84,23.0
2001000703,Dr. Richard Williams,Anesthesiology,Seattle,WA,Subsys,REP-S841,Samuel Kim,TERR-S05,3,7.0,5,3,1,-1.0553645262619686,0.3649063530622346,0.030268860468613098,2.7524,0.025670098258518514,17.5413,synthetic,-0.6164282087760067,-0.47808241626437475,-0.7064591178752114,0.5173153698277648,-0.33040708865298646,0.1409529752352125,-0.7064591178752114,1.170671969393833,60.0,1.0,0.3333333333333333,2.894330578083344,1.3862943611198906,420.0,0.3333333333333333,17.0714,26341.5,13.0
2001000704,Dr. Sandra Taylor,Pain Management,Nashville,TN,Subsys,REP-S570,Sadie Kapoor,TERR-S14,2,8.0,7,2,2,-1.0553645262619686,0.5514371902835303,0.526422735344547,5.0851,0.04707475732311117,19.1179,synthetic,-2.4893079470905577,-0.9084618181399344,0.6349183820565215,0.6714998498748708,-0.9776304286355144,-0.6990573101231087,0.6349183820565215,1.2558009821746579,28.57142857142857,0.6666666666666666,1.0,2.9545352087036525,1.0986122886681098,228.57142857142856,1.0,18.1928,32888.9,13.0
2001000705,Dr. Betty Taylor,Oncology,Chicago,IL,Subsys,REP-S674,Selena Kowalski,TERR-S06,3,9.0,3,2,3,1.3385416974443696,0.845488567169394,1.1181487865032078,4.8959,0.045566691348929655,20.9378,synthetic,-0.21915068852746614,-0.9084618181399344,1.640951507005321,0.8971483226367669,-0.9776304286355144,0.9308133928109468,1.640951507005321,1.3252814413253948,66.66666666666666,0.6666666666666666,1.5,3.042644484997325,1.0986122886681098,599.9999999999999,1.5,19.9606,40697.5,27.0
2001000706,Dr. Karen Walker,Palliative Care,Miami,FL,Lazanda,REP-S572,Sienna Kapoor,TERR-S02,2,5.0,8,6,0,0.6545684906711301,-0.253053976312509,0.6273297365640834,3.7185,0.03400626212526481,13.8529,synthetic,0.27744621178321077,0.8130557893623042,-1.3771478678410778,-0.07207915337400844,0.9286091450931295,-0.0565121291587212,-1.3771478678410778,0.8574277520519208,75.0,2.0,0.0,2.6641888702528633,1.9459101490553132,375.0,0.0,13.3563,34220.5,23.0
2001000707,Dr. Dorothy Hill,Pain Management,Chicago,IL,Abstral,REP-S628,Serena Novak,TERR-S02,1,4.0,14,10,2,0.14158858559120047,-0.4158817242667864,-0.7716735424045956,5.3728,0.04851460822288933,13.0424,synthetic,0.06461896879292103,2.534573396864543,-0.9747346178615579,-0.2529429844579232,1.9454793272294546,-0.4483079712101769,-0.9747346178615579,0.8543792641467289,71.42857142857143,3.3333333333333335,0.2,2.5935667159371096,2.3978952727983707,285.7142857142857,0.2,12.3774,15758.82,20.0
2001000708,Dr. Ashley Wright,Pain Management,Baltimore,MD,Abstral,REP-S678,Summer Kowalski,TERR-S10,3,3.0,5,3,3,-1.0553645262619686,-0.6866624893038366,-0.4672300874560192,4.6788,0.04191931130829962,11.2525,synthetic,-0.6164282087760067,-0.47808241626437475,0.6349183820565215,-0.5852490832852678,-0.33040708865298646,-0.9121942481991006,0.6349183820565215,0.7420096223718441,60.0,1.0,1.0,2.463810686493266,1.3862943611198906,180.0,1.0,10.7495,19776.35,13.0
2001000709,Dr. Karen Garcia,Palliative Care,Chicago,IL,Subsys,REP-S606,Stella O'Connor,TERR-S08,3,3.0,3,3,4,-1.0553645262619686,-0.6335675693457147,-1.0649426609159292,6.1444,0.05482182527305124,11.7488,synthetic,1.7672369127152399,-0.47808241626437475,1.3056071320223879,-0.5166022185248844,-0.33040708865298646,-0.385620636481944,1.3056071320223879,0.7105718319547402,100.0,1.0,1.3333333333333333,2.4906153242549816,1.3862943611198906,300.0,1.3333333333333333,11.0687,11888.75,13.0
2001000710,Dr. Rebecca Baker,Anesthesiology,Detroit,MI,Fentora,REP-S666,Stella Kowalski,TERR-S12,1,4.0,11,7,1,-0.37139131948872917,-0.5243836549957426,-0.0438147319031619,6.4519,0.05774937185068296,12.4816,synthetic,-0.39973137954952986,1.243435191237864,-1.089709832141421,-0.38096847951177876,1.2290263146108709,-0.585080337889958,-1.089709832141421,0.804049223165038,63.63636363636363,2.3333333333333335,0.14285714285714285,2.543576420951877,2.0794415416798357,254.54545454545453,0.14285714285714285,11.7251,25363.87,17.0
2001000712,Dr. Sarah Jones,Pain Management,Charlotte,NC,Subsys,REP-S666,Stella Kowalski,TERR-S12,1,8.0,12,6,3,-0.542384621182039,0.5230101169099621,-0.39371407802141306,6.7516,0.062005666131851545,19.2387,synthetic,-1.2123444891488182,0.8130557893623042,-0.37111474289227814,0.6485935330395425,0.9286091450931295,0.0531907066156864,-0.37111474289227814,1.244004206095459,50.0,2.0,0.5,2.945590946975615,1.9459101490553132,400.0,0.5,18.0219,20746.49,16.0
2001000713,Dr. Deborah Allen,Neurology,Chicago,IL,Actiq,REP-S677,Stanley Kowalski,TERR-S09,3,1.0,4,3,1,1.8515216025242993,-1.186606384749108,-1.0716627216459895,2.6417,0.023129606080025233,7.9485,synthetic,0.27744621178321077,-0.47808241626437475,-0.7064591178752114,-1.34190979642653,-0.33040708865298646,-1.3729461584516125,-0.7064591178752114,0.5298657756389057,75.0,1.0,0.3333333333333333,2.1683563143953006,1.3862943611198906,75.0,0.3333333333333333,7.7439,11800.07,30.0
2001000714,Dr. David Hernandez,Family Practice,Boston,MA,Actiq,REP-S718,Summer Rossi,TERR-S08,3,2.0,4,3,3,0.31258188728451036,-0.9634480369551979,-1.295610185271757,4.1255,0.036497950064143136,9.4604,synthetic,0.27744621178321077,-0.47808241626437475,0.6349183820565215,-0.9763454237810865,-0.33040708865298646,-1.0438376511283896,0.6349183820565215,0.6116106644112962,75.0,1.0,1.0,2.3110987487592505,1.3862943611198906,150.0,1.0,9.0855,8844.79,21.0
2001000715,Dr. Barbara Martin,Pain Management,Miami,FL,Subsys,REP-S818,Summer Vargas,TERR-S10,2,9.0,5,3,2,0.9965550940577499,0.923450938674318,1.4851892888814917,5.63,0.052283270523576064,21.5795,synthetic,-0.6164282087760067,-0.47808241626437475,-0.035770367909345006,0.953784120182493,-0.33040708865298646,0.667526586952369,-0.035770367909345006,1.4101806761543434,60.0,1.0,0.6666666666666666,3.0647591444629554,1.3862943611198906,540.0,0.6666666666666666,20.4293,45541.08,25.0
2001000716,Dr. Charles Mitchell,Pain Management,Baltimore,MD,Actiq,REP-S731,Silas Santos,TERR-S07,2,7.0,7,6,3,-0.20039801779541927,0.3692976622317031,0.8317550751867142,7.397,0.0675529864289639,18.3626,synthetic,0.91592794075408,0.8130557893623042,-0.37111474289227814,0.521053942792031,0.9286091450931295,0.9308133928109472,-0.37111474289227814,1.1802160213395334,85.71428571428571,2.0,0.5,2.8957903839230235,1.9459101490553132,600.0,0.5,17.0978,36918.16,18.0
2001000717,Dr. Patricia Williams,Pain Management,Las Vegas,NV,Subsys,REP-S699,Solomon Larsson,TERR-S03,2,6.0,8,5,0,-0.37139131948872917,-0.015324466274452352,0.7262695210881714,6.4491,0.0586495289707587,15.739,synthetic,-0.46744913868280374,0.3826763874867446,-1.3771478678410778,0.17096790609262782,0.5818029746283429,-0.0565121291587212,-1.3771478678410778,1.0206040533586587,62.5,1.6666666666666667,0.0,2.759091797149724,1.791759469228055,375.0,0.0,14.7855,35526.14,17.0
2001000718,Dr. Susan Gonzalez,Palliative Care,Seattle,WA,Lazanda,REP-S775,Stephen Muller,TERR-S09,3,8.0,2,2,2,-0.20039801779541927,0.69771436011803,1.3035915449174473,2.7097,0.025421179450992426,19.589,synthetic,1.7672369127152399,-0.9084618181399344,0.6349183820565215,0.7862344087089941,-0.9776304286355144,1.8084360790062082,0.6349183820565215,1.224368543135797,100.0,0.6666666666666666,1.0,2.9993357731436148,1.0986122886681098,800.0,1.0,19.0722,43144.66,18.0
2001000719,Dr. Sandra Mitchell,Orthopedics,Las Vegas,NV,Abstral,REP-S747,Scott Tanaka,TERR-S09,3,4.0,3,1,1,1.8515216025242993,-0.4316006150438619,-1.1018378251948175,2.203,0.02016732285212397,12.5535,synthetic,-2.205538289770171,-1.3388412200154942,0.6349183820565215,-0.27109853217841,-1.889840491916844,-1.1169728749779948,0.6349183820565215,0.7608926607919965,33.33333333333333,0.3333333333333333,1.0,2.586477493702243,0.6931471805599453,133.33333333333331,1.0,12.2829,11401.87,30.0
2001000720,Dr. Lisa Smith,Oncology,Phoenix,AZ,Actiq,REP-S543,Sean Chen,TERR-S01,2,6.0,6,4,0,-1.3973511296485885,-0.10195301989033541,-0.3912103476817516,4.0642,0.037273152397755194,14.8444,synthetic,-0.21915068852746614,-0.04770301438881521,-1.3771478678410778,0.08504913332327975,0.171618335963463,0.05319070661568615,-1.3771478678410778,0.9471029015197119,66.66666666666666,1.3333333333333333,0.0,2.7255429731931984,1.6094379124341003,399.99999999999994,0.0,14.2647,20779.53,11.0
2001000721,Dr. Donna Gonzalez,Oncology,Denver,CO,Abstral,REP-S508,Serena Brooks,TERR-S08,2,10.0,8,7,5,0.48357518897782026,1.3852702863301112,1.455903070226254,9.0883,0.08353957578055349,25.3147,synthetic,1.0223415622492253,1.243435191237864,0.06004231065720745,1.2657890364436843,1.2290263146108709,2.137544586329431,0.06004231065720745,1.5407394338328866,87.5,2.3333333333333335,0.7142857142857143,3.186588142618194,2.0794415416798357,875.0,0.7142857142857143,23.2057,45154.61,22.0
2001000722,Dr. Charles Hernandez,Pain Management,Houston,TX,Lazanda,REP-S735,Stephen Santos,TERR-S11,3,2.0,3,2,2,-0.20039801779541927,-0.8330727291131682,-1.2701947458462386,3.3658,0.030105396269435314,10.2015,synthetic,-0.21915068852746614,-0.9084618181399344,0.6349183820565215,-0.7846705614624998,-0.9776304286355144,-1.1169728749779948,0.6349183820565215,0.681251738785473,66.66666666666666,0.6666666666666666,1.0,2.3859423016354118,1.0986122886681098,133.33333333333331,1.0,9.8693,9180.18,18.0
2001000723,Dr. William Harris,Oncology,Houston,TX,Subsys,REP-S787,Scott Gomez,TERR-S07,2,10.0,8,5,3,-0.8843712245686588,2.38559055463886,3.618118226141959,5.7437,0.054046495504464165,30.8977,synthetic,-0.46744913868280374,0.3826763874867446,-0.16990811790251828,1.834074615532167,0.5818029746283429,1.0405162285853549,-0.16990811790251828,1.9400249027988827,62.5,1.6666666666666667,0.6,3.4084874113735024,1.791759469228055,625.0,0.6,29.2195,73687.87,14.0
2001000724,Dr. Mary Nelson,Palliative Care,Phoenix,AZ,Fentora,REP-S643,Sean Dubois,TERR-S03,1,3.0,11,10,4,-0.0294047161021094,-0.596008568949274,-0.2286770249904699,7.3087,0.06498577561248942,12.12,synthetic,1.2254948396490473,2.534573396864543,-0.572321367882038,-0.469129642068726,1.9454793272294546,-0.5052964573267522,-0.572321367882038,0.7250674023157925,90.9090909090909,3.3333333333333335,0.4,2.5091520079034537,2.3978952727983707,272.72727272727275,0.4,11.2945,22924.37,19.0
2001000725,Dr. Ashley Garcia,Internal Medicine,Las Vegas,NV,Fentora,REP-S698,Summer Larsson,TERR-S02,3,4.0,5,3,0,-0.20039801779541927,-0.3963038042195715,0.3217768805206932,1.2481,0.011493447870249973,12.6511,synthetic,-0.6164282087760067,-0.47808241626437475,-1.3771478678410778,-0.23050871517373495,-0.33040708865298646,-0.6489074423405222,-1.3771478678410778,0.809413027905014,60.0,1.0,0.0,2.602326656594421,1.3862943611198906,240.0,0.0,12.4951,30188.33,18.0
2001000726,Dr. Linda Perez,Oncology,Portland,OR,Abstral,REP-S509,Seth Brooks,TERR-S09,3,5.0,3,2,2,-1.3973511296485885,-0.1542827874931707,-1.0222026806231754,3.6688,0.03366094463120106,14.4619,synthetic,-0.21915068852746614,-0.9084618181399344,0.6349183820565215,0.031716202599591695,-0.9776304286355144,-0.2393501887827342,0.6349183820565215,0.9262150754302673,66.66666666666666,0.6666666666666666,1.0,2.704717988777535,1.0986122886681098,333.33333333333326,1.0,13.9501,12452.76,11.0
2001000727,Dr. James White,Oncology,Boston,MA,Abstral,REP-S850,Sadie Kim,TERR-S14,2,6.0,5,4,0,-0.37139131948872917,-0.0668059127877314,0.30959317095620137,1.9989,0.018520885473417348,14.7653,synthetic,0.5754043519696166,-0.04770301438881521,-1.3771478678410778,0.12025648385831156,0.171618335963463,0.4042397810937907,-1.3771478678410778,0.9611321375422792,80.0,1.3333333333333333,0.0,2.7392904368382665,1.6094379124341003,480.0,0.0,14.476,30027.55,17.0
2001000728,Dr. Robert Wilson,Neurology,Detroit,MI,Actiq,REP-S727,Scott Santos,TERR-S03,3,3.0,3,2,2,0.82556179236444,-0.6516650859229192,-1.2331374150138732,4.1557,0.0373782502473996,11.4154,synthetic,-0.21915068852746614,-0.9084618181399344,0.6349183820565215,-0.5397945364396065,-0.9776304286355144,-0.8244319795795746,0.6349183820565215,0.7499161810489342,66.66666666666666,0.6666666666666666,1.0,2.481559387283517,1.0986122886681098,199.99999999999997,1.0,10.9599,9669.2,24.0
2001000730,Dr. William Hill,Pain Management,Denver,CO,Fentora,REP-S537,Stanley Patel,TERR-S09,3,9.0,3,3,1,-1.3973511296485885,1.025798383067276,1.0590064928926646,3.8322,0.03592720611749112,21.851,synthetic,1.7672369127152399,-0.47808241626437475,-0.7064591178752114,1.0262824621462372,-0.33040708865298646,2.2472474221038388,-0.7064591178752114,1.4526532116811488,100.0,1.0,0.3333333333333333,3.0930676739412695,1.3862943611198906,900.0,0.3333333333333333,21.0446,39917.04,11.0
2001000731,Dr. Robert Thomas,Pain Management,Nashville,TN,Abstral,REP-S707,Scott Rossi,TERR-S11,3,5.0,4,3,0,-0.713377922875349,-0.17813558048187603,-0.923193179636845,2.175,0.020078431527768892,14.107,synthetic,0.27744621178321077,-0.47808241626437475,-1.3771478678410778,0.007032685165143781,-0.33040708865298646,-0.0565121291587212,-1.3771478678410778,0.9530400719290515,75.0,1.0,0.0,2.6950797810338187,1.3862943611198906,375.0,0.0,13.8067,13759.32,15.0
2001000733,Dr. David Nelson,Psychiatry,Jacksonville,FL,Fentora,REP-S607,Scott O'Connor,TERR-S09,3,3.0,3,2,2,0.82556179236444,-0.6632754412270446,-0.5651385230114996,2.7948,0.025278909321084786,11.1945,synthetic,-0.21915068852746614,-0.9084618181399344,0.6349183820565215,-0.554784792078778,-0.9776304286355144,-0.8244319795795746,0.6349183820565215,0.878042684254235,66.66666666666666,0.6666666666666666,1.0,2.475706121096255,1.0986122886681098,199.99999999999997,1.0,10.8901,18484.32,24.0
2001000734,Dr. Richard White,Pain Management,Detroit,MI,Actiq,REP-S566,Stella Kapoor,TERR-S10,2,3.0,6,5,6,-0.37139131948872917,-0.7189153244538358,-1.247861228724414,10.9074,0.09498285477079405,11.707,synthetic,0.7740431120938877,0.3826763874867446,1.0373316320360413,-0.6278655676424529,0.5818029746283429,-0.6050263080307591,1.0373316320360413,0.7286252169783002,83.33333333333334,1.6666666666666667,1.2,2.447170167951603,1.791759469228055,250.00000000000003,1.2,10.5556,9474.9,17.0
2001000735,Dr. Stephanie Clark,Palliative Care,Houston,TX,Subsys,REP-S675,Stephen Kowalski,TERR-S07,2,1.0,9,5,1,0.31258188728451036,-1.2581647637152233,-1.029175084635048,4.2572,0.03676020645222744,7.625,synthetic,-0.8812798889417006,0.3826763874867446,-0.9747346178615579,-1.4711165891079492,0.5818029746283429,-1.4582705862761518,-0.9747346178615579,0.4695139634615974,55.55555555555556,1.6666666666666667,0.2,2.117904756465196,1.791759469228055,55.55555555555556,0.2,7.3137,12360.75,21.0
2001000736,Dr. Thomas Moore,Internal Medicine,Philadelphia,PA,Lazanda,REP-S630,Sadie Novak,TERR-S04,3,3.0,4,3,1,0.48357518897782026,-0.5884734816243901,-0.5642837385613972,3.3358,0.03019636479535448,11.7181,synthetic,0.27744621178321077,-0.47808241626437475,-0.7064591178752114,-0.45971076289903146,-0.33040708865298646,-0.7147291438051668,-0.7064591178752114,0.7345745015115748,75.0,1.0,0.3333333333333333,2.51282981089047,1.3862943611198906,225.0,0.3333333333333333,11.3398,18495.6,22.0
2001000737,Dr. James Thomas,Family Practice,Portland,OR,Actiq,REP-S723,Sean Santos,TERR-S13,3,8.0,3,2,3,-0.20039801779541927,0.6084743082460615,0.1970253336389912,2.7029,0.025322031013196078,19.0367,synthetic,-0.21915068852746614,-0.9084618181399344,1.640951507005321,0.7168510639072756,-0.9776304286355144,0.6382724974125267,1.640951507005321,1.2477719214493932,66.66666666666666,0.6666666666666666,1.5,2.972243560985084,1.0986122886681098,533.3333333333333,1.5,18.5357,28542.07,18.0
2001000738,Dr. Linda Garcia,Internal Medicine,Miami,FL,Abstral,REP-S553,Spencer Chen,TERR-S11,3,1.0,5,4,4,0.82556179236444,-1.4100974074800992,-0.9954944554956405,0.8357,0.007203429536630335,6.4538,synthetic,0.5754043519696166,-0.04770301438881521,0.6349183820565215,-1.7691773815660377,0.171618335963463,-1.351005591296731,0.6349183820565215,0.41460141995665983,80.0,1.3333333333333333,1.0,2.001520539928919,1.6094379124341003,80.0,1.0,6.4003,12805.21,24.0
2001000739,Dr. Kathleen Williams,Neurology,Detroit,MI,Abstral,REP-S529,Seth Patel,TERR-S01,3,5.0,3,3,3,-0.37139131948872917,-0.27231585516949647,-0.07091170208646146,4.9933,0.04537857200969997,13.9016,synthetic,1.7672369127152399,-0.47808241626437475,0.6349183820565215,-0.09282037133048948,-0.33040708865298646,0.49200204971331685,0.6349183820565215,0.9059631196615312,100.0,1.0,1.0,2.6560900177269557,1.3862943611198906,500.0,1.0,13.2405,25006.29,17.0
2001000740,Dr. Melissa Mitchell,Palliative Care,Seattle,WA,Actiq,REP-S762,Sophia Muller,TERR-S10,3,1.0,3,2,3,-1.3973511296485885,-1.194124838327138,-1.0232022025111942,7.8165,0.06689457294675716,8.3005,synthetic,-0.21915068852746614,-0.9084618181399344,1.640951507005321,-1.3551827918752273,-0.9776304286355144,-1.409513770376415,1.640951507005321,0.49422961708872387,66.66666666666666,0.6666666666666666,1.5,2.163173589208111,1.0986122886681098,66.66666666666666,1.5,7.6987,12439.57,11.0
2001000741,Dr. Mary Miller,Oncology,Houston,TX,Subsys,REP-S581,Samuel Nakamura,TERR-S11,3,10.0,5,4,4,-0.37139131948872917,1.4485949606034727,-0.08470419479595984,7.8947,0.07300222044681437,25.4484,synthetic,0.5754043519696166,-0.04770301438881521,0.6349183820565215,1.30575432378357,0.171618335963463,1.8084360790062082,0.6349183820565215,1.5660159608266935,80.0,1.3333333333333333,1.0,3.202193444534426,1.6094379124341003,800.0,1.0,23.5864,24824.28,17.0
2001000742,Dr. Charles Green,Oncology,Baltimore,MD,Actiq,REP-S798,Summer Gomez,TERR-S04,1,3.0,11,9,7,0.14158858559120047,-0.7168361060970799,-0.0669719641821332,9.6686,0.0846435952972584,11.5899,synthetic,0.6837527665828556,2.104193994988983,0.18779254874594392,-0.6250967555116659,1.7310517392273213,-0.6249722781715604,0.18779254874594392,0.701667625225239,81.81818181818183,3.0,0.7777777777777778,2.448251309915698,2.302585092994046,245.4545454545455,0.7777777777777778,10.5681,25058.28,20.0
2001000743,Dr. Elizabeth Campbell,Family Practice,Las Vegas,NV,Abstral,REP-S581,Samuel Nakamura,TERR-S11,3,4.0,4,2,3,-0.713377922875349,-0.450612987698039,-0.00399905408642334,3.4163,0.031079506228043563,12.5843,synthetic,-1.2123444891488182,-0.9084618181399344,1.640951507005321,-0.29323148654896664,-0.9776304286355144,-0.8244319795795745,1.640951507005321,0.8191564064669307,50.0,0.6666666666666666,1.5,2.577835207902736,1.0986122886681098,200.0,1.5,12.1686,25889.29,15.0
2001000744,Dr. Dorothy Sanchez,Neurology,Columbus,OH,Abstral,REP-S752,Sienna Tanaka,TERR-S14,2,5.0,6,4,5,-0.8843712245686588,-0.2865044412359996,-0.5434074470579651,6.2735,0.05666730762217753,13.9805,synthetic,-0.21915068852746614,-0.04770301438881521,1.1379349445309213,-0.10820682446467789,0.171618335963463,-0.2393501887827342,1.1379349445309213,0.9001265837220176,66.66666666666666,1.3333333333333333,1.25,2.6500820477469844,1.6094379124341003,333.33333333333326,1.25,13.1552,18771.09,14.0
2001000745,Dr. Sandra Robinson,Anesthesiology,Chicago,IL,Abstral,REP-S704,Sarah Rossi,TERR-S08,3,6.0,5,4,2,1.6805283008309895,0.12326791251347691,-0.9464277062543894,4.212,0.0388186292095436,16.2765,synthetic,0.5754043519696166,-0.04770301438881521,-0.37111474289227814,0.30269783430012015,0.171618335963463,0.4042397810937907,-0.37111474289227814,1.0710530061021042,80.0,1.3333333333333333,0.5,2.8105285673547984,1.6094379124341003,480.0,0.5,15.6187,13452.71,29.0
2001000746,Dr. Stephanie Nguyen,Family Practice,Charlotte,NC,Abstral,REP-S720,Sloan Rossi,TERR-S10,3,8.0,3,2,1,1.3385416974443696,0.7284202568106029,1.3065416121729865,3.693,0.03450215718500704,19.9679,synthetic,-0.21915068852746614,-0.9084618181399344,-0.37111474289227814,0.8096798297605884,-0.9776304286355144,0.6382724974125267,-0.37111474289227814,1.296314373720263,66.66666666666666,0.6666666666666666,0.5,3.008490539652654,1.0986122886681098,533.3333333333333,0.5,19.2568,43183.59,27.0
2001000747,Dr. Kathleen Robinson,Palliative Care,New York,NY,Abstral,REP-S626,Stella Novak,TERR-S14,2,10.0,5,4,2,-1.2263578279552785,2.611160795726607,2.49512166340329,2.2554,0.02160457960456874,31.2652,synthetic,0.5754043519696166,-0.04770301438881521,-0.37111474289227814,1.9464958029655124,0.171618335963463,1.8084360790062082,-0.37111474289227814,1.9628465949131655,80.0,1.3333333333333333,0.5,3.452384670431309,1.6094379124341003,800.0,0.5,30.5756,58868.46,12.0
2001000748,Dr. Kathleen Jones,Internal Medicine,Phoenix,AZ,Subsys,REP-S773,Spencer Muller,TERR-S07,3,7.0,4,4,4,1.3385416974443696,0.34536170050872805,0.9897136339371548,5.2201,0.04811651950225082,17.8389,synthetic,1.7672369127152399,-0.04770301438881521,0.6349183820565215,0.50060936661468,0.171618335963463,1.3696247359085776,0.6349183820565215,1.09824711557321,100.0,1.3333333333333333,1.0,2.8878073615295237,1.6094379124341003,700.0,1.0,16.9539,39002.63,27.0
2001000750,Dr. Emily Garcia,Neurology,Chicago,IL,Actiq,REP-S566,Stella Kapoor,TERR-S10,3,1.0,4,2,2,0.14158858559120047,-1.3213730017606062,-1.320354982642009,6.1094,0.05201589899584613,7.3573,synthetic,-1.2123444891488182,-0.9084618181399344,0.6349183820565215,-1.5909339339513275,-0.9776304286355144,-1.4826489942260201,0.6349183820565215,0.4744289477585558,50.0,0.6666666666666666,1.0,2.071119509428673,1.0986122886681098,50.0,1.0,6.9337,8518.25,20.0
2001000751,Dr. Mary Rivera,Neurology,Miami,FL,Subsys,REP-S747,Scott Tanaka,TERR-S09,3,2.0,2,2,0,-1.0553645262619686,-0.9572436493786379,-0.5553842805986287,2.0718,0.01849856513664383,9.3118,synthetic,1.7672369127152399,-0.9084618181399344,-1.3771478678410778,-0.9668913213250011,-0.9776304286355144,-0.8244319795795745,-1.3771478678410778,0.6242151239037964,100.0,0.6666666666666666,0.0,2.3147903054324077,1.0986122886681098,200.0,0.0,9.1228,18613.04,13.0
2001000752,Dr. Donna Brown,Pain Management,Las Vegas,NV,Abstral,REP-S534,Selena Patel,TERR-S06,3,6.0,3,3,1,-0.542384621182039,0.032630625905768436,0.5134160684105417,4.4472,0.04086131239005786,15.7442,synthetic,1.7672369127152399,-0.47808241626437475,-0.7064591178752114,0.21731911096399245,-0.33040708865298646,0.9308133928109472,-0.7064591178752114,1.0405046416771666,100.0,1.0,0.3333333333333333,2.7771906172594667,1.3862943611198906,600.0,0.3333333333333333,15.0738,32717.26,16.0
2001000753,Dr. Linda King,Pain Management,Charlotte,NC,Subsys,REP-S673,Spencer Kowalski,TERR-S05,3,1.0,3,2,1,3.561454619457398,-1.8548505308636392,-1.349263823055978,3.1992,0.024906742867533804,3.8457,synthetic,-0.21915068852746614,-0.9084618181399344,-0.37111474289227814,-2.917367909232921,-0.9776304286355144,-1.409513770376415,-0.37111474289227814,0.25723046260464927,66.66666666666666,0.6666666666666666,0.5,1.5531849708833019,1.0986122886681098,66.66666666666666,0.5,3.7265,8136.76,40.0
2001000754,Dr. John Taylor,Oncology,Nashville,TN,Actiq,REP-S796,Sasha Gomez,TERR-S02,2,1.0,7,6,1,1.6805283008309895,-1.4239699523563754,-0.8707353307376079,3.9013,0.03312086188090868,6.5633,synthetic,0.91592794075408,0.8130557893623042,-1.0418034928581448,-1.7982033198703207,0.9286091450931295,-1.3259306574054377,-1.0418034928581448,0.41940975405089964,85.71428571428571,2.0,0.16666666666666666,1.9901867410051666,1.9459101490553132,85.71428571428571,0.16666666666666666,6.3169,14451.57,29.0
2001000755,Dr. Linda Green,Anesthesiology,Atlanta,GA,Subsys,REP-S768,Serena Muller,TERR-S02,2,3.0,9,5,2,1.8515216025242993,-0.7054087220083488,-0.6887101945485121,1.9585,0.01775023181156632,10.8452,synthetic,-0.8812798889417006,0.3826763874867446,-0.572321367882038,-0.609932570836376,0.5818029746283429,-0.9707024272787845,-0.572321367882038,0.7294190051225043,55.55555555555556,1.6666666666666667,0.4,2.4541724904181392,1.791759469228055,166.66666666666669,0.4,10.6368,16853.63,30.0
2001000756,Dr. Stephanie Adams,Oncology,Denver,CO,Abstral,REP-S784,Sarah Gomez,TERR-S04,2,3.0,9,4,1,-0.8843712245686588,-0.714856690221448,-0.9764944461716885,3.4753,0.031259319088961846,10.9477,synthetic,-1.5434090893559358,-0.04770301438881521,-0.874131305366678,-0.622463624852572,0.171618335963463,-1.1169728749779948,-0.874131305366678,0.7024577241777641,44.44444444444444,1.3333333333333333,0.25,2.449279472144849,1.6094379124341003,133.33333333333331,0.25,10.58,13055.94,14.0
2001000757,Dr. Deborah Wright,Palliative Care,Los Angeles,CA,Subsys,REP-S516,Sasha Brooks,TERR-S02,2,3.0,6,5,2,-0.713377922875349,-0.6845500034533722,-0.60836651853995,7.921,0.06997180079330256,11.6147,synthetic,0.7740431120938877,0.3826763874867446,-0.572321367882038,-0.5824823933412786,0.5818029746283429,-0.6050263080307591,-0.572321367882038,0.6908956038074304,83.33333333333334,1.6666666666666667,0.4,2.464890999804099,1.791759469228055,250.00000000000003,0.4,10.7622,17913.87,15.0
2001000758,Dr. Betty Martin,Family Practice,Columbus,OH,Subsys,REP-S693,Spencer Larsson,TERR-S11,3,7.0,3,2,0,0.31258188728451036,0.35138311686989365,0.5920297152528061,0.6873,0.006471474506554387,17.1069,synthetic,-0.21915068852746614,-0.9084618181399344,-1.3771478678410778,0.5057678623025119,-0.9776304286355144,0.3457316020141065,-1.3771478678410778,1.1437264156528937,66.66666666666666,0.6666666666666666,0.0,2.8898216065906834,1.0986122886681098,466.66666666666663,0.0,16.9901,33754.67,21.0
2001000759,Dr. Michael Hall,Neurology,Philadelphia,PA,Fentora,REP-S730,Sadie Santos,TERR-S06,3,8.0,5,4,4,0.31258188728451036,0.572545415041318,1.6404864974645925,5.3595,0.04957439996227597,19.3016,synthetic,0.5754043519696166,-0.04770301438881521,0.6349183820565215,0.688377121598525,0.171618335963463,1.1063379300499994,0.6349183820565215,1.2535004390516484,80.0,1.3333333333333333,1.0,2.9611253007135017,1.6094379124341003,640.0,1.0,18.3197,47590.43,21.0
2001000760,Dr. Ashley Anderson,Oncology,Atlanta,GA,Abstral,REP-S538,Summer Patel,TERR-S10,2,8.0,5,4,2,1.3385416974443696,0.4485408322443889,0.3310302253081048,7.5619,0.06910700178727014,18.9032,synthetic,0.5754043519696166,-0.04770301438881521,-0.37111474289227814,0.5875969386452227,0.171618335963463,1.1063379300499994,-0.37111474289227814,1.1668367236526336,80.0,1.3333333333333333,0.5,2.9217735210356963,1.6094379124341003,640.0,0.5,17.5742,30310.44,27.0
2001000761,Dr. Lisa Anderson,Oncology,Baltimore,MD,Fentora,REP-S576,Sasha Kapoor,TERR-S06,3,2.0,2,1,2,-1.2263578279552785,-1.15546801063833,-1.1787184117202523,3.3574,0.029381267824487356,8.1974,synthetic,-1.2123444891488182,-1.3388412200154942,2.646984631954121,-1.2876593368453098,-1.889840491916844,-1.2632433226772048,2.646984631954121,0.5265843531404787,50.0,0.3333333333333333,2.0,2.189539567593492,0.6931471805599453,100.0,2.0,7.9311,10387.33,12.0
2001000763,Dr. Stephanie Gonzalez,Palliative Care,Nashville,TN,Subsys,REP-S554,Selena Chen,TERR-S12,2,2.0,8,7,1,-0.20039801779541927,-0.8232421847224259,-0.1679153392080569,4.985,0.04429897782991299,10.4234,synthetic,1.0223415622492253,1.243435191237864,-1.089709832141421,-0.7707832353516961,1.2290263146108709,-0.934134815353982,-1.089709832141421,0.6373685596663965,87.5,2.3333333333333335,0.14285714285714285,2.391364905379636,2.0794415416798357,175.0,0.14285714285714285,9.9284,23726.2,18.0
2001000764,Dr. Jennifer Adams,Family Practice,Denver,CO,Abstral,REP-S816,Sasha Vargas,TERR-S08,3,3.0,4,3,2,-0.8843712245686588,-0.6955449101238982,-0.9336718670269302,3.3571,0.030232354009403828,11.0551,synthetic,0.27744621178321077,-0.47808241626437475,-0.035770367909345006,-0.596915068367363,-0.33040708865298646,-0.7147291438051668,-0.035770367909345006,0.7200317899520846,75.0,1.0,0.6666666666666666,2.4592554529024726,1.3862943611198906,225.0,0.6666666666666666,10.6961,13621.04,14.0
2001000765,Dr. Margaret Lopez,Anesthesiology,Nashville,TN,Abstral,REP-S591,Silas Nakamura,TERR-S07,2,5.0,7,4,3,0.14158858559120047,-0.13821458803216038,-0.9262212990185907,3.7862,0.03473947956282375,14.5786,synthetic,-0.7866900031682388,-0.04770301438881521,0.1319018195821217,0.0482109040853377,0.171618335963463,-0.4483079712101771,0.1319018195821217,0.9632530403179794,57.14285714285714,1.3333333333333333,0.75,2.7111586980489104,1.6094379124341003,285.71428571428567,0.75,14.0467,13719.36,20.0
2001000766,Dr. Richard Allen,Anesthesiology,Las Vegas,NV,Subsys,REP-S789,Seth Gomez,TERR-S09,3,5.0,4,2,3,-0.542384621182039,-0.2885836595927558,-0.09558602520683795,5.3422,0.0484510456688505,13.8448,synthetic,-1.2123444891488182,-0.9084618181399344,1.640951507005321,-0.11046936617259813,-0.9776304286355144,-0.6050263080307592,1.640951507005321,0.901261202487923,50.0,0.6666666666666666,1.5,2.6491985899064368,1.0986122886681098,250.0,1.5,13.1427,24680.68,16.0
2001000767,Dr. Dorothy Brown,Neurology,Nashville,TN,Subsys,REP-S815,Stephen Vargas,TERR-S07,2,1.0,6,3,3,-0.542384621182039,-1.7195849014465194,-1.5195061193384758,6.0302,0.04824245145813455,4.8135,synthetic,-1.2123444891488182,-0.47808241626437475,0.6349183820565215,-2.510794279063774,-0.33040708865298646,-1.4826489942260201,0.6349183820565215,0.3106227691044487,50.0,1.0,1.0,1.7119403476683914,1.3862943611198906,50.0,1.0,4.5397,5890.19,16.0
2001000768,Dr. Amanda Hernandez,Palliative Care,Jacksonville,FL,Actiq,REP-S642,Sophia Dubois,TERR-S02,2,1.0,6,4,3,-1.0553645262619686,-1.6128461478840923,-1.6116553688826278,4.4175,0.036361288678733006,5.4103,synthetic,-0.21915068852746614,-0.04770301438881521,0.1319018195821217,-2.2300965536050796,0.171618335963463,-1.409513770376415,0.1319018195821217,0.3326277602690732,66.66666666666666,1.3333333333333333,0.75,1.8215447830307472,1.6094379124341003,66.66666666666666,0.75,5.1814,4674.16,13.0
2001000769,Dr. Sarah Walker,Pain Management,Austin,TX,Abstral,REP-S547,Scott Chen,TERR-S05,2,3.0,9,8,9,-0.542384621182039,-0.619894629431687,-0.40644339468171503,10.6473,0.0932213604406451,12.3381,synthetic,1.1051077123010045,1.6738145931134232,0.8864266632937214,-0.4992183159706535,1.4940130379096728,-0.5318910841811543,0.8864266632937214,0.7697172052752403,88.88888888888889,2.6666666666666665,1.125,2.497403241117283,2.1972245773362196,266.66666666666663,1.125,11.1509,20578.51,16.0
2001000770,Dr. John Smith,Pain Management,Houston,TX,Lazanda,REP-S640,Sloan Novak,TERR-S14,2,8.0,8,4,4,0.48357518897782026,0.6827273542025326,1.5914553642420959,7.5432,0.06920804093372057,20.414,synthetic,-1.2123444891488182,-0.04770301438881521,0.6349183820565215,0.774712693472916,0.171618335963463,0.0531907066156864,0.6349183820565215,1.3102842786012914,50.0,1.3333333333333333,1.0,2.9948368728023578,1.6094379124341003,400.0,1.0,18.9821,46943.4,22.0
2001000771,Dr. Emily Wilson,Pain Management,Seattle,WA,Subsys,REP-S757,Stanley Tanaka,TERR-S05,2,8.0,7,4,0,-0.20039801779541927,0.538113559053438,1.1967177238751212,5.2003,0.04811050469078726,19.0547,synthetic,-0.7866900031682388,-0.04770301438881521,-1.3771478678410778,0.660789275197137,0.171618335963463,0.3039400455286179,-1.3771478678410778,1.2502718905190475,57.14285714285714,1.3333333333333333,0.0,2.9503530355562178,1.6094379124341003,457.1428571428571,0.0,18.1127,41734.32,18.0
2001000772,Dr. Margaret Lewis,Oncology,Seattle,WA,Abstral,REP-S534,Selena Patel,TERR-S06,3,1.0,5,3,4,-1.0553645262619686,-1.4922015819516807,-1.0731851170008262,3.2495,0.027419713724774253,6.0987,synthetic,-0.6164282087760067,-0.47808241626437475,1.3056071320223879,-1.9459600703921458,-0.33040708865298646,-1.438767859916257,1.3056071320223879,0.39217457839327025,60.0,1.0,1.3333333333333333,1.9324919549663526,1.3862943611198906,60.0,1.3333333333333333,5.9067,11779.98,13.0
2001000773,Dr. Melissa Hall,Pain Management,Phoenix,AZ,Actiq,REP-S646,Stella Dubois,TERR-S06,2,4.0,7,4,3,-0.542384621182039,-0.4212045232600818,0.29810207928833526,8.7834,0.07811682636864248,13.4297,synthetic,-0.7866900031682388,-0.04770301438881521,0.1319018195821217,-0.25907649314393855,0.171618335963463,-0.6990573101231087,0.1319018195821217,0.8521703885789444,57.14285714285714,1.3333333333333333,0.75,2.5911717561802314,1.6094379124341003,228.57142857142856,0.75,12.3454,29875.91,16.0
2001000774,Dr. Elizabeth White,Pain Management,Charlotte,NC,Subsys,REP-S667,Scott Kowalski,TERR-S13,2,1.0,5,4,1,-0.8843712245686588,-1.3218553804193738,-0.7176091837232511,1.9419,0.016829394089188376,7.0654,synthetic,0.5754043519696166,-0.04770301438881521,-0.874131305366678,-1.5918702282389843,0.171618335963463,-1.351005591296731,-0.874131305366678,0.47841483703751586,80.0,1.3333333333333333,0.25,2.0707539132822705,1.6094379124341003,80.0,0.25,6.9308,16472.27,14.0
2001000775,Dr. James Gonzalez,Pain Management,Austin,TX,Abstral,REP-S515,Stephen Brooks,TERR-S01,2,10.0,9,6,2,0.82556179236444,2.579889351640996,0.46254351123968607,8.574,0.07974465238403461,32.9931,synthetic,-0.21915068852746614,0.8130557893623042,-0.7064591178752114,1.9312020839175263,0.9286091450931295,1.2233542882093669,-0.7064591178752114,2.0975758501127166,66.66666666666666,2.0,0.3333333333333333,3.446412910460309,1.9459101490553132,666.6666666666665,0.3333333333333333,30.3876,32045.93,24.0
2001000776,Dr. Donna Brown,Pain Management,Boston,MA,Fentora,REP-S807,Scott Vargas,TERR-S13,1,4.0,9,7,4,-0.542384621182039,-0.4402002621674049,-1.0339741537152773,8.5102,0.07572890557811718,13.2721,synthetic,0.44297851188677,1.243435191237864,-0.2273957250424497,-0.2810859901241426,1.2290263146108709,-0.33686382058220715,-0.2273957250424497,0.8442874638964136,77.77777777777779,2.3333333333333335,0.5714285714285714,2.5825776769614466,2.0794415416798357,311.11111111111114,0.5714285714285714,12.2312,12297.42,16.0
2001000777,Dr. Donna Allen,Palliative Care,Atlanta,GA,Abstral,REP-S791,Silas Gomez,TERR-S11,3,2.0,5,2,3,-1.2263578279552785,-1.113018688666799,-0.6865376174045019,5.8387,0.050715092579016297,8.6642,synthetic,-1.80826076952163,-0.9084618181399344,1.640951507005321,-1.2155063551471168,-0.9776304286355144,-1.351005591296731,1.640951507005321,0.5255318319162222,40.0,0.6666666666666666,1.5,2.217713243763535,1.0986122886681098,80.0,1.5,8.1863,16882.3,12.0
2001000778,Dr. Margaret Clark,Palliative Care,Portland,OR,Subsys,REP-S672,Sienna Kowalski,TERR-S04,2,7.0,7,6,0,0.31258188728451036,0.20783388151945748,0.1445705158902864,5.2598,0.04834215212151083,16.9754,synthetic,0.91592794075408,0.8130557893623042,-1.3771478678410778,0.37986977722115256,0.9286091450931295,0.9308133928109472,-1.3771478678410778,1.0353034223637183,85.71428571428571,2.0,0.0,2.8406620043673487,1.9459101490553132,600.0,0.0,16.1271,27849.86,21.0
2001000779,Dr. Amanda Harris,Pain Management,Columbus,OH,Subsys,REP-S622,Sophia Novak,TERR-S10,3,7.0,3,2,1,-1.0553645262619686,0.12745961672069703,0.25289171131177496,2.3619,0.021957485924512188,16.0134,synthetic,-0.21915068852746614,-0.9084618181399344,-0.37111474289227814,0.3065783119884808,-0.9776304286355144,0.3457316020141065,-0.37111474289227814,1.0798571404644766,66.66666666666666,0.6666666666666666,0.5,2.812043782931533,1.0986122886681098,466.66666666666663,0.5,15.6439,29279.3,13.0
2001000780,Dr. Barbara Ramirez,Neurology,Philadelphia,PA,Fentora,REP-S719,Solomon Rossi,TERR-S09,3,5.0,5,4,5,-0.713377922875349,-0.13769894187968493,0.3344925570035996,6.8838,0.062279712730205716,15.0169,synthetic,0.5754043519696166,-0.04770301438881521,1.1379349445309213,0.048738481824096604,0.171618335963463,0.0531907066156864,1.1379349445309213,0.9613383662717102,80.0,1.3333333333333333,1.25,2.71136470207004,1.6094379124341003,400.0,1.25,14.0498,30356.13,15.0
2001000781,Dr. Deborah Miller,Anesthesiology,Baltimore,MD,Actiq,REP-S672,Sienna Kowalski,TERR-S04,3,10.0,3,1,2,0.31258188728451036,2.032090166496628,0.8879048654342656,5.5223,0.051886655081515354,28.5905,synthetic,-2.205538289770171,-1.3388412200154942,2.646984631954121,1.6473241862559846,-1.889840491916844,-0.2393501887827342,2.646984631954121,1.857992756326214,33.33333333333333,0.3333333333333333,2.0,3.335566708788381,0.6931471805599453,333.33333333333326,2.0,27.0943,37659.13,21.0
2001000782,Dr. Sandra Wright,Palliative Care,Los Angeles,CA,Subsys,REP-S520,Sloan Brooks,TERR-S06,3,7.0,2,1,1,-1.2263578279552785,0.38025930140852077,0.19347130963989506,1.9372,0.018140208666845403,17.4962,synthetic,-1.2123444891488182,-1.3388412200154942,0.6349183820565215,0.5303624681791154,-1.889840491916844,-0.16621496493312882,0.6349183820565215,1.10184951729847,50.0,0.3333333333333333,1.0,2.8994250969134487,0.6931471805599453,350.0,1.0,17.1637,28495.17,12.0
2001000783,Dr. Karen Davis,Family Practice,Charlotte,NC,Actiq,REP-S590,Sadie Nakamura,TERR-S06,3,7.0,5,4,2,-0.713377922875349,0.17772679971363045,0.710241554861118,4.1765,0.03854844696777704,16.6121,synthetic,0.5754043519696166,-0.04770301438881521,-0.37111474289227814,0.35266090772906106,0.171618335963463,0.7552888555718951,-0.37111474289227814,1.0734472308369347,80.0,1.3333333333333333,0.5,2.8300377188564654,1.6094379124341003,560.0,0.5,15.9461,35314.63,15.0
2001000784,Dr. Sarah Garcia,Anesthesiology,Chicago,IL,Subsys,REP-S800,Sloan Gomez,TERR-S06,3,8.0,4,3,2,1.3385416974443696,0.49212124900199516,0.7770844863989138,3.6821,0.03427487647347238,18.493,synthetic,0.27744621178321077,-0.47808241626437475,-0.035770367909345006,0.6234690385220965,-0.33040708865298646,0.9308133928109472,-0.035770367909345006,1.2231181613987303,75.0,1.0,0.6666666666666666,2.9357805502905356,1.3862943611198906,600.0,0.6666666666666666,17.8362,36196.71,27.0
2001000785,Dr. Kimberly Harris,Oncology,Denver,CO,Abstral,REP-S793,Spencer Gomez,TERR-S13,2,1.0,7,5,1,1.3385416974443696,-1.6766698345630753,-1.342395993737469,7.6642,0.0614917297313764,5.1654,synthetic,0.06461896879292103,0.3826763874867446,-0.9747346178615579,-2.394214834631302,0.5818029746283429,-1.3886179921336705,-0.9747346178615579,0.3185426676075292,71.42857142857143,1.6666666666666667,0.2,1.7574612871808082,1.791759469228055,71.42857142857143,0.2,4.7977,8227.39,27.0
2001000786,Dr. Susan Hall,Family Practice,Nashville,TN,Subsys,REP-S594,Selena Nakamura,TERR-S10,3,6.0,5,2,0,-0.713377922875349,0.07824035977956857,-0.3279547827989069,1.567,0.014604118499356833,15.5885,synthetic,-1.80826076952163,-0.9084618181399344,-1.3771478678410778,0.26063841221655376,-0.9776304286355144,-0.6489074423405222,-1.3771478678410778,1.033184797466796,40.0,0.6666666666666666,0.0,2.7941055657020306,1.0986122886681098,240.0,0.0,15.348,21614.27,15.0
2001000787,Dr. John Rodriguez,Neurology,Nashville,TN,Abstral,REP-S713,Spencer Rossi,TERR-S03,2,8.0,5,3,4,-0.0294047161021094,0.6566622728822391,-0.5930258656960906,5.3125,0.04921425350638753,19.8255,synthetic,-0.6164282087760067,-0.47808241626437475,1.3056071320223879,0.7545500673993218,-0.33040708865298646,0.4042397810937907,1.3056071320223879,1.2881022705242389,60.0,1.0,1.3333333333333333,2.9869639438621345,1.3862943611198906,480.0,1.3333333333333333,18.8254,18116.31,19.0
2001000788,Dr. Michael Campbell,Internal Medicine,Philadelphia,PA,Subsys,REP-S619,Solomon O'Connor,TERR-S07,3,1.0,5,4,3,-0.713377922875349,-1.672478130355855,-1.4184293736891318,5.1152,0.04149428561258639,5.0696,synthetic,0.5754043519696166,-0.04770301438881521,0.1319018195821217,-2.383107408612493,0.171618335963463,-1.351005591296731,0.1319018195821217,0.3124199159897153,80.0,1.3333333333333333,0.75,1.7617984194291416,1.6094379124341003,80.0,0.75,4.8229,7224.03,15.0
2001000790,Dr. Donna White,Oncology,Los Angeles,CA,Subsys,REP-S550,Sadie Chen,TERR-S08,2,10.0,7,5,0,0.48357518897782026,2.611909314335039,3.5431298353362997,3.1494,0.030041262076179187,31.5432,synthetic,0.06461896879292103,0.3826763874867446,-1.3771478678410778,1.9468607591449012,0.5818029746283429,1.4323120706368109,-1.3771478678410778,2.030361762866583,71.42857142857143,1.6666666666666667,0.0,3.4525271753835973,1.791759469228055,714.2857142857143,0.0,30.5801,72698.3,22.0
2001000791,Dr. Mary White,Internal Medicine,Charlotte,NC,Actiq,REP-S700,Sloan Larsson,TERR-S04,3,5.0,3,2,3,-1.3973511296485885,-0.20766048114781127,-0.3200313553075319,5.4198,0.049261387040530735,14.3679,synthetic,-0.21915068852746614,-0.9084618181399344,1.640951507005321,-0.023853698546895365,-0.9776304286355144,-0.2393501887827342,1.640951507005321,0.882878251468417,66.66666666666666,0.6666666666666666,1.5,2.683019531376964,1.0986122886681098,333.33333333333326,1.5,13.6292,21718.83,11.0
2001000792,Dr. Karen Torres,Oncology,Phoenix,AZ,Abstral,REP-S811,Silas Vargas,TERR-S03,1,1.0,10,5,0,1.8515216025242993,-1.24048309080937,-1.3993588901153042,4.2396,0.03668232149562689,7.7346,synthetic,-1.2123444891488182,0.3826763874867446,-1.3771478678410778,-1.438578811405957,0.5818029746283429,-1.4826489942260201,-1.3771478678410778,0.49264993510387617,50.0,1.6666666666666667,0.0,2.130609828254235,1.791759469228055,50.0,0.0,7.42,7475.69,30.0
2001000793,Dr. Michelle Wright,Neurology,Baltimore,MD,Subsys,REP-S665,Simon Kowalski,TERR-S11,3,2.0,4,1,0,-0.542384621182039,-0.8817430724081132,-0.41906813664865306,0.4365,0.0039442943866343505,9.6185,synthetic,-2.7021351900808472,-1.3388412200154942,-1.3771478678410778,-0.8545574539262542,-1.889840491916844,-1.4826489942260201,-1.3771478678410778,0.6552726111598947,25.0,0.3333333333333333,0.0,2.358653468513582,0.6931471805599453,50.0,0.0,9.5767,20411.91,16.0
2001000794,Dr. Elizabeth Walker,Pain Management,Phoenix,AZ,Subsys,REP-S671,Silas Kowalski,TERR-S03,1,4.0,11,9,8,-0.37139131948872917,-0.40340641412625006,-0.3912580883026348,9.3454,0.08296613207821313,13.6161,synthetic,0.6837527665828556,2.104193994988983,0.4113554654012326,-0.238624873640228,1.7310517392273213,-0.26594481563713557,0.4113554654012326,0.8595563162587239,81.81818181818183,3.0,0.8888888888888888,2.599157528791274,2.302585092994046,327.2727272727273,0.8888888888888888,12.4524,20778.9,17.0
2001000795,Dr. William Davis,Neurology,Nashville,TN,Subsys,REP-S627,Scott Novak,TERR-S01,3,1.0,5,3,0,-0.713377922875349,-1.2479516431468378,-1.4347566660312474,4.5273,0.03909395577224961,7.709,synthetic,-0.6164282087760067,-0.47808241626437475,-1.3771478678410778,-1.4522720300167313,-0.33040708865298646,-1.438767859916257,-1.3771478678410778,0.5046311395956163,60.0,1.0,0.0,2.125263017938353,1.3862943611198906,60.0,0.0,7.3751,7008.57,15.0
2001000796,Dr. William Ramirez,Internal Medicine,Phoenix,AZ,Subsys,REP-S742,Sophia Tanaka,TERR-S04,3,10.0,4,3,0,3.2194680160707785,1.5998456207473324,1.8317376980863094,2.4506,0.023272235384465212,25.096,synthetic,0.27744621178321077,-0.47808241626437475,-1.3771478678410778,1.3987607909774444,-0.33040708865298646,1.5890304074573929,-1.3771478678410778,1.586793119515078,75.0,1.0,0.0,3.2385098104941927,1.3862943611198906,750.0,0.0,24.4957,50114.24,38.0
2001000797,Dr. Michelle King,Internal Medicine,Seattle,WA,Abstral,REP-S659,Solomon Dubois,TERR-S05,3,7.0,3,2,1,-0.37139131948872917,0.3916367842566898,0.48107293444350185,3.6789,0.034182883964145816,17.8661,synthetic,-0.21915068852746614,-0.9084618181399344,-0.37111474289227814,0.5399884736288193,-0.9776304286355144,0.3457316020141065,-0.37111474289227814,1.1162684762956672,66.66666666666666,0.6666666666666666,0.5,2.9031837767901227,1.0986122886681098,466.66666666666663,0.5,17.2321,32290.45,17.0
2001000798,Dr. Melissa Davis,Anesthesiology,Phoenix,AZ,Fentora,REP-S806,Stella Vargas,TERR-S12,2,3.0,6,3,3,0.31258188728451036,-0.6170169912259367,-0.5407309411379635,4.1998,0.03781885381560324,11.6372,synthetic,-1.2123444891488182,-0.47808241626437475,0.6349183820565215,-0.49557464260629447,-0.33040708865298646,-1.0438376511283896,0.6349183820565215,0.7658597823602169,50.0,1.0,1.0,2.4988259913768114,1.3862943611198906,150.0,1.0,11.1682,18806.41,21.0
2001000799,Dr. Charles Nguyen,Neurology,Denver,CO,Subsys,REP-S612,Sienna O'Connor,TERR-S14,2,7.0,8,7,2,1.1675483957510597,0.3085345849738656,-0.3823745438801609,5.9729,0.05483417722719075,17.732,synthetic,1.0223415622492253,1.243435191237864,-0.8022717964417637,0.46883175815808803,1.2290263146108709,0.985664810698151,-0.8022717964417637,1.144898447923913,87.5,2.3333333333333335,0.2857142857142857,2.8753991140941046,2.0794415416798357,612.5,0.2857142857142857,16.7325,20896.13,26.0
2001000800,Dr. Sarah King,Neurology,Las Vegas,NV,Abstral,REP-S579,Solomon Kapoor,TERR-S09,3,3.0,4,3,4,-0.542384621182039,-0.742086133821525,-1.10034725692057,3.1959,0.028742994429840518,10.7492,synthetic,0.27744621178321077,-0.47808241626437475,1.3056071320223879,-0.6589254840581851,-0.33040708865298646,-0.7147291438051668,1.3056071320223879,0.7127210938658213,75.0,1.0,1.3333333333333333,2.4350421587360485,1.3862943611198906,225.0,1.3333333333333333,10.4163,11421.54,16.0
2001000801,Dr. Dorothy Flores,Oncology,Chicago,IL,Abstral,REP-S800,Sloan Gomez,TERR-S06,3,4.0,5,3,1,0.14158858559120047,-0.3820486831656524,-0.7462247603232222,4.0188,0.03655276235253346,13.0864,synthetic,-0.6164282087760067,-0.47808241626437475,-0.7064591178752114,-0.21429658318435477,-0.33040708865298646,-0.6489074423405222,-0.7064591178752114,0.8353005799939144,60.0,1.0,0.3333333333333333,2.6086570305574175,1.3862943611198906,240.0,0.3333333333333333,12.5808,16094.65,20.0
2001000802,Dr. Michael Lee,Neurology,Philadelphia,PA,Lazanda,REP-S722,Sophia Santos,TERR-S12,2,10.0,7,5,0,1.6805283008309895,1.598182246061928,2.6462176973486535,3.9118,0.0368966524999621,25.4436,synthetic,0.06461896879292103,0.3826763874867446,-1.3771478678410778,1.3977561080828462,0.5818029746283429,1.4323120706368109,-1.3771478678410778,1.6754005633545828,71.42857142857143,1.6666666666666667,0.0,3.238117510552322,1.791759469228055,714.2857142857143,0.0,24.4857,60862.37,29.0
2001000803,Dr. Linda Green,Oncology,Baltimore,MD,Subsys,REP-S676,Sasha Kowalski,TERR-S08,2,3.0,5,4,3,-0.713377922875349,-0.6945635190595093,-0.24872353903569064,4.6266,0.04143845119884171,11.1971,synthetic,0.5754043519696166,-0.04770301438881521,0.1319018195821217,-0.5956235154993376,0.171618335963463,-0.6489074423405222,0.1319018195821217,0.7105578983128952,80.0,1.3333333333333333,0.75,2.4597597673660445,1.6094379124341003,240.0,0.75,10.702,22659.83,15.0
2001000804,Dr. James Jones,Pain Management,Atlanta,GA,Actiq,REP-S569,Seth Kapoor,TERR-S13,1,3.0,12,5,5,0.14158858559120047,-0.713492722979416,-0.7795530182132524,5.5884,0.049799713075568075,11.1799,synthetic,-1.7089413894594943,0.3826763874867446,0.6349183820565215,-0.6206507729070709,0.5818029746283429,-1.1535404869027972,0.6349183820565215,0.7308755089629806,41.66666666666667,1.6666666666666667,1.0,2.449987338991855,1.791759469228055,125.00000000000001,1.0,10.5882,15654.84,20.0
2001000805,Dr. William Brown,Orthopedics,Atlanta,GA,Abstral,REP-S681,Samuel Larsson,TERR-S13,3,10.0,3,2,2,-0.542384621182039,2.3913458310503604,2.184240802511788,3.1261,0.029779465305585173,30.1686,synthetic,-0.21915068852746614,-0.9084618181399344,0.6349183820565215,1.837005178674991,-0.9776304286355144,1.2233542882093669,0.6349183820565215,1.8122129129175637,66.66666666666666,0.6666666666666666,1.0,3.409631712482598,1.0986122886681098,666.6666666666665,1.0,29.2541,54765.98,16.0
2001000806,Dr. Richard Torres,Oncology,Philadelphia,PA,Subsys,REP-S667,Scott Kowalski,TERR-S13,2,7.0,8,5,5,-0.713377922875349,0.2892893398637318,-0.7193907424485977,6.8764,0.06284196791433727,17.7594,synthetic,-0.46744913868280374,0.3826763874867446,0.6349183820565215,0.45206709423356534,0.5818029746283429,0.2177449602772978,0.6349183820565215,1.1032702751528423,62.5,1.6666666666666667,1.0,2.8688529922098454,1.791759469228055,437.5,1.0,16.6168,16448.76,15.0
2001000807,Dr. Kathleen Davis,Oncology,Nashville,TN,Abstral,REP-S567,Scott Kapoor,TERR-S11,3,7.0,4,3,2,-0.8843712245686588,0.34526189802760343,0.7595970211905688,5.2538,0.04842061878960413,17.844,synthetic,0.27744621178321077,-0.47808241626437475,-0.035770367909345006,0.5005237790892743,-0.33040708865298646,0.6017048854877244,-0.035770367909345006,1.1256121488944129,75.0,1.0,0.6666666666666666,2.8877739420481907,1.3862943611198906,525.0,0.6666666666666666,16.9533,35965.94,14.0
2001000808,Dr. John Green,Anesthesiology,Chicago,IL,Actiq,REP-S779,Solomon Muller,TERR-S13,2,8.0,7,5,1,-1.3973511296485885,0.5621825907512459,-0.4233458478373305,2.8759,0.026902306051743263,18.7825,synthetic,0.06461896879292103,0.3826763874867446,-0.9747346178615579,0.680105329556717,0.5818029746283429,0.8054387233544815,-0.9747346178615579,1.2520019690248583,71.42857142857143,1.6666666666666667,0.2,2.957895402449468,1.791759469228055,571.4285714285714,0.2,18.2574,20355.46,11.0
2001000809,Dr. Dorothy Lewis,Oncology,Chicago,IL,Subsys,REP-S559,Solomon Chen,TERR-S03,1,4.0,9,7,7,-0.20039801779541927,-0.4556197455011073,0.26280812027812267,6.8634,0.06147984655971728,12.9716,synthetic,0.44297851188677,1.243435191237864,0.6349183820565215,-0.2990919838395899,1.2290263146108709,-0.33686382058220715,0.6349183820565215,0.8059341290105662,77.77777777777779,2.3333333333333335,1.0,2.575546851289116,2.0794415416798357,311.11111111111114,1.0,12.1385,29410.16,18.0
2001000810,Dr. Joseph Sanchez,Palliative Care,Atlanta,GA,Subsys,REP-S515,Stephen Brooks,TERR-S01,3,10.0,5,4,1,0.48357518897782026,2.42918760514332,2.482107418592954,6.8351,0.0640153228397411,31.4967,synthetic,0.5754043519696166,-0.04770301438881521,-0.874131305366678,1.8561909891905743,0.171618335963463,1.8084360790062082,-0.874131305366678,1.8926156207103697,80.0,1.3333333333333333,0.25,3.4171232228790336,1.6094379124341003,800.0,0.25,29.4816,58696.72,22.0
2001000811,Dr. Ashley Wright,Anesthesiology,Phoenix,AZ,Subsys,REP-S745,Simon Tanaka,TERR-S07,2,7.0,7,4,3,-0.37139131948872917,0.3642742706817805,1.233092288050091,5.7045,0.05248477362756043,18.0412,synthetic,-0.7866900031682388,-0.04770301438881521,0.1319018195821217,0.516776792301526,0.171618335963463,0.0531907066156864,0.1319018195821217,1.1704113842348127,57.14285714285714,1.3333333333333333,0.75,2.8941202789597376,1.6094379124341003,400.0,0.75,17.0676,42214.33,17.0
2001000812,Dr. Thomas Rivera,Internal Medicine,Las Vegas,NV,Abstral,REP-S655,Stephen Dubois,TERR-S01,3,8.0,5,3,3,0.82556179236444,0.43277204022675075,0.2517315384455457,1.9248,0.018040344254036,17.8158,synthetic,-0.6164282087760067,-0.47808241626437475,0.6349183820565215,0.5744924633610391,-0.33040708865298646,0.4042397810937907,0.6349183820565215,1.132288183364911,60.0,1.0,1.0,2.9166565981539887,1.3862943611198906,480.0,1.0,17.4794,29263.99,24.0
2001000813,Dr. Emily Hill,Pain Management,Charlotte,NC,Subsys,REP-S763,Sean Muller,TERR-S11,3,6.0,4,3,2,-1.0553645262619686,0.06551554343622154,0.547561979156654,6.2669,0.057149878088380124,16.2285,synthetic,0.27744621178321077,-0.47808241626437475,-0.035770367909345006,0.24862612544491197,-0.33040708865298646,0.2725963781645016,-0.035770367909345006,1.054151351044385,75.0,1.0,0.6666666666666666,2.7894151112038155,1.3862943611198906,450.0,0.6666666666666666,15.2715,33167.86,13.0
2001000814,Dr. Elizabeth Martinez,Internal Medicine,Boston,MA,Subsys,REP-S744,Sarah Tanaka,TERR-S06,3,10.0,5,4,2,1.6805283008309895,1.5590929409549141,-0.34937819697341504,5.1921,0.04866059784020127,25.5098,synthetic,0.5754043519696166,-0.04770301438881521,-0.37111474289227814,1.3740318806131877,0.171618335963463,1.8084360790062082,-0.37111474289227814,1.5709224028472057,80.0,1.3333333333333333,0.5,3.228853878109377,1.6094379124341003,800.0,0.5,24.2507,21331.56,29.0
2001000815,Dr. Sandra Campbell,Oncology,Austin,TX,Subsys,REP-S574,Selena Kapoor,TERR-S04,2,3.0,9,4,1,1.1675483957510597,-0.7657060543542733,-1.1348334143139305,2.1015,0.018968698945328377,10.4902,synthetic,-1.5434090893559358,-0.04770301438881521,-0.874131305366678,-0.6909799683497195,0.171618335963463,-1.1169728749779948,-0.874131305366678,0.6821608124309643,44.44444444444444,1.3333333333333333,0.25,2.4225257992042284,1.6094379124341003,133.33333333333331,0.25,10.2743,10966.45,26.0
2001000816,Dr. David Lopez,Pain Management,Denver,CO,Subsys,REP-S603,Sean O'Connor,TERR-S05,2,6.0,8,6,2,2.7064881109908487,0.01267012968091047,0.5401417226536376,9.3308,0.08384935045046271,16.3492,synthetic,0.27744621178321077,0.8130557893623042,-0.7064591178752114,0.19812802094840112,0.9286091450931295,0.2725963781645016,-0.7064591178752114,1.032221358297975,75.0,2.0,0.3333333333333333,2.769697045369243,1.9459101490553132,450.0,0.3333333333333333,14.9538,33069.94,35.0
2001000817,Dr. Laura Sanchez,Orthopedics,Miami,FL,Lazanda,REP-S782,Sophia Gomez,TERR-S02,3,9.0,5,3,0,-0.713377922875349,1.1878110774257051,-0.35267002645146917,2.167,0.020514840920879962,22.4957,synthetic,-0.6164282087760067,-0.47808241626437475,-1.3771478678410778,1.1370073711154594,-0.33040708865298646,0.667526586952369,-1.3771478678410778,1.363993123848167,60.0,1.0,0.0,3.1363025847631802,1.3862943611198906,540.0,0.0,22.0186,21288.12,15.0
2001000818,Dr. Elizabeth Rodriguez,Oncology,Las Vegas,NV,Subsys,REP-S716,Sasha Rossi,TERR-S06,3,5.0,4,2,1,-0.37139131948872917,-0.1767217119992817,0.11299729415844498,2.8654,0.026371743732068076,14.2111,synthetic,-1.2123444891488182,-0.9084618181399344,-0.37111474289227814,0.008502446391834563,-0.9776304286355144,-0.6050263080307592,-0.37111474289227814,0.917258407472651,50.0,0.6666666666666666,0.5,2.695653680765659,1.0986122886681098,250.0,0.5,13.8152,27433.21,17.0
2001000819,Dr. Betty Hall,Family Practice,Philadelphia,PA,Actiq,REP-S804,Sarah Vargas,TERR-S10,3,2.0,2,2,3,-0.0294047161021094,-0.9764888944887717,-1.2304018016584923,3.4915,0.030943945732554212,9.3216,synthetic,1.7672369127152399,-0.9084618181399344,1.640951507005321,-0.9963312859654486,-0.9776304286355144,-0.8244319795795745,1.640951507005321,0.6063329938274158,100.0,0.6666666666666666,1.5,2.303294841063286,1.0986122886681098,200.0,1.5,9.0071,9705.3,19.0
2001000820,Dr. Jessica Hill,Neurology,Miami,FL,Subsys,REP-S754,Selena Tanaka,TERR-S02,2,5.0,9,6,2,0.6545684906711301,-0.22263085331645488,-1.026828974123065,7.7063,0.06930645717681028,14.5826,synthetic,-0.21915068852746614,0.8130557893623042,-0.7064591178752114,-0.03965788121460881,0.9286091450931295,-0.2393501887827342,-0.7064591178752114,0.9264012589948568,66.66666666666666,2.0,0.3333333333333333,2.6768484499589453,1.9459101490553132,333.33333333333326,0.3333333333333333,13.5392,12391.71,23.0
2001000821,Dr. Carol Taylor,Oncology,Nashville,TN,Lazanda,REP-S615,Stephen O'Connor,TERR-S03,1,10.0,14,11,8,1.6805283008309895,1.4925745872855758,0.3324851775635983,12.1306,0.11012965541472841,26.744,synthetic,0.4902734547735005,2.9649527987401023,0.0861730411753581,1.3331481367493403,2.141236377892201,1.7457487442779749,0.0861730411753581,1.5835707644441415,78.57142857142857,3.6666666666666665,0.7272727272727273,3.2128899451834028,2.4849066497880004,785.7142857142857,0.7272727272727273,23.8508,30329.64,29.0
2001000822,Dr. Patricia Allen,Oncology,Miami,FL,Lazanda,REP-S801,Samuel Vargas,TERR-S07,1,3.0,9,6,2,-0.0294047161021094,-0.8096524135426686,-1.1689785672724096,4.5178,0.04025035588423176,10.4623,synthetic,-0.21915068852746614,0.8130557893623042,-0.7064591178752114,-0.7517085275442548,0.9286091450931295,-0.8244319795795746,-0.7064591178752114,0.6646192877875081,66.66666666666666,2.0,0.3333333333333333,2.398813033345476,1.9459101490553132,199.99999999999997,0.3333333333333333,10.0101,10515.86,19.0
2001000823,Dr. Kathleen Hill,Anesthesiology,Portland,OR,Subsys,REP-S550,Sadie Chen,TERR-S08,3,2.0,3,2,2,0.48357518897782026,-1.0081761822457336,-1.3661981032921822,4.5562,0.040105400195686425,9.2183,synthetic,-0.21915068852746614,-0.9084618181399344,0.6349183820565215,-1.045553868107947,-0.9776304286355144,-1.1169728749779948,0.6349183820565215,0.6045987139518533,66.66666666666666,0.6666666666666666,1.0,2.2840748302349487,1.0986122886681098,133.33333333333331,1.0,8.8166,7913.29,22.0
2001000824,Dr. Nancy Carter,Anesthesiology,Nashville,TN,Abstral,REP-S784,Sarah Gomez,TERR-S04,2,8.0,9,8,2,-0.20039801779541927,0.4217272323156631,-0.17396248451995158,6.1829,0.05682405307847427,18.4896,synthetic,1.1051077123010045,1.6738145931134232,-0.874131305366678,0.565273705677893,1.4940130379096728,1.4183815518083143,-0.874131305366678,1.1940972036889075,88.88888888888889,2.6666666666666665,0.25,2.913056936885083,2.1972245773362196,711.1111111111111,0.25,17.413,23646.4,18.0
2001000825,Dr. Jennifer Walker,Oncology,Detroit,MI,Abstral,REP-S728,Serena Santos,TERR-S04,2,8.0,6,5,2,0.14158858559120047,0.6615359607104756,0.8982532133514632,5.7216,0.052909991632918985,19.9335,synthetic,0.7740431120938877,0.3826763874867446,-0.572321367882038,0.7583321908587545,0.5818029746283429,1.2233542882093678,-0.572321367882038,1.2518553546365303,83.33333333333334,1.6666666666666667,0.4,2.988440754924869,1.791759469228055,666.6666666666667,0.4,18.8547,37795.69,20.0
2001000826,Dr. Stephanie Flores,Palliative Care,Houston,TX,Abstral,REP-S536,Sasha Patel,TERR-S08,3,4.0,4,4,3,-0.542384621182039,-0.4554866755262749,-0.5720518195879927,5.4757,0.04935791029963399,12.8041,synthetic,1.7672369127152399,-0.04770301438881521,0.1319018195821217,-0.2989360495075477,0.171618335963463,0.0531907066156864,0.1319018195821217,0.7793006079890301,100.0,1.3333333333333333,0.75,2.5756077391869043,1.6094379124341003,400.0,0.75,12.1393,18393.09,16.0
2001000827,Dr. Robert Davis,Pain Management,Chicago,IL,Lazanda,REP-S692,Sienna Larsson,TERR-S10,3,10.0,4,4,3,-0.37139131948872917,1.8025777274044716,-0.058127066928945745,4.09,0.03861296448328755,26.7662,synthetic,1.7672369127152399,-0.04770301438881521,0.1319018195821217,1.5183513115975722,0.171618335963463,2.6860587652014694,0.1319018195821217,1.7750040871185437,100.0,1.3333333333333333,0.75,3.2852064891574764,1.6094379124341003,1000.0,0.75,25.7145,25175.0,17.0
2001000828,Dr. Barbara Flores,Palliative Care,Austin,TX,Abstral,REP-S538,Summer Patel,TERR-S10,2,4.0,8,7,8,-0.713377922875349,-0.4249970175428048,-0.6099207409753755,9.6227,0.08526595077656118,13.5084,synthetic,1.0223415622492253,1.243435191237864,0.9223564177561785,-0.2634555972142877,1.2290263146108709,-0.16621496493312882,0.9223564177561785,0.7910678269756594,87.5,2.3333333333333335,1.1428571428571428,2.5894618412593347,2.0794415416798357,350.0,1.1428571428571428,12.3226,17893.36,15.0
2001000829,Dr. Barbara Hall,Orthopedics,Philadelphia,PA,Abstral,REP-S599,Solomon Nakamura,TERR-S01,3,4.0,3,2,1,0.14158858559120047,-0.5515299298615491,-0.319366017765697,0.1342,0.001241079898674169,11.5775,synthetic,-0.21915068852746614,-0.9084618181399344,-0.37111474289227814,-0.4140259512946972,-0.9776304286355144,-0.5318910841811543,-0.37111474289227814,0.7162286475352713,66.66666666666666,0.6666666666666666,0.5,2.5306684234846624,1.0986122886681098,266.66666666666663,0.5,11.5619,21727.61,20.0
2001000830,Dr. Nancy Wright,Emergency Medicine,Columbus,OH,Subsys,REP-S616,Sasha O'Connor,TERR-S04,3,4.0,4,3,4,0.14158858559120047,-0.5072508957360731,-1.162963249041104,2.9973,0.02725970096025998,12.1826,synthetic,0.27744621178321077,-0.47808241626437475,1.3056071320223879,-0.36032252135994475,-0.33040708865298646,-0.385620636481944,1.3056071320223879,0.9103515049765667,75.0,1.0,1.3333333333333333,2.5516380772479827,1.3862943611198906,300.0,1.3333333333333333,11.8281,10595.24,20.0
2001000831,Dr. Sandra Brown,Oncology,Jacksonville,FL,Actiq,REP-S627,Scott Novak,TERR-S01,3,5.0,4,3,3,-0.0294047161021094,-0.31536399202777327,0.07937046794098528,5.6435,0.05107047834594791,13.7143,synthetic,0.27744621178321077,-0.47808241626437475,0.6349183820565215,-0.13979099650294893,-0.33040708865298646,-0.0565121291587212,0.6349183820565215,0.8619182833609149,75.0,1.0,1.0,2.6377493317016896,1.3862943611198906,375.0,1.0,12.9817,26989.46,19.0
2001000833,Dr. Elizabeth Campbell,Palliative Care,Denver,CO,Actiq,REP-S604,Sarah O'Connor,TERR-S06,3,10.0,3,2,3,-0.20039801779541927,1.8226047586167455,0.8207982238001619,5.4362,0.051011345637181904,27.2393,synthetic,-0.21915068852746614,-0.9084618181399344,1.640951507005321,1.529867622203576,-0.9776304286355144,1.2233542882093669,1.640951507005321,1.6585102334842863,66.66666666666666,0.6666666666666666,1.5,3.2897032791452325,1.0986122886681098,666.6666666666665,1.5,25.8349,36773.57,18.0
2001000835,Dr. Deborah Jackson,Family Practice,Columbus,OH,Subsys,REP-S605,Simon O'Connor,TERR-S07,3,3.0,3,2,2,1.5095349991376794,-0.8092365698713172,-0.7689432335626462,1.7648,0.015917892702386194,10.1893,synthetic,-0.21915068852746614,-0.9084618181399344,0.6349183820565215,-0.7511270804455128,-0.9776304286355144,-0.8244319795795746,0.6349183820565215,0.674020465410219,66.66666666666666,0.6666666666666666,1.0,2.399040071811308,1.0986122886681098,199.99999999999997,1.0,10.0126,15794.85,28.0
2001000837,Dr. Melissa Davis,Oncology,Austin,TX,Fentora,REP-S554,Selena Chen,TERR-S12,2,4.0,5,3,2,0.48357518897782026,-0.4242484989343726,0.026942172759437822,7.8028,0.06968345593834258,13.2889,synthetic,-0.6164282087760067,-0.47808241626437475,-0.035770367909345006,-0.2625907070594755,-0.33040708865298646,-0.6489074423405222,-0.035770367909345006,0.8184562014850393,60.0,1.0,0.6666666666666666,2.5897995561336313,1.3862943611198906,240.0,0.6666666666666666,12.3271,26297.6,22.0
2001000838,Dr. Richard Davis,Neurology,Portland,OR,Abstral,REP-S775,Stephen Muller,TERR-S09,3,3.0,2,1,1,-1.0553645262619686,-0.7119125170282816,-0.6388485260801713,3.6066,0.032423442816063464,10.9799,synthetic,-1.2123444891488182,-1.3388412200154942,0.6349183820565215,-0.6185521208989332,-1.889840491916844,-1.0438376511283896,0.6349183820565215,0.7251331409868969,50.0,0.3333333333333333,1.0,2.4508068025909924,0.6931471805599453,150.0,1.0,10.5977,17511.62,13.0
2001000839,Dr. James Brown,Pain Management,Phoenix,AZ,Fentora,REP-S741,Samuel Tanaka,TERR-S03,1,6.0,9,8,4,0.31258188728451036,-0.04340223096408581,-0.3446753669225858,8.101,0.0730856498373198,15.8008,synthetic,1.1051077123010045,1.6738145931134232,-0.37111474289227814,0.14343466674575092,1.4940130379096728,0.6382724974125267,-0.37111474289227814,1.0089522347385955,88.88888888888889,2.6666666666666665,0.5,2.748340854485762,2.1972245773362196,533.3333333333333,0.5,14.6167,21393.62,21.0
2001000840,Dr. William White,Family Practice,Los Angeles,CA,Fentora,REP-S779,Solomon Muller,TERR-S13,3,5.0,4,2,3,0.48357518897782026,-0.2816307534077636,-0.21602045594294286,1.7752,0.016369220627244552,13.4186,synthetic,-1.2123444891488182,-0.9084618181399344,1.640951507005321,-0.10291124747270018,-0.9776304286355144,-0.6050263080307592,1.640951507005321,0.8875439772088201,50.0,0.6666666666666666,1.5,2.652149819137633,1.0986122886681098,250.0,1.5,13.1845,23091.39,22.0
2001000842,Dr. Barbara Hernandez,Pain Management,Charlotte,NC,Fentora,REP-S745,Simon Tanaka,TERR-S07,2,7.0,8,6,0,0.31258188728451036,0.139851758126963,0.8635601799342748,4.4296,0.040804767843022116,16.4147,synthetic,0.27744621178321077,0.8130557893623042,-1.3771478678410778,0.31801609284517973,0.9286091450931295,0.6017048854877244,-1.3771478678410778,1.0849996788957248,75.0,2.0,0.0,2.8165099092977095,1.9459101490553132,525.0,0.0,15.7184,37337.87,21.0
2001000843,Dr. Sarah Lewis,Pain Management,New York,NY,Abstral,REP-S526,Stella Patel,TERR-S12,2,6.0,6,5,5,-0.542384621182039,0.08444474735612856,0.9108574950523081,6.2237,0.05679284325922174,16.3428,synthetic,0.7740431120938877,0.3826763874867446,0.6349183820565215,0.26647501299900356,0.5818029746283429,0.49200204971331707,0.6349183820565215,1.0620066647823185,83.33333333333334,1.6666666666666667,1.0,2.7963845914125187,1.791759469228055,500.00000000000006,1.0,15.3853,37962.02,16.0
2001000844,Dr. Patricia Harris,Anesthesiology,Los Angeles,CA,Fentora,REP-S670,Sadie Kowalski,TERR-S02,2,4.0,8,4,1,-0.20039801779541927,-0.4785077811722777,-0.3559520046902931,5.332,0.04803938491217341,12.6407,synthetic,-1.2123444891488182,-0.04770301438881521,-0.874131305366678,-0.32605494529626866,0.171618335963463,-0.8244319795795745,-0.874131305366678,0.822962219706553,50.0,1.3333333333333333,0.25,2.5650185858344283,1.6094379124341003,200.0,0.25,12.0009,21244.81,18.0
2001000845,Dr. Charles Mitchell,Oncology,Detroit,MI,Subsys,REP-S754,Selena Tanaka,TERR-S02,1,6.0,11,9,4,-0.713377922875349,0.11217320336182664,-0.4999998558604771,7.5836,0.0688301387364656,16.7314,synthetic,0.6837527665828556,2.104193994988983,-0.4828962012199226,0.29239841965521646,1.7310517392273213,0.4521101094317144,-0.4828962012199226,1.032573017619337,81.81818181818183,3.0,0.4444444444444444,2.8065069404432417,2.302585092994046,490.909090909091,0.4444444444444444,15.552,19343.91,15.0
2001000846,Dr. Jennifer Flores,Palliative Care,Charlotte,NC,Abstral,REP-S742,Sophia Tanaka,TERR-S04,1,3.0,14,13,12,-0.713377922875349,-0.748323788891793,-0.8683960403143223,10.3474,0.09018549188476577,11.4527,synthetic,1.3415824267346603,3.8257116024912214,0.4801440551413217,-0.6673516676577251,2.4880425483569866,-0.47965163857429344,0.4801440551413217,0.6662826645849881,92.85714285714286,4.333333333333333,0.9230769230769231,2.43175197498348,2.6390573296152584,278.57142857142856,0.9230769230769231,10.3788,14482.44,15.0
2001000848,Dr. Linda Johnson,Internal Medicine,Columbus,OH,Actiq,REP-S815,Stephen Vargas,TERR-S07,3,2.0,2,2,1,-0.0294047161021094,-0.846396360343261,-1.155836256352085,3.8068,0.03395160047326984,10.1618,synthetic,1.7672369127152399,-0.9084618181399344,-0.37111474289227814,-0.8036134795247717,-0.9776304286355144,-0.8244319795795745,-0.37111474289227814,0.6341290596127892,100.0,0.6666666666666666,0.5,2.3785456337965902,1.0986122886681098,200.0,0.5,9.7892,10689.29,19.0
2001000849,Dr. Amanda Adams,Oncology,Charlotte,NC,Abstral,REP-S554,Selena Chen,TERR-S12,2,2.0,6,5,1,-1.3973511296485885,-0.8514363856400374,-0.8166315670993437,7.0444,0.061933214648663526,10.4463,synthetic,0.7740431120938877,0.3826763874867446,-0.9747346178615579,-0.8108158373234937,0.5818029746283429,-0.9707024272787845,-0.9747346178615579,0.6479408964535334,83.33333333333334,1.6666666666666667,0.2,2.375733319024475,1.791759469228055,166.66666666666669,0.2,9.7589,15165.54,11.0
2001000850,Dr. Patricia Miller,Internal Medicine,Baltimore,MD,Subsys,REP-S592,Sienna Nakamura,TERR-S08,3,8.0,4,3,0,0.31258188728451036,0.6645134013973498,1.2627952899035169,0.7687,0.007269988049022125,19.0176,synthetic,0.27744621178321077,-0.47808241626437475,-1.3771478678410778,0.7606400259385158,-0.33040708865298646,0.9308133928109472,-1.3771478678410778,1.2225374995350309,75.0,1.0,0.0,2.9893418985319764,1.3862943611198906,600.0,0.0,18.8726,42606.3,21.0
2001000851,Dr. Linda Torres,Oncology,Baltimore,MD,Abstral,REP-S700,Sloan Larsson,TERR-S04,2,9.0,7,5,2,-0.0294047161021094,1.1004506389482445,1.8219417773536202,5.9835,0.05560193212285114,22.7795,synthetic,0.06461896879292103,0.3826763874867446,-0.572321367882038,1.077897660146882,0.5818029746283429,1.1188753969956462,-0.572321367882038,1.4270514980002227,71.42857142857143,1.6666666666666667,0.4,3.113221932846404,1.791759469228055,642.8571428571429,0.4,21.4934,49984.97,19.0
2001000852,Dr. Michelle Adams,Neurology,Las Vegas,NV,Abstral,REP-S641,Samuel Dubois,TERR-S01,3,3.0,3,2,1,1.3385416974443696,-0.6647059434564927,0.053614024080585604,3.8841,0.034949971578185135,11.3041,synthetic,-0.21915068852746614,-0.9084618181399344,-0.37111474289227814,-0.5566378151065238,-0.9776304286355144,-0.8244319795795746,-0.37111474289227814,0.7445517681807297,66.66666666666666,0.6666666666666666,0.5,2.474982568590307,1.0986122886681098,199.99999999999997,0.5,10.8815,26649.57,27.0
2001000853,Dr. Mary Perez,Internal Medicine,Boston,MA,Subsys,REP-S533,Spencer Patel,TERR-S05,3,9.0,4,3,3,-1.2263578279552785,1.2634779918647707,1.5752561380099686,4.2293,0.03969003580155306,23.4239,synthetic,0.27744621178321077,-0.47808241626437475,0.6349183820565215,1.1871251012580843,-0.33040708865298646,1.2599219001341702,0.6349183820565215,1.4557981674915232,75.0,1.0,1.0,3.1558721252891995,1.3862943611198906,675.0,1.0,22.4735,46729.63,12.0
2001000854,Dr. Sandra Lewis,Pain Management,New York,NY,Actiq,REP-S506,Stella Brooks,TERR-S06,3,3.0,5,4,5,0.6545684906711301,-0.7976761158077538,-1.220545257915157,8.8032,0.07703890808961678,10.9696,synthetic,0.5754043519696166,-0.04770301438881521,1.1379349445309213,-0.7350154724058277,0.171618335963463,-0.6489074423405222,1.1379349445309213,0.6959407613112395,80.0,1.3333333333333333,1.25,2.405331194046387,1.6094379124341003,240.0,1.25,10.0821,9835.37,23.0
2001000855,Dr. Elizabeth Harris,Neurology,Philadelphia,PA,Actiq,REP-S737,Stanley Santos,TERR-S13,2,5.0,8,5,5,3.2194680160707785,-0.35254041624657084,-0.8365098522900233,4.4048,0.040029134753522655,13.3201,synthetic,-0.46744913868280374,0.3826763874867446,0.6349183820565215,-0.18105988708638698,0.5818029746283429,-0.33076921859474023,0.6349183820565215,0.8729624012133791,62.5,1.6666666666666667,1.0,2.621635009994818,1.791759469228055,312.5,1.0,12.7582,14903.22,38.0
2001000857,Dr. Linda Clark,Pain Management,Boston,MA,Abstral,REP-S583,Sean Nakamura,TERR-S13,1,1.0,11,7,2,-1.3973511296485885,-1.56299480856251,-1.5939708788896847,9.6252,0.07826198544640217,6.0087,synthetic,-0.39973137954952986,1.243435191237864,-0.8022717964417637,-2.108844484044066,1.2290263146108709,-1.4228110838036159,-0.8022717964417637,0.37834587108073064,63.63636363636363,2.3333333333333335,0.2857142857142857,1.868890249044178,2.0794415416798357,63.63636363636363,0.2857142857142857,5.4811,4907.53,11.0
2001000858,Dr. John Taylor,Pain Management,Charlotte,NC,Abstral,REP-S631,Silas Novak,TERR-S05,3,4.0,4,2,2,0.31258188728451036,-0.47754302385474284,-0.0053630718259484655,4.2019,0.03805436180968913,12.5112,synthetic,-1.2123444891488182,-0.9084618181399344,0.6349183820565215,-0.32491267605132923,-0.9776304286355144,-0.8244319795795745,0.6349183820565215,0.8287908212411759,50.0,0.6666666666666666,1.0,2.5654646093118854,1.0986122886681098,200.0,1.0,12.0067,25871.29,21.0
2001000859,Dr. Kimberly Robinson,Pain Management,Miami,FL,Subsys,REP-S508,Serena Brooks,TERR-S08,2,10.0,7,5,6,-0.8843712245686588,2.0872310373177974,0.6896198800023975,8.1321,0.07553448030752108,29.6561,synthetic,0.06461896879292103,0.3826763874867446,1.0373316320360413,1.67736601397529,0.5818029746283429,1.4323120706368109,1.0373316320360413,1.8931306108419665,71.42857142857143,1.6666666666666667,1.2,3.347297183479784,1.791759469228055,714.2857142857143,1.2,27.4258,35042.5,14.0
2001000860,Dr. Amanda Brown,Anesthesiology,Baltimore,MD,Fentora,REP-S742,Sophia Tanaka,TERR-S04,2,5.0,9,6,2,-1.0553645262619686,-0.329386240625736,-0.762738468423073,5.3414,0.048380959737322815,13.5863,synthetic,-0.21915068852746614,0.8130557893623042,-0.7064591178752114,-0.15527883847210344,0.9286091450931295,-0.2393501887827342,-0.7064591178752114,0.8844397447227539,66.66666666666666,2.0,0.3333333333333333,2.6317017722808336,1.9459101490553132,333.33333333333326,0.3333333333333333,12.8974,15876.73,13.0
2001000861,Dr. Jessica Nguyen,Pain Management,Jacksonville,FL,Actiq,REP-S552,Sienna Chen,TERR-S10,2,5.0,7,5,1,0.14158858559120047,-0.35031149416812857,-0.6910237201922735,7.5336,0.06753567350558143,13.7338,synthetic,0.06461896879292103,0.3826763874867446,-0.9747346178615579,-0.17856677079638342,0.5818029746283429,-0.13487129756901223,-0.9747346178615579,0.8815898500473737,71.42857142857143,1.6666666666666667,0.2,2.622608500616489,1.791759469228055,357.14285714285717,0.2,12.7716,16823.1,20.0
2001000862,Dr. Nancy Thomas,Pain Management,Seattle,WA,Abstral,REP-S806,Stella Vargas,TERR-S12,1,1.0,9,6,5,0.14158858559120047,-1.3422150865687288,-0.8139732480825359,7.0849,0.059934327358856176,7.2907,synthetic,-0.21915068852746614,0.8130557893623042,0.2995740070735884,-1.6317037109446602,0.9286091450931295,-1.409513770376415,0.2995740070735884,0.4699658879907403,66.66666666666666,2.0,0.8333333333333334,2.0552000773068015,1.9459101490553132,66.66666666666666,0.8333333333333334,6.8084,15200.62,20.0
2001000863,Dr. Michael Smith,Family Practice,Charlotte,NC,Fentora,REP-S644,Sarah Dubois,TERR-S04,3,4.0,5,5,3,-0.713377922875349,-0.42017323095513087,0.24377173714778347,5.5247,0.049839603400414934,13.0339,synthetic,1.7672369127152399,0.3826763874867446,-0.16990811790251828,-0.2578869779441883,0.5818029746283429,0.0531907066156864,-0.16990811790251828,0.8314754589777741,100.0,1.6666666666666667,0.6,2.5916362278520646,1.791759469228055,400.0,0.6,12.3516,29158.95,15.0
2001000864,Dr. Ashley Gonzalez,Neurology,Los Angeles,CA,Abstral,REP-S805,Simon Vargas,TERR-S11,3,8.0,2,2,2,-0.542384621182039,0.5790658438081043,-0.519870563174826,5.4359,0.05026765870527106,19.3569,synthetic,1.7672369127152399,-0.9084618181399344,0.6349183820565215,0.69356818376257,-0.9776304286355144,1.8084360790062082,0.6349183820565215,1.2561826454857508,100.0,0.6666666666666666,1.0,2.9631522620523985,1.0986122886681098,800.0,1.0,18.3589,19081.69,16.0
2001000865,Dr. Nancy Gonzalez,Internal Medicine,Detroit,MI,Abstral,REP-S647,Scott Dubois,TERR-S07,3,6.0,2,2,3,0.48357518897782026,-0.06758769888987191,-0.036314149911039886,4.2112,0.038633100473830506,15.0807,synthetic,1.7672369127152399,-0.9084618181399344,1.640951507005321,0.11947859803557337,-0.9776304286355144,0.9308133928109472,1.640951507005321,0.9374281719011315,100.0,0.6666666666666666,1.5,2.7389866946677937,1.0986122886681098,600.0,1.5,14.4713,25462.85,22.0
2001000866,Dr. Susan Martin,Palliative Care,Detroit,MI,Abstral,REP-S786,Stella Gomez,TERR-S06,3,4.0,4,3,1,0.48357518897782026,-0.4876729756888582,-0.7826205425519178,2.3917,0.02182893916807993,12.2315,synthetic,0.27744621178321077,-0.47808241626437475,-0.7064591178752114,-0.3369319891939617,-0.33040708865298646,-0.385620636481944,-0.7064591178752114,0.7668785846725393,75.0,1.0,0.3333333333333333,2.5607714112167144,1.3862943611198906,300.0,0.3333333333333333,11.9458,15614.36,22.0
2001000867,Dr. Kimberly Gonzalez,Internal Medicine,Los Angeles,CA,Subsys,REP-S713,Spencer Rossi,TERR-S03,3,10.0,5,2,2,-1.2263578279552785,1.8888569723364192,2.541745305315525,2.9078,0.027624825602263314,26.996,synthetic,-1.80826076952163,-0.9084618181399344,0.6349183820565215,1.5676003162618548,-0.9776304286355144,0.0531907066156864,0.6349183820565215,1.6993456509862115,40.0,0.6666666666666666,1.0,3.30443681722503,1.0986122886681098,400.0,1.0,26.2332,59483.72,12.0
2001000868,Dr. Sandra Taylor,Pain Management,Detroit,MI,Lazanda,REP-S754,Selena Tanaka,TERR-S02,2,1.0,7,5,3,2.5354948092975387,-1.1764431654212846,-0.43465961719905827,3.4616,0.030225676527392498,8.0752,synthetic,0.06461896879292103,0.3826763874867446,-0.16990811790251828,-1.3240764097663582,0.5818029746283429,-1.3886179921336705,-0.16990811790251828,0.5387585564549274,71.42857142857143,1.6666666666666667,0.6,2.1753197419481696,1.791759469228055,71.42857142857143,0.6,7.805,20206.16,34.0
2001000869,Dr. Amanda Clark,Oncology,Seattle,WA,Subsys,REP-S812,Sienna Vargas,TERR-S04,2,5.0,7,4,1,1.5095349991376794,-0.19779666926336092,0.10812850861597335,5.4724,0.049734739695120656,14.4375,synthetic,-0.7866900031682388,-0.04770301438881521,-0.874131305366678,-0.01349354602407203,0.171618335963463,-0.4483079712101771,-0.874131305366678,0.9088461774487073,57.14285714285714,1.3333333333333333,0.25,2.687064874693075,1.6094379124341003,285.71428571428567,0.25,13.6885,27368.96,28.0
2001000870,Dr. Nancy Smith,Oncology,Denver,CO,Fentora,REP-S559,Solomon Chen,TERR-S03,2,5.0,7,5,5,0.6545684906711301,-0.306980583613333,-0.9351101479544962,8.146,0.07292987604568157,14.0937,synthetic,0.06461896879292103,0.3826763874867446,0.6349183820565215,-0.1305759031042991,0.5818029746283429,-0.13487129756901223,0.6349183820565215,0.8652645848069035,71.42857142857143,1.6666666666666667,1.0,2.641347562172278,1.791759469228055,357.14285714285717,1.0,13.0321,13602.06,23.0
2001000871,Dr. Linda Campbell,Palliative Care,Las Vegas,NV,Actiq,REP-S724,Sarah Santos,TERR-S14,2,1.0,8,5,0,-0.542384621182039,-1.3419156791253557,-0.650434341202171,1.7824,0.015411601148040077,6.9315,synthetic,-0.46744913868280374,0.3826763874867446,-1.3771478678410778,-1.6311134131448146,0.5818029746283429,-1.4277975763388162,-1.3771478678410778,0.4371910242375502,62.5,1.6666666666666667,0.0,2.0554305717183325,1.791759469228055,62.5,0.0,6.8102,17358.73,16.0
2001000872,Dr. Sandra Johnson,Anesthesiology,Los Angeles,CA,Subsys,REP-S578,Summer Kapoor,TERR-S08,2,6.0,6,6,0,0.6545684906711301,-0.06251440609938723,-0.42281388091891564,2.1124,0.019572646532335813,14.8082,synthetic,1.7672369127152399,0.8130557893623042,-1.3771478678410778,0.1245223772209285,0.9286091450931295,0.9308133928109472,-1.3771478678410778,0.9944615418627345,100.0,2.0,0.0,2.7409561462150047,1.9459101490553132,600.0,0.0,14.5018,20362.48,23.0
2001000873,Dr. Lisa Moore,Oncology,Miami,FL,Abstral,REP-S545,Simon Chen,TERR-S03,1,8.0,14,10,6,0.48357518897782026,0.7299671952680299,0.595503413762797,9.8026,0.08910012421157143,21.1547,synthetic,0.06461896879292103,2.534573396864543,-0.16990811790251828,0.8108553312896384,1.9454793272294546,0.8054387233544815,-0.16990811790251828,1.2791702041381117,71.42857142857143,3.3333333333333335,0.6,3.0089495393867933,2.3978952727983707,571.4285714285714,0.6,19.2661,33800.51,22.0
2001000875,Dr. Richard Adams,Internal Medicine,New York,NY,Subsys,REP-S507,Scott Brooks,TERR-S07,3,4.0,3,2,0,-1.0553645262619686,-0.39959728609667305,0.17732437075444998,0.148,0.0013645298568709663,12.4937,synthetic,-0.21915068852746614,-0.9084618181399344,-1.3771478678410778,-0.2342689818050791,-0.9776304286355144,-0.5318910841811543,-1.3771478678410778,0.8081304148845084,66.66666666666666,0.6666666666666666,0.0,2.6008583799980687,1.0986122886681098,266.66666666666663,0.0,12.4753,28282.09,13.0
2001000876,Dr. Donna Walker,Palliative Care,Las Vegas,NV,Subsys,REP-S526,Stella Patel,TERR-S12,2,2.0,9,8,2,-0.713377922875349,-1.0365200868850315,-0.45131124264812794,4.3304,0.03807891868865765,9.0206,synthetic,1.1051077123010045,1.6738145931134232,-0.874131305366678,-1.0903990848802079,1.4940130379096728,-0.9219456113790478,-0.874131305366678,0.5550558036126262,88.88888888888889,2.6666666666666665,0.25,2.266564055414832,2.1972245773362196,177.77777777777777,0.25,8.6462,19986.42,15.0
2001000877,Dr. John Allen,Palliative Care,Baltimore,MD,Subsys,REP-S769,Seth Muller,TERR-S03,1,3.0,11,10,7,-0.713377922875349,-0.6006161168278452,-0.05343636148024534,10.5503,0.09249151838222591,12.4555,synthetic,1.2254948396490473,2.534573396864543,0.03129850708724162,-0.4749062030643236,1.9454793272294546,-0.5052964573267522,0.03129850708724162,0.723289159184698,90.9090909090909,3.3333333333333335,0.7,2.50689642601292,2.3978952727983707,272.72727272727275,0.7,11.2668,25236.9,15.0
2001000878,Dr. Deborah Rodriguez,Family Practice,Phoenix,AZ,Fentora,REP-S613,Spencer O'Connor,TERR-S01,3,2.0,2,2,1,0.48357518897782026,-1.04012960995236,-0.6211678250253934,2.6521,0.023484344748053054,8.8532,synthetic,1.7672369127152399,-0.9084618181399344,-0.37111474289227814,-1.0961667918388476,-0.9776304286355144,-0.8244319795795745,-0.37111474289227814,0.5805774228402646,100.0,0.6666666666666666,0.5,2.264311930772553,1.0986122886681098,200.0,0.5,8.6245,17744.94,22.0
2001000879,Dr. Sharon Nelson,Neurology,Portland,OR,Abstral,REP-S678,Summer Kowalski,TERR-S10,3,10.0,5,5,0,-0.542384621182039,2.123958350371536,1.7587756314114777,0.1733,0.001670704299071346,27.6945,synthetic,1.7672369127152399,0.3826763874867446,-1.3771478678410778,1.6971820078829474,0.5818029746283429,2.6860587652014694,-1.3771478678410778,1.891680826557493,100.0,1.6666666666666667,0.0,3.355034762471005,1.791759469228055,1000.0,0.0,27.6466,49151.41,16.0
2001000880,Dr. Richard Brown,Oncology,Detroit,MI,Abstral,REP-S772,Sienna Muller,TERR-S06,3,9.0,3,3,0,-1.2263578279552785,0.8834966787308941,1.7838788623321713,1.5636,0.01478461738061343,20.5047,synthetic,1.7672369127152399,-0.47808241626437475,-1.3771478678410778,0.9249158194762305,-0.33040708865298646,2.2472474221038388,-1.3771478678410778,1.3404526691112757,100.0,1.0,0.0,3.0534868985136514,1.3862943611198906,900.0,0.0,20.1891,49482.68,12.0
2001000881,Dr. Stephanie Williams,Pain Management,Atlanta,GA,Subsys,REP-S775,Stephen Muller,TERR-S09,3,8.0,2,2,1,0.82556179236444,0.4018166373313672,-0.2303873516783078,2.4897,0.023265910093978714,17.7239,synthetic,1.7672369127152399,-0.9084618181399344,-0.37111474289227814,0.5485706534085822,-0.9776304286355144,1.8084360790062082,-0.37111474289227814,1.1937108705114665,100.0,0.6666666666666666,0.5,2.9065348725904254,1.0986122886681098,800.0,0.5,17.2933,22901.8,24.0
2001000882,Dr. Thomas Jackson,Anesthesiology,Charlotte,NC,Abstral,REP-S846,Stella Kim,TERR-S10,3,1.0,3,2,3,0.31258188728451036,-1.7938213136561365,-1.1881331652735079,5.1389,0.040477960792131285,4.3038,synthetic,-0.21915068852746614,-0.9084618181399344,1.640951507005321,-2.725905456244361,-0.9776304286355144,-1.409513770376415,1.640951507005321,0.280705076298178,66.66666666666666,0.6666666666666666,1.5,1.62794558398984,1.0986122886681098,66.66666666666666,1.5,4.0934,10263.09,21.0
2001000883,Dr. Deborah Hill,Pain Management,Miami,FL,Lazanda,REP-S785,Simon Gomez,TERR-S05,3,6.0,5,3,4,0.48357518897782026,-0.1206659851011394,0.0564337518632372,4.0411,0.03704883131007852,14.7241,synthetic,-0.6164282087760067,-0.47808241626437475,1.3056071320223879,0.06610475697200986,-0.33040708865298646,-0.12233383062336577,1.3056071320223879,0.9768890253249743,60.0,1.0,1.3333333333333333,2.7181457359342223,1.3862943611198906,360.0,1.3333333333333333,14.1522,26686.78,22.0
2001000884,Dr. Rebecca Moore,Pain Management,Los Angeles,CA,Abstral,REP-S833,Spencer Alvarez,TERR-S11,2,8.0,6,4,1,-0.713377922875349,0.49303610507896745,0.7148004052616644,6.8853,0.06316362925760499,19.0702,synthetic,-0.21915068852746614,-0.04770301438881521,-0.874131305366678,0.6242167202433788,0.171618335963463,0.6382724974125267,-0.874131305366678,1.2315654755543728,66.66666666666666,1.3333333333333333,0.25,2.936072498623063,1.6094379124341003,533.3333333333333,0.25,17.8417,35374.79,15.0
2001000885,Dr. Margaret Young,Pain Management,Miami,FL,Fentora,REP-S806,Stella Vargas,TERR-S12,1,1.0,13,12,0,1.1675483957510597,-1.2763454490266979,-1.4592998918911029,3.2078,0.02777839533828086,7.4355,synthetic,1.308839773966923,3.395332200615662,-1.3771478678410778,-1.505009367312361,2.321315408052812,-1.2969980413770226,-1.3771478678410778,0.49730072314207296,92.3076923076923,4.0,0.0,2.1046705957256115,2.5649493574615367,92.3076923076923,0.0,7.2044,6684.69,26.0
2001000886,Dr. Jennifer Garcia,Neurology,Los Angeles,CA,Abstral,REP-S778,Summer Muller,TERR-S12,3,7.0,3,3,1,-0.8843712245686588,0.3486551823858296,1.049062045783893,2.7467,0.025607216798926302,17.4399,synthetic,1.7672369127152399,-0.47808241626437475,-0.7064591178752114,0.5034321515266048,-0.33040708865298646,1.3696247359085776,-0.7064591178752114,1.1614022283296652,100.0,1.0,0.3333333333333333,2.8889095783213246,1.3862943611198906,700.0,0.3333333333333333,16.9737,39785.81,14.0
2001000887,Dr. Deborah Smith,Internal Medicine,Denver,CO,Abstral,REP-S546,Stella Chen,TERR-S04,3,9.0,4,3,0,0.82556179236444,0.8083287766974507,0.871235810869636,3.2852,0.030788609468804573,20.3856,synthetic,0.27744621178321077,-0.47808241626437475,-1.3771478678410778,0.8697063743087726,-0.33040708865298646,1.2599219001341702,-1.3771478678410778,1.2785449347637747,75.0,1.0,0.0,3.0319291888658095,1.3862943611198906,675.0,0.0,19.7372,37439.16,24.0
2001000888,Dr. Betty Lee,Orthopedics,Detroit,MI,Subsys,REP-S566,Stella Kapoor,TERR-S10,3,8.0,2,2,3,0.6545684906711301,0.4754875021479468,1.481911099580833,4.7573,0.04405115566691409,18.58,synthetic,1.7672369127152399,-0.9084618181399344,1.640951507005321,0.6098366219584538,-0.9776304286355144,1.8084360790062082,1.640951507005321,1.098709947189915,100.0,0.6666666666666666,1.5,2.9304574814354503,1.0986122886681098,800.0,1.5,17.7362,45497.82,23.0
2001000889,Dr. Donna Hall,Pain Management,Los Angeles,CA,Fentora,REP-S588,Serena Nakamura,TERR-S04,2,9.0,5,4,0,1.1675483957510597,1.2975439054218612,2.35627147760833,4.2092,0.039523930893468506,23.6329,synthetic,0.5754043519696166,-0.04770301438881521,-1.3771478678410778,1.2093722914186955,0.171618335963463,1.4573870045281037,-1.3771478678410778,1.5654232121526948,80.0,1.3333333333333333,0.0,3.1645590168982003,1.6094379124341003,720.0,0.0,22.6783,57036.15,26.0
2001000890,Dr. James Robinson,Pain Management,Denver,CO,Actiq,REP-S802,Sophia Vargas,TERR-S08,2,10.0,9,4,5,-0.542384621182039,1.4265219785281507,1.8057895339547432,8.487,0.07825910042034367,25.4443,synthetic,-1.5434090893559358,-0.04770301438881521,1.1379349445309213,1.29189438232826,0.171618335963463,0.24821797021463332,1.1379349445309213,1.618947028254572,44.44444444444444,1.3333333333333333,1.25,3.1967815337151197,1.6094379124341003,444.44444444444446,1.25,23.4537,49771.82,16.0
2001000891,Dr. William Nguyen,Oncology,Jacksonville,FL,Subsys,REP-S554,Selena Chen,TERR-S12,1,8.0,10,8,1,-0.20039801779541927,0.5720963038762585,1.4896003706935894,8.1796,0.07469795183206251,19.8152,synthetic,0.5754043519696166,1.6738145931134232,-1.125639586603878,0.6880191863249047,1.4940130379096728,1.1063379300499994,-1.125639586603878,1.216154833058989,80.0,2.6666666666666665,0.125,2.9609855372241562,2.1972245773362196,640.0,0.125,18.317,45599.29,18.0
2001000892,Dr. Kimberly Taylor,Family Practice,Philadelphia,PA,Subsys,REP-S553,Spencer Chen,TERR-S11,3,10.0,3,2,2,-0.713377922875349,2.5890711799044306,1.2817816590500732,3.3552,0.031967921615059236,31.4642,synthetic,-0.21915068852746614,-0.9084618181399344,0.6349183820565215,1.93570205916523,-0.9776304286355144,1.2233542882093669,0.6349183820565215,2.0493248730989166,66.66666666666666,0.6666666666666666,1.0,3.448170022119704,1.0986122886681098,666.6666666666665,1.0,30.4428,42856.85,15.0
2001000893,Dr. Deborah Brown,Family Practice,Jacksonville,FL,Abstral,REP-S614,Selena O'Connor,TERR-S02,3,10.0,4,4,4,-0.8843712245686588,1.5207854219500412,1.352572664156161,3.8594,0.03637991979284605,24.9474,synthetic,1.7672369127152399,-0.04770301438881521,0.6349183820565215,1.3505669460222418,0.171618335963463,2.6860587652014694,0.6349183820565215,1.616986715472467,100.0,1.3333333333333333,1.0,3.2196914921212025,1.6094379124341003,1000.0,1.0,24.0204,43791.03,14.0
2001000894,Dr. Deborah King,Palliative Care,Boston,MA,Subsys,REP-S741,Samuel Tanaka,TERR-S03,1,1.0,9,6,6,0.31258188728451036,-1.3601462656773926,-1.4587118486878408,5.9885,0.050800354171086415,7.1019,synthetic,-0.21915068852746614,0.8130557893623042,0.6349183820565215,-1.6673063932704248,0.9286091450931295,-1.409513770376415,0.6349183820565215,0.4301550875166851,66.66666666666666,2.0,1.0,2.0412982479017927,1.9459101490553132,66.66666666666666,1.0,6.7006,6692.45,21.0
2001000895,Dr. Barbara Baker,Pain Management,Las Vegas,NV,Abstral,REP-S710,Sadie Rossi,TERR-S14,2,10.0,6,4,5,0.14158858559120047,1.9117283742607354,1.8467820559656385,9.5546,0.08806426043533211,28.8904,synthetic,-0.21915068852746614,-0.04770301438881521,1.1379349445309213,1.5804982669900711,0.171618335963463,1.2233542882093669,1.1379349445309213,1.8202998417304235,66.66666666666666,1.3333333333333333,1.25,3.309473098173112,1.6094379124341003,666.6666666666665,1.25,26.3707,50312.77,20.0
2001000896,Dr. Sharon Walker,Pain Management,Nashville,TN,Fentora,REP-S739,Solomon Santos,TERR-S01,2,7.0,8,7,5,1.8515216025242993,0.27016053098157605,0.9373649064570799,9.0636,0.08199839491454952,17.9974,synthetic,1.0223415622492253,1.243435191237864,0.06004231065720745,0.43529439504026246,1.2290263146108709,0.985664810698151,0.06004231065720745,1.139075713889548,87.5,2.3333333333333335,0.7142857142857143,2.8623037327828924,2.0794415416798357,612.5,0.7142857142857143,16.5018,38311.82,30.0
2001000897,Dr. Melissa Nguyen,Oncology,Phoenix,AZ,Lazanda,REP-S802,Sophia Vargas,TERR-S08,2,7.0,6,4,5,1.8515216025242993,0.14053374174797886,0.26194954688985506,7.4859,0.0680120747214179,16.8994,synthetic,-0.21915068852746614,-0.04770301438881521,1.1379349445309213,0.3186440740732625,0.171618335963463,0.3457316020141065,1.1379349445309213,1.0438933429475328,66.66666666666666,1.3333333333333333,1.25,2.816755118010426,1.6094379124341003,466.66666666666663,1.25,15.7225,29398.83,30.0
2001000898,Dr. Michelle Harris,Oncology,Phoenix,AZ,Actiq,REP-S515,Stephen Brooks,TERR-S01,3,8.0,2,1,1,-0.37139131948872917,0.4088693459974837,0.25208845642072136,1.7207,0.016137889886295387,17.634,synthetic,-1.2123444891488182,-1.3388412200154942,0.6349183820565215,0.554499657477219,-1.889840491916844,0.0531907066156864,0.6349183820565215,1.1510015471671518,50.0,0.3333333333333333,1.0,2.9088499791419378,0.6931471805599453,400.0,1.0,17.3357,29268.7,17.0
2001000899,Dr. Sharon Rivera,Oncology,Jacksonville,FL,Abstral,REP-S525,Simon Patel,TERR-S11,3,3.0,5,5,3,-0.20039801779541927,-0.7932182716508689,-0.09628849434269342,8.1222,0.07130964726107969,10.93,synthetic,1.7672369127152399,0.3826763874867446,-0.16990811790251828,-0.7288296294254303,0.5818029746283429,-0.385620636481944,-0.16990811790251828,0.6711791009395652,100.0,1.6666666666666667,0.6,2.407746588848745,1.791759469228055,300.0,0.6,10.1089,24671.41,18.0
2001000900,Dr. Donna Lee,Pain Management,Denver,CO,Fentora,REP-S625,Simon Novak,TERR-S13,1,2.0,12,11,12,-1.3973511296485885,-1.1321973987895166,-0.5054081861976942,11.8268,0.10004933562781426,9.0255,synthetic,1.270640012404563,2.9649527987401023,0.8178334956835759,-1.2478537484642946,2.141236377892201,-0.8975672034291796,0.8178334956835759,0.5571198346121358,91.66666666666666,3.6666666666666665,1.0909090909090908,2.205082511632807,2.4849066497880004,183.33333333333331,1.0909090909090908,8.071,19272.54,11.0
2001000902,Dr. John Moore,Neurology,Columbus,OH,Lazanda,REP-S816,Sasha Vargas,TERR-S08,3,9.0,5,5,4,-0.20039801779541927,1.179427669011265,-0.06940673584718535,4.1172,0.038620707205573535,22.8726,synthetic,1.7672369127152399,0.3826763874867446,0.23250513207700174,1.1313938122620077,0.5818029746283429,2.2472474221038388,0.23250513207700174,1.5031440659603827,100.0,1.6666666666666667,0.8,3.134110650548179,1.791759469228055,900.0,0.8,21.9682,25026.15,18.0
2001000903,Dr. Lisa Hall,Internal Medicine,Los Angeles,CA,Subsys,REP-S528,Serena Patel,TERR-S14,3,5.0,4,2,0,0.48357518897782026,-0.2713843653456699,-0.7071138250052383,1.9585,0.018044702805598778,13.5055,synthetic,-1.2123444891488182,-0.9084618181399344,-1.3771478678410778,-0.09181346707746031,-0.9776304286355144,-0.6050263080307592,-1.3771478678410778,0.8580616328746954,50.0,0.6666666666666666,0.0,2.656483185045775,1.0986122886681098,250.0,0.0,13.2461,16610.77,22.0
2001000904,Dr. Robert White,Internal Medicine,Houston,TX,Subsys,REP-S760,Sloan Tanaka,TERR-S08,3,6.0,3,2,3,-0.713377922875349,-0.027284130262513178,0.7856361198381032,2.4736,0.022894199605508092,15.0775,synthetic,-0.21915068852746614,-0.9084618181399344,1.640951507005321,0.15927635156442457,-0.9776304286355144,0.05319070661568615,1.640951507005321,0.9531239867934801,66.66666666666666,0.6666666666666666,1.5,2.754526579421373,1.0986122886681098,399.99999999999994,1.5,14.7136,36309.56,15.0
2001000905,Dr. Carol Carter,Pain Management,Philadelphia,PA,Actiq,REP-S639,Solomon Novak,TERR-S13,1,9.0,10,6,0,-0.37139131948872917,1.0475885914460792,0.6781333350603297,6.7312,0.062292261570864316,22.6009,synthetic,-0.6164282087760067,0.8130557893623042,-1.3771478678410778,1.0414562016391515,0.9286091450931295,0.667526586952369,-1.3771478678410778,1.4616957960367665,60.0,2.0,0.0,3.0989925853267772,1.9459101490553132,540.0,0.0,21.1756,34890.92,17.0
2001000906,Dr. Michelle Gonzalez,Palliative Care,Detroit,MI,Fentora,REP-S638,Summer Novak,TERR-S12,1,10.0,13,10,5,1.3385416974443696,1.6105743874681933,1.6446702429867692,9.4556,0.08696279768169912,26.8825,synthetic,0.3920454964702906,2.534573396864543,-0.37111474289227814,1.405231543190007,1.9454793272294546,1.6734172042069373,-0.37111474289227814,1.5766789512024726,76.92307692307693,3.3333333333333335,0.5,3.2410364542048558,2.3978952727983707,769.2307692307693,0.5,24.5602,47645.64,27.0
2001000907,Dr. Amanda Williams,Anesthesiology,Atlanta,GA,Subsys,REP-S749,Seth Tanaka,TERR-S11,3,3.0,3,2,2,0.6545684906711301,-0.6655542645460493,-0.12716834039027614,3.9109,0.03518422650166375,11.3017,synthetic,-0.21915068852746614,-0.9084618181399344,0.6349183820565215,-0.5577373344972453,-0.9776304286355144,-0.8244319795795746,0.6349183820565215,0.7458495851491433,66.66666666666666,0.6666666666666666,1.0,2.4745532377085087,1.0986122886681098,199.99999999999997,1.0,10.8764,24263.91,23.0
2001000909,Dr. Susan Sanchez,Neurology,Philadelphia,PA,Abstral,REP-S548,Serena Chen,TERR-S06,3,6.0,5,2,1,-0.20039801779541927,-0.05429733515348738,0.073306651301163,2.9826,0.02752548809751465,14.9852,synthetic,-1.80826076952163,-0.9084618181399344,-0.37111474289227814,0.13267063034900095,-0.9776304286355144,-0.6489074423405222,-0.37111474289227814,0.9956459761201519,40.0,0.6666666666666666,0.5,2.744137806065766,1.0986122886681098,240.0,0.5,14.5512,26909.44,18.0
2001000910,Dr. Donna Jackson,Internal Medicine,Austin,TX,Lazanda,REP-S816,Sasha Vargas,TERR-S08,3,7.0,4,3,4,0.82556179236444,0.23835680699663622,0.9694284167875173,3.76,0.034815987164063866,16.9239,synthetic,0.27744621178321077,-0.47808241626437475,1.3056071320223879,0.4071624960137972,-0.33040708865298646,0.6017048854877244,1.3056071320223879,1.0565751480938546,75.0,1.0,1.3333333333333333,2.851319030632464,1.3862943611198906,525.0,1.3333333333333333,16.3106,38734.94,24.0
2001000911,Dr. Patricia Young,Pain Management,Nashville,TN,Abstral,REP-S721,Samuel Santos,TERR-S11,3,10.0,3,2,3,-0.713377922875349,1.8943960100388175,2.4209827525343006,4.0279,0.03806831205513239,27.3245,synthetic,-0.21915068852746614,-0.9084618181399344,1.640951507005321,1.5707299314153145,-0.9776304286355144,1.2233542882093669,1.640951507005321,1.8131071906628256,66.66666666666666,0.6666666666666666,1.5,3.305658842452473,1.0986122886681098,666.6666666666665,1.5,26.2665,57890.1,15.0
2001000912,Dr. Margaret Lee,Oncology,Houston,TX,Abstral,REP-S596,Sasha Nakamura,TERR-S12,2,1.0,8,6,2,-0.37139131948872917,-1.4391565632341212,-0.8061938002414443,4.8088,0.040600535101788404,6.525,synthetic,0.27744621178321077,0.8130557893623042,-0.7064591178752114,-1.830360515755168,0.9286091450931295,-1.3729461584516125,-0.7064591178752114,0.4133479024235433,75.0,2.0,0.3333333333333333,1.9776302755331512,1.9459101490553132,75.0,0.3333333333333333,6.2256,15303.28,17.0
2001000913,Dr. Mary Sanchez,Pain Management,Miami,FL,Actiq,REP-S702,Sophia Rossi,TERR-S06,2,1.0,8,7,6,-0.37139131948872917,-1.419295869490388,-1.3508301700935326,7.704,0.06442789554976014,6.8338,synthetic,1.0223415622492253,1.243435191237864,0.34748034635686437,-1.7883868043270106,1.2290263146108709,-1.3180947405644086,0.34748034635686437,0.4379786086747617,87.5,2.3333333333333335,0.8571428571428571,1.9940198096258406,2.0794415416798357,87.5,0.8571428571428571,6.345,8116.09,17.0
2001000914,Dr. Nancy Robinson,Internal Medicine,Jacksonville,FL,Abstral,REP-S606,Stella O'Connor,TERR-S08,3,3.0,4,3,0,-0.0294047161021094,-0.6762830312669104,-0.3849010078488147,2.2799,0.020654014635156148,11.0584,synthetic,0.27744621178321077,-0.47808241626437475,-1.3771478678410778,-0.5716839122841927,-0.33040708865298646,-0.7147291438051668,-1.3771478678410778,0.7003779654749638,75.0,1.0,0.0,2.469107497879026,1.3862943611198906,225.0,0.0,10.8119,20862.79,19.0
2001000915,Dr. Barbara Gonzalez,Internal Medicine,Las Vegas,NV,Subsys,REP-S541,Samuel Chen,TERR-S13,3,2.0,3,2,3,-0.713377922875349,-1.115696721910301,-1.0033996960838216,3.7867,0.033183025002556654,8.4796,synthetic,-0.21915068852746614,-0.9084618181399344,1.640951507005321,-1.2199987391162532,-0.9776304286355144,-1.1169728749779948,1.640951507005321,0.5292527727340753,66.66666666666666,0.6666666666666666,1.5,2.215959096281351,1.0986122886681098,133.33333333333331,1.5,8.1702,12700.89,15.0
2001000916,Dr. Robert White,Anesthesiology,Los Angeles,CA,Subsys,REP-S726,Stella Santos,TERR-S02,2,7.0,8,5,6,0.14158858559120047,0.17454975406450726,1.130054388006363,8.9692,0.08101927690473554,17.3555,synthetic,-0.46744913868280374,0.3826763874867446,1.0373316320360413,0.3497727611610732,0.5818029746283429,0.2177449602772978,1.0373316320360413,1.0921946915036598,62.5,1.6666666666666667,1.2,2.82890998020696,1.791759469228055,437.5,1.2,15.927,40854.61,20.0
2001000917,Dr. Rebecca Johnson,Emergency Medicine,Las Vegas,NV,Actiq,REP-S531,Silas Patel,TERR-S03,3,3.0,4,2,2,-1.2263578279552785,-0.7298603298837993,-0.10590860834451096,2.1442,0.019384778168453742,10.7147,synthetic,-1.2123444891488182,-0.9084618181399344,0.6349183820565215,-0.6424901537282103,-0.9776304286355144,-1.0438376511283896,0.6349183820565215,0.8073490431179302,50.0,0.6666666666666666,1.0,2.4414596852687875,1.0986122886681098,150.0,1.0,10.4898,24544.46,12.0
2001000918,Dr. Michael Hall,Pain Management,Los Angeles,CA,Actiq,REP-S686,Stella Larsson,TERR-S04,2,5.0,8,3,0,3.390461317764088,-0.3139501235451792,-0.28222002578026256,3.8412,0.0350464598175777,13.4892,synthetic,-1.9572398396148327,-0.47808241626437475,-1.3771478678410778,-0.13823453733406846,-0.33040708865298646,-0.8792833974667782,-1.3771478678410778,0.8966792312698013,37.5,1.0,0.0,2.638357084500865,1.3862943611198906,187.5,0.0,12.9902,22217.8,39.0
2001000919,Dr. Patricia Green,Neurology,Detroit,MI,Abstral,REP-S694,Selena Larsson,TERR-S12,3,6.0,3,3,1,-0.8843712245686588,-0.007307000290801207,0.19269078837783352,5.848,0.05333999312951265,15.7012,synthetic,1.7672369127152399,-0.47808241626437475,-0.7064591178752114,0.17877586029086,-0.33040708865298646,0.9308133928109472,-0.7064591178752114,1.0149756525904048,100.0,1.0,0.3333333333333333,2.7621405799990826,1.3862943611198906,600.0,0.3333333333333333,14.8337,28484.87,14.0
2001000920,Dr. Elizabeth Perez,Anesthesiology,Nashville,TN,Subsys,REP-S674,Selena Kowalski,TERR-S06,3,7.0,3,1,1,-0.713377922875349,0.39441461998131583,0.7272569183740609,3.0461,0.028384262446852215,17.7742,synthetic,-2.205538289770171,-1.3388412200154942,0.6349183820565215,0.5423331975679474,-1.889840491916844,-0.6781615318803643,0.6349183820565215,1.182837181817563,33.33333333333333,0.3333333333333333,1.0,2.904099324441992,0.6931471805599453,233.33333333333331,1.0,17.2488,35539.17,15.0
2001000921,Dr. Rebecca Martinez,Anesthesiology,Chicago,IL,Fentora,REP-S656,Sasha Dubois,TERR-S02,2,1.0,8,5,1,2.8774814126841584,-1.385196688439589,-1.1091739672705636,3.9458,0.03366532068482986,6.8085,synthetic,-0.46744913868280374,0.3826763874867446,-0.9747346178615579,-1.7178880347579488,0.5818029746283429,-1.4277975763388162,-0.9747346178615579,0.4491665241005193,62.5,1.6666666666666667,0.2,2.0215475632609334,1.791759469228055,62.5,0.2,6.55,11305.06,36.0
2001000922,Dr. Margaret Thomas,Pain Management,Philadelphia,PA,Actiq,REP-S634,Selena Novak,TERR-S08,2,7.0,9,5,4,-0.0294047161021094,0.24005344917574872,-0.6278037713281831,4.6046,0.04247228784948698,17.0723,synthetic,-0.8812798889417006,0.3826763874867446,0.23250513207700174,0.4086710848717077,0.5818029746283429,0.004433890715949802,0.23250513207700174,1.126581761459267,55.55555555555556,1.6666666666666667,0.8,2.8519080914440362,1.791759469228055,388.8888888888889,0.8,16.3208,17657.37,19.0
2001000923,Dr. Thomas Allen,Pain Management,Jacksonville,FL,Subsys,REP-S760,Sloan Tanaka,TERR-S08,2,2.0,7,5,3,1.1675483957510597,-0.9283508310931562,-0.43591527130705443,6.428,0.05641732662087495,9.8941,synthetic,0.06461896879292103,0.3826763874867446,-0.16990811790251828,-0.9233190494658366,0.5818029746283429,-1.075181318492506,-0.16990811790251828,0.6417128661221311,71.42857142857143,1.6666666666666667,0.6,2.3318040316632658,1.791759469228055,142.85714285714286,0.6,9.2965,20189.59,26.0
2001000924,Dr. Lisa Jones,Internal Medicine,Columbus,OH,Actiq,REP-S646,Stella Dubois,TERR-S06,3,6.0,2,2,3,-0.8843712245686588,0.03429400059117321,0.7616597191277842,4.5513,0.04179691052278223,15.7703,synthetic,1.7672369127152399,-0.9084618181399344,1.640951507005321,0.21891189592048368,-0.9776304286355144,0.9308133928109472,1.640951507005321,0.9771049635708118,100.0,0.6666666666666666,1.5,2.777812554239984,1.0986122886681098,600.0,1.5,15.0838,35993.16,14.0
2001000925,Dr. Lisa Robinson,Palliative Care,Baltimore,MD,Subsys,REP-S829,Seth Alvarez,TERR-S07,2,7.0,6,4,2,0.6545684906711301,0.22425138966440317,0.46400604137151014,4.9886,0.04591714389897117,17.0352,synthetic,-0.21915068852746614,-0.04770301438881521,-0.37111474289227814,0.39458597793599925,0.171618335963463,0.3457316020141065,-0.37111474289227814,1.0416396172026727,66.66666666666666,1.3333333333333333,0.5,2.8464082599431433,1.6094379124341003,466.66666666666663,0.5,16.2258,32065.23,23.0
2001000927,Dr. Mary White,Pain Management,Las Vegas,NV,Actiq,REP-S664,Sarah Kowalski,TERR-S10,3,1.0,3,2,2,0.14158858559120047,-1.2141518695394118,-0.9840852048921458,3.5776,0.031113901441010672,7.8494,synthetic,-0.21915068852746614,-0.9084618181399344,0.6349183820565215,-1.3908776733537016,-0.9776304286355144,-1.409513770376415,0.6349183820565215,0.5231100536044044,66.66666666666666,0.6666666666666666,1.0,2.149235758670364,1.0986122886681098,66.66666666666666,1.0,7.5783,12955.77,20.0
2001000928,Dr. Betty Rivera,Oncology,Columbus,OH,Actiq,REP-S679,Solomon Kowalski,TERR-S11,3,8.0,3,2,1,0.82556179236444,0.6424736868157366,1.6638824328479807,4.8901,0.045377940004519335,19.6565,synthetic,-0.21915068852746614,-0.9084618181399344,-0.37111474289227814,0.7435074047267679,-0.9776304286355144,0.6382724974125267,-0.37111474289227814,1.2442465025391038,66.66666666666666,0.6666666666666666,0.5,2.982652099848634,1.0986122886681098,533.3333333333333,0.5,18.7401,47899.17,24.0
2001000929,Dr. Susan Ramirez,Anesthesiology,Jacksonville,FL,Abstral,REP-S832,Sienna Alvarez,TERR-S10,3,8.0,2,2,2,0.31258188728451036,0.417302655652486,0.9597635933153488,2.4017,0.022458352273300175,17.804,synthetic,1.7672369127152399,-0.9084618181399344,0.6349183820565215,0.5615713193408259,-0.9776304286355144,1.8084360790062082,0.6349183820565215,1.1922731075757662,100.0,0.6666666666666666,1.0,2.911611260888584,1.0986122886681098,800.0,1.0,17.3864,38607.4,21.0
2001000931,Dr. Robert Scott,Pain Management,Philadelphia,PA,Actiq,REP-S683,Sean Larsson,TERR-S01,2,8.0,8,7,5,-0.713377922875349,0.6397291185848185,-0.7023859879625177,7.505,0.0688211504291334,20.1288,synthetic,1.0223415622492253,1.243435191237864,0.06004231065720745,0.7413658610878472,1.2290263146108709,1.3696247359085776,0.06004231065720745,1.2924407056552827,87.5,2.3333333333333335,0.7142857142857143,2.9818158882941437,2.0794415416798357,700.0,0.7142857142857143,18.7236,16673.16,15.0
2001000932,Dr. Melissa Moore,Oncology,Austin,TX,Actiq,REP-S597,Stanley Nakamura,TERR-S13,2,9.0,6,4,1,-0.542384621182039,1.242336499613275,1.6926101620176457,6.9546,0.0644450869505766,23.9005,synthetic,-0.21915068852746614,-0.04770301438881521,-0.874131305366678,1.173220552618004,0.171618335963463,0.9308133928109468,-0.874131305366678,1.4836863220761802,66.66666666666666,1.3333333333333333,0.25,3.1504427966397635,1.6094379124341003,599.9999999999999,0.25,22.3464,48278.27,16.0
2001000933,Dr. Kimberly Davis,Family Practice,Charlotte,NC,Subsys,REP-S615,Stephen O'Connor,TERR-S03,3,4.0,3,2,2,0.48357518897782026,-0.40961080170281006,-0.18658571091162368,2.3255,0.021292228444320216,12.7038,synthetic,-0.21915068852746614,-0.9084618181399344,0.6349183820565215,-0.24573574158258096,-0.9776304286355144,-0.5318910841811543,0.6349183820565215,0.83575010288181,66.66666666666666,0.6666666666666666,1.0,2.5963809381919583,1.0986122886681098,266.66666666666663,1.0,12.4151,23479.82,22.0
2001000934,Dr. Amanda Lee,Palliative Care,Phoenix,AZ,Subsys,REP-S792,Sienna Gomez,TERR-S12,2,8.0,6,4,4,-0.20039801779541927,0.6753918718398974,-0.697592981183353,4.877,0.04528268985234796,19.8616,synthetic,-0.21915068852746614,-0.04770301438881521,0.6349183820565215,0.7690543682509138,0.171618335963463,0.6382724974125267,0.6349183820565215,1.2157533724429128,66.66666666666666,1.3333333333333333,1.0,2.9926274586005124,1.6094379124341003,533.3333333333333,1.0,18.938,16736.41,18.0
2001000935,Dr. Ashley Allen,Palliative Care,Los Angeles,CA,Actiq,REP-S636,Sasha Novak,TERR-S10,3,8.0,4,3,4,-0.713377922875349,0.598178018943406,1.2201780712073205,5.9873,0.055244898907508055,19.5799,synthetic,0.27744621178321077,-0.47808241626437475,1.3056071320223879,0.7087234813472996,-0.33040708865298646,0.9308133928109472,1.3056071320223879,1.1859533557839204,75.0,1.0,1.3333333333333333,2.9690699724000984,1.3862943611198906,600.0,1.3333333333333333,18.4738,42043.91,15.0
2001000936,Dr. Nancy Jones,Pain Management,Las Vegas,NV,Subsys,REP-S596,Sasha Nakamura,TERR-S12,1,1.0,14,9,8,-1.0553645262619686,-1.6387116242421371,-1.5585011131485997,9.138,0.07345581187941908,5.4852,synthetic,-0.3610355171876585,2.104193994988983,0.4113554654012326,-2.2953457289908794,1.7310517392273213,-1.419961659497787,0.4113554654012326,0.34692461612899683,64.28571428571429,3.0,0.8888888888888888,1.7960668458143578,2.302585092994046,64.28571428571429,0.8888888888888888,5.0259,5375.6,13.0
2001000937,Dr. Deborah Johnson,Pain Management,Columbus,OH,Subsys,REP-S807,Scott Vargas,TERR-S13,1,5.0,14,10,6,2.022514904217609,-0.3690577268726409,-1.1313642625297382,11.1752,0.09855354549848583,14.0736,synthetic,0.06461896879292103,2.534573396864543,-0.16990811790251828,-0.19961101805322798,1.9454793272294546,-0.13487129756901223,-0.16990811790251828,0.8738104664070828,71.42857142857143,3.3333333333333335,0.6,2.6143913238137806,2.3978952727983707,357.14285714285717,0.6,12.6589,11012.23,31.0
2001000938,Dr. Mary Campbell,Palliative Care,Boston,MA,Subsys,REP-S673,Spencer Kowalski,TERR-S05,3,2.0,4,3,4,-0.37139131948872917,-1.0143140348348771,-1.2623743774729612,5.9511,0.05204865593140884,9.3022,synthetic,0.27744621178321077,-0.47808241626437475,1.3056071320223879,-1.0551986755199847,-0.33040708865298646,-1.0438376511283896,1.3056071320223879,0.5636260367534609,75.0,1.0,1.3333333333333333,2.2803088087296173,1.3862943611198906,150.0,1.3333333333333333,8.7797,9283.38,17.0
2001000939,Dr. Rebecca Davis,Pain Management,Jacksonville,FL,Subsys,REP-S675,Stephen Kowalski,TERR-S07,2,7.0,5,4,3,0.48357518897782026,0.3242534757509411,-0.8619540876455983,5.6684,0.05212090941215397,17.7808,synthetic,0.5754043519696166,-0.04770301438881521,0.1319018195821217,0.4824436329372265,0.171618335963463,0.7552888555718951,0.1319018195821217,1.1615234118471578,80.0,1.3333333333333333,0.75,2.8807141619697245,1.6094379124341003,560.0,0.75,16.827,14567.45,22.0
2001000940,Dr. Linda Davis,Neurology,Boston,MA,Lazanda,REP-S745,Simon Tanaka,TERR-S07,3,9.0,2,2,2,2.364501507604229,1.2620641233821763,2.068705468823477,3.0601,0.02887380479643431,23.1524,synthetic,1.7672369127152399,-0.9084618181399344,0.6349183820565215,1.1861975658796238,-0.9776304286355144,2.2472474221038388,0.6349183820565215,1.5371369270946185,100.0,0.6666666666666666,1.0,3.155509949246381,1.0986122886681098,900.0,1.0,22.465,53241.34,33.0
2001000941,Dr. Patricia Baker,Palliative Care,Detroit,MI,Abstral,REP-S698,Summer Larsson,TERR-S02,2,10.0,8,7,1,-0.37139131948872917,1.4509236851630394,0.7474436231313997,4.8434,0.04541946509145145,24.7435,synthetic,1.0223415622492253,1.243435191237864,-1.089709832141421,1.307212198614796,1.2290263146108709,2.137544586329431,-1.089709832141421,1.5150631476925611,87.5,2.3333333333333335,0.14285714285714285,3.2027627029687236,2.0794415416798357,875.0,0.14285714285714285,23.6004,35805.56,17.0
2001000942,Dr. Rebecca White,Neurology,Atlanta,GA,Abstral,REP-S548,Serena Chen,TERR-S06,3,6.0,3,2,3,-0.542384621182039,0.07409855681291048,0.42675017017928063,1.4588,0.013599360173366826,15.5466,synthetic,-0.21915068852746614,-0.9084618181399344,1.640951507005321,0.2567347122199265,-0.9776304286355144,0.05319070661568615,1.640951507005321,1.0484621788365702,66.66666666666666,0.6666666666666666,1.5,2.7925812824779497,1.0986122886681098,399.99999999999994,1.5,15.3231,31573.59,16.0
2001000943,Dr. Mary Hernandez,Family Practice,Detroit,MI,Lazanda,REP-S533,Spencer Patel,TERR-S05,3,6.0,4,4,0,1.3385416974443696,0.10904605895326579,0.3717150855399742,3.433,0.031741137741156056,16.0664,synthetic,1.7672369127152399,-0.04770301438881521,-1.3771478678410778,0.28948793782915344,0.171618335963463,0.9308133928109472,-1.3771478678410778,1.0456519478766768,100.0,1.3333333333333333,0.0,2.805370480514125,1.6094379124341003,600.0,0.0,15.5332,30847.33,27.0
2001000945,Dr. Laura Green,Neurology,Columbus,OH,Actiq,REP-S803,Sean Vargas,TERR-S09,3,8.0,5,4,5,0.14158858559120047,0.44885687343461567,0.5547238300767943,6.3575,0.058412823828824845,18.6935,synthetic,0.5754043519696166,-0.04770301438881521,1.1379349445309213,0.587858896868521,0.171618335963463,1.1063379300499994,1.1379349445309213,1.2026206251639315,80.0,1.3333333333333333,1.25,2.921875808231313,1.6094379124341003,640.0,1.25,17.5761,33262.37,20.0
2001000946,Dr. Emily Martinez,Neurology,Phoenix,AZ,Subsys,REP-S809,Seth Vargas,TERR-S01,3,4.0,4,4,5,0.9965550940577499,-0.5621755278481401,-0.3529390410612088,6.1211,0.05478497898399137,12.2017,synthetic,1.7672369127152399,-0.04770301438881521,1.1379349445309213,-0.42710704563064,0.171618335963463,0.0531907066156864,1.1379349445309213,0.7867280958843185,100.0,1.3333333333333333,1.25,2.5255606301946747,1.6094379124341003,400.0,1.25,11.4979,21284.57,25.0
2001000947,Dr. Dorothy Walker,Pain Management,Philadelphia,PA,Subsys,REP-S505,Simon Brooks,TERR-S05,3,6.0,5,3,3,-0.8843712245686588,-0.06968355099348182,0.6887029569663835,7.5053,0.06784550216559104,15.5439,synthetic,-0.6164282087760067,-0.47808241626437475,0.6349183820565215,0.11739203548138824,-0.33040708865298646,-0.12233383062336577,0.6349183820565215,0.9980459116226599,60.0,1.0,1.0,2.7381719516547323,1.3862943611198906,360.0,1.0,14.4587,35030.4,14.0
2001000948,Dr. Dorothy Perez,Palliative Care,Jacksonville,FL,Subsys,REP-S552,Sienna Chen,TERR-S10,3,3.0,5,3,0,0.82556179236444,-0.7936840165627823,-0.7905053228740062,3.1578,0.028335687720433267,10.4253,synthetic,-0.6164282087760067,-0.47808241626437475,-1.3771478678410778,-0.7294752130058207,-0.33040708865298646,-0.9121942481991006,-1.3771478678410778,0.6487762782366312,60.0,1.0,0.0,2.407494506920784,1.3862943611198906,180.0,0.0,10.1061,15510.31,24.0
2001000949,Dr. Susan Wilson,Neurology,Houston,TX,Lazanda,REP-S555,Stephen Chen,TERR-S13,2,3.0,7,6,2,-0.0294047161021094,-0.8229427772790532,-0.5582790293569543,5.2234,0.04636405523354625,10.4489,synthetic,0.91592794075408,0.8130557893623042,-0.7064591178752114,-0.7703614505531869,0.9286091450931295,-0.5736826406666429,-0.7064591178752114,0.6794603656102818,85.71428571428571,2.0,0.3333333333333333,2.391529600282701,1.9459101490553132,257.1428571428571,0.3333333333333333,9.9302,18574.84,19.0
2001000951,Dr. Dorothy Young,Pain Management,Baltimore,MD,Subsys,REP-S574,Selena Kapoor,TERR-S04,2,3.0,6,3,3,-0.713377922875349,-0.6331683594212176,-0.8140982830419925,6.4069,0.0570985813616649,11.7804,synthetic,-1.2123444891488182,-0.47808241626437475,0.6349183820565215,-0.5160929834190291,-0.33040708865298646,-1.0438376511283896,0.6349183820565215,0.7642088218280778,50.0,1.0,1.0,2.490814166002462,1.3862943611198906,150.0,1.0,11.0711,15198.97,15.0
2001000952,Dr. Michelle Garcia,Pain Management,Phoenix,AZ,Abstral,REP-S697,Stanley Larsson,TERR-S01,2,9.0,9,7,8,2.5354948092975387,0.9684119564208101,2.0265406493442235,11.346,0.10276632247917128,23.0482,synthetic,0.44297851188677,1.243435191237864,0.9223564177561785,0.985885530322545,1.2290263146108709,1.3696247359085783,0.9223564177561785,1.4288387719659728,77.77777777777779,2.3333333333333335,1.1428571428571428,3.0772938271967973,2.0794415416798357,700.0000000000001,1.1428571428571428,20.6996,52684.92,34.0
2001000953,Dr. Sharon Wright,Pain Management,Detroit,MI,Subsys,REP-S740,Sloan Santos,TERR-S02,1,2.0,14,8,9,-0.20039801779541927,-0.9420237710071839,-0.4058864207714088,11.357,0.09753896890005942,10.2608,synthetic,-0.7866900031682388,1.6738145931134232,0.8864266632937214,-0.943846371842389,1.4940130379096728,-1.200555987948972,0.8864266632937214,0.6360388170073847,57.14285714285714,2.6666666666666665,1.125,2.3237886992450694,2.1972245773362196,114.28571428571428,1.125,9.2143,20585.86,18.0
2001000954,Dr. Linda Jones,Oncology,Boston,MA,Lazanda,REP-S617,Stanley O'Connor,TERR-S05,3,7.0,3,3,3,-1.0553645262619686,0.18436366470839585,1.1127495496175874,5.1714,0.047522210678192955,16.8127,synthetic,1.7672369127152399,-0.47808241626437475,0.6349183820565215,0.35868377257554146,-0.33040708865298646,1.3696247359085776,0.6349183820565215,1.0613883911820168,100.0,1.0,1.0,2.8323894753578176,1.3862943611198906,700.0,1.0,15.986,40626.25,13.0
2001000955,Dr. Patricia Hernandez,Pain Management,Denver,CO,Subsys,REP-S707,Scott Rossi,TERR-S11,3,7.0,2,1,2,-1.0553645262619686,0.3604817763990575,0.3037468393670702,1.3254,0.01244112920146545,17.2707,synthetic,-1.2123444891488182,-1.3388412200154942,2.646984631954121,0.5135429464643289,-1.889840491916844,-0.16621496493312882,2.646984631954121,1.1765575711803904,50.0,0.3333333333333333,2.0,2.892857554630726,0.6931471805599453,350.0,2.0,17.0448,29950.4,13.0
2001000956,Dr. Margaret Taylor,Orthopedics,Columbus,OH,Subsys,REP-S804,Sarah Vargas,TERR-S10,3,4.0,3,2,1,-0.8843712245686588,-0.50966278902991,-0.5351308905295797,1.6675,0.01525730295952954,12.0106,synthetic,-0.21915068852746614,-0.9084618181399344,-0.37111474289227814,-0.3632189444021717,-0.9776304286355144,-0.5318910841811543,-0.37111474289227814,0.7318207864211488,66.66666666666666,0.6666666666666666,0.5,2.550507106871949,1.0986122886681098,266.66666666666663,0.5,11.8136,18880.31,14.0
2001000957,Dr. Kimberly Scott,Oncology,Miami,FL,Abstral,REP-S595,Stephen Nakamura,TERR-S11,3,9.0,4,3,3,-0.8843712245686588,1.0853139293110605,1.3056693986073238,6.4516,0.05981135309348673,22.7832,synthetic,0.27744621178321077,-0.47808241626437475,0.6349183820565215,1.0675157555791626,-0.33040708865298646,1.2599219001341702,0.6349183820565215,1.4210095648338543,75.0,1.0,1.0,3.109168095978751,1.3862943611198906,675.0,1.0,21.4024,43172.08,14.0
2001000958,Dr. Barbara Martin,Neurology,Philadelphia,PA,Actiq,REP-S690,Sadie Larsson,TERR-S08,3,2.0,2,2,2,-0.20039801779541927,-1.0457351826421741,-0.4779482357381543,2.585,0.02289354096341567,8.8129,synthetic,1.7672369127152399,-0.9084618181399344,0.6349183820565215,-1.105149844319128,-0.9776304286355144,-0.8244319795795745,0.6349183820565215,0.5878137508695503,100.0,0.6666666666666666,1.0,2.2608043056454785,1.0986122886681098,200.0,1.0,8.5908,19634.91,18.0
2001000959,Dr. Betty Mitchell,Oncology,Atlanta,GA,Abstral,REP-S506,Stella Brooks,TERR-S06,3,3.0,4,3,0,-0.20039801779541927,-0.6815725627664978,-0.10354355314170108,3.2204,0.029039196511915666,11.1272,synthetic,0.27744621178321077,-0.47808241626437475,-1.3771478678410778,-0.5785879536294601,-0.33040708865298646,-0.7147291438051668,-1.3771478678410778,0.7157433376567783,75.0,1.0,0.0,2.466411667151756,1.3862943611198906,225.0,0.0,10.7801,24575.67,18.0
2001000960,Dr. Donna Walker,Pain Management,Baltimore,MD,Subsys,REP-S613,Spencer O'Connor,TERR-S01,2,6.0,8,4,0,-0.713377922875349,0.02309948895839889,-0.4306100000879349,2.4998,0.023167869514355566,15.3919,synthetic,-1.2123444891488182,-0.04770301438881521,-1.3771478678410778,0.20817330324806585,0.171618335963463,-0.385620636481944,-1.3771478678410778,1.0365493738636027,50.0,1.3333333333333333,0.0,2.7736194408667876,1.6094379124341003,300.0,0.0,15.0165,20259.6,15.0
2001000961,Dr. Karen Torres,Oncology,Baltimore,MD,Fentora,REP-S744,Sarah Tanaka,TERR-S06,3,5.0,3,2,1,-0.37139131948872917,-0.1912928742434279,0.37708249534500543,4.7956,0.04372822119124331,14.3859,synthetic,-0.21915068852746614,-0.9084618181399344,-0.37111474289227814,-0.0066853401497219255,-0.9776304286355144,-0.2393501887827342,-0.37111474289227814,0.911442216864147,66.66666666666666,0.6666666666666666,0.5,2.6897232844093257,1.0986122886681098,333.33333333333326,0.5,13.7276,30918.16,17.0
2001000963,Dr. David Baker,Palliative Care,Baltimore,MD,Abstral,REP-S629,Seth Novak,TERR-S03,1,10.0,14,10,1,0.48357518897782026,1.3514705127226854,0.13054007786400423,5.5789,0.052084981753637294,24.2858,synthetic,0.06461896879292103,2.534573396864543,-1.1759412428513178,1.2441993607050628,1.9454793272294546,1.4323120706368109,-1.1759412428513178,1.4766800585921482,71.42857142857143,3.3333333333333335,0.1,3.1781579915896416,2.3978952727983707,714.2857142857143,0.1,23.0025,27664.71,22.0
2001000965,Dr. Margaret Lewis,Pain Management,Detroit,MI,Abstral,REP-S634,Selena Novak,TERR-S08,2,3.0,8,5,1,-0.20039801779541927,-0.5890556627642819,0.02835089996931406,4.8656,0.0437427510973496,11.8879,synthetic,-0.46744913868280374,0.3826763874867446,-0.9747346178615579,-0.4604372573237282,0.5818029746283429,-0.8792833974667782,-0.9747346178615579,0.7825148780960915,62.5,1.6666666666666667,0.2,2.5125461355914176,1.791759469228055,187.5,0.2,11.3363,26316.19,18.0
2001000966,Dr. Emily Sanchez,Pain Management,Denver,CO,Abstral,REP-S833,Spencer Alvarez,TERR-S11,3,1.0,5,4,2,0.9965550940577499,-1.5791960779983527,-1.2205445001275241,6.6306,0.05441591053603423,5.7407,synthetic,0.5754043519696166,-0.04770301438881521,-0.37111474289227814,-2.147624231475694,0.171618335963463,-1.351005591296731,-0.37111474289227814,0.3716226060712868,80.0,1.3333333333333333,0.5,1.8537478665621234,1.6094379124341003,80.0,0.5,5.3837,9835.38,25.0
2001000967,Dr. Karen Brown,Neurology,Phoenix,AZ,Abstral,REP-S824,Sarah Alvarez,TERR-S02,2,1.0,6,4,3,-0.0294047161021094,-1.1857081624189896,-0.5770782249581429,5.6167,0.0485435834346295,8.1845,synthetic,-0.21915068852746614,-0.04770301438881521,0.1319018195821217,-1.3403286748246466,0.171618335963463,-1.409513770376415,0.1319018195821217,0.53023526325993,66.66666666666666,1.3333333333333333,0.75,2.1689736971693523,1.6094379124341003,66.66666666666666,0.75,7.7493,18326.76,19.0
2001000968,Dr. Susan Sanchez,Oncology,Jacksonville,FL,Subsys,REP-S684,Sarah Larsson,TERR-S02,1,1.0,9,7,7,-1.2263578279552785,-1.3482032354361857,-0.720422091417205,6.9799,0.05904008750604284,7.2451,synthetic,0.44297851188677,1.243435191237864,0.6349183820565215,-1.6435383299404225,1.2290263146108709,-1.3607569544766782,0.6349183820565215,0.44965261731772116,77.77777777777779,2.3333333333333335,1.0,2.0505789969947346,2.0794415416798357,77.77777777777779,1.0,6.7724,16435.15,12.0
2001000969,Dr. Laura Robinson,Oncology,Nashville,TN,Actiq,REP-S850,Sadie Kim,TERR-S14,2,8.0,5,2,1,0.82556179236444,0.4542129399216191,-0.6890148251770061,4.298,0.03986475916460108,18.3651,synthetic,-1.80826076952163,-0.9084618181399344,-0.37111474289227814,0.5922943292432099,-0.9776304286355144,-0.2978583678624179,-0.37111474289227814,1.1691007887182725,40.0,0.6666666666666666,0.5,2.923607717744371,1.0986122886681098,320.0,0.5,17.6083,16849.61,24.0
2001000970,Dr. Amanda Anderson,Family Practice,Detroit,MI,Abstral,REP-S510,Sadie Brooks,TERR-S10,3,10.0,3,2,2,-0.8843712245686588,1.3354023132616746,1.7316150070669998,1.5864,0.015086886733799432,23.2693,synthetic,-0.21915068852746614,-0.9084618181399344,0.6349183820565215,1.2338715847482407,-0.9776304286355144,1.2233542882093669,0.6349183820565215,1.541961666164626,66.66666666666666,0.6666666666666666,1.0,3.17412529039676,1.0986122886681098,666.6666666666665,1.0,22.9059,48792.99,14.0
2001000971,Dr. Emily Moore,Pain Management,New York,NY,Fentora,REP-S829,Seth Alvarez,TERR-S07,1,1.0,10,5,0,-0.8843712245686588,-1.9361729192330803,-1.7462475459673703,1.834,0.0139200335446783,3.297,synthetic,-1.2123444891488182,0.3826763874867446,-1.3771478678410778,-3.1969988837812138,0.5818029746283429,-1.4826489942260201,-1.3771478678410778,0.22348298557059235,50.0,1.6666666666666667,0.0,1.44399707124818,1.791759469228055,50.0,0.0,3.2376,2898.04,14.0
2001000972,Dr. Robert White,Oncology,Baltimore,MD,Abstral,REP-S732,Sienna Santos,TERR-S08,3,9.0,4,3,4,-0.542384621182039,0.7911960174377809,-0.14525976234217783,6.4307,0.05939061405326562,20.8968,synthetic,0.27744621178321077,-0.47808241626437475,1.3056071320223879,0.8569543637257939,-0.33040708865298646,1.2599219001341702,1.3056071320223879,1.3036101557704212,75.0,1.0,1.3333333333333333,3.0269498933713477,1.3862943611198906,675.0,1.3333333333333333,19.6342,24025.17,16.0
2001000973,Dr. Melissa Scott,Pain Management,Denver,CO,Subsys,REP-S608,Serena O'Connor,TERR-S10,3,6.0,5,4,4,-0.0294047161021094,-0.05122009198548855,-0.39211438832800355,7.0753,0.06411212145006706,15.6006,synthetic,0.5754043519696166,-0.04770301438881521,0.6349183820565215,0.1357154417109304,0.171618335963463,0.4042397810937907,0.6349183820565215,1.0057079487484122,80.0,1.3333333333333333,1.0,2.745326717837544,1.6094379124341003,480.0,1.0,14.5697,20767.6,19.0
2001000974,Dr. Joseph Williams,Pain Management,Las Vegas,NV,Fentora,REP-S708,Serena Rossi,TERR-S12,2,6.0,5,4,3,0.14158858559120047,0.045654849692488224,0.878708354719334,7.3172,0.06638796234809385,16.2608,synthetic,0.5754043519696166,-0.04770301438881521,0.1319018195821217,0.22976420898657612,0.171618335963463,0.4042397810937907,0.1319018195821217,1.0459094840820893,80.0,1.3333333333333333,0.75,2.7820500721751253,1.6094379124341003,480.0,0.75,15.1521,37537.77,20.0
2001000975,Dr. Michelle Williams,Neurology,Charlotte,NC,Abstral,REP-S561,Samuel Kapoor,TERR-S05,3,2.0,2,1,1,2.5354948092975387,-0.9308791606149716,-0.9866897209870058,2.5094,0.02240001329667063,9.5142,synthetic,-1.2123444891488182,-1.3388412200154942,0.6349183820565215,-0.9271024775658132,-1.889840491916844,-1.2632433226772048,0.6349183820565215,0.6350602698171949,50.0,0.3333333333333333,1.0,2.3303267111757044,0.6931471805599453,100.0,1.0,9.2813,12921.4,34.0
2001000976,Dr. Donna Smith,Neurology,Austin,TX,Abstral,REP-S535,Stephen Patel,TERR-S07,2,7.0,9,7,7,-0.0294047161021094,0.19703857981118056,-0.07062298499826214,6.024,0.05516045415727344,17.0298,synthetic,0.44297851188677,1.243435191237864,0.6349183820565215,0.37014687833155885,1.2290263146108709,0.6870293133122637,0.6349183820565215,1.0990340863734334,77.77777777777779,2.3333333333333335,1.0,2.8368654903730235,2.0794415416798357,544.4444444444445,1.0,16.0622,25010.1,19.0
2001000977,Dr. Michelle Williams,Palliative Care,Chicago,IL,Lazanda,REP-S811,Silas Vargas,TERR-S03,1,6.0,12,10,3,1.3385416974443696,0.02797317678663487,0.6697984288841982,7.3811,0.06691832000709486,16.1563,synthetic,0.7740431120938877,2.534573396864543,-0.7735279928717981,0.21285403580884513,1.9454793272294546,0.49200204971331707,-0.7735279928717981,0.9658877437481032,83.33333333333334,3.3333333333333335,0.3,2.775447133088262,2.3978952727983707,500.00000000000006,0.3,15.0458,34780.93,27.0
2001000978,Dr. Sarah Allen,Neurology,Boston,MA,Subsys,REP-S523,Sean Patel,TERR-S09,3,7.0,2,1,1,-0.542384621182039,0.14407672982789113,0.6463805176594511,1.0547,0.009865295024234388,15.9098,synthetic,-1.2123444891488182,-1.3388412200154942,0.6349183820565215,0.321904037458685,-1.889840491916844,-0.16621496493312882,0.6349183820565215,1.0772480014597041,50.0,0.3333333333333333,1.0,2.8180280404951996,0.6931471805599453,350.0,1.0,15.7438,34471.9,16.0
2001000979,Dr. Thomas Martin,Palliative Care,Portland,OR,Subsys,REP-S701,Samuel Rossi,TERR-S05,3,9.0,2,1,1,-0.20039801779541927,0.7476987694144447,1.0950491460843497,2.747,0.025783028354021464,19.9048,synthetic,-1.2123444891488182,-1.3388412200154942,0.6349183820565215,0.8242909628357863,-1.889840491916844,0.2725963781645016,0.6349183820565215,1.2436595922655411,50.0,0.3333333333333333,1.0,3.014195769319529,0.6931471805599453,450.0,1.0,19.3727,40392.67,18.0
2001000980,Dr. Donna Johnson,Orthopedics,Denver,CO,Actiq,REP-S759,Solomon Tanaka,TERR-S07,3,7.0,2,2,1,0.14158858559120047,0.18509554956997373,0.1858858554328693,3.3859,0.031367896112437066,16.5318,synthetic,1.7672369127152399,-0.9084618181399344,-0.37111474289227814,0.35934708186278064,-0.9776304286355144,1.3696247359085776,-0.37111474289227814,0.9905623267411067,100.0,0.6666666666666666,0.5,2.832648478667444,1.0986122886681098,700.0,0.5,15.9904,28395.07,20.0
2001000981,Dr. John Gonzalez,Palliative Care,New York,NY,Abstral,REP-S580,Sloan Kapoor,TERR-S10,3,2.0,2,2,3,1.6805283008309895,-1.1116879889184752,-0.6389136958166153,5.0343,0.04388745422970919,8.6068,synthetic,1.7672369127152399,-0.9084618181399344,1.640951507005321,-1.2132770419320906,-0.9776304286355144,-0.8244319795795745,1.640951507005321,0.5260454039396432,100.0,0.6666666666666666,1.5,2.2185837268277617,1.0986122886681098,200.0,1.5,8.1943,17510.76,29.0
2001000982,Dr. Nancy Sanchez,Internal Medicine,Columbus,OH,Subsys,REP-S752,Sienna Tanaka,TERR-S14,3,10.0,2,1,1,1.3385416974443696,2.064326367899773,2.154351384900627,1.8379,0.017572989297613528,27.7896,synthetic,-1.2123444891488182,-1.3388412200154942,0.6349183820565215,1.664929861429081,-1.889840491916844,0.49200204971331685,0.6349183820565215,1.7676804224675922,50.0,0.3333333333333333,1.0,3.3424412215168577,0.6931471805599453,500.0,1.0,27.2881,54371.55,27.0
2001000983,Dr. Ashley Anderson,Oncology,Philadelphia,PA,Subsys,REP-S757,Stanley Tanaka,TERR-S05,3,3.0,5,4,1,0.6545684906711301,-0.773573816616238,-0.42824797603565706,4.6472,0.04146381220409756,10.7023,synthetic,0.5754043519696166,-0.04770301438881521,-0.874131305366678,-0.7017469737413147,0.171618335963463,-0.6489074423405222,-0.874131305366678,0.679020335081852,80.0,1.3333333333333333,0.25,2.4183215914766425,1.6094379124341003,240.0,0.25,10.227,20290.77,23.0
2001000984,Dr. Patricia Walker,Anesthesiology,Houston,TX,Abstral,REP-S627,Scott Novak,TERR-S01,2,2.0,5,2,0,0.31258188728451036,-1.0002086175026443,-1.0296790134110392,1.5394,0.013742634041491897,9.001,synthetic,-1.80826076952163,-0.9084618181399344,-1.3771478678410778,-1.0330878497255986,-0.9776304286355144,-1.351005591296731,-1.3771478678410778,0.6078834584563441,40.0,0.6666666666666666,0.0,2.288942453952887,1.0986122886681098,80.0,0.0,8.8645,12354.1,21.0
2001000985,Dr. Stephanie Walker,Anesthesiology,Chicago,IL,Fentora,REP-S796,Sasha Gomez,TERR-S02,2,5.0,6,5,0,-0.37139131948872917,-0.19229089905467084,0.431856901038536,3.8328,0.035099752142514706,14.2475,synthetic,0.7740431120938877,0.3826763874867446,-1.3771478678410778,-0.007728902770938227,0.5818029746283429,0.1263259304652918,-1.3771478678410778,0.9409592942133872,83.33333333333334,1.6666666666666667,0.0,2.6893158030459596,1.791759469228055,416.66666666666674,0.0,13.7216,31640.98,17.0
2001000986,Dr. Linda Thomas,Family Practice,Baltimore,MD,Subsys,REP-S789,Seth Gomez,TERR-S09,3,1.0,4,3,3,1.5095349991376794,-1.2223689404853115,-0.6167931170196831,2.1093,0.018447835644365362,7.6877,synthetic,0.27744621178321077,-0.47808241626437475,0.6349183820565215,-1.4056684160961532,-0.33040708865298646,-1.3729461584516125,0.6349183820565215,0.5068246691196091,75.0,1.0,1.0,2.1434603965642864,1.3862943611198906,75.0,1.0,7.5289,17802.67,28.0
2001000987,Dr. John Mitchell,Orthopedics,Chicago,IL,Actiq,REP-S692,Sienna Larsson,TERR-S10,3,9.0,5,4,1,-1.3973511296485885,1.1128760478482185,0.3249474639774558,3.714,0.034877232155081206,22.3691,synthetic,0.5754043519696166,-0.04770301438881521,-0.874131305366678,1.0863886068593465,0.171618335963463,1.4573870045281037,-0.874131305366678,1.3360858589769402,80.0,1.3333333333333333,0.25,3.1165374047426964,1.6094379124341003,720.0,0.25,21.5681,30230.17,11.0
2001000989,Dr. Rebecca Hall,Pain Management,Nashville,TN,Actiq,REP-S592,Sienna Nakamura,TERR-S08,2,8.0,8,5,0,-1.0553645262619686,0.40407882690351776,-0.02884312163660753,2.8182,0.026296877234289084,17.7947,synthetic,-0.46744913868280374,0.3826763874867446,-1.3771478678410778,0.5504739051236973,0.5818029746283429,0.49200204971331685,-1.3771478678410778,1.194649642627775,62.5,1.6666666666666667,0.0,2.9072780379625236,1.791759469228055,500.0,0.0,17.3069,25561.44,13.0
2001000990,Dr. Jessica Anderson,Family Practice,Philadelphia,PA,Subsys,REP-S618,Summer O'Connor,TERR-S06,3,9.0,4,3,2,-0.8843712245686588,0.7538199882567349,1.351704997316297,3.7413,0.034963075160175716,20.1357,synthetic,0.27744621178321077,-0.47808241626437475,-0.035770367909345006,0.8289128362478443,-0.33040708865298646,1.2599219001341702,-0.035770367909345006,1.3065937142579995,75.0,1.0,0.6666666666666666,3.0160004787264794,1.3862943611198906,675.0,0.6666666666666666,19.4095,43779.58,14.0
2001000991,Dr. Barbara Young,Pain Management,Houston,TX,Subsys,REP-S757,Stanley Tanaka,TERR-S05,2,5.0,6,4,0,0.14158858559120047,-0.3265917711542559,-0.46221504890036513,5.2366,0.04746073058553657,13.5905,synthetic,-0.21915068852746614,-0.04770301438881521,-1.3771478678410778,-0.1521848113236857,0.171618335963463,-0.2393501887827342,-1.3771478678410778,0.8914331517963131,66.66666666666666,1.3333333333333333,0.0,2.6329099014099313,1.6094379124341003,333.33333333333326,0.0,12.9142,19842.53,20.0
2001000992,Dr. Sarah Adams,Pain Management,Las Vegas,NV,Fentora,REP-S831,Silas Alvarez,TERR-S09,3,2.0,5,3,0,0.31258188728451036,-1.0409446635482082,-0.607005531950957,2.7825,0.024622631064451728,8.8594,synthetic,-0.6164282087760067,-0.47808241626437475,-1.3771478678410778,-1.0974709769696998,-0.33040708865298646,-1.1754810540576788,-1.3771478678410778,0.5949882451273406,60.0,1.0,0.0,2.2638026837715612,1.3862943611198906,120.0,0.0,8.6196,17931.83,21.0
2001000993,Dr. Rebecca Johnson,Neurology,Philadelphia,PA,Lazanda,REP-S732,Sienna Santos,TERR-S08,3,4.0,3,2,2,-0.37139131948872917,-0.3697397104936567,0.07269511668127591,4.7166,0.042785089675977606,13.2517,synthetic,-0.21915068852746614,-0.9084618181399344,0.6349183820565215,-0.20037987241945188,-0.9776304286355144,-0.5318910841811543,0.6349183820565215,0.865887397507099,66.66666666666666,0.6666666666666666,1.0,2.614091108168826,1.0986122886681098,266.66666666666663,1.0,12.6548,26901.37,17.0
2001000994,Dr. Stephanie Walker,Anesthesiology,Austin,TX,Abstral,REP-S739,Solomon Santos,TERR-S01,2,7.0,7,5,0,1.3385416974443696,0.15818214716012388,1.0509307500870428,5.1961,0.047718284429886015,16.6511,synthetic,0.06461896879292103,0.3826763874867446,-1.3771478678410778,0.3348416799802152,0.5818029746283429,0.49200204971331685,-1.3771478678410778,1.0854469073858748,71.42857142857143,1.6666666666666667,0.0,2.8230798199536014,1.791759469228055,500.0,0.0,15.8286,39810.47,27.0
2001000995,Dr. Susan Williams,Oncology,Nashville,TN,Fentora,REP-S700,Sloan Larsson,TERR-S04,2,5.0,5,4,1,-0.713377922875349,-0.3679598995802736,0.24482960868354844,8.9015,0.07927292739455005,13.7929,synthetic,0.5754043519696166,-0.04770301438881521,-0.874131305366678,-0.19837383469444006,0.171618335963463,0.0531907066156864,-0.874131305366678,0.8409242254795342,80.0,1.3333333333333333,0.25,2.6148744085386677,1.6094379124341003,400.0,0.25,12.6655,29172.91,15.0
2001000996,Dr. Barbara Adams,Pain Management,Las Vegas,NV,Subsys,REP-S523,Sean Patel,TERR-S09,3,9.0,5,3,4,0.31258188728451036,0.9525100944283399,-0.16989392271800147,6.992,0.0645529859468601,22.0446,synthetic,-0.6164282087760067,-0.47808241626437475,1.3056071320223879,0.9745778022669395,-0.33040708865298646,0.667526586952369,1.3056071320223879,1.4222397562072167,60.0,1.0,1.3333333333333333,3.0728784827306446,1.3862943611198906,540.0,1.3333333333333333,20.604,23700.09,21.0
2001000997,Dr. Ashley Rodriguez,Internal Medicine,Baltimore,MD,Actiq,REP-S592,Sienna Nakamura,TERR-S08,3,4.0,2,2,1,1.1675483957510597,-0.4278580220017009,0.2777524501898865,4.1776,0.03791067037145934,12.8195,synthetic,1.7672369127152399,-0.9084618181399344,-0.37111474289227814,-0.26676409401546625,-0.9776304286355144,0.0531907066156864,-0.37111474289227814,0.7971245587136044,100.0,0.6666666666666666,0.5,2.5881699678635,1.0986122886681098,400.0,0.5,12.3054,29607.37,26.0
2001000998,Dr. Thomas Allen,Pain Management,Baltimore,MD,Abstral,REP-S705,Simon Rossi,TERR-S09,3,1.0,3,3,2,-1.3973511296485885,-1.2552538580157648,-1.4212907797916021,4.4332,0.038268323771147195,7.6562,synthetic,1.7672369127152399,-0.47808241626437475,-0.035770367909345006,-1.4657314394349348,-0.33040708865298646,-1.2632433226772048,-0.035770367909345006,0.5060533925794188,100.0,1.0,0.6666666666666666,2.1200075034264976,1.3862943611198906,100.0,0.6666666666666666,7.3312,7186.27,11.0
2001000999,Dr. Richard Sanchez,Anesthesiology,New York,NY,Actiq,REP-S531,Silas Patel,TERR-S03,2,8.0,5,3,0,-0.8843712245686588,0.7264408409349716,-0.06373621098892632,1.8031,0.016994884606430283,19.5919,synthetic,-0.6164282087760067,-0.47808241626437475,-1.3771478678410778,0.8081749060612307,-0.33040708865298646,0.4042397810937907,-1.3771478678410778,1.3197198228491733,60.0,1.0,0.0,3.0079029099806927,1.3862943611198906,480.0,0.0,19.2449,25100.98,14.0
2001001000,Dr. Sandra Moore,Pain Management,New York,NY,Lazanda,REP-S696,Sasha Larsson,TERR-S14,2,3.0,9,7,2,0.31258188728451036,-0.7363641249037324,0.041817543996592606,4.1492,0.037167337804580036,10.8843,synthetic,0.44297851188677,1.243435191237864,-0.8022717964417637,-0.6512201701099483,1.2290263146108709,-0.6781615318803641,-0.8022717964417637,0.7213842467576567,77.77777777777779,2.3333333333333335,0.2857142857142857,2.438050863502737,2.0794415416798357,233.33333333333337,0.2857142857142857,10.4507,26493.9,21.0
2001001001,Dr. Sandra Hill,Neurology,Jacksonville,FL,Actiq,REP-S601,Samuel O'Connor,TERR-S03,2,7.0,6,5,5,-1.2263578279552785,0.3791115728755917,-0.1554353346790352,7.6105,0.06944439096777622,18.4625,synthetic,0.7740431120938877,0.3826763874867446,0.6349183820565215,0.5293894117252514,0.5818029746283429,0.8576781689613423,0.6349183820565215,1.17393059562773,83.33333333333334,1.6666666666666667,1.0,2.8990451461923405,1.791759469228055,583.3333333333334,1.0,17.1568,23890.89,12.0
2001001002,Dr. Stephanie Rodriguez,Neurology,Philadelphia,PA,Abstral,REP-S653,Spencer Dubois,TERR-S13,2,7.0,9,7,2,1.6805283008309895,0.18419732723985516,0.10770263196618836,4.4935,0.041420461267299036,16.7033,synthetic,0.44297851188677,1.243435191237864,-0.8022717964417637,0.35853299650218257,1.2290263146108709,0.6870293133122637,-0.8022717964417637,1.0937517818654563,77.77777777777779,2.3333333333333335,0.2857142857142857,2.832330601612547,2.0794415416798357,544.4444444444445,0.2857142857142857,15.985,27363.34,29.0
2001001003,Dr. Carol Baker,Neurology,Portland,OR,Actiq,REP-S516,Sasha Brooks,TERR-S02,2,7.0,5,4,2,-0.0294047161021094,0.24406218216757444,0.9549349705174297,4.0989,0.037895127224020886,17.0148,synthetic,0.5754043519696166,-0.04770301438881521,-0.37111474289227814,0.412231969462634,0.171618335963463,0.7552888555718951,-0.37111474289227814,1.1183774475703907,80.0,1.3333333333333333,0.5,2.853298515054848,1.6094379124341003,560.0,0.5,16.3449,38543.68,19.0
2001001004,Dr. Lisa Lee,Anesthesiology,Miami,FL,Actiq,REP-S640,Sloan Novak,TERR-S14,2,7.0,6,4,3,-0.20039801779541927,0.37097767066396226,0.31182712889849024,8.5758,0.07790493473943227,18.575,synthetic,-0.21915068852746614,-0.04770301438881521,0.1319018195821217,0.5224827880458565,0.171618335963463,0.3457316020141065,0.1319018195821217,1.1731749584212634,66.66666666666666,1.3333333333333333,0.75,2.8963483071374343,1.6094379124341003,466.66666666666663,0.75,17.1079,30057.03,18.0
2001001005,Dr. Stephanie Harris,Family Practice,New York,NY,Actiq,REP-S711,Silas Rossi,TERR-S01,3,7.0,3,2,0,1.3385416974443696,0.13955235068358993,0.560687618749051,3.0581,0.028350157057092318,16.1973,synthetic,-0.21915068852746614,-0.9084618181399344,-1.3771478678410778,0.31774034512019744,-0.9776304286355144,0.3457316020141065,-1.3771478678410778,1.057997927278254,66.66666666666666,0.6666666666666666,0.0,2.81640223769599,1.0986122886681098,466.66666666666663,0.0,15.7166,33341.07,27.0
2001001006,Dr. Melissa White,Anesthesiology,Chicago,IL,Abstral,REP-S726,Stella Santos,TERR-S02,2,4.0,5,4,3,0.48357518897782026,-0.46646494844994685,0.10123491451794016,5.5692,0.050146790524345786,12.7456,synthetic,0.5754043519696166,-0.04770301438881521,0.1319018195821217,-0.3118326579134337,0.171618335963463,-0.2978583678624179,0.1319018195821217,0.8279270527363054,80.0,1.3333333333333333,0.75,2.570571982377309,1.6094379124341003,320.0,0.75,12.0733,27277.99,22.0
2001001007,Dr. Sandra Perez,Pain Management,New York,NY,Subsys,REP-S604,Sarah O'Connor,TERR-S06,2,10.0,6,4,3,-0.0294047161021094,1.7016108840003994,0.7895114457936206,4.7758,0.04490580184229076,26.3066,synthetic,-0.21915068852746614,-0.04770301438881521,0.1319018195821217,1.45948948595304,0.171618335963463,1.2233542882093669,0.1319018195821217,1.7331044786921324,66.66666666666666,1.3333333333333333,0.75,3.262222629371567,1.6094379124341003,666.6666666666665,0.75,25.1075,36360.7,19.0
2001001009,Dr. Jennifer Green,Internal Medicine,Columbus,OH,Fentora,REP-S576,Sasha Kapoor,TERR-S06,3,6.0,2,1,0,-0.0294047161021094,0.006066532179853375,0.7130347600766123,1.0989,0.01024636919487687,15.078,synthetic,-1.2123444891488182,-1.3388412200154942,-1.3771478678410778,0.1917471781423244,-1.889840491916844,-0.385620636481944,-1.3771478678410778,0.9661120630869836,50.0,0.3333333333333333,0.0,2.767205508710892,0.6931471805599453,300.0,0.0,14.9141,35351.49,19.0
2001001010,Dr. Dorothy Flores,Oncology,Austin,TX,Actiq,REP-S701,Samuel Rossi,TERR-S05,3,9.0,4,3,0,0.82556179236444,0.8284389766439948,0.07991986397496068,1.823,0.017206483699027775,20.2201,synthetic,0.27744621178321077,-0.47808241626437475,-1.3771478678410778,0.8845939513869425,-0.33040708865298646,1.2599219001341702,-1.3771478678410778,1.3184759671544857,75.0,1.0,0.0,3.0377423620110493,1.3862943611198906,675.0,0.0,19.8581,26996.71,24.0
2001001011,Dr. Sandra Rodriguez,Pain Management,Los Angeles,CA,Lazanda,REP-S562,Sophia Kapoor,TERR-S06,3,6.0,3,2,3,-0.542384621182039,0.03377835443869774,-0.9580536841209418,6.2111,0.056616554877274794,16.0174,synthetic,-0.21915068852746614,-0.9084618181399344,1.640951507005321,0.2184182385215635,-0.9776304286355144,0.05319070661568615,1.640951507005321,1.0409809304714701,66.66666666666666,0.6666666666666666,1.5,2.777619795141624,1.0986122886681098,399.99999999999994,1.5,15.0807,13299.29,16.0
2001001012,Dr. William Lewis,Anesthesiology,Houston,TX,Lazanda,REP-S659,Solomon Dubois,TERR-S05,3,5.0,4,4,2,0.31258188728451036,-0.34723425100012945,-0.588395025470403,4.8851,0.04431145043759255,13.4149,synthetic,1.7672369127152399,-0.04770301438881521,-0.37111474289227814,-0.17512876541273964,0.171618335963463,0.49200204971331685,-0.37111474289227814,0.8770816427325272,100.0,1.3333333333333333,0.5,2.623950943410535,1.6094379124341003,500.0,0.5,12.7901,18177.42,21.0
2001001013,Dr. Amanda Adams,Oncology,Atlanta,GA,Abstral,REP-S519,Solomon Brooks,TERR-S05,3,7.0,5,3,3,-0.713377922875349,0.34630982407940836,1.2992835222234467,3.8435,0.035654878321868644,17.6115,synthetic,-0.6164282087760067,-0.47808241626437475,0.6349183820565215,0.5014223054808062,-0.33040708865298646,0.1409529752352125,0.6349183820565215,1.1260304365751614,60.0,1.0,1.0,2.888124790911113,1.3862943611198906,420.0,1.0,16.9596,43087.81,15.0
2001001016,Dr. Michelle Jackson,Palliative Care,Columbus,OH,Abstral,REP-S668,Serena Kowalski,TERR-S14,2,7.0,9,7,0,-0.542384621182039,0.2982216619243555,0.9440281331146602,4.4767,0.04136670904346307,17.4168,synthetic,0.44297851188677,1.243435191237864,-1.3771478678410778,0.45986175019780356,1.2290263146108709,0.6870293133122637,-1.3771478678410778,1.070187802054577,77.77777777777779,2.3333333333333335,0.0,2.8718965824790863,2.0794415416798357,544.4444444444445,0.0,16.6705,38399.75,16.0
2001001017,Dr. Amanda Rodriguez,Palliative Care,Portland,OR,Fentora,REP-S709,Seth Rossi,TERR-S13,2,8.0,7,3,2,-1.2263578279552785,0.7123686910964465,-0.42078073669939003,3.635,0.03396471011691915,19.8568,synthetic,-1.6379989751293982,-0.47808241626437475,-0.035770367909345006,0.7974504691944757,-0.33040708865298646,-0.19755863229724538,-0.035770367909345006,1.2300242550437186,42.857142857142854,1.0,0.6666666666666666,3.0037153240448284,1.3862943611198906,342.85714285714283,0.6666666666666666,19.1603,20389.31,12.0
2001001018,Dr. Melissa Moore,Family Practice,Phoenix,AZ,Subsys,REP-S838,Summer Alvarez,TERR-S02,3,3.0,5,1,1,-0.37139131948872917,-0.7554596662921795,-0.939750839419414,-0.2671,-0.002437711525918651,10.3083,synthetic,-3.0000933302672532,-1.3388412200154942,0.6349183820565215,-0.6770253442322605,-1.889840491916844,-1.438767859916257,0.6349183820565215,0.6957841248460422,20.0,0.3333333333333333,1.0,2.4279746808956943,0.6931471805599453,60.0,1.0,10.3359,13540.82,17.0
2001001019,Dr. Margaret White,Internal Medicine,Miami,FL,Subsys,REP-S566,Stella Kapoor,TERR-S10,3,8.0,4,3,1,0.14158858559120047,0.5397935674856972,-0.5925620996646521,2.348,0.02200698571260329,18.5483,synthetic,0.27744621178321077,-0.47808241626437475,-0.7064591178752114,0.6621422676378715,-0.33040708865298646,0.9308133928109472,-0.7064591178752114,1.1739666286878048,75.0,1.0,0.3333333333333333,2.9508813404160947,1.3862943611198906,600.0,0.3333333333333333,18.1228,18122.43,20.0
2001001020,Dr. Donna Thomas,Neurology,Phoenix,AZ,Subsys,REP-S716,Sasha Rossi,TERR-S06,3,8.0,4,2,1,0.48357518897782026,0.7179243625456987,-0.40203003950671806,2.4612,0.02312400207223808,19.6661,synthetic,-1.2123444891488182,-0.9084618181399344,-0.37111474289227814,0.8016898334760009,-0.9776304286355144,0.0531907066156864,-0.37111474289227814,1.3133026947507669,50.0,0.6666666666666666,0.5,3.005370674573988,1.0986122886681098,400.0,0.5,19.1937,20636.75,22.0
2001001021,Dr. Kimberly Green,Pain Management,Philadelphia,PA,Subsys,REP-S798,Summer Gomez,TERR-S04,2,4.0,6,5,2,0.48357518897782026,-0.44923238670915294,-0.9806956208094258,8.0987,0.0721676336787409,13.163,synthetic,0.7740431120938877,0.3826763874867446,-0.572321367882038,-0.29161782510791856,0.5818029746283429,-0.2393501887827337,-0.572321367882038,0.8405392781673294,83.33333333333334,1.6666666666666667,0.4,2.5784652965535186,1.791759469228055,333.33333333333337,0.4,12.1769,13000.5,22.0
2001001022,Dr. Margaret Walker,Pain Management,Los Angeles,CA,Lazanda,REP-S809,Seth Vargas,TERR-S01,2,2.0,6,4,5,-1.2263578279552785,-0.9945531435722679,-0.4770851156240882,8.3383,0.07228424478114048,9.6405,synthetic,-0.21915068852746614,-0.04770301438881521,1.1379349445309213,-1.0242759969018917,0.171618335963463,-1.1169728749779948,1.1379349445309213,0.614239976247812,66.66666666666666,1.3333333333333333,1.25,2.292383230509449,1.6094379124341003,133.33333333333331,1.25,8.8985,19646.3,12.0
2001001023,Dr. Carol Ramirez,Family Practice,Los Angeles,CA,Fentora,REP-S518,Summer Brooks,TERR-S04,3,6.0,2,2,1,1.1675483957510597,-0.10918869977184634,-0.1666945433311819,2.0786,0.019234114976544703,14.5168,synthetic,1.7672369127152399,-0.9084618181399344,-0.37111474289227814,0.07774058216915508,-0.9776304286355144,0.9308133928109472,-0.37111474289227814,0.9573317462688818,100.0,0.6666666666666666,0.5,2.7226891929523513,1.0986122886681098,600.0,0.5,14.2212,23742.31,26.0
2001001024,Dr. Stephanie Brown,Palliative Care,Seattle,WA,Actiq,REP-S839,Solomon Alvarez,TERR-S03,2,4.0,5,4,5,4.929401033003877,-0.4075648508397622,-0.8275664426445369,4.571,0.04143845400756785,12.9955,synthetic,0.5754043519696166,-0.04770301438881521,1.1379349445309213,-0.24338868834817862,0.171618335963463,-0.2978583678624179,1.1379349445309213,0.7977956204824721,80.0,1.3333333333333333,1.25,2.597297395367027,1.6094379124341003,320.0,1.25,12.4274,15021.24,48.0
2001001025,Dr. William Smith,Neurology,Jacksonville,FL,Abstral,REP-S619,Solomon O'Connor,TERR-S07,2,4.0,9,7,1,0.6545684906711301,-0.524516724970575,-1.0734950521427518,8.1602,0.07249445783766895,12.681,synthetic,0.44297851188677,1.243435191237864,-1.089709832141421,-0.3811294896413147,1.2290263146108709,-0.33686382058220715,-1.089709832141421,0.8022192065139299,77.77777777777779,2.3333333333333335,0.14285714285714285,2.543513551100308,2.0794415416798357,311.11111111111114,0.14285714285714285,11.7243,11775.89,23.0
2001001027,Dr. Charles Torres,Anesthesiology,Phoenix,AZ,Subsys,REP-S796,Sasha Gomez,TERR-S02,2,2.0,7,5,4,-1.3973511296485885,-0.8355178899007135,-1.2556528011676347,7.6944,0.06751898476348073,10.6128,synthetic,0.06461896879292103,0.3826763874867446,0.23250513207700174,-0.7881364960826538,0.5818029746283429,-1.075181318492506,0.23250513207700174,0.6757796073894623,71.42857142857143,1.6666666666666667,0.8,2.3845889532731332,1.791759469228055,142.85714285714286,0.8,9.8546,9372.08,11.0
2001001028,Dr. James Green,Pain Management,Baltimore,MD,Abstral,REP-S585,Simon Nakamura,TERR-S01,2,4.0,6,4,0,0.82556179236444,-0.39202893127808136,-1.0618978702062558,4.0039,0.0364054159477285,13.0221,synthetic,-0.21915068852746614,-0.04770301438881521,-1.3771478678410778,-0.2256361845838474,0.171618335963463,-0.5318910841811543,-1.3771478678410778,0.864277787784863,66.66666666666666,1.3333333333333333,0.0,2.604229240461881,1.6094379124341003,266.66666666666663,0.0,12.5208,11928.93,24.0
2001001029,Dr. James Young,Palliative Care,Columbus,OH,Fentora,REP-S703,Sean Rossi,TERR-S07,2,10.0,8,4,1,-0.713377922875349,1.39105883023532,2.166710901195991,4.8019,0.04501031937502553,24.3565,synthetic,-1.2123444891488182,-0.04770301438881521,-0.874131305366678,1.2694682954441978,0.171618335963463,0.49200204971331685,-0.874131305366678,1.4919588262889174,50.0,1.3333333333333333,0.25,3.1880247880510852,1.6094379124341003,500.0,0.25,23.2405,54534.65,15.0
2001001030,Dr. Lisa Gonzalez,Neurology,Columbus,OH,Fentora,REP-S785,Simon Gomez,TERR-S05,3,2.0,4,3,2,-1.0553645262619686,-0.9803312900120568,-1.3734236083735,5.2912,0.046507723164236126,9.4593,synthetic,0.27744621178321077,-0.47808241626437475,-0.035770367909345006,-1.002249848513294,-0.33040708865298646,-1.0438376511283896,-0.035770367909345006,0.6147179235708014,75.0,1.0,0.6666666666666666,2.3009838116270718,1.3862943611198906,150.0,0.6666666666666666,8.984,7817.94,13.0
2001001031,Dr. David Garcia,Pain Management,Charlotte,NC,Actiq,REP-S785,Simon Gomez,TERR-S05,2,8.0,5,3,0,2.022514904217609,0.6163088030143183,0.4934839802979143,3.6472,0.034026483444205,19.2606,synthetic,-0.6164282087760067,-0.47808241626437475,-1.3771478678410778,0.7230181453481912,-0.33040708865298646,0.4042397810937907,-1.3771478678410778,1.282721653157031,60.0,1.0,0.0,2.9746516299427523,1.3862943611198906,480.0,0.0,18.5828,32454.23,31.0
2001001032,Dr. Susan Wilson,Anesthesiology,Los Angeles,CA,Abstral,REP-S658,Summer Dubois,TERR-S04,2,9.0,7,4,5,-0.713377922875349,0.7633344914572501,1.5268509373723873,5.1647,0.04795524285828856,20.4721,synthetic,-0.7866900031682388,-0.04770301438881521,1.1379349445309213,0.8360803173558563,0.171618335963463,0.5546893844415495,1.1379349445309213,1.3349297671309281,57.14285714285714,1.3333333333333333,1.25,3.018799175148156,1.6094379124341003,514.2857142857142,1.25,19.4667,46090.86,15.0
2001001033,Dr. Nancy Garcia,Anesthesiology,Boston,MA,Lazanda,REP-S661,Samuel Kowalski,TERR-S07,2,2.0,6,5,4,-0.542384621182039,-0.8937360038898821,-0.18131529792362527,9.771,0.08471689358176704,10.4333,synthetic,0.7740431120938877,0.3826763874867446,0.23250513207700174,-0.8720752848160311,0.5818029746283429,-0.9707024272787845,0.23250513207700174,0.6517783427428696,83.33333333333334,1.6666666666666667,0.8,2.3518132564658725,1.791759469228055,166.66666666666669,0.8,9.5046,23549.37,16.0
2001001034,Dr. Kathleen Thomas,Neurology,Miami,FL,Actiq,REP-S617,Stanley O'Connor,TERR-S05,3,1.0,2,1,2,-0.20039801779541927,-1.4022629127118424,-0.8990243008677259,4.4104,0.03747671629228089,6.7318,synthetic,-1.2123444891488182,-1.3388412200154942,2.646984631954121,-1.7529292308095052,-1.889840491916844,-1.4826489942260201,2.646984631954121,0.4411545347763117,50.0,0.3333333333333333,2.0,2.0078649781905473,0.6931471805599453,50.0,2.0,6.4474,14078.26,18.0
2001001035,Dr. Charles Walker,Internal Medicine,Seattle,WA,Subsys,REP-S644,Sarah Dubois,TERR-S04,3,5.0,2,1,1,-0.0294047161021094,-0.14152470365611594,-0.3183990807459004,2.7362,0.025220310751486785,14.4106,synthetic,-1.2123444891488182,-1.3388412200154942,0.6349183820565215,0.044821604761686576,-1.889840491916844,-0.6050263080307592,0.6349183820565215,0.908634157375135,50.0,0.3333333333333333,1.0,2.7098352735785634,0.6931471805599453,250.0,1.0,14.0268,21740.37,19.0
2001001036,Dr. Deborah Adams,Oncology,Detroit,MI,Actiq,REP-S827,Scott Alvarez,TERR-S05,3,8.0,2,1,2,-0.713377922875349,0.6361861305049062,0.7544599788259906,3.0178,0.028243764841421992,19.2667,synthetic,-1.2123444891488182,-1.3388412200154942,2.646984631954121,0.7385986722975191,-1.889840491916844,0.0531907066156864,2.646984631954121,1.2417367764546123,50.0,0.3333333333333333,2.0,2.9807353801980794,0.6931471805599453,400.0,2.0,18.7023,35898.15,15.0
2001001037,Dr. Kathleen Miller,Pain Management,New York,NY,Subsys,REP-S799,Solomon Gomez,TERR-S05,2,10.0,8,5,1,-1.2263578279552785,1.9308571831428911,-0.246283462857207,7.5429,0.07016152367398965,28.4834,synthetic,-0.46744913868280374,0.3826763874867446,-0.9747346178615579,1.5912359834890593,0.5818029746283429,1.0405162285853549,-0.9747346178615579,1.8282379883021491,62.5,1.6666666666666667,0.2,3.313665869425638,1.791759469228055,625.0,0.2,26.4857,22692.03,12.0
2001001038,Dr. John Johnson,Neurology,Houston,TX,Subsys,REP-S759,Solomon Tanaka,TERR-S07,3,10.0,5,4,0,-0.542384621182039,2.773306560059868,0.7001970797847819,3.7322,0.03553573065331239,32.7279,synthetic,0.5754043519696166,-0.04770301438881521,-1.3771478678410778,2.024363187135032,0.171618335963463,1.8084360790062082,-1.3771478678410778,2.158793007104654,80.0,1.3333333333333333,0.0,3.482789657365554,1.6094379124341003,800.0,0.0,31.5504,35182.08,16.0
2001001039,Dr. Rebecca Martin,Pain Management,Baltimore,MD,Actiq,REP-S608,Serena O'Connor,TERR-S10,3,2.0,2,2,0,-1.0553645262619686,-1.1235478504254115,-0.8168331386097404,2.0431,0.018021441562632745,8.2889,synthetic,1.7672369127152399,-0.9084618181399344,-1.3771478678410778,-1.2332145568334574,-0.9776304286355144,-0.8244319795795745,-1.3771478678410778,0.5607092574097855,100.0,0.6666666666666666,0.0,2.2107986973633373,1.0986122886681098,200.0,0.0,8.123,15162.88,13.0
2001001040,Dr. Mary Allen,Pain Management,Boston,MA,Fentora,REP-S524,Sarah Patel,TERR-S10,2,1.0,9,6,7,0.48357518897782026,-1.5580213182531497,-1.5874069224120366,8.8488,0.07223136326784063,5.9987,synthetic,-0.21915068852746614,0.8130557893623042,0.9702627570394549,-2.0970566677111,0.9286091450931295,-1.409513770376415,0.9702627570394549,0.3804097891893793,66.66666666666666,2.0,1.1666666666666667,1.873493054254725,1.9459101490553132,66.66666666666666,1.1666666666666667,5.511,4994.15,22.0
2001001041,Dr. William Perez,Pain Management,Baltimore,MD,Abstral,REP-S617,Stanley O'Connor,TERR-S05,3,1.0,2,2,0,-0.37139131948872917,-1.2773767413316488,-0.7946746704311546,-1.6244,-0.014361867298227526,7.0813,synthetic,1.7672369127152399,-0.9084618181399344,-1.3771478678410778,-1.5069454316088275,-0.9776304286355144,-1.2632433226772048,-1.3771478678410778,0.4968727535008147,100.0,0.6666666666666666,0.0,2.103914617978757,1.0986122886681098,100.0,0.0,7.1982,15455.29,17.0
2001001042,Dr. Lisa Green,Anesthesiology,Denver,CO,Actiq,REP-S636,Sasha Novak,TERR-S10,3,5.0,3,3,0,0.82556179236444,-0.211669214139637,-1.0852415182429622,4.1895,0.038285143923201925,14.1751,synthetic,1.7672369127152399,-0.47808241626437475,-1.3771478678410778,-0.028076155217304905,-0.33040708865298646,0.49200204971331685,-1.3771478678410778,0.9329703018381642,100.0,1.0,0.0,2.6813707827864794,1.3862943611198906,500.0,0.0,13.6051,11620.88,24.0
2001001043,Dr. William Flores,Orthopedics,Nashville,TN,Actiq,REP-S596,Sasha Nakamura,TERR-S12,3,7.0,2,1,1,0.14158858559120047,0.1751652026981071,0.9069905047607544,1.2533,0.011720283305439061,16.1303,synthetic,-1.2123444891488182,-1.3388412200154942,0.6349183820565215,0.3503324994724712,-1.889840491916844,-0.16621496493312882,0.6349183820565215,0.9868640721066733,50.0,0.3333333333333333,1.0,2.8291285420120875,0.6931471805599453,350.0,1.0,15.9307,37910.99,20.0
2001001044,Dr. Amanda Clark,Palliative Care,Austin,TX,Subsys,REP-S760,Sloan Tanaka,TERR-S08,3,9.0,2,1,1,-1.3973511296485885,1.0293746386408964,-0.07801823450938754,2.1106,0.019948257538409564,21.5107,synthetic,-1.2123444891488182,-1.3388412200154942,0.6349183820565215,1.0287789836122785,-1.889840491916844,0.2725963781645016,0.6349183820565215,1.352369950323141,50.0,0.3333333333333333,1.0,3.094042494186814,0.6931471805599453,450.0,1.0,21.0661,24912.51,11.0
2001001045,Dr. Emily Wright,Oncology,Miami,FL,Fentora,REP-S771,Silas Muller,TERR-S05,3,9.0,5,4,1,0.9965550940577499,1.0234197572671473,0.4585264789967844,6.3421,0.058781877742481115,22.3641,synthetic,0.5754043519696166,-0.04770301438881521,-0.874131305366678,1.0246206364227939,0.171618335963463,1.4573870045281037,-0.874131305366678,1.3963040337217045,80.0,1.3333333333333333,0.25,3.092418778515448,1.6094379124341003,720.0,0.25,21.0303,31992.92,25.0
2001001046,Dr. William Thomas,Family Practice,Portland,OR,Subsys,REP-S671,Silas Kowalski,TERR-S03,3,5.0,4,3,1,-1.0553645262619686,-0.25233872519778483,0.46590429939234923,1.683,0.015532682903697914,13.5854,synthetic,0.27744621178321077,-0.47808241626437475,-0.7064591178752114,-0.07131219523065353,-0.33040708865298646,-0.0565121291587212,-0.7064591178752114,0.8993985408545004,75.0,1.0,0.3333333333333333,2.664488345477009,1.3862943611198906,375.0,0.3333333333333333,13.3606,32090.28,13.0
2001001047,Dr. Sandra Young,Pain Management,Miami,FL,Abstral,REP-S571,Silas Kapoor,TERR-S01,2,7.0,5,3,0,-0.713377922875349,0.306338930389131,0.9133081802576551,1.0425,0.009788666003271995,16.8936,synthetic,-0.6164282087760067,-0.47808241626437475,-1.3771478678410778,0.4669246451836481,-0.33040708865298646,0.1409529752352125,-1.3771478678410778,1.154089165014333,60.0,1.0,0.0,2.874654441010651,1.3862943611198906,420.0,0.0,16.7193,37994.36,15.0
2001001048,Dr. Sharon Jackson,Pain Management,Chicago,IL,Fentora,REP-S850,Sadie Kim,TERR-S14,2,1.0,8,4,3,0.31258188728451036,-1.51397515658363,-1.4474071727777098,5.7876,0.048158867438309105,6.1101,synthetic,-1.2123444891488182,-0.04770301438881521,0.1319018195821217,-1.994963694535833,0.171618335963463,-1.4826489942260201,0.1319018195821217,0.39868823451279567,50.0,1.3333333333333333,0.75,1.9133574409755425,1.6094379124341003,50.0,0.75,5.7758,6841.63,21.0
2001001049,Dr. Amanda Wright,Anesthesiology,Columbus,OH,Abstral,REP-S663,Sean Kowalski,TERR-S09,3,7.0,3,2,2,-0.37139131948872917,0.3624611922746893,-0.6957394326328651,5.9748,0.05490370896250241,18.0758,synthetic,-0.21915068852746614,-0.9084618181399344,0.6349183820565215,0.5152312964954322,-0.9776304286355144,0.3457316020141065,0.6349183820565215,1.169663916278676,66.66666666666666,0.6666666666666666,1.0,2.8935168070402377,1.0986122886681098,466.66666666666663,1.0,17.0567,16760.87,17.0
2001001050,Dr. Joseph Miller,Palliative Care,Miami,FL,Abstral,REP-S619,Solomon O'Connor,TERR-S07,2,5.0,5,4,5,1.3385416974443696,-0.1741268474900503,-0.8599444348426981,7.553,0.06807094094420396,14.8755,synthetic,0.5754043519696166,-0.04770301438881521,1.1379349445309213,0.011197697878228781,0.171618335963463,0.0531907066156864,1.1379349445309213,0.8878889926910677,80.0,1.3333333333333333,1.25,2.696706099401553,1.6094379124341003,400.0,1.25,13.8308,14593.97,27.0
2001001051,Dr. Richard Martinez,Neurology,Jacksonville,FL,Actiq,REP-S613,Spencer O'Connor,TERR-S01,3,10.0,4,3,1,-1.2263578279552785,3.105465850988356,2.8086661478250314,2.8023,0.026848304353655816,34.4874,synthetic,0.27744621178321077,-0.47808241626437475,-0.7064591178752114,2.1768448832426013,-0.33040708865298646,1.5890304074573929,-0.7064591178752114,2.2954281608867704,75.0,1.0,0.3333333333333333,3.542329399547839,1.3862943611198906,750.0,0.3333333333333333,33.5473,63006.09,12.0
2001001052,Dr. Stephanie Thomas,Pain Management,Jacksonville,FL,Actiq,REP-S733,Spencer Santos,TERR-S09,3,2.0,5,3,2,0.31258188728451036,-0.9743930423851616,-0.8016834482494146,4.3102,0.03806962493683219,9.4085,synthetic,-0.6164282087760067,-0.47808241626437475,-0.035770367909345006,-0.9931087349464944,-0.33040708865298646,-1.1754810540576788,-0.035770367909345006,0.6226060924607956,60.0,1.0,0.6666666666666666,2.304553155088744,1.3862943611198906,120.0,0.6666666666666666,9.0197,15362.8,21.0
2001001053,Dr. Susan Perez,Neurology,Charlotte,NC,Subsys,REP-S670,Sadie Kowalski,TERR-S02,2,8.0,5,3,4,0.31258188728451036,0.7244447913124857,0.5271403602330639,6.0524,0.05594073292076773,20.397,synthetic,-0.6164282087760067,-0.47808241626437475,1.3056071320223879,0.8066564398985527,-0.33040708865298646,0.4042397810937907,1.3056071320223879,1.3159849011848692,60.0,1.0,1.3333333333333333,3.007309992364046,1.3862943611198906,480.0,1.3333333333333333,19.2329,32898.37,21.0
2001001054,Dr. Jessica Nelson,Oncology,Las Vegas,NV,Abstral,REP-S651,Silas Dubois,TERR-S11,3,7.0,5,4,2,-1.0553645262619686,0.22854289635274763,0.6231467488295399,6.0361,0.05530630777337153,17.2326,synthetic,0.5754043519696166,-0.04770301438881521,-0.37111474289227814,0.39841886514676456,0.171618335963463,0.7552888555718951,-0.37111474289227814,1.079022868643417,80.0,1.3333333333333333,0.5,2.847904892799206,1.6094379124341003,560.0,0.5,16.2516,34165.3,13.0
2001001055,Dr. Carol Wilson,Neurology,Las Vegas,NV,Lazanda,REP-S601,Samuel O'Connor,TERR-S03,2,1.0,5,2,3,0.6545684906711301,-1.221138043218112,-0.9089876926673238,1.5109,0.013243222921629272,7.6501,synthetic,-1.80826076952163,-0.9084618181399344,1.640951507005321,-1.4034473518322474,-0.9776304286355144,-1.526530128535783,1.640951507005321,0.515661029319527,40.0,0.6666666666666666,1.5,2.144327658648976,1.0986122886681098,40.0,1.5,7.5363,13946.78,23.0
2001001056,Dr. Jennifer Ramirez,Neurology,Atlanta,GA,Subsys,REP-S644,Sarah Dubois,TERR-S04,2,3.0,7,5,4,2.193508205910919,-0.61809818477145,-0.6238071993513743,5.2642,0.047184698738360176,11.7493,synthetic,0.06461896879292103,0.3826763874867446,0.23250513207700174,-0.4969430449303851,0.5818029746283429,-0.7617446448513415,0.23250513207700174,0.7637240702938795,71.42857142857143,1.6666666666666667,0.8,2.4982916693981227,1.791759469228055,214.28571428571428,0.8,11.1617,17710.11,32.0
2001001057,Dr. Kathleen Flores,Orthopedics,Las Vegas,NV,Fentora,REP-S563,Sean Kapoor,TERR-S07,3,9.0,5,4,5,-0.542384621182039,0.9924976218654719,-0.4139848972060226,5.4542,0.050731894591596216,21.9812,synthetic,0.5754043519696166,-0.04770301438881521,1.1379349445309213,1.0029181951922528,0.171618335963463,1.4573870045281037,1.1379349445309213,1.2912545879729291,80.0,1.3333333333333333,1.25,3.083944595786781,1.6094379124341003,720.0,1.25,20.8444,20478.99,16.0
2001001058,Dr. Robert Smith,Oncology,Detroit,MI,Lazanda,REP-S796,Sasha Gomez,TERR-S02,1,5.0,14,10,7,1.3385416974443696,-0.17442625493342306,-0.32822607077154586,8.9423,0.08010184161036449,15.0657,synthetic,0.06461896879292103,2.534573396864543,0.03129850708724162,0.010886852046929357,1.9454793272294546,-0.13487129756901223,0.03129850708724162,0.9181746566781002,71.42857142857143,3.3333333333333335,0.7,2.696584722992932,2.3978952727983707,357.14285714285717,0.7,13.829,21610.69,27.0
2001001059,Dr. Betty Ramirez,Pain Management,Seattle,WA,Subsys,REP-S637,Stanley Novak,TERR-S11,3,5.0,5,4,5,-1.2263578279552785,-0.2553660671252216,0.27328604988057487,7.7619,0.06972423420063212,14.3781,synthetic,0.5754043519696166,-0.04770301438881521,1.1379349445309213,-0.07455996260859811,0.171618335963463,0.0531907066156864,1.1379349445309213,0.9209906679877289,80.0,1.3333333333333333,1.25,2.663220185184416,1.6094379124341003,400.0,1.25,13.3424,29548.43,12.0
2001001060,Dr. James Clark,Oncology,Baltimore,MD,Fentora,REP-S513,Spencer Brooks,TERR-S13,2,5.0,6,4,4,-0.713377922875349,-0.28059946110281264,0.08588819937301632,4.4844,0.04084369864038884,13.7823,synthetic,-0.21915068852746614,-0.04770301438881521,0.6349183820565215,-0.1017920840052295,0.171618335963463,-0.2393501887827342,0.6349183820565215,0.875794811182574,66.66666666666666,1.3333333333333333,1.0,2.652586820469688,1.6094379124341003,333.33333333333326,1.0,13.1907,27075.47,15.0
2001001061,Dr. Joseph Lewis,Neurology,Chicago,IL,Abstral,REP-S770,Sadie Muller,TERR-S04,2,6.0,6,5,3,-0.0294047161021094,-0.055129022496189624,-0.3019202308771705,5.6202,0.051249231202222134,15.3637,synthetic,0.7740431120938877,0.3826763874867446,-0.16990811790251828,0.13184708657512934,0.5818029746283429,0.49200204971331707,-0.16990811790251828,0.9953038579525368,83.33333333333334,1.6666666666666667,0.6,2.743816235770945,1.791759469228055,500.00000000000006,0.6,14.5462,21957.83,19.0
2001001062,Dr. Carol Rivera,Pain Management,Boston,MA,Subsys,REP-S728,Serena Santos,TERR-S04,1,7.0,13,9,1,0.82556179236444,0.2231701961188902,-0.8172355238429002,6.1568,0.056373779463985585,17.2179,synthetic,-0.06635164227802695,2.104193994988983,-1.153584951185789,0.39361942271310874,1.7310517392273213,0.42449261231368124,-1.153584951185789,1.1195754842677008,69.23076923076923,3.0,0.1111111111111111,2.8460308477668304,2.302585092994046,484.6153846153846,0.1111111111111111,16.2193,15157.57,24.0
2001001063,Dr. Susan King,Pain Management,Chicago,IL,Subsys,REP-S726,Stella Santos,TERR-S02,1,8.0,11,4,4,3.2194680160707785,0.7114039337789116,0.564204511154127,8.137,0.07448817651548634,20.7131,synthetic,-2.0249575987481068,-0.04770301438881521,0.6349183820565215,0.7967135765067502,0.171618335963463,-0.42551257676354665,0.6349183820565215,1.32218459572273,36.36363636363637,1.3333333333333333,1.0,3.0034275885213972,1.6094379124341003,290.90909090909093,1.0,19.1545,33387.48,38.0
2001001064,Dr. Nancy Martinez,Pain Management,Los Angeles,CA,Abstral,REP-S557,Stanley Chen,TERR-S01,3,1.0,2,2,1,-0.713377922875349,-1.2282240193779366,-1.4685312608371557,2.883,0.025112634883853513,7.7097,synthetic,1.7672369127152399,-0.9084618181399344,-0.37111474289227814,-1.416259932627482,-0.9776304286355144,-1.2632433226772048,-0.37111474289227814,0.5172703388220743,100.0,0.6666666666666666,0.5,2.139324712218607,1.0986122886681098,100.0,0.5,7.4937,6562.87,15.0
2001001066,Dr. Rebecca Robinson,Pain Management,Nashville,TN,Subsys,REP-S699,Solomon Larsson,TERR-S03,1,2.0,14,11,12,-0.20039801779541927,-0.8277998313604351,-0.01902825621309115,12.0526,0.10387973908591475,11.0943,synthetic,0.4902734547735005,2.9649527987401023,0.8178334956835759,-0.7772123290022684,2.141236377892201,-1.0124939837642732,0.8178334956835759,0.6834399061448093,78.57142857142857,3.6666666666666665,1.0909090909090908,2.3888545281462217,2.4849066497880004,157.14285714285714,1.0909090909090908,9.901,25690.96,18.0
2001001067,Dr. Robert King,Neurology,Portland,OR,Actiq,REP-S586,Stella Nakamura,TERR-S02,3,10.0,5,3,2,-0.713377922875349,1.5635175176180913,0.026513264959120486,4.8698,0.04570850228354484,25.4595,synthetic,-0.6164282087760067,-0.47808241626437475,-0.035770367909345006,1.3767283179277354,-0.33040708865298646,0.9308133928109472,-0.035770367909345006,1.6611410781283855,60.0,1.0,0.6666666666666666,3.229906759777257,1.3862943611198906,600.0,0.6666666666666666,24.2773,26291.94,15.0
2001001068,Dr. Elizabeth Miller,Pain Management,Houston,TX,Lazanda,REP-S516,Sasha Brooks,TERR-S02,1,2.0,12,11,5,-0.542384621182039,-1.0673424198055825,-0.9204393793782704,10.3837,0.08879432435811507,9.3394,synthetic,1.270640012404563,2.9649527987401023,-0.46257229970580543,-1.140073758071652,2.141236377892201,-0.8975672034291796,-0.46257229970580543,0.5840336028583596,91.66666666666666,3.6666666666666665,0.45454545454545453,2.2471675159592284,2.4849066497880004,183.33333333333331,0.45454545454545453,8.4609,13795.66,16.0
2001001069,Dr. Betty Rodriguez,Family Practice,Jacksonville,FL,Fentora,REP-S707,Scott Rossi,TERR-S11,3,9.0,2,2,1,0.9965550940577499,0.8774253611291665,1.5589379391194498,2.9629,0.027837134957202192,20.7497,synthetic,1.7672369127152399,-0.9084618181399344,-0.37111474289227814,0.920500466365258,-0.9776304286355144,2.2472474221038388,-0.37111474289227814,1.3566171455192437,100.0,0.6666666666666666,0.5,3.0517628293789167,1.0986122886681098,900.0,0.5,20.1526,46514.29,25.0
2001001070,Dr. Michael Perez,Neurology,Las Vegas,NV,Lazanda,REP-S595,Stephen Nakamura,TERR-S11,3,2.0,4,3,2,-0.8843712245686588,-1.0414935771943918,-0.676825811099083,4.8548,0.042589511125675994,9.0347,synthetic,0.27744621178321077,-0.47808241626437475,-0.035770367909345006,-1.0983496801404136,-0.33040708865298646,-1.0438376511283896,-0.035770367909345006,0.5895585535243874,75.0,1.0,0.6666666666666666,2.263459575309532,1.3862943611198906,150.0,0.6666666666666666,8.6163,17010.46,14.0
2001001071,Dr. Robert Walker,Internal Medicine,Charlotte,NC,Actiq,REP-S649,Seth Dubois,TERR-S09,3,9.0,2,2,2,-0.713377922875349,1.0291583999317941,-0.16058601722100876,2.7057,0.02550496642351785,21.6348,synthetic,1.7672369127152399,-0.9084618181399344,0.6349183820565215,1.0286281002587896,-0.9776304286355144,2.2472474221038388,0.6349183820565215,1.3645447855730277,100.0,0.6666666666666666,1.0,3.0939835785517205,1.0986122886681098,900.0,1.0,21.0648,23822.92,15.0
2001001072,Dr. William Hall,Pain Management,Houston,TX,Subsys,REP-S673,Spencer Kowalski,TERR-S05,3,9.0,5,2,3,-0.0294047161021094,0.8724019695792439,1.4050411220822612,3.8926,0.03641278818408855,20.9057,synthetic,-1.80826076952163,-0.9084618181399344,1.640951507005321,0.9168414516116703,-0.9776304286355144,-0.12233383062336577,1.640951507005321,1.3889961789120606,40.0,0.6666666666666666,1.5,3.0503340887455748,1.0986122886681098,360.0,1.5,20.1224,44483.42,19.0
2001001073,Dr. Kathleen Martin,Pain Management,Detroit,MI,Subsys,REP-S830,Sadie Alvarez,TERR-S08,2,3.0,6,3,0,0.31258188728451036,-0.7257517944108496,-1.2674129074452405,1.8122,0.016408990236940202,10.705,synthetic,-1.2123444891488182,-0.47808241626437475,-1.3771478678410778,-0.6369905821661078,-0.33040708865298646,-1.0438376511283896,-1.3771478678410778,0.725788192420927,50.0,1.0,0.0,2.443607110705934,1.3862943611198906,150.0,0.0,10.5145,9216.89,21.0
2001001074,Dr. Michelle Wilson,Pain Management,Houston,TX,Fentora,REP-S657,Stanley Dubois,TERR-S03,1,9.0,12,7,5,0.31258188728451036,0.74804807809838,0.9085613985241078,8.2025,0.07510590628879665,20.964,synthetic,-0.7157475888381417,1.243435191237864,0.06004231065720745,0.8245549355796692,1.2290263146108709,0.6017048854877244,0.06004231065720745,1.3373913234596964,58.333333333333336,2.3333333333333335,0.7142857142857143,3.0142988431278295,2.0794415416798357,525.0,0.7142857142857143,19.3748,37931.72,21.0
2001001078,Dr. Betty Ramirez,Palliative Care,Portland,OR,Actiq,REP-S761,Samuel Muller,TERR-S09,3,6.0,4,3,3,-0.37139131948872917,0.11288845447655081,0.9672581130064063,7.4859,0.0679780399136507,16.7209,synthetic,0.27744621178321077,-0.47808241626437475,0.6349183820565215,0.29306365043620364,-0.33040708865298646,0.2725963781645016,0.6349183820565215,0.9986600584926437,75.0,1.0,1.0,2.8067666940412326,1.3862943611198906,450.0,1.0,15.5563,38706.3,17.0
2001001079,Dr. Thomas Rodriguez,Pain Management,Las Vegas,NV,Actiq,REP-S828,Serena Alvarez,TERR-S06,2,1.0,5,4,2,-0.542384621182039,-1.8384829239592557,-1.2881300635457278,5.1444,0.039978512606972716,4.0217,synthetic,0.5754043519696166,-0.04770301438881521,-0.37111474289227814,-2.8645982620386525,0.171618335963463,-1.351005591296731,-0.37111474289227814,0.2640227549755864,80.0,1.3333333333333333,0.5,1.5737900091875743,1.6094379124341003,80.0,0.5,3.8249,8943.5,16.0
2001001080,Dr. Donna White,Pain Management,Miami,FL,Subsys,REP-S569,Seth Kapoor,TERR-S13,2,2.0,8,7,0,-1.2263578279552785,-1.1161291993285058,-0.880394849696345,5.3854,0.04686851445374707,8.6075,synthetic,1.0223415622492253,1.243435191237864,-1.3771478678410778,-1.2207249568988852,1.2290263146108709,-0.934134815353982,-1.3771478678410778,0.5637878777323851,87.5,2.3333333333333335,0.0,2.2156755290031147,2.0794415416798357,175.0,0.0,8.1676,14324.1,12.0
2001001081,Dr. Amanda Anderson,Pain Management,Baltimore,MD,Actiq,REP-S564,Sarah Kapoor,TERR-S08,2,3.0,7,5,0,-0.8843712245686588,-0.7907232096227615,-0.04301678152553952,3.2995,0.02958350166246637,10.4579,synthetic,0.06461896879292103,0.3826763874867446,-1.3771478678410778,-0.7253739143802621,0.5818029746283429,-0.7617446448513415,-1.3771478678410778,0.698826105021658,71.42857142857143,1.6666666666666667,0.0,2.4090959467592157,1.791759469228055,214.28571428571428,0.0,10.1239,25374.4,14.0
2001001082,Dr. Patricia Hall,Oncology,Philadelphia,PA,Fentora,REP-S594,Selena Nakamura,TERR-S10,3,7.0,2,2,0,0.9965550940577499,0.2579180932969968,1.142111547036132,2.2483,0.020968414020450687,16.7975,synthetic,1.7672369127152399,-0.9084618181399344,-1.3771478678410778,0.42450193047360973,-0.9776304286355144,1.3696247359085776,-1.3771478678410778,1.090748202678369,100.0,0.6666666666666666,0.0,2.8580895839754406,1.0986122886681098,700.0,0.0,16.4282,41013.72,25.0
2001001083,Dr. Deborah Brown,Pain Management,Portland,OR,Subsys,REP-S647,Scott Dubois,TERR-S07,2,3.0,6,4,5,0.48357518897782026,-0.7834708959943967,-0.2963724676154687,7.3734,0.06496656920299282,10.9171,synthetic,-0.21915068852746614,-0.04770301438881521,1.1379349445309213,-0.7153556968348317,0.171618335963463,-0.8244319795795746,1.1379349445309213,0.7018356979827644,66.66666666666666,1.3333333333333333,1.25,2.4130077742441367,1.6094379124341003,199.99999999999997,1.25,10.1675,22031.04,22.0
2001001084,Dr. Rebecca Perez,Neurology,Jacksonville,FL,Subsys,REP-S826,Stella Alvarez,TERR-S04,2,3.0,5,4,3,0.14158858559120047,-0.742119401315233,-0.214670078380813,3.447,0.030962492663652696,10.7751,synthetic,0.5754043519696166,-0.04770301438881521,0.1319018195821217,-0.6589703502482195,0.171618335963463,-0.6489074423405222,0.1319018195821217,0.7127074091391167,80.0,1.3333333333333333,0.75,2.435024639771769,1.6094379124341003,240.0,0.75,10.4161,23109.21,20.0
2001001085,Dr. Donna Campbell,Orthopedics,Miami,FL,Abstral,REP-S767,Scott Muller,TERR-S01,3,7.0,2,1,2,0.6545684906711301,0.21154320706791044,0.6446944401758714,3.7642,0.03483351140251312,16.7573,synthetic,-1.2123444891488182,-1.3388412200154942,2.646984631954121,0.3832021165211452,-1.889840491916844,-0.16621496493312882,2.646984631954121,1.000411949636834,50.0,0.3333333333333333,2.0,2.8419631875772042,0.6931471805599453,350.0,2.0,16.1494,34449.65,23.0
2001001086,Dr. Sarah Smith,Pain Management,Las Vegas,NV,Subsys,REP-S536,Sasha Patel,TERR-S08,2,1.0,6,4,0,0.82556179236444,-1.7432879907135381,-1.4967005005212488,0.3829,0.003107890617614295,4.414,synthetic,-0.21915068852746614,-0.04770301438881521,-1.3771478678410778,-2.577534241916733,0.171618335963463,-1.409513770376415,-1.3771478678410778,0.30352711395818155,66.66666666666666,1.3333333333333333,0.0,1.6858803005744951,1.6094379124341003,66.66666666666666,0.0,4.3972,6191.14,24.0
2001001087,Dr. Dorothy Jackson,Palliative Care,New York,NY,Subsys,REP-S690,Sadie Larsson,TERR-S08,3,2.0,4,2,2,-0.8843712245686588,-0.8411068288436737,-0.7286046822790898,5.5161,0.04884737051935284,10.3627,synthetic,-1.2123444891488182,-0.9084618181399344,0.6349183820565215,-0.7960762904964482,-0.9776304286355144,-1.2632433226772048,0.6349183820565215,0.6304738552519721,50.0,0.6666666666666666,1.0,2.3814886905895114,1.0986122886681098,100.0,1.0,9.821,16327.17,14.0
2001001088,Dr. Richard Martinez,Pain Management,Las Vegas,NV,Fentora,REP-S697,Stanley Larsson,TERR-S01,3,1.0,5,4,5,-0.8843712245686588,-1.7009218374762771,-1.3634503653346723,9.9717,0.07888381460661198,5.1158,synthetic,0.5754043519696166,-0.04770301438881521,1.1379349445309213,-2.4594424416022655,0.171618335963463,-1.351005591296731,1.1379349445309213,0.321108382930516,80.0,1.3333333333333333,1.25,1.731991771813673,1.6094379124341003,80.0,1.25,4.6519,7949.55,14.0
2001001089,Dr. Linda Hill,Palliative Care,Philadelphia,PA,Lazanda,REP-S779,Solomon Muller,TERR-S13,2,5.0,9,7,1,1.1675483957510597,-0.19325565637220574,-0.8326201283694775,5.8736,0.05329797037176531,14.5214,synthetic,0.44297851188677,1.243435191237864,-1.089709832141421,-0.008738084339507252,1.2290263146108709,0.004433890715949802,-1.089709832141421,0.8805063948543935,77.77777777777779,2.3333333333333335,0.14285714285714285,2.688921746500541,2.0794415416798357,388.8888888888889,0.14285714285714285,13.7158,14954.55,26.0
2001001090,Dr. Nancy Carter,Neurology,Detroit,MI,Actiq,REP-S755,Stephen Tanaka,TERR-S03,2,1.0,8,6,2,0.14158858559120047,-1.4073528392491812,-1.167073489162873,5.9219,0.049965695796469145,6.7968,synthetic,0.27744621178321077,0.8130557893623042,-0.7064591178752114,-1.763473615936302,0.9286091450931295,-1.3729461584516125,-0.7064591178752114,0.4390607715905074,75.0,2.0,0.3333333333333333,2.0037476973106356,1.9459101490553132,75.0,0.3333333333333333,6.4168,10541.0,20.0
2001001091,Dr. Sandra Moore,Pain Management,Seattle,WA,Actiq,REP-S756,Sasha Tanaka,TERR-S04,2,2.0,7,6,7,1.3385416974443696,-1.102240020705376,-0.6014145747941702,11.679,0.09909518565453856,9.2148,synthetic,0.91592794075408,0.8130557893623042,0.9702627570394549,-1.197504474570005,0.9286091450931295,-0.9498066490360403,0.9702627570394549,0.5695516624170727,85.71428571428571,2.0,1.1666666666666667,2.2247424633729587,1.9459101490553132,171.42857142857142,1.1666666666666667,8.2511,18005.61,27.0
2001001092,Dr. Laura Harris,Palliative Care,Seattle,WA,Abstral,REP-S741,Samuel Tanaka,TERR-S03,2,8.0,7,5,2,0.6545684906711301,0.612649378706428,0.6458235437491451,8.0824,0.07389542539354776,20.061,synthetic,0.06461896879292103,0.3826763874867446,-0.572321367882038,0.7201394034958887,0.5818029746283429,0.8054387233544815,-0.572321367882038,1.1915384515386218,71.42857142857143,1.6666666666666667,0.4,2.9735275635657983,1.791759469228055,571.4285714285714,0.4,18.5608,34464.55,23.0
2001001093,Dr. Carol Walker,Pain Management,Los Angeles,CA,Actiq,REP-S750,Sadie Tanaka,TERR-S12,1,8.0,14,11,7,0.31258188728451036,0.4213612898848737,-0.6209351842220411,7.8368,0.0714911784375234,18.7752,synthetic,0.4902734547735005,2.9649527987401023,-0.09674207245169646,0.5649676962279205,2.141236377892201,1.056188062267413,-0.09674207245169646,1.2018215854869252,78.57142857142857,3.6666666666666665,0.6363636363636364,2.9129374489450757,2.4849066497880004,628.5714285714286,0.6363636363636364,17.4108,17748.01,21.0
2001001094,Dr. Jessica Clark,Oncology,Detroit,MI,Subsys,REP-S582,Sophia Nakamura,TERR-S12,2,5.0,6,4,5,-0.20039801779541927,-0.172979118957121,-0.149917125135023,6.052,0.05490860640356976,14.6752,synthetic,-0.21915068852746614,-0.04770301438881521,1.1379349445309213,0.01238892416687227,0.171618335963463,-0.2393501887827342,1.1379349445309213,0.9187522920467529,66.66666666666666,1.3333333333333333,1.25,2.697171239204671,1.6094379124341003,333.33333333333326,1.25,13.8377,23963.71,18.0
2001001095,Dr. Melissa Taylor,Oncology,New York,NY,Actiq,REP-S838,Summer Alvarez,TERR-S02,2,5.0,7,5,4,-1.3973511296485885,-0.14498452300175788,-0.7760535549237374,5.4632,0.04973537080550061,14.7712,synthetic,0.06461896879292103,0.3826763874867446,0.23250513207700174,0.04127421963759002,0.5818029746283429,-0.13487129756901223,0.23250513207700174,0.9299265486610363,71.42857142857143,1.6666666666666667,0.8,2.708450121123537,1.791759469228055,357.14285714285717,0.8,14.006,15701.02,11.0
2001001096,Dr. Karen Martin,Pain Management,New York,NY,Abstral,REP-S706,Stella Rossi,TERR-S10,3,6.0,2,1,0,1.5095349991376794,-0.026801751603745726,0.3842951180365611,1.489,0.013844484224356801,14.9356,synthetic,-1.2123444891488182,-1.3388412200154942,-1.3771478678410778,0.15974895077992943,-1.889840491916844,-0.385620636481944,-1.3771478678410778,1.0158411654156234,50.0,0.3333333333333333,0.0,2.7547111159012587,0.6931471805599453,300.0,0.0,14.7165,31013.34,28.0
2001001097,Dr. Barbara Brown,Internal Medicine,Nashville,TN,Subsys,REP-S846,Stella Kim,TERR-S10,3,10.0,5,2,1,0.9965550940577499,1.703906341066258,0.1391652167036014,3.325,0.03147709187088443,25.9566,synthetic,-1.80826076952163,-0.9084618181399344,-0.37111474289227814,1.460842834960862,-0.9776304286355144,0.0531907066156864,-0.37111474289227814,1.627318508688224,40.0,0.6666666666666666,0.5,3.2627510734606955,1.0986122886681098,400.0,0.5,25.1213,27778.53,25.0
2001001098,Dr. Stephanie Garcia,Palliative Care,Charlotte,NC,Subsys,REP-S740,Sloan Santos,TERR-S02,2,1.0,9,5,0,0.9965550940577499,-1.836902718008121,-1.4940793130984613,3.8423,0.030014172181264342,3.9817,synthetic,-0.8812798889417006,0.3826763874867446,-1.3771478678410778,-2.859560718059101,0.5818029746283429,-1.4582705862761518,-1.3771478678410778,0.24615507082559432,55.55555555555556,1.6666666666666667,0.0,1.5757570260652118,1.791759469228055,55.55555555555556,0.0,3.8344,6225.73,25.0
2001001099,Dr. Carol Hill,Internal Medicine,Boston,MA,Abstral,REP-S511,Silas Brooks,TERR-S11,3,5.0,3,3,4,-1.0553645262619686,-0.23755132424453587,-0.6225803411734349,4.7494,0.04325979716078665,14.0883,synthetic,1.7672369127152399,-0.47808241626437475,1.3056071320223879,-0.055507026604383725,-0.33040708865298646,0.49200204971331685,1.3056071320223879,0.8712375666307981,100.0,1.0,1.3333333333333333,2.670659811883651,1.3862943611198906,500.0,1.3333333333333333,13.4495,17726.3,13.0
2001001100,Dr. Barbara Young,Palliative Care,Philadelphia,PA,Lazanda,REP-S834,Selena Alvarez,TERR-S12,1,1.0,11,5,1,0.48357518897782026,-1.4430654937448226,-0.7551909035977007,6.1876,0.05191861083990279,6.5859,synthetic,-1.4832155256819146,0.3826763874867446,-0.9747346178615579,-1.838703317111637,0.5818029746283429,-1.5025949643668215,-0.9747346178615579,0.3981531308072758,45.45454545454545,1.6666666666666667,0.2,1.974372650162223,1.791759469228055,45.45454545454545,0.2,6.2021,15976.33,22.0
2001001101,Dr. Richard Allen,Palliative Care,Columbus,OH,Subsys,REP-S723,Sean Santos,TERR-S13,2,2.0,8,4,3,-0.0294047161021094,-1.0506920392046806,-0.9291599994596343,5.7254,0.04998975714858034,9.0511,synthetic,-1.2123444891488182,-0.04770301438881521,0.1319018195821217,-1.1131196508116161,0.171618335963463,-1.2632433226772048,0.1319018195821217,0.5495862615631945,50.0,1.3333333333333333,0.75,2.257692324103309,1.6094379124341003,100.0,0.75,8.561,13680.58,19.0
2001001102,Dr. Kathleen Anderson,Pain Management,Los Angeles,CA,Fentora,REP-S563,Sean Kapoor,TERR-S07,2,10.0,7,4,1,0.9965550940577499,1.4834426602627033,0.47019337739552286,3.8113,0.03592550907908665,24.7029,synthetic,-0.7866900031682388,-0.04770301438881521,-0.874131305366678,1.3274841413079073,0.171618335963463,0.805438723354481,-0.874131305366678,1.6425681913575667,57.14285714285714,1.3333333333333333,0.25,3.210678316923007,1.6094379124341003,571.4285714285713,0.25,23.7959,32146.88,25.0
2001001103,Dr. James Campbell,Internal Medicine,Atlanta,GA,Lazanda,REP-S820,Sloan Vargas,TERR-S12,3,9.0,4,3,4,0.6545684906711301,1.018812209388576,-0.34500576233060415,3.6238,0.03400653375724527,21.7637,synthetic,0.27744621178321077,-0.47808241626437475,1.3056071320223879,1.0213985046498701,-0.33040708865298646,1.2599219001341702,1.3056071320223879,1.3605155668924496,75.0,1.0,1.3333333333333333,3.0911606281935766,1.3862943611198906,675.0,1.3333333333333333,21.0026,21389.26,23.0
2001001105,Dr. Robert Nguyen,Anesthesiology,Las Vegas,NV,Abstral,REP-S781,Samuel Gomez,TERR-S01,3,4.0,3,2,0,-1.0553645262619686,-0.5290411041148759,-1.1045719229749325,1.7427,0.015931206810168685,11.901,synthetic,-0.21915068852746614,-0.9084618181399344,-1.3771478678410778,-0.3866098657653773,-0.9776304286355144,-0.5318910841811543,-1.3771478678410778,0.8021291219933108,66.66666666666666,0.6666666666666666,0.0,2.541373620932831,1.0986122886681098,266.66666666666663,0.0,11.6971,11365.79,13.0
2001001107,Dr. David Allen,Pain Management,Portland,OR,Abstral,REP-S549,Seth Chen,TERR-S07,2,2.0,9,6,5,-0.542384621182039,-1.0490785657598378,-0.563463812342416,8.2433,0.07122150135031458,9.2772,synthetic,-0.21915068852746614,0.8130557893623042,0.2995740070735884,-1.1105227284300678,0.9286091450931295,-1.1169728749779948,0.2995740070735884,0.5916128071503199,66.66666666666666,2.0,0.8333333333333334,2.258706348035439,1.9459101490553132,133.33333333333331,0.8333333333333334,8.5707,18506.42,16.0
2001001108,Dr. Lisa White,Internal Medicine,Phoenix,AZ,Subsys,REP-S688,Serena Larsson,TERR-S06,3,10.0,2,1,2,2.8774814126841584,1.3523521013059496,0.39209654171901176,1.7772,0.016888546868962795,23.4167,synthetic,-1.2123444891488182,-1.3388412200154942,2.646984631954121,1.2447647950855847,-1.889840491916844,0.49200204971331685,2.646984631954121,1.49040928551456,50.0,0.3333333333333333,2.0,3.1783787775468855,0.6931471805599453,500.0,2.0,23.0078,31116.29,36.0
2001001109,Dr. William Rivera,Anesthesiology,Seattle,WA,Abstral,REP-S717,Stanley Rossi,TERR-S07,3,6.0,5,4,3,-1.2263578279552785,-0.020680532761456084,0.6556846342182785,5.9666,0.05437487889086112,15.6336,synthetic,0.5754043519696166,-0.04770301438881521,0.1319018195821217,0.16573850904285015,0.171618335963463,0.4042397810937907,0.1319018195821217,1.0117081648873576,80.0,1.3333333333333333,0.75,2.757049867134118,1.6094379124341003,480.0,0.75,14.7533,34594.68,12.0
2001001110,Dr. James Baker,Oncology,Atlanta,GA,Fentora,REP-S643,Sean Dubois,TERR-S03,2,3.0,9,7,8,-0.542384621182039,-0.656089662586096,-0.6229365013609777,9.3351,0.08206408966909251,11.9539,synthetic,0.44297851188677,1.243435191237864,0.9223564177561785,-0.5454968127496496,1.2290263146108709,-0.6781615318803641,0.9223564177561785,0.7259150317346642,77.77777777777779,2.3333333333333335,1.1428571428571428,2.479332811438554,2.0794415416798357,233.33333333333337,1.1428571428571428,10.9333,17721.6,16.0
2001001111,Dr. Nancy Lewis,Oncology,Philadelphia,PA,Subsys,REP-S825,Simon Alvarez,TERR-S03,1,6.0,11,7,4,-1.0553645262619686,-0.02893087120106395,0.05732566790736005,6.8726,0.06236230414562094,15.7142,synthetic,-0.39973137954952986,1.243435191237864,-0.2273957250424497,0.1576623382613865,1.2290263146108709,-0.026593173947519148,-0.2273957250424497,0.9762502494321919,63.63636363636363,2.3333333333333335,0.5714285714285714,2.7538963533785443,2.0794415416798357,381.8181818181818,0.5714285714285714,14.7037,26698.55,13.0
2001001112,Dr. Sandra Davis,Oncology,Philadelphia,PA,Lazanda,REP-S675,Stephen Kowalski,TERR-S07,2,5.0,5,3,2,-0.713377922875349,-0.3475336584435025,-0.8052367144608775,3.9984,0.03641115837827025,13.2996,synthetic,-0.6164282087760067,-0.47808241626437475,-0.035770367909345006,-0.17546307143444312,-0.33040708865298646,-0.385620636481944,-0.035770367909345006,0.8490775155106333,60.0,1.0,0.6666666666666666,2.6238204064683948,1.3862943611198906,300.0,0.6666666666666666,12.7883,15315.91,15.0
2001001113,Dr. William Jackson,Palliative Care,Seattle,WA,Actiq,REP-S505,Simon Brooks,TERR-S05,3,10.0,2,1,1,0.82556179236444,2.3292187865504905,1.901326852006349,3.2514,0.030941410838118077,29.8196,synthetic,-1.2123444891488182,-1.3388412200154942,0.6349183820565215,1.8051916529586747,-1.889840491916844,0.49200204971331685,0.6349183820565215,1.8540335224508813,50.0,0.3333333333333333,1.0,3.397209440384295,0.6931471805599453,500.0,1.0,28.8806,51032.56,24.0
2001001114,Dr. John Flores,Pain Management,New York,NY,Subsys,REP-S722,Sophia Santos,TERR-S12,1,1.0,10,5,3,1.3385416974443696,-1.2307357151528977,-0.7383392222135008,6.3558,0.054555017984155185,7.954,synthetic,-1.2123444891488182,0.3826763874867446,-0.16990811790251828,-1.420816912624531,0.5818029746283429,-1.4826489942260201,-0.16990811790251828,0.516228025663526,50.0,1.6666666666666667,0.6,2.1375453418346186,1.791759469228055,50.0,0.6,7.4786,16198.71,27.0
2001001115,Dr. Carol White,Neurology,Detroit,MI,Abstral,REP-S675,Stephen Kowalski,TERR-S07,3,1.0,3,2,2,0.14158858559120047,-1.492833664332135,-0.8121697135158304,5.0298,0.042111634697177935,6.1998,synthetic,-0.21915068852746614,-0.9084618181399344,0.6349183820565215,-1.9473694996037283,-0.9776304286355144,-1.409513770376415,0.6349183820565215,0.403897866323028,66.66666666666666,0.6666666666666666,1.0,1.9319416131612444,1.0986122886681098,66.66666666666666,1.0,5.9029,15224.42,20.0
2001001116,Dr. John Flores,Oncology,Las Vegas,NV,Subsys,REP-S827,Scott Alvarez,TERR-S05,3,5.0,3,3,1,0.6545684906711301,-0.25503339218814053,0.45272940360380265,4.9359,0.04489055896665306,14.003,synthetic,1.7672369127152399,-0.47808241626437475,-0.7064591178752114,-0.07420286359477456,-0.33040708865298646,0.49200204971331685,-0.7064591178752114,0.88599970269544,100.0,1.0,0.3333333333333333,2.6633596221382234,1.3862943611198906,500.0,0.3333333333333333,13.3444,31916.42,23.0
2001001117,Dr. Betty Clark,Oncology,Detroit,MI,Actiq,REP-S716,Sasha Rossi,TERR-S06,3,3.0,3,2,3,-0.542384621182039,-0.6321370671162666,-0.22560040720020752,3.7806,0.034088938035302885,11.4961,synthetic,-0.21915068852746614,-0.9084618181399344,1.640951507005321,-0.5147779278702317,-0.9776304286355144,-0.8244319795795746,1.640951507005321,0.7354758930089174,66.66666666666666,0.6666666666666666,1.5,2.4913276575908263,1.0986122886681098,199.99999999999997,1.5,11.0773,22964.97,16.0
2001001118,Dr. Jessica Johnson,Internal Medicine,Austin,TX,Fentora,REP-S774,Selena Muller,TERR-S08,3,7.0,4,3,1,-0.8843712245686588,0.23579520998111286,0.17231160556169503,4.1543,0.038397113209865275,16.9722,synthetic,0.27744621178321077,-0.47808241626437475,-0.7064591178752114,0.4048831376229981,-0.33040708865298646,0.6017048854877244,-0.7064591178752114,1.055577560189017,75.0,1.0,0.3333333333333333,2.8504290063581177,1.3862943611198906,525.0,0.3333333333333333,16.2952,28215.94,14.0
2001001120,Dr. Rebecca Baker,Family Practice,Houston,TX,Abstral,REP-S768,Serena Muller,TERR-S02,3,6.0,4,3,0,-0.8843712245686588,-0.09265475539892229,0.1675375434733571,-0.9857,-0.009259082541774877,14.1794,synthetic,0.27744621178321077,-0.47808241626437475,-1.3771478678410778,0.09441052263967446,-0.33040708865298646,0.2725963781645016,-1.3771478678410778,0.9640230786163017,75.0,1.0,0.0,2.7291983280363983,1.3862943611198906,450.0,0.0,14.3206,28152.94,14.0
2001001121,Dr. David Ramirez,Palliative Care,Charlotte,NC,Subsys,REP-S615,Stephen O'Connor,TERR-S03,2,10.0,6,3,4,0.48357518897782026,2.0279816310236782,1.426546377321141,6.644,0.062103881049474285,28.8681,synthetic,-1.2123444891488182,-0.47808241626437475,1.3056071320223879,1.6450716049070233,-0.33040708865298646,0.49200204971331685,1.3056071320223879,1.7377736556489956,50.0,1.0,1.3333333333333333,3.3346871401831946,1.3862943611198906,500.0,1.3333333333333333,27.0696,44767.21,22.0
2001001122,Dr. Sharon Rodriguez,Oncology,Charlotte,NC,Abstral,REP-S647,Scott Dubois,TERR-S07,2,2.0,5,4,0,-0.542384621182039,-1.0275544973306994,-0.3947226933610287,4.34,0.03818886726971549,9.0777,synthetic,0.5754043519696166,-0.04770301438881521,-1.3771478678410778,-1.0761287971148261,0.171618335963463,-0.9999565168186266,-1.3771478678410778,0.5776420081397888,80.0,1.3333333333333333,0.0,2.2721361947345473,1.6094379124341003,160.0,0.0,8.7001,20733.18,16.0
2001001123,Dr. Barbara Hernandez,Oncology,Jacksonville,FL,Subsys,REP-S748,Serena Tanaka,TERR-S10,3,2.0,3,3,1,-0.37139131948872917,-0.8967134445767565,-0.5559162475170435,3.9041,0.03471145625829353,9.8571,synthetic,1.7672369127152399,-0.47808241626437475,-0.7064591178752114,-0.8764430025173022,-0.33040708865298646,-0.8244319795795745,-0.7064591178752114,0.6298682128503965,100.0,1.0,0.3333333333333333,2.3501077875965124,1.3862943611198906,200.0,0.3333333333333333,9.4867,18606.02,17.0
2001001124,Dr. Kimberly Wright,Pain Management,Atlanta,GA,Subsys,REP-S525,Simon Patel,TERR-S11,3,2.0,4,3,1,0.9965550940577499,-0.8363495772434157,-1.091769858701856,3.4499,0.030838688635877798,10.1894,synthetic,0.27744621178321077,-0.47808241626437475,-0.7064591178752114,-0.7893164552788439,-0.33040708865298646,-1.0438376511283896,-0.7064591178752114,0.6798918997640556,75.0,1.0,0.3333333333333333,2.3841282129474406,1.3862943611198906,150.0,0.3333333333333333,9.8496,11534.73,25.0
2001001125,Dr. Ashley Baker,Oncology,Philadelphia,PA,Lazanda,REP-S605,Simon O'Connor,TERR-S07,2,7.0,6,5,4,0.48357518897782026,0.2305223122283795,0.5892327210991468,5.948,0.05452351054913063,17.2309,synthetic,0.7740431120938877,0.3826763874867446,0.23250513207700174,0.40018481595830696,0.5818029746283429,0.8576781689613423,0.23250513207700174,1.079812967595942,83.33333333333334,1.6666666666666667,0.8,2.8485944460945185,1.791759469228055,583.3333333333334,0.8,16.2635,33717.76,22.0
2001001126,Dr. Elizabeth Jones,Family Practice,Boston,MA,Actiq,REP-S682,Sophia Larsson,TERR-S14,3,8.0,3,3,3,-0.37139131948872917,0.6328593811340967,1.6572555799967879,5.2282,0.04843614558907561,19.6591,synthetic,1.7672369127152399,-0.47808241626437475,0.6349183820565215,0.7359976483303546,-0.33040708865298646,1.8084360790062082,0.6349183820565215,1.2576406269034353,100.0,1.0,1.0,2.9797197547140497,1.3862943611198906,800.0,1.0,18.6823,47811.72,17.0
2001001127,Dr. Mary Adams,Anesthesiology,Columbus,OH,Subsys,REP-S655,Stephen Dubois,TERR-S01,3,2.0,4,2,0,-0.8843712245686588,-1.0161271132419682,-0.6696616868160438,1.9425,0.017282839772962078,8.9391,synthetic,-1.2123444891488182,-0.9084618181399344,-1.3771478678410778,-1.0580546469878547,-0.9776304286355144,-1.2632433226772048,-1.3771478678410778,0.6013208269515472,50.0,0.6666666666666666,0.0,2.279193633536675,1.0986122886681098,100.0,0.0,8.7688,17105.0,14.0
2001001128,Dr. Rebecca Campbell,Orthopedics,Atlanta,GA,Abstral,REP-S547,Scott Chen,TERR-S05,3,8.0,5,3,1,-0.8843712245686588,0.5014694147339697,1.3367121689960166,2.8216,0.026369000962814138,18.3972,synthetic,-0.6164282087760067,-0.47808241626437475,-0.7064591178752114,0.6310987252571404,-0.33040708865298646,0.4042397810937907,-0.7064591178752114,1.1083861176069751,60.0,1.0,0.3333333333333333,2.9387597247929995,1.3862943611198906,480.0,0.3333333333333333,17.8924,43581.73,14.0
2001001129,Dr. Stephanie Thompson,Oncology,Nashville,TN,Abstral,REP-S701,Samuel Rossi,TERR-S05,3,5.0,2,1,2,-1.2263578279552785,-0.1654440316322373,-0.25712513052353253,3.4641,0.031800979753767944,14.3639,synthetic,-1.2123444891488182,-1.3388412200154942,2.646984631954121,0.02019585379069929,-1.889840491916844,-0.6050263080307592,2.646984631954121,0.921759979655945,50.0,0.3333333333333333,2.0,2.7002196219870216,0.6931471805599453,250.0,2.0,13.883,22548.96,12.0
2001001130,Dr. Karen Nelson,Anesthesiology,Austin,TX,Subsys,REP-S513,Spencer Brooks,TERR-S13,2,8.0,6,3,2,-1.2263578279552785,0.4623468421332486,-0.09628849434269342,4.5673,0.04231906172269184,18.4637,synthetic,-1.2123444891488182,-0.47808241626437475,-0.035770367909345006,0.5990154688415537,-0.33040708865298646,0.0531907066156864,-0.035770367909345006,1.2108432289080442,50.0,1.0,0.6666666666666666,2.9262321305694634,1.3862943611198906,400.0,0.6666666666666666,17.6572,24671.41,12.0
2001001131,Dr. Ashley Wright,Palliative Care,Baltimore,MD,Abstral,REP-S730,Sadie Santos,TERR-S06,3,1.0,3,2,0,4.416421127923948,-1.6263361165827253,-1.5858148105949574,5.0864,0.04164325613035791,5.3597,synthetic,-0.21915068852746614,-0.9084618181399344,-1.3771478678410778,-2.2639193445933254,-0.9776304286355144,-1.409513770376415,-1.3771478678410778,0.32742142388164475,66.66666666666666,0.6666666666666666,0.0,1.8083379502978216,1.0986122886681098,66.66666666666666,0.0,5.1003,5015.16,45.0
2001001132,Dr. Stephanie Flores,Pain Management,Detroit,MI,Fentora,REP-S611,Silas O'Connor,TERR-S13,1,4.0,14,9,10,-0.37139131948872917,-0.49732054886420607,-0.46944055398168283,9.9674,0.08795562292822678,13.0727,synthetic,-0.3610355171876585,2.104193994988983,0.8584812987118104,-0.34843163734118754,1.7310517392273213,-0.5736826406666427,0.8584812987118104,0.8205834679596268,64.28571428571429,3.0,1.1111111111111112,2.5562811274426553,2.302585092994046,257.14285714285717,1.1111111111111112,11.8878,19747.18,17.0
2001001133,Dr. Kimberly Martinez,Pain Management,Boston,MA,Subsys,REP-S539,Solomon Patel,TERR-S11,3,2.0,4,2,3,-0.713377922875349,-1.0416599146629324,-0.842927555754489,5.5512,0.04853607251230141,9.0935,synthetic,-1.2123444891488182,-0.9084618181399344,1.640951507005321,-1.0986160133623617,-0.9776304286355144,-1.2632433226772048,1.640951507005321,0.5946914274729195,50.0,0.6666666666666666,1.5,2.263355579802044,1.0986122886681098,100.0,1.5,8.6153,14818.53,15.0
2001001135,Dr. Elizabeth Smith,Internal Medicine,Nashville,TN,Abstral,REP-S552,Sienna Chen,TERR-S10,3,3.0,5,3,2,-0.8843712245686588,-0.623354448777329,-0.21669716029927394,4.862,0.04364962670224015,11.6713,synthetic,-0.6164282087760067,-0.47808241626437475,-0.035770367909345006,-0.5036060231071395,-0.33040708865298646,-0.9121942481991006,-0.035770367909345006,0.7209904636125839,60.0,1.0,0.6666666666666666,2.4956899669450605,1.3862943611198906,180.0,0.6666666666666666,11.1301,23082.46,14.0
2001001136,Dr. Kimberly Jones,Oncology,Denver,CO,Subsys,REP-S597,Stanley Nakamura,TERR-S13,1,2.0,11,7,7,2.364501507604229,-0.925157151697179,-1.0568813160753356,9.9215,0.08581183790847069,10.24,synthetic,-0.39973137954952986,1.243435191237864,0.6349183820565215,-0.9185479577344681,1.2290263146108709,-1.1435675018323967,0.6349183820565215,0.6185146900872208,63.63636363636363,2.3333333333333335,1.0,2.333667006557074,2.0794415416798357,127.27272727272727,1.0,9.3157,11995.13,33.0
2001001137,Dr. Richard Gonzalez,Anesthesiology,Chicago,IL,Actiq,REP-S597,Stanley Nakamura,TERR-S13,2,10.0,5,3,2,0.48357518897782026,2.299444379681744,2.245896677701223,5.808,0.05460647616914516,30.3686,synthetic,-0.6164282087760067,-0.47808241626437475,-0.035770367909345006,1.7898037810449374,-0.33040708865298646,0.9308133928109472,-0.035770367909345006,1.968213421087552,60.0,1.0,0.6666666666666666,3.391200916411479,1.3862943611198906,600.0,0.6666666666666666,28.7016,55579.61,22.0
2001001138,Dr. Thomas Martinez,Orthopedics,Houston,TX,Subsys,REP-S559,Solomon Chen,TERR-S03,3,8.0,4,3,0,1.5095349991376794,0.46919994583711644,1.2984757206065949,2.6782,0.02503378613676821,18.1724,synthetic,0.27744621178321077,-0.47808241626437475,-1.3771478678410778,0.6046646101165681,-0.33040708865298646,0.9308133928109472,-1.3771478678410778,1.096368338727912,75.0,1.0,0.0,2.928437958702621,1.3862943611198906,600.0,0.0,17.6984,43077.15,28.0
2001001139,Dr. Charles Jones,Oncology,Seattle,WA,Fentora,REP-S715,Stephen Rossi,TERR-S05,3,6.0,5,3,2,0.31258188728451036,0.12092255420705597,-0.7958537879882108,2.792,0.025895493012710435,16.0402,synthetic,-0.6164282087760067,-0.47808241626437475,-0.035770367909345006,0.3005240465804525,-0.33040708865298646,-0.12233383062336577,-0.035770367909345006,1.0360653877792378,60.0,1.0,0.6666666666666666,2.8096797654087817,1.3862943611198906,360.0,0.6666666666666666,15.6046,15439.73,21.0
2001001140,Dr. Jennifer Anderson,Pain Management,Portland,OR,Lazanda,REP-S659,Solomon Dubois,TERR-S05,2,8.0,7,5,4,0.6545684906711301,0.684174490178835,0.644407238662938,7.0283,0.06463137204019098,20.3255,synthetic,0.06461896879292103,0.3826763874867446,0.23250513207700174,0.7758274868050713,0.5818029746283429,0.8054387233544815,0.23250513207700174,1.3108848166462828,71.42857142857143,1.6666666666666667,0.8,2.9952721677215344,1.791759469228055,571.4285714285714,0.8,18.9908,34445.86,23.0
2001001142,Dr. Barbara Moore,Neurology,Las Vegas,NV,Actiq,REP-S741,Samuel Tanaka,TERR-S03,2,3.0,9,6,4,0.48357518897782026,-0.6598488893751108,-1.0136669607242805,5.456,0.04877137336565118,11.506,synthetic,-0.21915068852746614,0.8130557893623042,-0.035770367909345006,-0.550351600149473,0.9286091450931295,-0.8244319795795746,-0.035770367909345006,0.7465497382796018,66.66666666666666,2.0,0.6666666666666666,2.4774371557794552,1.9459101490553132,199.99999999999997,0.6666666666666666,10.9107,12565.4,22.0
2001001143,Dr. Patricia Clark,Palliative Care,Portland,OR,Fentora,REP-S845,Simon Kim,TERR-S09,3,8.0,4,3,3,-1.2263578279552785,0.4519008491089065,1.3773197348893123,4.6621,0.0431700509760411,18.4147,synthetic,0.27744621178321077,-0.47808241626437475,0.6349183820565215,0.5903805972364898,-0.33040708865298646,0.9308133928109472,0.6349183820565215,1.1294989511093878,75.0,1.0,1.0,2.9228604601180805,1.3862943611198906,600.0,1.0,17.5944,44117.6,12.0
2001001144,Dr. Richard Thompson,Oncology,Denver,CO,Abstral,REP-S801,Samuel Vargas,TERR-S07,2,6.0,7,6,4,-0.713377922875349,0.10177711157804653,0.6697559927767465,7.6098,0.06904259886570419,16.6682,synthetic,0.91592794075408,0.8130557893623042,-0.035770367909345006,0.2827098081828015,0.9286091450931295,0.5546893844415495,-0.035770367909345006,1.0284233382468315,85.71428571428571,2.0,0.6666666666666666,2.802723814704891,1.9459101490553132,514.2857142857142,0.6666666666666666,15.4895,34780.37,15.0
2001001145,Dr. Laura Campbell,Oncology,Nashville,TN,Subsys,REP-S745,Simon Tanaka,TERR-S07,2,10.0,7,5,2,-1.0553645262619686,3.1155126340882013,1.3810556279203452,5.7817,0.054626873123968966,35.5508,synthetic,0.06461896879292103,0.3826763874867446,-0.572321367882038,2.1813184530995153,0.5818029746283429,1.4323120706368109,-0.572321367882038,2.2313788711577547,71.42857142857143,1.6666666666666667,0.4,3.544076200657181,1.791759469228055,714.2857142857143,0.4,33.6077,44166.9,13.0
2001001146,Dr. Elizabeth Carter,Oncology,Phoenix,AZ,Fentora,REP-S746,Stella Tanaka,TERR-S08,2,3.0,9,5,3,2.193508205910919,-0.5983705610025487,0.11070574435604293,8.5951,0.07598610559067165,12.2498,synthetic,-0.8812798889417006,0.3826763874867446,-0.16990811790251828,-0.47208928392559607,0.5818029746283429,-0.9707024272787845,-0.16990811790251828,0.748954051610816,55.55555555555556,1.6666666666666667,0.6,2.5079963523880164,1.791759469228055,166.66666666666669,0.6,11.2803,27402.97,32.0
2001001147,Dr. Mary Wright,Oncology,Charlotte,NC,Abstral,REP-S518,Summer Brooks,TERR-S04,2,1.0,7,5,2,0.14158858559120047,-1.6739086325853032,-1.6278098856444039,6.4831,0.05228690134821834,5.1264,synthetic,0.06461896879292103,0.3826763874867446,-0.572321367882038,-2.3868926257011016,0.5818029746283429,-1.3886179921336705,-0.572321367882038,0.3196448224488667,71.42857142857143,1.6666666666666667,0.4,1.7603204003926747,1.791759469228055,71.42857142857143,0.4,4.8143,4460.98,20.0
2001001148,Dr. Dorothy Martinez,Psychiatry,Austin,TX,Subsys,REP-S689,Seth Larsson,TERR-S07,3,2.0,4,3,3,-0.713377922875349,-0.8456312079879749,-1.075766141679061,2.667,0.023910919096922445,10.055,synthetic,0.27744621178321077,-0.47808241626437475,0.6349183820565215,-0.8025218210576894,-0.33040708865298646,-1.0438376511283896,0.6349183820565215,0.789650640586324,75.0,1.0,1.0,2.378971895212487,1.3862943611198906,150.0,1.0,9.7938,11745.92,15.0
2001001149,Dr. Donna Smith,Anesthesiology,Columbus,OH,Abstral,REP-S708,Serena Rossi,TERR-S12,2,5.0,9,6,3,-0.37139131948872917,-0.16148519988097362,-0.8611152167357904,6.0963,0.05531490143890627,14.7546,synthetic,-0.21915068852746614,0.8130557893623042,-0.37111474289227814,0.024287991328291816,0.9286091450931295,-0.2393501887827342,-0.37111474289227814,0.9536593919635271,66.66666666666666,2.0,0.5,2.70181748468256,1.9459101490553132,333.33333333333326,0.5,13.9068,14578.52,17.0
2001001150,Dr. Michelle Williams,Palliative Care,Boston,MA,Subsys,REP-S778,Summer Muller,TERR-S12,1,7.0,12,5,1,-0.713377922875349,0.1764959024464311,-0.3456771621735035,4.3827,0.04040936298219444,16.6372,synthetic,-1.7089413894594943,0.3826763874867446,-0.9747346178615579,0.35154232641521904,0.5818029746283429,-0.42218824840674646,-0.9747346178615579,1.0232088012121585,41.66666666666667,1.6666666666666667,0.2,2.829600944838756,1.791759469228055,291.6666666666667,0.2,15.9387,21380.4,15.0
2001001151,Dr. Mary Williams,Palliative Care,Phoenix,AZ,Subsys,REP-S614,Selena O'Connor,TERR-S02,2,2.0,9,6,1,-0.37139131948872917,-0.8872155751230952,-0.775993689700725,5.6172,0.0495946465609336,10.0799,synthetic,-0.21915068852746614,0.8130557893623042,-1.0418034928581448,-0.862536166383804,0.9286091450931295,-1.1169728749779948,-1.0418034928581448,0.612678584640441,66.66666666666666,2.0,0.16666666666666666,2.355538009446718,1.9459101490553132,133.33333333333331,0.16666666666666666,9.5438,15701.81,17.0
2001001152,Dr. Amanda Miller,Pain Management,Baltimore,MD,Actiq,REP-S578,Summer Kapoor,TERR-S08,2,5.0,7,4,2,0.31258188728451036,-0.1468641363962654,0.5653942377380459,5.0061,0.0456581277925352,14.6952,synthetic,-0.7866900031682388,-0.04770301438881521,-0.37111474289227814,0.03934497262717101,0.171618335963463,-0.4483079712101771,-0.37111474289227814,0.9660172158897852,57.14285714285714,1.3333333333333333,0.5,2.707696805331947,1.6094379124341003,285.71428571428567,0.5,13.9947,33403.18,21.0
2001001153,Dr. Donna Hill,Anesthesiology,Las Vegas,NV,Lazanda,REP-S794,Selena Gomez,TERR-S14,2,9.0,9,6,4,3.390461317764088,1.113391694000694,0.4280164333141397,3.4775,0.032696636647521427,22.3214,synthetic,-0.21915068852746614,0.8130557893623042,-0.035770367909345006,1.086740367816724,0.9286091450931295,0.9308133928109468,-0.035770367909345006,1.4792459426987974,66.66666666666666,2.0,0.6666666666666666,3.116674757338101,1.9459101490553132,599.9999999999999,0.6666666666666666,21.5712,31590.3,39.0
2001001154,Dr. Barbara Adams,Neurology,Phoenix,AZ,Fentora,REP-S530,Sadie Patel,TERR-S02,2,2.0,8,6,6,-0.0294047161021094,-0.8562269047340033,-0.598315981162549,5.6421,0.049898579389028086,10.2791,synthetic,0.27744621178321077,0.8130557893623042,0.6349183820565215,-0.8176804699790282,0.9286091450931295,-1.0438376511283896,0.6349183820565215,0.6657687965423257,75.0,2.0,1.0,2.3730528762636713,1.9459101490553132,150.0,1.0,9.7301,18046.5,19.0
2001001156,Dr. Emily Rivera,Oncology,Las Vegas,NV,Abstral,REP-S508,Serena Brooks,TERR-S08,2,5.0,9,7,6,1.5095349991376794,-0.16907018844641963,0.3683270170325202,8.4851,0.07616346936194551,15.0373,synthetic,0.44297851188677,1.243435191237864,0.34748034635686437,0.01644184713055042,1.2290263146108709,0.004433890715949802,0.34748034635686437,0.9203125714908151,77.77777777777779,2.3333333333333335,0.8571428571428571,2.6987537897304197,2.0794415416798357,388.8888888888889,0.8571428571428571,13.8612,30802.62,28.0
2001001157,Dr. Laura Jones,Pain Management,Nashville,TN,Subsys,REP-S583,Sean Nakamura,TERR-S13,1,10.0,12,7,4,-1.2263578279552785,1.4783028324848027,0.13820813092303483,8.8791,0.08177256224040041,25.8752,synthetic,-0.7157475888381417,1.243435191237864,-0.2273957250424497,1.324290691376751,1.2290263146108709,0.8576781689613423,-0.2273957250424497,1.640435245887425,58.333333333333336,2.3333333333333335,0.5714285714285714,3.209431366040201,2.0794415416798357,583.3333333333334,0.5714285714285714,23.765,27765.9,12.0
2001001158,Dr. Donna Hernandez,Family Practice,Charlotte,NC,Subsys,REP-S589,Seth Nakamura,TERR-S05,3,3.0,5,4,4,-0.20039801779541927,-0.6536611355454047,-0.254046239370371,4.8162,0.04318714285596714,11.4752,synthetic,0.5754043519696166,-0.04770301438881521,0.6349183820565215,-0.5423654201261253,0.171618335963463,-0.6489074423405222,0.6349183820565215,0.7369822676691905,80.0,1.3333333333333333,1.0,2.4805555307172313,1.6094379124341003,240.0,1.0,10.9479,22589.59,18.0
2001001159,Dr. Joseph Martin,Pain Management,Philadelphia,PA,Actiq,REP-S767,Scott Muller,TERR-S01,2,10.0,6,5,0,-0.713377922875349,1.366174744941664,0.5511743528034964,5.6166,0.05243456784639022,24.3878,synthetic,0.7740431120938877,0.3826763874867446,-1.3771478678410778,1.2536140942514282,0.5818029746283429,1.954706526705419,-1.3771478678410778,1.5939039015048155,83.33333333333334,1.6666666666666667,0.0,3.18183417582929,1.791759469228055,833.3333333333335,0.0,23.0909,33215.53,15.0
2001001160,Dr. Sarah Wright,Pain Management,Nashville,TN,Fentora,REP-S837,Stanley Alvarez,TERR-S01,2,7.0,7,2,1,0.6545684906711301,0.4008518800138328,-0.8408739512688707,4.6174,0.04272159719771507,18.0857,synthetic,-2.4893079470905577,-0.9084618181399344,-0.37111474289227814,0.5477585420996142,-0.9776304286355144,-0.8244319795795745,-0.37111474289227814,1.193310511814806,28.57142857142857,0.6666666666666666,0.5,2.9062177663462427,1.0986122886681098,200.0,0.5,17.2875,14845.63,23.0
2001001162,Dr. Sarah Thomas,Pain Management,Jacksonville,FL,Subsys,REP-S685,Simon Larsson,TERR-S03,1,2.0,9,4,1,-0.713377922875349,-0.8346196675705949,-1.0759207303562073,3.4276,0.03064887642091252,10.198,synthetic,-1.5434090893559358,-0.04770301438881521,-0.874131305366678,-0.7868627504876301,0.171618335963463,-1.3120001385769418,-0.874131305366678,0.6806097843235854,44.44444444444444,1.3333333333333333,0.25,2.3850863145057892,1.6094379124341003,88.88888888888889,0.25,9.86,11743.88,15.0
2001001163,Dr. Richard Thomas,Pain Management,Austin,TX,Subsys,REP-S740,Sloan Santos,TERR-S02,1,10.0,9,8,5,-0.37139131948872917,1.7712896495720067,1.1665236756354667,8.812,0.08139429262979814,27.7758,synthetic,1.1051077123010045,1.6738145931134232,-0.11960646165507824,1.5002551704818479,1.4940130379096728,2.198490606204102,-0.11960646165507824,1.7620200404216606,88.88888888888889,2.6666666666666665,0.625,3.2781404635030635,2.1972245773362196,888.8888888888889,0.625,25.5264,41335.87,17.0
2001001164,Dr. John Lee,Pain Management,Jacksonville,FL,Subsys,REP-S791,Silas Gomez,TERR-S11,3,5.0,3,2,0,0.9965550940577499,-0.21228466277323682,0.5758282156577802,0.3626,0.00337752695261484,13.6508,synthetic,-0.21915068852746614,-0.9084618181399344,-1.3771478678410778,-0.028725033098999975,-0.9776304286355144,-0.2393501887827342,-1.3771478678410778,0.9388687546144844,66.66666666666666,0.6666666666666666,0.0,2.681117414528058,1.0986122886681098,333.33333333333326,0.0,13.6014,33540.87,25.0
2001001165,Dr. Elizabeth Hall,Oncology,Philadelphia,PA,Subsys,REP-S695,Stephen Larsson,TERR-S13,2,8.0,6,3,3,-1.2263578279552785,0.708010649420686,0.3518390737121938,4.9165,0.04566311890807295,20.0748,synthetic,-1.2123444891488182,-0.47808241626437475,0.6349183820565215,0.7941200613621145,-0.33040708865298646,0.0531907066156864,0.6349183820565215,1.2704060813033795,50.0,1.0,1.0,3.0024148950178535,1.3862943611198906,400.0,1.0,19.1341,30585.04,12.0
2001001166,Dr. Michelle Robinson,Neurology,Austin,TX,Subsys,REP-S669,Seth Kowalski,TERR-S01,3,3.0,5,3,0,0.9965550940577499,-0.6017305778670665,-1.0638559934501075,3.2928,0.029796105649316118,11.6309,synthetic,-0.6164282087760067,-0.47808241626437475,-1.3771478678410778,-0.47630538088800767,-0.33040708865298646,-0.9121942481991006,-1.3771478678410778,0.7704569558325445,60.0,1.0,0.0,2.506350087081652,1.3862943611198906,180.0,0.0,11.2601,11903.09,25.0
2001001167,Dr. Rebecca Gonzalez,Family Practice,Las Vegas,NV,Subsys,REP-S622,Sophia Novak,TERR-S10,3,6.0,5,2,1,1.1675483957510597,-0.03427030394121338,-0.08057728334626305,1.0808,0.01006935096151551,14.8302,synthetic,-1.80826076952163,-0.9084618181399344,-0.37111474289227814,0.1524220152577539,-0.9776304286355144,-0.6489074423405222,-0.37111474289227814,0.9876514252354601,40.0,0.6666666666666666,0.5,2.751850157090381,1.0986122886681098,240.0,0.5,14.6716,24878.74,26.0
2001001168,Dr. Robert Rivera,Oncology,Miami,FL,Subsys,REP-S632,Sienna Novak,TERR-S06,3,10.0,5,3,0,-0.542384621182039,2.76969703699254,1.945877944742139,3.7966,0.03613738141831657,32.7257,synthetic,-0.6164282087760067,-0.47808241626437475,-1.3771478678410778,2.0226553007686254,-0.33040708865298646,0.9308133928109472,-1.3771478678410778,2.093343936510725,60.0,1.0,0.0,3.482122776575739,1.3862943611198906,600.0,0.0,31.5287,51620.47,16.0
2001001169,Dr. Linda Gonzalez,Anesthesiology,Atlanta,GA,Abstral,REP-S832,Sienna Alvarez,TERR-S10,3,9.0,3,3,2,-1.0553645262619686,0.9610598403113207,-0.5001135240054376,3.3144,0.031123947660414597,21.34,synthetic,1.7672369127152399,-0.47808241626437475,-0.035770367909345006,0.9806636851687771,-0.33040708865298646,2.2472474221038388,-0.035770367909345006,1.4164449193749415,100.0,1.0,0.6666666666666666,3.07525484598064,1.3862943611198906,900.0,0.6666666666666666,20.6554,19342.41,13.0
2001001170,Dr. Jennifer Rodriguez,Anesthesiology,Boston,MA,Lazanda,REP-S643,Sean Dubois,TERR-S03,2,10.0,5,3,2,-1.3973511296485885,1.6637192086668773,0.019734854581313903,4.9575,0.04655812831935213,26.1131,synthetic,-0.6164282087760067,-0.47808241626437475,-0.035770367909345006,1.437045456385268,-0.33040708865298646,0.9308133928109472,-0.035770367909345006,1.7061264686509452,60.0,1.0,0.6666666666666666,3.2534588776026068,1.3862943611198906,600.0,0.6666666666666666,24.8797,26202.49,11.0
2001001171,Dr. Kathleen Hill,Orthopedics,Miami,FL,Abstral,REP-S735,Stephen Santos,TERR-S11,3,5.0,4,3,0,0.48357518897782026,-0.22750454114469087,-0.3057538785128692,3.3397,0.030622324181353022,13.9611,synthetic,0.27744621178321077,-0.47808241626437475,-1.3771478678410778,-0.0448241363033984,-0.33040708865298646,-0.0565121291587212,-1.3771478678410778,0.8369020148363817,75.0,1.0,0.0,2.6748311750735883,1.3862943611198906,375.0,0.0,13.5099,21907.24,22.0
2001001172,Dr. Betty Garcia,Neurology,Boston,MA,Abstral,REP-S609,Seth O'Connor,TERR-S11,3,2.0,4,3,4,-1.2263578279552785,-1.0275711310775537,-1.0904028098117986,4.0811,0.035954082966669354,9.0551,synthetic,0.27744621178321077,-0.47808241626437475,1.3056071320223879,-1.0761551991126852,-0.33040708865298646,-1.0438376511283896,1.3056071320223879,0.595285611650264,75.0,1.0,1.3333333333333333,2.272125885509337,1.3862943611198906,150.0,1.3333333333333333,8.7,11552.77,12.0
2001001173,Dr. Richard Garcia,Pain Management,Chicago,IL,Subsys,REP-S738,Summer Santos,TERR-S14,2,5.0,9,8,0,-1.3973511296485885,-0.3305672366523733,-0.9386240092090395,5.7197,0.051719400289949924,13.6276,synthetic,1.1051077123010045,1.6738145931134232,-1.3771478678410778,-0.15658755780101932,1.4940130379096728,0.24821797021463332,-1.3771478678410778,0.8897833978566242,88.88888888888889,2.6666666666666665,0.0,2.6311907548051514,2.1972245773362196,444.44444444444446,0.0,12.8903,13555.69,11.0
2001001174,Dr. Michelle Campbell,Family Practice,Seattle,WA,Subsys,REP-S677,Stanley Kowalski,TERR-S09,3,5.0,4,3,4,-1.3973511296485885,-0.3137837860766388,-0.92976622956609,5.6455,0.051091003929931045,13.7246,synthetic,0.27744621178321077,-0.47808241626437475,1.3056071320223879,-0.1380514866650966,-0.33040708865298646,-0.0565121291587212,1.3056071320223879,0.874531557261574,75.0,1.0,1.3333333333333333,2.6384285605528444,1.3862943611198906,375.0,1.3333333333333333,12.9912,13672.58,11.0
2001001175,Dr. Laura Lee,Anesthesiology,Atlanta,GA,Subsys,REP-S621,Samuel Novak,TERR-S09,3,2.0,3,2,2,-0.542384621182039,-0.8239907033308581,-1.2026493451725875,2.8026,0.025139284374068538,10.202,synthetic,-0.21915068852746614,-0.9084618181399344,0.6349183820565215,-0.7718380013610145,-0.9776304286355144,-1.1169728749779948,0.6349183820565215,0.6805318577894877,66.66666666666666,0.6666666666666666,1.0,2.390953049413572,1.0986122886681098,133.33333333333331,1.0,9.9239,10071.53,16.0
2001001176,Dr. Nancy Sanchez,Oncology,Atlanta,GA,Actiq,REP-S728,Serena Santos,TERR-S04,2,4.0,5,4,5,-1.0553645262619686,-0.5128564684258872,-0.5141507821204174,5.8917,0.05288920338968994,12.4893,synthetic,0.5754043519696166,-0.04770301438881521,1.1379349445309213,-0.36705925551471863,0.171618335963463,-0.2978583678624179,1.1379349445309213,0.7830876542572988,80.0,1.3333333333333333,1.25,2.549007575194524,1.6094379124341003,320.0,1.25,11.7944,19157.17,13.0
2001001177,Dr. Jessica Young,Oncology,Houston,TX,Lazanda,REP-S723,Sean Santos,TERR-S13,2,3.0,7,4,3,1.6805283008309895,-0.7632941610604362,-1.2054425503880817,6.4976,0.0575308867667772,10.9573,synthetic,-0.7866900031682388,-0.04770301438881521,0.1319018195821217,-0.6876883456103985,0.171618335963463,-0.9498066490360403,0.1319018195821217,0.6831235380453856,57.14285714285714,1.3333333333333333,0.75,2.423811083761414,1.6094379124341003,171.42857142857142,0.75,10.2888,10034.67,29.0
2001001179,Dr. Barbara Mitchell,Oncology,Phoenix,AZ,Subsys,REP-S681,Samuel Larsson,TERR-S13,2,2.0,5,4,2,-0.0294047161021094,-0.9720809515724489,-0.8801713023445895,5.2569,0.04624499267871052,9.5085,synthetic,0.5754043519696166,-0.04770301438881521,-0.37111474289227814,-0.989558396308176,0.171618335963463,-0.9999565168186266,-0.37111474289227814,0.5997846972714792,80.0,1.3333333333333333,0.5,2.3059394608066195,1.6094379124341003,160.0,0.5,9.0336,14327.05,19.0
2001001180,Dr. Joseph Davis,Neurology,Chicago,IL,Subsys,REP-S840,Sloan Alvarez,TERR-S04,3,9.0,5,3,2,2.364501507604229,1.1910546580622448,0.6953593635352658,2.5684,0.02427529514970672,22.6042,synthetic,-0.6164282087760067,-0.47808241626437475,-0.035770367909345006,1.1391759867285292,-0.33040708865298646,0.667526586952369,-0.035770367909345006,1.5079268779436417,60.0,1.0,0.6666666666666666,3.1371493671494646,1.3862943611198906,540.0,0.6666666666666666,22.0381,35118.24,33.0
2001001182,Dr. Jessica Wilson,Palliative Care,Denver,CO,Abstral,REP-S721,Samuel Santos,TERR-S11,3,10.0,2,1,0,-0.8843712245686588,2.409659586336667,2.193754068457342,0.8613,0.00829439352373118,29.6171,synthetic,-1.2123444891488182,-1.3388412200154942,-1.3771478678410778,1.8463082168671106,-1.889840491916844,0.49200204971331685,-1.3771478678410778,1.8850789512666692,50.0,0.3333333333333333,0.0,3.4132642828802933,0.6931471805599453,500.0,0.0,29.3642,54891.52,14.0
2001001183,Dr. Linda Hernandez,Palliative Care,Charlotte,NC,Fentora,REP-S590,Sadie Nakamura,TERR-S06,3,4.0,5,3,3,1.6805283008309895,-0.41897560118163923,-0.09970460099257066,6.5547,0.05887407818096513,13.1689,synthetic,-0.6164282087760067,-0.47808241626437475,0.6349183820565215,-0.2565062984486888,-0.33040708865298646,-0.6489074423405222,0.6349183820565215,0.7933917403816386,60.0,1.0,1.0,2.592175343715128,1.3862943611198906,240.0,1.0,12.3588,24626.33,29.0
2001001184,Dr. Deborah Garcia,Palliative Care,Las Vegas,NV,Subsys,REP-S733,Spencer Santos,TERR-S09,3,2.0,5,3,4,-0.713377922875349,-0.973927297473248,-0.2294120789945474,5.7689,0.05062956706028743,9.543,synthetic,-0.6164282087760067,-0.47808241626437475,1.3056071320223879,-0.9923931628408501,-0.33040708865298646,-1.1754810540576788,1.3056071320223879,0.5792129476642826,60.0,1.0,1.3333333333333333,2.304832565534525,1.3862943611198906,120.0,1.3333333333333333,9.0225,22914.67,15.0
2001001185,Dr. David Carter,Anesthesiology,Chicago,IL,Abstral,REP-S692,Sienna Larsson,TERR-S10,3,10.0,2,2,3,0.9965550940577499,1.38082907592008,0.2030550498353253,3.1477,0.029728637527822954,23.9086,synthetic,1.7672369127152399,-0.9084618181399344,1.640951507005321,1.2629625688346418,-0.9776304286355144,2.6860587652014694,1.640951507005321,1.5895008949810592,100.0,0.6666666666666666,1.5,3.185484487838474,1.0986122886681098,1000.0,1.5,23.179,28621.64,25.0
2001001186,Dr. Carol Lee,Pain Management,Seattle,WA,Subsys,REP-S751,Silas Tanaka,TERR-S13,1,8.0,13,7,4,0.31258188728451036,0.5047129953705092,-0.5473396070859627,8.8722,0.08068718967972632,19.5011,synthetic,-0.9831459197746599,1.243435191237864,-0.2273957250424497,0.633740733748144,1.2290263146108709,0.18820958141495733,-0.2273957250424497,1.2364111963312,53.84615384615385,2.3333333333333335,0.5714285714285714,2.9397913535616538,2.0794415416798357,430.7692307692308,0.5714285714285714,17.9119,18719.2,21.0
2001001187,Dr. Dorothy Allen,Internal Medicine,New York,NY,Actiq,REP-S649,Seth Dubois,TERR-S09,3,8.0,5,3,0,-0.542384621182039,0.5406252548283994,-0.41598772992022537,-0.3831,-0.0036400720021307897,18.0583,synthetic,-0.6164282087760067,-0.47808241626437475,-1.3771478678410778,0.6628118014511656,-0.33040708865298646,0.4042397810937907,-1.3771478678410778,1.1742905208646999,60.0,1.0,0.0,2.951142774225158,1.3862943611198906,480.0,0.0,18.1278,20452.56,16.0
2001001188,Dr. Ashley Sanchez,Neurology,Denver,CO,Abstral,REP-S737,Stanley Santos,TERR-S13,2,3.0,7,6,2,-0.37139131948872917,-0.8118148006336948,-0.18778453094713962,5.729,0.05076665329491847,10.5698,synthetic,0.91592794075408,0.8130557893623042,-0.7064591178752114,-0.7547341823104463,0.9286091450931295,-0.5736826406666429,-0.7064591178752114,0.6840379066929717,85.71428571428571,2.0,0.3333333333333333,2.397631601676559,1.9459101490553132,257.1428571428571,0.3333333333333333,9.9971,23464.0,17.0
2001001189,Dr. Michael Garcia,Pain Management,Portland,OR,Abstral,REP-S604,Sarah O'Connor,TERR-S06,3,9.0,2,1,0,-0.713377922875349,0.8207708193442788,1.6956905687460735,-3.0,-0.028971285069213426,19.2177,synthetic,-1.2123444891488182,-1.3388412200154942,-1.3771478678410778,0.8789274197224145,-1.889840491916844,0.2725963781645016,-1.3771478678410778,1.3675700859045514,50.0,0.3333333333333333,0.0,3.0355297434280573,0.6931471805599453,450.0,0.0,19.812,48318.92,15.0
2001001191,Dr. David Rodriguez,Pain Management,Jacksonville,FL,Subsys,REP-S826,Stella Alvarez,TERR-S04,2,8.0,7,6,0,-0.713377922875349,0.4874305323891533,0.27865194411034017,3.5551,0.03310707055582984,18.4411,synthetic,0.91592794075408,0.8130557893623042,-1.3771478678410778,0.6196320378303383,0.9286091450931295,1.3069374011803445,-1.3771478678410778,1.2292392534720498,85.71428571428571,2.0,0.0,2.9342823112377685,1.9459101490553132,685.7142857142857,0.0,17.808,29619.24,15.0
2001001193,Dr. Nancy Green,Pain Management,Atlanta,GA,Subsys,REP-S654,Selena Dubois,TERR-S14,2,1.0,9,7,0,0.48357518897782026,-1.1638680527996241,-1.1272866072761911,4.4749,0.03893656169864501,8.2332,synthetic,0.44297851188677,1.243435191237864,-1.3771478678410778,-1.3021813869250312,1.2290263146108709,-1.3607569544766782,-1.3771478678410778,0.5439770249838183,77.77777777777779,2.3333333333333335,0.0,2.183869122289061,2.0794415416798357,77.77777777777779,0.0,7.8806,11066.04,22.0
2001001194,Dr. John Lewis,Internal Medicine,Atlanta,GA,Lazanda,REP-S517,Stanley Brooks,TERR-S03,3,3.0,2,1,1,0.48357518897782026,-0.7534469829228396,-1.2547775564514392,1.4985,0.013566353967268352,10.503,synthetic,-1.2123444891488182,-1.3388412200154942,0.6349183820565215,-0.6742931696451837,-1.889840491916844,-1.0438376511283896,0.6349183820565215,0.6703272493026134,50.0,0.3333333333333333,1.0,2.429041516946605,0.6931471805599453,150.0,1.0,10.348,9383.63,22.0
2001001195,Dr. Jessica Brown,Palliative Care,Miami,FL,Subsys,REP-S573,Spencer Kapoor,TERR-S03,2,6.0,9,6,6,-0.713377922875349,-0.013211980423988431,-0.9264789468138345,7.6283,0.06901397071450921,15.927,synthetic,-0.21915068852746614,0.8130557893623042,0.6349183820565215,0.17302749952644134,0.9286091450931295,0.05319070661568615,0.6349183820565215,0.9499926896232291,66.66666666666666,2.0,1.0,2.7598960094924507,1.9459101490553132,399.99999999999994,1.0,14.7982,13715.96,15.0
2001001197,Dr. Susan Scott,Oncology,Houston,TX,Fentora,REP-S533,Spencer Patel,TERR-S05,2,8.0,8,4,1,-0.542384621182039,0.6224133881097539,-0.356865896575775,5.6927,0.05261406606698271,19.6794,synthetic,-1.2123444891488182,-0.04770301438881521,-0.874131305366678,0.7278132203367254,0.171618335963463,0.0531907066156864,-0.874131305366678,1.2362392812219165,50.0,1.3333333333333333,0.25,2.976523969612693,1.6094379124341003,400.0,0.25,18.6195,21232.75,16.0
2001001198,Dr. Amanda Lee,Pain Management,Philadelphia,PA,Fentora,REP-S610,Sadie O'Connor,TERR-S12,1,7.0,11,7,3,-0.20039801779541927,0.22559872315958088,-0.46687316948084323,9.0871,0.08212631718600427,17.709,synthetic,-0.39973137954952986,1.243435191237864,-0.5148337607421067,0.3957899441358034,1.2290263146108709,0.25265040802370015,-0.5148337607421067,1.1205832837455025,63.63636363636363,2.3333333333333335,0.42857142857142855,2.8468783743172774,2.0794415416798357,445.45454545454544,0.42857142857142855,16.2339,19781.06,18.0
2001001199,Dr. Margaret Allen,Oncology,Baltimore,MD,Subsys,REP-S572,Sienna Kapoor,TERR-S02,2,9.0,6,4,3,0.14158858559120047,0.9544562428102636,-0.5666237867723157,3.9487,0.036966070985304356,21.4297,synthetic,-0.21915068852746614,-0.04770301438881521,0.1319018195821217,0.975964382116104,0.171618335963463,0.9308133928109468,0.1319018195821217,1.3687767206362507,66.66666666666666,1.3333333333333333,0.75,3.073419902513096,1.6094379124341003,599.9999999999999,0.75,20.6157,18464.72,20.0
2001001200,Dr. Donna Johnson,Neurology,Portland,OR,Actiq,REP-S611,Silas O'Connor,TERR-S13,2,10.0,8,4,3,0.48357518897782026,1.3875324759022618,2.204926131531686,3.6369,0.03427473807257986,24.0638,synthetic,-1.2123444891488182,-0.04770301438881521,0.1319018195821217,1.2672275370538855,0.171618335963463,0.49200204971331685,0.1319018195821217,1.5887488738610316,50.0,1.3333333333333333,0.75,3.187149835973179,1.6094379124341003,500.0,0.75,23.2193,55038.95,22.0
2001001201,Dr. Thomas Baker,Oncology,Portland,OR,Subsys,REP-S788,Serena Gomez,TERR-S08,2,1.0,5,3,3,-0.542384621182039,-1.2793228897135727,-1.3204686507869694,5.526,0.04736694982279133,7.5836,synthetic,-0.6164282087760067,-0.47808241626437475,0.6349183820565215,-1.5106029641745093,-0.33040708865298646,-1.438767859916257,0.6349183820565215,0.4771467329681949,60.0,1.0,1.0,2.10248645609741,1.3862943611198906,60.0,1.0,7.1865,8516.75,16.0
2001001202,Dr. Nancy Rodriguez,Oncology,Miami,FL,Fentora,REP-S542,Sophia Chen,TERR-S14,2,6.0,7,5,6,0.82556179236444,-0.05218484930302316,0.47519022904798314,6.7214,0.06099683182804183,15.5428,synthetic,0.06461896879292103,0.3826763874867446,1.0373316320360413,0.1347612416998221,0.5818029746283429,0.17856537607215217,1.0373316320360413,0.9669682466117712,71.42857142857143,1.6666666666666667,1.2,2.74495413001814,1.791759469228055,428.57142857142856,1.2,14.5639,32212.82,24.0
2001001204,Dr. Karen Flores,Internal Medicine,Phoenix,AZ,Subsys,REP-S817,Stanley Vargas,TERR-S09,3,7.0,4,3,0,-0.713377922875349,0.21355589043725032,-0.3699794115660429,1.6517,0.015432556737023706,16.4284,synthetic,0.27744621178321077,-0.47808241626437475,-1.3771478678410778,0.3850084338082736,-0.33040708865298646,0.6017048854877244,-1.3771478678410778,1.0469166833788353,75.0,1.0,0.0,2.8426685028269714,1.3862943611198906,525.0,0.0,16.1615,21059.7,15.0
2001001205,Dr. Richard Moore,Oncology,Boston,MA,Abstral,REP-S763,Sean Muller,TERR-S11,3,1.0,4,4,2,-0.20039801779541927,-1.7017368910721256,-1.3122186168257417,4.089,0.033109667472603466,4.8371,synthetic,1.7672369127152399,-0.04770301438881521,-0.37111474289227814,-2.461663708283769,0.171618335963463,-1.2632433226772048,-0.37111474289227814,0.30853696070454345,100.0,1.3333333333333333,0.5,1.7311244306906997,1.6094379124341003,100.0,0.5,4.647,8625.62,18.0
2001001206,Dr. Elizabeth Young,Orthopedics,Los Angeles,CA,Subsys,REP-S610,Sadie O'Connor,TERR-S12,3,7.0,2,1,2,-0.37139131948872917,0.37458719373129057,0.368073158175442,1.7328,0.016243884243716256,17.4265,synthetic,-1.2123444891488182,-1.3388412200154942,2.646984631954121,0.5255499896131407,-1.889840491916844,-0.16621496493312882,2.646984631954121,1.0611327066330087,50.0,0.3333333333333333,2.0,2.8975459616441652,0.6931471805599453,350.0,2.0,17.1296,30799.27,17.0
2001001207,Dr. Sandra Carter,Orthopedics,Las Vegas,NV,Fentora,REP-S635,Stephen Novak,TERR-S09,3,4.0,4,4,5,1.1675483957510597,-0.44304463287944695,0.3906029422942318,5.8878,0.05299004012857056,12.9332,synthetic,1.7672369127152399,-0.04770301438881521,1.1379349445309213,-0.28439797567082264,0.171618335963463,0.0531907066156864,1.1379349445309213,0.7566306856018956,100.0,1.3333333333333333,1.25,2.581284441310253,1.6094379124341003,400.0,1.25,12.2141,31096.58,26.0
2001001208,Dr. Elizabeth Sanchez,Pain Management,Seattle,WA,Subsys,REP-S695,Stephen Larsson,TERR-S13,1,6.0,11,8,9,-1.3973511296485885,0.09821748975128025,1.041681952025429,10.5409,0.09440941094194111,17.0986,synthetic,0.14201069351666307,1.6738145931134232,0.8864266632937214,0.27938398607447434,1.4940130379096728,0.2127584677420975,0.8864266632937214,1.0677221303139608,72.72727272727273,2.6666666666666665,1.125,2.8014251762720246,2.1972245773362196,436.3636363636364,1.125,15.4681,39688.42,11.0
2001001209,Dr. Jessica Baker,Family Practice,Atlanta,GA,Subsys,REP-S553,Spencer Chen,TERR-S11,3,3.0,2,1,0,-1.2263578279552785,-0.6979235359240269,-0.5791242515674306,1.6688,0.015139318454119977,10.86,synthetic,-1.2123444891488182,-1.3388412200154942,-1.3771478678410778,-0.6000481474353405,-1.889840491916844,-1.0438376511283896,-1.3771478678410778,0.7190691536083412,50.0,0.3333333333333333,0.0,2.4580320751154594,0.6931471805599453,150.0,0.0,10.6818,18299.76,12.0
2001001210,Dr. Laura Adams,Oncology,Las Vegas,NV,Subsys,REP-S704,Sarah Rossi,TERR-S08,2,7.0,7,6,1,-1.3973511296485885,0.2541422327611278,-0.10762499733341324,7.0831,0.06463187807352089,17.5676,synthetic,0.91592794075408,0.8130557893623042,-1.0418034928581448,0.4211640785097299,0.9286091450931295,0.9308133928109472,-1.0418034928581448,1.089241039130275,85.71428571428571,2.0,0.16666666666666666,2.8567862482279693,1.9459101490553132,600.0,0.16666666666666666,16.4055,24521.81,11.0
2001001211,Dr. Charles Walker,Anesthesiology,Nashville,TN,Abstral,REP-S517,Stanley Brooks,TERR-S03,2,3.0,6,5,3,-0.713377922875349,-0.7180670033642792,-0.569992910588943,9.0395,0.07934847097484754,11.5154,synthetic,0.7740431120938877,0.3826763874867446,-0.16990811790251828,-0.6267355307526657,0.5818029746283429,-0.6050263080307591,-0.16990811790251828,0.7242004444379168,83.33333333333334,1.6666666666666667,0.6,2.447611415044152,1.791759469228055,250.00000000000003,0.6,10.5607,18420.26,15.0
2001001212,Dr. Linda Adams,Oncology,Atlanta,GA,Abstral,REP-S585,Simon Nakamura,TERR-S01,2,10.0,5,4,2,-0.20039801779541927,2.2612200294111418,0.19240510244016626,5.3305,0.050214563484840546,29.9895,synthetic,0.5754043519696166,-0.04770301438881521,-0.37111474289227814,1.7699123309782872,0.171618335963463,1.8084360790062082,-0.37111474289227814,1.8903814585297227,80.0,1.3333333333333333,0.5,3.3834338739478076,1.6094379124341003,800.0,0.5,28.4718,28481.1,18.0
2001001213,Dr. Ashley Martinez,Neurology,Philadelphia,PA,Subsys,REP-S764,Sarah Muller,TERR-S12,2,9.0,8,6,5,-1.2263578279552785,1.2649417615879264,2.0940830188673427,8.6958,0.07996965489450902,24.4373,synthetic,0.27744621178321077,0.8130557893623042,0.2995740070735884,1.1880850193855486,0.9286091450931295,1.2599219001341702,0.2995740070735884,1.5383206559545666,75.0,2.0,0.8333333333333334,3.1562469458695332,1.9459101490553132,675.0,0.8333333333333334,22.4823,53576.23,12.0
2001001214,Dr. Patricia Lee,Palliative Care,Baltimore,MD,Fentora,REP-S743,Sean Tanaka,TERR-S05,3,9.0,5,2,2,-0.8843712245686588,1.1661539390217348,1.3175742423228458,4.5338,0.04244455679883252,22.8808,synthetic,-1.80826076952163,-0.9084618181399344,0.6349183820565215,1.1224804360255338,-0.9776304286355144,-0.12233383062336577,0.6349183820565215,1.4051587346805077,40.0,0.6666666666666666,1.0,3.1306302320019492,1.0986122886681098,360.0,1.0,21.8884,43329.18,14.0
2001001215,Dr. Margaret Wright,Pain Management,Philadelphia,PA,Subsys,REP-S753,Spencer Tanaka,TERR-S01,2,9.0,9,8,3,-0.37139131948872917,0.9836817360328262,-0.2684282908583974,7.6008,0.07001049218941313,22.3717,synthetic,1.1051077123010045,1.6738145931134232,-0.6226230241294781,0.9966969989546959,1.4940130379096728,1.8084360790062082,-0.6226230241294781,1.4351754837510544,88.88888888888889,2.6666666666666665,0.375,3.081515396548413,2.1972245773362196,800.0,0.375,20.7914,22399.8,17.0
2001001216,Dr. Mary Jackson,Neurology,Austin,TX,Subsys,REP-S758,Summer Tanaka,TERR-S06,3,5.0,3,1,0,-0.713377922875349,-0.185437795350803,0.5971728199184491,1.9237,0.017778007297633902,14.0276,synthetic,-2.205538289770171,-1.3388412200154942,-1.3771478678410778,-0.0005716564441794006,-1.889840491916844,-0.9707024272787848,-1.3771478678410778,0.9417007834506038,33.33333333333333,0.3333333333333333,0.0,2.692110503078216,0.6931471805599453,166.66666666666663,0.0,13.7628,33822.54,15.0
2001001217,Dr. William Brown,Pain Management,Charlotte,NC,Subsys,REP-S618,Summer O'Connor,TERR-S06,3,6.0,2,2,2,0.31258188728451036,0.05418796182861484,-0.8035566992783624,4.2096,0.03873779191205262,15.8434,synthetic,1.7672369127152399,-0.9084618181399344,0.6349183820565215,0.23788522512574084,-0.9776304286355144,0.9308133928109472,0.6349183820565215,1.0494505877266938,100.0,0.6666666666666666,1.0,2.785221096760548,1.0986122886681098,600.0,1.0,15.2034,15338.08,21.0
2001001218,Dr. Nancy Torres,Palliative Care,Jacksonville,FL,Fentora,REP-S809,Seth Vargas,TERR-S01,2,6.0,7,5,4,2.022514904217609,-0.10656056776890664,-0.13810852044890062,7.3881,0.06675107458830354,15.2888,synthetic,0.06461896879292103,0.3826763874867446,0.23250513207700174,0.08039759500140016,0.5818029746283429,0.17856537607215217,0.23250513207700174,0.9139656121802593,71.42857142857143,1.6666666666666667,0.8,2.7237266804872178,1.791759469228055,428.57142857142856,0.8,14.237,24119.54,31.0
2001001219,Dr. Linda Ramirez,Oncology,Baltimore,MD,Subsys,REP-S687,Scott Larsson,TERR-S05,3,4.0,3,3,3,-0.20039801779541927,-0.5833170200996353,-0.8950421268559456,6.7492,0.060185160463412046,12.1382,synthetic,1.7672369127152399,-0.47808241626437475,0.6349183820565215,-0.4532850785011307,-0.33040708865298646,0.0531907066156864,0.6349183820565215,0.7549627873422041,100.0,1.0,1.0,2.515338856908202,1.3862943611198906,400.0,1.0,11.3708,14130.81,18.0
2001001220,Dr. Karen Carter,Family Practice,Phoenix,AZ,Actiq,REP-S564,Sarah Kapoor,TERR-S08,3,5.0,3,3,4,0.82556179236444,-0.2701035668379082,-0.44077269003502995,4.6063,0.0419455545339269,13.8644,synthetic,1.7672369127152399,-0.47808241626437475,1.3056071320223879,-0.09042961981286157,-0.33040708865298646,0.49200204971331685,1.3056071320223879,0.8922090610285001,100.0,1.0,1.3333333333333333,2.6570235378320906,1.3862943611198906,500.0,1.3333333333333333,13.2538,20125.49,24.0
2001001221,Dr. John Green,Pain Management,Miami,FL,Abstral,REP-S642,Sophia Dubois,TERR-S02,1,9.0,13,8,4,1.1675483957510597,1.01813022576756,0.7416420010126197,7.6268,0.0702766800950747,22.6001,synthetic,-0.5247487810263433,1.6738145931134232,-0.37111474289227814,1.0209212380041326,1.4940130379096728,0.7282850806120408,-0.37111474289227814,1.4494710503163093,61.53846153846154,2.6666666666666665,0.5,3.090974269215648,2.1972245773362196,553.8461538461538,0.5,20.9985,35729.0,26.0
2001001222,Dr. David Wilson,Orthopedics,Detroit,MI,Lazanda,REP-S630,Sadie Novak,TERR-S04,3,6.0,3,2,0,1.1675483957510597,-0.024256788335076378,-0.4906987704521818,2.0678,0.019176996798467627,15.0364,synthetic,-0.21915068852746614,-0.9084618181399344,-1.3771478678410778,0.1622408762632683,-0.9776304286355144,0.05319070661568615,-1.3771478678410778,0.9125954375803379,66.66666666666666,0.6666666666666666,0.0,2.755684141546978,1.0986122886681098,399.99999999999994,0.0,14.7318,19466.65,26.0
2001001223,Dr. Melissa Adams,Oncology,Seattle,WA,Subsys,REP-S770,Sadie Muller,TERR-S04,2,2.0,9,6,0,3.903441222844018,-1.1220341794616933,-1.3939126703964335,6.5046,0.056311834265838634,8.6611,synthetic,-0.21915068852746614,0.8130557893623042,-1.3771478678410778,-1.2306612796047005,0.9286091450931295,-1.1169728749779948,-1.3771478678410778,0.539929722002457,66.66666666666666,2.0,0.0,2.211795679111316,1.9459101490553132,133.33333333333331,0.0,8.1321,7547.56,42.0
2001001224,Dr. David Allen,Anesthesiology,Chicago,IL,Subsys,REP-S732,Sienna Santos,TERR-S08,2,4.0,8,6,2,-0.713377922875349,-0.42374948652875116,0.2602771095836704,7.2967,0.06531372115126999,13.2298,synthetic,0.27744621178321077,0.8130557893623042,-0.7064591178752114,-0.26201427585047304,0.9286091450931295,-0.385620636481944,-0.7064591178752114,0.8455371234827196,75.0,2.0,0.3333333333333333,2.5900246360379473,1.9459101490553132,300.0,0.3333333333333333,12.3301,29376.76,15.0
2001001225,Dr. Amanda Mitchell,Palliative Care,Austin,TX,Abstral,REP-S764,Sarah Muller,TERR-S12,2,2.0,7,5,5,-0.8843712245686588,-0.9915757028853934,-0.35056792355733424,6.7979,0.05932586945692542,9.5225,synthetic,0.06461896879292103,0.3826763874867446,0.6349183820565215,-1.019648970002956,0.5818029746283429,-1.075181318492506,0.6349183820565215,0.572401698703664,71.42857142857143,1.6666666666666667,1.0,2.2941899522056635,1.791759469228055,142.85714285714286,1.0,8.9164,21315.86,14.0
2001001226,Dr. Sarah Hill,Pain Management,Jacksonville,FL,Subsys,REP-S591,Silas Nakamura,TERR-S07,2,5.0,6,4,2,-0.0294047161021094,-0.303171455583756,-0.6172970457956741,5.6597,0.0512299697216112,13.7938,synthetic,-0.21915068852746614,-0.04770301438881521,-0.37111474289227814,-0.1263998170618419,0.171618335963463,-0.2393501887827342,-0.37111474289227814,0.9011522042945648,66.66666666666666,1.3333333333333333,0.5,2.6429782043584953,1.6094379124341003,333.33333333333326,0.5,13.055,17796.02,19.0
2001001227,Dr. Richard Jones,Internal Medicine,Austin,TX,Actiq,REP-S821,Samuel Alvarez,TERR-S13,3,5.0,2,1,1,-0.37139131948872917,-0.16344798200975147,0.027245287812665626,2.4887,0.022950456153842502,14.2408,synthetic,-1.2123444891488182,-1.3388412200154942,0.6349183820565215,0.022259933687473154,-1.889840491916844,-0.6050263080307592,0.6349183820565215,0.9000963595921736,50.0,0.3333333333333333,1.0,2.7010255861652457,0.6931471805599453,250.0,1.0,13.895,26301.6,17.0
2001001228,Dr. Stephanie Johnson,Anesthesiology,Los Angeles,CA,Abstral,REP-S728,Serena Santos,TERR-S04,2,10.0,8,6,0,-0.0294047161021094,1.9673349899938182,2.767616791741656,2.6104,0.02485018377612125,27.4021,synthetic,0.27744621178321077,0.8130557893623042,-1.3771478678410778,1.611588390305674,0.9286091450931295,1.5890304074573929,-1.3771478678410778,1.8312964925350181,75.0,2.0,0.0,3.321612902319313,1.9459101490553132,750.0,0.0,26.705,62464.39,19.0
2001001229,Dr. Betty Williams,Palliative Care,Portland,OR,Lazanda,REP-S502,Sophia Brooks,TERR-S02,1,1.0,12,10,5,0.9965550940577499,-1.3013459705483323,-1.3388055959319853,9.1224,0.07686584699173826,7.6976,synthetic,0.7740431120938877,2.534573396864543,-0.37111474289227814,-1.5523606379184725,1.9454793272294546,-1.33637854652681,-0.37111474289227814,0.45284855130159213,83.33333333333334,3.3333333333333335,0.5,2.086181278542895,2.3978952727983707,83.33333333333334,0.5,7.0541,8274.77,25.0
2001001230,Dr. Joseph Garcia,Palliative Care,Houston,TX,Subsys,REP-S755,Stephen Tanaka,TERR-S03,1,3.0,13,8,1,-0.713377922875349,-0.7139085666507674,-0.9092574650646967,8.0795,0.07122589091268283,11.441,synthetic,-0.5247487810263433,1.6738145931134232,-1.125639586603878,-0.6212033357047068,1.4940130379096728,-0.8919414169792099,-1.125639586603878,0.6795649210407088,61.53846153846154,2.6666666666666665,0.125,2.449771579019671,2.1972245773362196,184.6153846153846,0.125,10.5857,13943.22,15.0
2001001231,Dr. Barbara Clark,Anesthesiology,Baltimore,MD,Actiq,REP-S576,Sasha Kapoor,TERR-S06,3,7.0,4,3,2,0.9965550940577499,0.19983304928266063,0.26607873170245067,4.1291,0.03813579726303029,16.7429,synthetic,0.27744621178321077,-0.47808241626437475,-0.035770367909345006,0.37266728891817774,-0.33040708865298646,0.6017048854877244,-0.035770367909345006,1.1026180978644657,75.0,1.0,0.6666666666666666,2.8378496386370546,1.3862943611198906,525.0,0.6666666666666666,16.079,29453.32,25.0
2001001232,Dr. Sarah Clark,Pain Management,Jacksonville,FL,Lazanda,REP-S657,Stanley Dubois,TERR-S03,1,4.0,11,9,2,-1.2263578279552785,-0.3788882712633832,-1.1240735877119763,8.0068,0.07155530964205026,13.6086,synthetic,0.6837527665828556,2.104193994988983,-0.9300220345305003,-0.21071615149424291,1.7310517392273213,-0.26594481563713557,-0.9300220345305003,0.8697309493428309,81.81818181818183,3.0,0.2222222222222222,2.6100550867515206,2.302585092994046,327.2727272727273,0.2222222222222222,12.5998,11108.44,12.0
2001001234,Dr. Kimberly Robinson,Pain Management,Detroit,MI,Subsys,REP-S552,Sienna Chen,TERR-S10,2,9.0,8,4,4,0.31258188728451036,1.0023448000030684,1.2662705039887738,6.2783,0.058190689267230145,22.216,synthetic,-1.2123444891488182,-0.04770301438881521,0.6349183820565215,1.0098493329148823,0.171618335963463,0.2725963781645016,0.6349183820565215,1.4429203537105986,50.0,1.3333333333333333,1.0,3.086651006874602,1.6094379124341003,450.0,1.0,20.9036,42652.16,21.0
2001001235,Dr. Nancy Moore,Palliative Care,Detroit,MI,Subsys,REP-S725,Simon Santos,TERR-S01,3,9.0,2,1,0,-1.0553645262619686,0.9895035474317431,0.747802814469475,-0.7674,-0.0073529573989579156,20.6665,synthetic,-1.2123444891488182,-1.3388412200154942,-1.3771478678410778,1.0008070303640495,-1.889840491916844,0.2725963781645016,-1.3771478678410778,1.336982048571395,50.0,0.3333333333333333,0.0,3.083120246289207,0.6931471805599453,450.0,0.0,20.8264,35810.3,13.0
2001001236,Dr. John Moore,Oncology,Chicago,IL,Actiq,REP-S536,Sasha Patel,TERR-S08,2,6.0,9,7,2,-1.3973511296485885,-0.05739121206834022,-0.608246030306292,6.1359,0.05582090445345678,15.4243,synthetic,0.44297851188677,1.243435191237864,-0.8022717964417637,0.12960570677076455,1.2290263146108709,0.345731602014107,-0.8022717964417637,0.9648900871820203,77.77777777777779,2.3333333333333335,0.2857142857142857,2.74294104104862,2.0794415416798357,466.66666666666674,0.2857142857142857,14.5326,17915.46,11.0
2001001237,Dr. Betty Smith,Palliative Care,Atlanta,GA,Actiq,REP-S605,Simon O'Connor,TERR-S07,2,10.0,8,6,1,-0.8843712245686588,2.203384491599616,0.19069250238942928,3.6316,0.03446633093134954,29.1454,synthetic,0.27744621178321077,0.8130557893623042,-1.0418034928581448,1.7395186487220404,0.9286091450931295,1.5890304074573929,-1.0418034928581448,1.8054688679861508,75.0,2.0,0.16666666666666666,3.371566010120856,1.9459101490553132,750.0,0.16666666666666666,28.1241,28458.5,14.0
2001001238,Dr. Sharon Rivera,Pain Management,Philadelphia,PA,Actiq,REP-S502,Sophia Brooks,TERR-S02,1,5.0,10,4,4,-1.0553645262619686,-0.1559960634191378,0.7333139149251856,7.668,0.06910353172710781,15.0087,synthetic,-1.80826076952163,-0.04770301438881521,0.6349183820565215,0.029951166712886636,0.171618335963463,-0.8244319795795745,0.6349183820565215,0.962227613743805,40.0,1.3333333333333333,1.0,2.7040287927342095,1.6094379124341003,200.0,1.0,13.9398,35619.1,13.0
2001001239,Dr. Linda Harris,Oncology,Seattle,WA,Subsys,REP-S726,Stella Santos,TERR-S02,2,3.0,8,5,1,0.9965550940577499,-0.8215788100370212,-0.5588784393747123,5.8351,0.0516575409211244,10.5183,synthetic,-0.46744913868280374,0.3826763874867446,-0.9747346178615579,-0.768440865026066,0.5818029746283429,-0.8792833974667782,-0.9747346178615579,0.6598587756113696,62.5,1.6666666666666667,0.2,2.3922795340127347,1.791759469228055,187.5,0.2,9.9384,18566.93,25.0
2001001241,Dr. Rebecca Clark,Oncology,Jacksonville,FL,Subsys,REP-S810,Sadie Vargas,TERR-S02,2,10.0,8,6,4,-0.542384621182039,1.3314767490041195,2.5032837939990817,6.7755,0.06289814881415712,24.4327,synthetic,0.27744621178321077,0.8130557893623042,-0.035770367909345006,1.231342099647103,0.9286091450931295,1.5890304074573929,-0.035770367909345006,1.5192673328877933,75.0,2.0,0.6666666666666666,3.173137598794291,1.9459101490553132,750.0,0.6666666666666666,22.8823,58976.17,16.0
2001001242,Dr. Amanda Martinez,Pain Management,Columbus,OH,Actiq,REP-S641,Samuel Dubois,TERR-S01,2,9.0,9,8,4,-1.2263578279552785,1.23097565051196,0.3081761080823613,9.412,0.08624749205521942,24.3749,synthetic,1.1051077123010045,1.6738145931134232,-0.37111474289227814,1.1657173342344962,1.4940130379096728,1.8084360790062082,-0.37111474289227814,1.5377984620830902,88.88888888888889,2.6666666666666665,0.5,3.147513004412267,2.1972245773362196,800.0,0.5,22.2781,30008.85,12.0
2001001243,Dr. Michelle Campbell,Palliative Care,Boston,MA,Actiq,REP-S831,Silas Alvarez,TERR-S09,3,9.0,3,2,3,0.6545684906711301,0.8502125512759439,1.0970603144625162,3.9072,0.03653438428297706,20.77,synthetic,-0.21915068852746614,-0.9084618181399344,1.640951507005321,0.9006159413850446,-0.9776304286355144,0.9308133928109468,1.640951507005321,1.283223897019822,66.66666666666666,0.6666666666666666,1.5,3.043998490963479,1.0986122886681098,599.9999999999999,1.5,19.989,40419.21,23.0
2001001244,Dr. Jennifer Scott,Palliative Care,Nashville,TN,Subsys,REP-S665,Simon Kowalski,TERR-S11,3,7.0,3,2,1,-0.20039801779541927,0.19091736096889092,1.0544377912528884,5.2355,0.048103559068799484,16.8644,synthetic,-0.21915068852746614,-0.9084618181399344,-0.37111474289227814,0.3646172960807386,-0.9776304286355144,0.3457316020141065,-0.37111474289227814,1.0287746380159815,66.66666666666666,0.6666666666666666,0.5,2.8347063466200755,1.0986122886681098,466.66666666666663,0.5,16.0254,39856.75,18.0
2001001245,Dr. Carol Nguyen,Internal Medicine,Boston,MA,Subsys,REP-S783,Sean Gomez,TERR-S03,3,6.0,4,3,1,0.14158858559120047,-0.04997256097143489,0.7008048254665034,4.1472,0.038078847192765775,15.1818,synthetic,0.27744621178321077,-0.47808241626437475,-0.7064591178752114,0.13694879416789482,-0.33040708865298646,0.2725963781645016,-0.7064591178752114,0.944288208207775,75.0,1.0,0.3333333333333333,2.745808306704812,1.3862943611198906,450.0,0.3333333333333333,14.5772,35190.1,20.0
2001001246,Dr. Kimberly White,Neurology,New York,NY,Lazanda,REP-S793,Spencer Gomez,TERR-S13,2,3.0,6,4,3,-0.20039801779541927,-0.7202626579490138,-0.816971813746592,4.5055,0.04032756618384026,11.0227,synthetic,-0.21915068852746614,-0.04770301438881521,0.1319018195821217,-0.6296613576009983,0.171618335963463,-0.8244319795795746,0.1319018195821217,0.7216982745840413,66.66666666666666,1.3333333333333333,0.75,2.4464689633226233,1.6094379124341003,199.99999999999997,0.75,10.5475,15161.05,18.0
2001001247,Dr. Barbara Jackson,Neurology,Jacksonville,FL,Actiq,REP-S509,Seth Brooks,TERR-S09,3,10.0,4,3,1,0.31258188728451036,1.3239582954260896,1.186470919500755,2.5672,0.02429440418518425,23.4233,synthetic,0.27744621178321077,-0.47808241626437475,-0.7064591178752114,1.2264905067638812,-0.33040708865298646,1.5890304074573929,-0.7064591178752114,1.5625973611285338,75.0,1.0,0.3333333333333333,3.1712431905025795,1.3862943611198906,750.0,0.3333333333333333,22.8371,41599.1,21.0
2001001248,Dr. Susan Hill,Pain Management,Atlanta,GA,Fentora,REP-S641,Samuel Dubois,TERR-S01,2,1.0,8,4,3,0.6545684906711301,-1.4547423840363645,-1.3700855538498287,5.0356,0.04238725185049419,6.4407,synthetic,-1.2123444891488182,-0.04770301438881521,0.1319018195821217,-1.8637883078066744,0.171618335963463,-1.4826489942260201,0.1319018195821217,0.4232688779405471,50.0,1.3333333333333333,0.75,1.9645776785901996,1.6094379124341003,50.0,0.75,6.1319,7861.99,23.0
2001001249,Dr. Carol Thomas,Oncology,Baltimore,MD,Subsys,REP-S568,Serena Kapoor,TERR-S12,1,9.0,9,8,3,0.48357518897782026,0.8526244445697806,1.5789056432508315,7.8981,0.07252603261411972,21.5834,synthetic,1.1051077123010045,1.6738145931134232,-0.6226230241294781,0.9023845716346657,1.4940130379096728,1.8084360790062082,-0.6226230241294781,1.3281297812466828,88.88888888888889,2.6666666666666665,0.375,3.044689090502744,2.1972245773362196,800.0,0.375,20.0035,46777.79,22.0
2001001250,Dr. Jennifer Flores,Oncology,Las Vegas,NV,Fentora,REP-S612,Sienna O'Connor,TERR-S14,2,1.0,5,3,4,-0.20039801779541927,-1.3203417094556553,-1.4470169121466792,7.0274,0.05961135324954281,7.4276,synthetic,-0.6164282087760067,-0.47808241626437475,1.3056071320223879,-1.5889333488079638,-0.33040708865298646,-1.438767859916257,1.3056071320223879,0.4607737580360364,60.0,1.0,1.3333333333333333,2.071900680721295,1.3862943611198906,60.0,1.3333333333333333,6.9399,6846.78,18.0
2001001251,Dr. Amanda Baker,Oncology,Austin,TX,Subsys,REP-S570,Sadie Kapoor,TERR-S14,2,4.0,5,3,2,-0.542384621182039,-0.5699767551226884,-0.8617070488772177,2.6786,0.0243340699155441,11.7577,synthetic,-0.6164282087760067,-0.47808241626437475,-0.035770367909345006,-0.4367356360269262,-0.33040708865298646,-0.6489074423405222,-0.035770367909345006,0.7602876559130035,60.0,1.0,0.6666666666666666,2.5218009409702757,1.3862943611198906,240.0,0.6666666666666666,11.451,14570.71,16.0
2001001252,Dr. Sarah Williams,Family Practice,Jacksonville,FL,Lazanda,REP-S714,Selena Rossi,TERR-S04,3,10.0,5,5,1,-0.37139131948872917,1.3575085628307044,0.31104433427352957,1.4519,0.013819079246172983,23.3733,synthetic,1.7672369127152399,0.3826763874867446,-0.9747346178615579,1.2480695545403084,0.5818029746283429,2.6860587652014694,-0.9747346178615579,1.5509081256110253,100.0,1.6666666666666667,0.2,3.179669191615797,1.791759469228055,1000.0,0.2,23.0388,30046.7,17.0
2001001253,Dr. Lisa Brown,Oncology,Los Angeles,CA,Abstral,REP-S835,Stephen Alvarez,TERR-S13,2,8.0,6,5,6,-0.0294047161021094,0.6536848321953649,0.3420757378477262,7.8487,0.07188086768261925,20.2837,synthetic,0.7740431120938877,0.3826763874867446,1.0373316320360413,0.7522367353798687,0.5818029746283429,1.2233542882093678,1.0373316320360413,1.248721516774414,83.33333333333334,1.6666666666666667,1.2,2.98606065385726,1.791759469228055,666.6666666666667,1.2,18.8075,30456.2,19.0
2001001255,Dr. Elizabeth Mitchell,Pain Management,Chicago,IL,Subsys,REP-S736,Sasha Santos,TERR-S12,1,6.0,11,7,7,-0.542384621182039,-0.00795571641810905,0.5339286218501001,9.3195,0.08370676548508493,16.2119,synthetic,-0.39973137954952986,1.243435191237864,0.6349183820565215,0.17814498074031568,1.2290263146108709,-0.026593173947519148,0.6349183820565215,1.0236619654728103,63.63636363636363,2.3333333333333335,1.0,2.761894239574321,2.0794415416798357,381.8181818181818,1.0,14.8298,32987.95,16.0
2001001256,Dr. Susan Taylor,Pain Management,Phoenix,AZ,Subsys,REP-S729,Seth Santos,TERR-S05,3,4.0,5,3,3,1.1675483957510597,-0.5766801551048699,-0.7645192693607864,6.1175,0.05472475665556953,12.1088,synthetic,-0.6164282087760067,-0.47808241626437475,0.6349183820565215,-0.4450382599202626,-0.33040708865298646,-0.6489074423405222,0.6349183820565215,0.7876505137911904,60.0,1.0,1.0,2.5185590037498438,1.3862943611198906,240.0,1.0,11.4107,15853.23,26.0
2001001257,Dr. Barbara Miller,Oncology,Denver,CO,Abstral,REP-S692,Sienna Larsson,TERR-S10,3,4.0,3,3,1,0.14158858559120047,-0.46152472563429453,-0.2407622221626625,5.548,0.049977845117100905,12.7745,synthetic,1.7672369127152399,-0.47808241626437475,-0.7064591178752114,-0.3060211459472515,-0.33040708865298646,0.0531907066156864,-0.7064591178752114,0.8035771111269828,100.0,1.0,0.3333333333333333,2.5728412116224484,1.3862943611198906,400.0,0.3333333333333333,12.103,22764.89,20.0
2001001259,Dr. Deborah Harris,Pain Management,Phoenix,AZ,Subsys,REP-S767,Scott Muller,TERR-S01,2,1.0,9,7,1,-0.0294047161021094,-1.3463568895353866,-0.7708354292824208,5.6086,0.04772813645383156,7.164,synthetic,0.44297851188677,1.243435191237864,-1.089709832141421,-1.639883487411195,1.2290263146108709,-1.3607569544766782,-1.089709832141421,0.46824710668955805,77.77777777777779,2.3333333333333335,0.14285714285714285,2.052006108493767,2.0794415416798357,77.77777777777779,0.14285714285714285,6.7835,15769.88,19.0
2001001260,Dr. Rebecca Robinson,Family Practice,Portland,OR,Actiq,REP-S620,Sloan O'Connor,TERR-S08,3,3.0,4,2,3,2.022514904217609,-0.7233731686107207,-1.0738883439243148,5.4201,0.04830761205435641,11.0994,synthetic,-1.2123444891488182,-0.9084618181399344,1.640951507005321,-0.6338120092442387,-0.9776304286355144,-1.0438376511283896,1.640951507005321,0.7087696179025541,50.0,0.6666666666666666,1.5,2.4448482525420148,1.0986122886681098,150.0,1.5,10.5288,11770.7,31.0
2001001261,Dr. Michael Lee,Palliative Care,Portland,OR,Lazanda,REP-S807,Scott Vargas,TERR-S13,1,3.0,9,8,7,-0.20039801779541927,-0.676865212406802,-0.6809080130784284,9.8171,0.08604125785155325,11.8694,synthetic,1.1051077123010045,1.6738145931134232,0.3834101008193216,-0.5724428801670827,1.4940130379096728,-0.5318910841811543,0.3834101008193216,0.6938614822426856,88.88888888888889,2.6666666666666665,0.875,2.468811142623114,2.1972245773362196,266.66666666666663,0.875,10.8084,16956.59,18.0
2001001262,Dr. Susan Miller,Orthopedics,Columbus,OH,Subsys,REP-S551,Silas Chen,TERR-S09,3,3.0,3,1,0,0.31258188728451036,-0.692085090778256,-0.9511411453320817,1.2615,0.01147282302849284,10.8521,synthetic,-2.205538289770171,-1.3388412200154942,-1.3771478678410778,-0.5923646938340204,-1.889840491916844,-1.2632433226772048,-1.3771478678410778,0.6638831673661552,33.33333333333333,0.3333333333333333,0.0,2.461032244041764,0.6931471805599453,99.99999999999999,0.0,10.7169,13390.51,21.0
2001001263,Dr. Michelle Flores,Oncology,Philadelphia,PA,Lazanda,REP-S540,Sloan Patel,TERR-S12,2,9.0,9,5,3,-0.542384621182039,1.001928956331717,0.31481281217278423,4.9587,0.04624062160675235,21.9376,synthetic,-0.8812798889417006,0.3826763874867446,-0.16990811790251828,1.0095570118858515,0.5818029746283429,0.49200204971331685,-0.16990811790251828,1.3877258165228605,55.55555555555556,1.6666666666666667,0.6,3.086536863871558,1.791759469228055,500.0,0.6,20.9011,30096.43,16.0
2001001264,Dr. Susan Lewis,Palliative Care,Austin,TX,Actiq,REP-S780,Sloan Muller,TERR-S14,2,5.0,8,4,1,-0.0294047161021094,-0.2608053023464954,0.14662715152643702,4.0443,0.03692754705582768,13.848,synthetic,-1.2123444891488182,-0.04770301438881521,-0.874131305366678,-0.080405604990155,0.171618335963463,-0.6050263080307592,-0.874131305366678,0.8544361950154946,50.0,1.3333333333333333,0.25,2.6609376289880173,1.6094379124341003,250.0,0.25,13.3097,27877.0,19.0
2001001265,Dr. Patricia Allen,Anesthesiology,Columbus,OH,Subsys,REP-S781,Samuel Gomez,TERR-S01,3,6.0,5,3,3,2.193508205910919,-0.04691195155029007,-0.19420299219923848,7.1399,0.06468238149629624,15.6377,synthetic,-0.6164282087760067,-0.47808241626437475,0.6349183820565215,0.13997210514086597,-0.33040708865298646,-0.12233383062336577,0.6349183820565215,1.0008938807880214,60.0,1.0,1.0,2.746988823189496,1.3862943611198906,360.0,1.0,14.5956,23379.3,32.0
2001001266,Dr. Dorothy Scott,Oncology,Seattle,WA,Abstral,REP-S756,Sasha Tanaka,TERR-S04,2,2.0,5,4,0,0.31258188728451036,-1.0333264074890542,-0.49296985998849124,1.5518,0.013819683292993545,8.7999,synthetic,0.5754043519696166,-0.04770301438881521,-1.3771478678410778,-1.0853066688739987,0.171618335963463,-0.9999565168186266,-1.3771478678410778,0.5753381061521736,80.0,1.3333333333333333,0.0,2.268552498249838,1.6094379124341003,160.0,0.0,8.6654,19436.68,21.0
2001001267,Dr. Margaret Thomas,Neurology,Atlanta,GA,Abstral,REP-S738,Summer Santos,TERR-S14,3,2.0,3,2,0,0.82556179236444,-0.9078580549689688,-0.45457427619612506,2.8481,0.025423371670480144,9.688,synthetic,-0.21915068852746614,-0.9084618181399344,-1.3771478678410778,-0.8928578856136882,-0.9776304286355144,-1.1169728749779948,-1.3771478678410778,0.6445301006967807,66.66666666666666,0.6666666666666666,0.0,2.34369824512381,1.0986122886681098,133.33333333333331,0.0,9.4197,19943.36,24.0
2001001268,Dr. Margaret Smith,Pain Management,Boston,MA,Subsys,REP-S698,Summer Larsson,TERR-S02,1,10.0,9,8,0,-0.542384621182039,4.282569580861928,3.0117865761435163,4.9392,0.04707963357216238,42.6304,synthetic,1.1051077123010045,1.6738145931134232,-1.3771478678410778,2.654076043791751,1.4940130379096728,2.198490606204102,-1.3771478678410778,2.8041606305662174,88.88888888888889,2.6666666666666665,0.0,3.7286745215249972,2.1972245773362196,888.8888888888889,0.0,40.6239,65686.53,16.0
2001001269,Dr. Patricia Davis,Pain Management,Miami,FL,Subsys,REP-S818,Summer Vargas,TERR-S10,3,10.0,3,2,3,0.6545684906711301,1.3831078992390846,1.7627487119716607,4.6066,0.04321472832055928,24.2611,synthetic,-0.21915068852746614,-0.9084618181399344,1.640951507005321,1.2644132433714572,-0.9776304286355144,1.2233542882093669,1.640951507005321,1.6009308869048298,66.66666666666666,0.6666666666666666,1.5,3.1860509347636934,1.0986122886681098,666.6666666666665,1.5,23.1927,49203.84,23.0
2001001270,Dr. Donna Garcia,Anesthesiology,Columbus,OH,Actiq,REP-S761,Samuel Muller,TERR-S09,3,2.0,2,1,1,1.1675483957510597,-0.9174557269037547,-0.5483542847266427,0.7337,0.006608112461994331,9.4307,synthetic,-1.2123444891488182,-1.3388412200154942,0.6349183820565215,-0.9070790978559076,-1.889840491916844,-1.2632433226772048,0.6349183820565215,0.6419995417754294,50.0,0.3333333333333333,1.0,2.3381452683925965,0.6931471805599453,100.0,1.0,9.362,18705.81,26.0
2001001271,Dr. Emily Hernandez,Family Practice,Austin,TX,Abstral,REP-S635,Stephen Novak,TERR-S09,3,5.0,4,3,0,-0.8843712245686588,-0.3323137800720484,-0.22994631927586134,2.2247,0.020431358821423995,13.1663,synthetic,0.27744621178321077,-0.47808241626437475,-1.3771478678410778,-0.1585242144721161,-0.33040708865298646,-0.0565121291587212,-1.3771478678410778,0.8670324181921317,75.0,1.0,0.0,2.6304345457529426,1.3862943611198906,375.0,0.0,12.8798,22907.62,14.0
2001001272,Dr. Michael Allen,Oncology,Phoenix,AZ,Lazanda,REP-S689,Seth Larsson,TERR-S07,2,5.0,9,8,8,-1.2263578279552785,-0.30681424614479264,0.32503385176762595,9.7192,0.08642093161391706,14.2998,synthetic,1.1051077123010045,1.6738145931134232,0.6349183820565215,-0.13039339900709881,1.4940130379096728,0.24821797021463332,0.6349183820565215,0.8653309796768636,88.88888888888889,2.6666666666666665,1.0,2.6414188248036097,2.1972245773362196,444.44444444444446,1.0,13.0331,30231.31,12.0
2001001273,Dr. Joseph Johnson,Pain Management,Chicago,IL,Subsys,REP-S682,Sophia Larsson,TERR-S14,2,2.0,7,5,1,-0.0294047161021094,-0.9322763953507116,-0.14124576124980853,5.1906,0.04578701601372215,9.7542,synthetic,0.06461896879292103,0.3826763874867446,-0.9747346178615579,-0.9291957198171574,0.5818029746283429,-1.075181318492506,-0.9747346178615579,0.6400838203908901,71.42857142857143,1.6666666666666667,0.2,2.3295093599319054,1.791759469228055,142.85714285714286,0.2,9.2729,24078.14,19.0
2001001274,Dr. Kathleen Hernandez,Anesthesiology,Seattle,WA,Abstral,REP-S786,Stella Gomez,TERR-S06,3,8.0,4,3,3,0.31258188728451036,0.5767204855016838,-0.37574541766606884,4.9865,0.04620510577876136,19.2596,synthetic,0.27744621178321077,-0.47808241626437475,0.6349183820565215,0.6917022019467279,-0.33040708865298646,0.9308133928109472,0.6349183820565215,1.2579954276823218,75.0,1.0,1.0,2.96242364951025,1.3862943611198906,600.0,1.0,18.3448,20983.61,21.0
2001001275,Dr. Nancy Carter,Pain Management,Denver,CO,Abstral,REP-S562,Sophia Kapoor,TERR-S06,3,6.0,2,1,0,-1.2263578279552785,-0.06971681848718984,0.4628405639918492,1.9192,0.0177920672142311,14.736,synthetic,-1.2123444891488182,-1.3388412200154942,-1.3771478678410778,0.1173589017306821,-1.889840491916844,-0.385620636481944,-1.3771478678410778,0.9980321061503612,50.0,0.3333333333333333,0.0,2.7381590138725267,0.6931471805599453,300.0,0.0,14.4585,32049.85,12.0
2001001276,Dr. Margaret Williams,Palliative Care,Boston,MA,Fentora,REP-S842,Sophia Kim,TERR-S06,3,4.0,5,4,0,1.3385416974443696,-0.5191273909898633,-0.9291160477769164,1.586,0.01450620383560075,11.9431,synthetic,0.5754043519696166,-0.04770301438881521,-1.3771478678410778,-0.3746166627270157,0.171618335963463,-0.2978583678624179,-1.3771478678410778,0.7547390259689299,80.0,1.3333333333333333,0.0,2.5460566237788913,1.6094379124341003,320.0,0.0,11.7567,13681.16,27.0
2001001277,Dr. Laura Scott,Pain Management,Portland,OR,Subsys,REP-S685,Simon Larsson,TERR-S03,1,5.0,12,10,5,0.9965550940577499,-0.32576008381155336,-0.9707019175045052,6.8634,0.061756567989087685,13.8059,synthetic,0.7740431120938877,2.534573396864543,-0.37111474289227814,-0.15126469124463038,1.9454793272294546,0.1263259304652918,-0.37111474289227814,0.8917782886037795,83.33333333333334,3.3333333333333335,0.5,2.6332691819903693,2.3978952727983707,416.66666666666674,0.5,12.9192,13132.38,25.0
2001001278,Dr. Sarah Hernandez,Oncology,Columbus,OH,Lazanda,REP-S601,Samuel O'Connor,TERR-S03,1,1.0,14,9,8,-0.8843712245686588,-1.7079412786486856,-1.6226789055808901,10.1855,0.08037586620455084,5.0792,synthetic,-0.3610355171876585,2.104193994988983,0.4113554654012326,-2.478635984433988,1.7310517392273213,-1.419961659497787,0.4113554654012326,0.3060604320550321,64.28571428571429,3.0,0.8888888888888888,1.7244972421688873,2.302585092994046,64.28571428571429,0.8888888888888888,4.6097,4528.69,14.0
2001001279,Dr. Betty Scott,Neurology,Chicago,IL,Subsys,REP-S621,Samuel Novak,TERR-S09,3,6.0,4,3,1,0.31258188728451036,0.05480341046221467,0.324676176004817,3.7859,0.03490513460411515,15.7828,synthetic,0.27744621178321077,-0.47808241626437475,-0.7064591178752114,0.23846995698216533,-0.33040708865298646,0.2725963781645016,-0.7064591178752114,1.0405250373479,75.0,1.0,0.3333333333333333,2.785449417830329,1.3862943611198906,450.0,0.3333333333333333,15.2071,30226.59,21.0
2001001282,Dr. Nancy Smith,Pain Management,Columbus,OH,Subsys,REP-S591,Silas Nakamura,TERR-S07,1,7.0,13,9,7,0.31258188728451036,0.3257505129678049,0.9768926249732521,11.5275,0.10329064676628041,18.7768,synthetic,-0.06635164227802695,2.104193994988983,0.18779254874594392,0.4837362366682038,1.7310517392273213,0.42449261231368124,0.18779254874594392,1.1621446581005968,69.23076923076923,3.0,0.7777777777777778,2.88121888676523,2.302585092994046,484.6153846153846,0.7777777777777778,16.836,38833.44,21.0
2001001283,Dr. Sandra White,Family Practice,Boston,MA,Abstral,REP-S822,Sophia Alvarez,TERR-S14,3,2.0,5,4,5,-0.37139131948872917,-0.9415580260952704,-0.31847334393394117,3.9485,0.034997152751749194,9.581,synthetic,0.5754043519696166,-0.04770301438881521,1.1379349445309213,-0.9431444307491601,0.171618335963463,-0.9999565168186266,1.1379349445309213,0.6204696114628098,80.0,1.3333333333333333,1.25,2.3240627871702753,1.6094379124341003,160.0,1.25,9.2171,21739.39,17.0
2001001284,Dr. Carol Williams,Oncology,Columbus,OH,Abstral,REP-S626,Stella Novak,TERR-S14,2,2.0,8,5,5,-0.20039801779541927,-0.9950521559778893,-0.9906036941118098,5.1661,0.04538938649864921,9.355,synthetic,-0.46744913868280374,0.3826763874867446,0.6349183820565215,-1.0250522948748837,0.5818029746283429,-1.1535404869027972,0.6349183820565215,0.5906155657299906,62.5,1.6666666666666667,1.0,2.292080108348898,1.791759469228055,125.0,1.0,8.8955,12869.75,18.0
2001001285,Dr. Sandra Brown,Emergency Medicine,Atlanta,GA,Actiq,REP-S839,Solomon Alvarez,TERR-S03,3,6.0,5,5,2,-0.8843712245686588,0.024962468606052078,-0.5413818807147702,2.6172,0.024242528155793863,15.421,synthetic,1.7672369127152399,0.3826763874867446,-0.572321367882038,0.20996353545812899,0.5818029746283429,0.9308133928109472,-0.572321367882038,1.1566092027744397,100.0,1.6666666666666667,0.4,2.7743184753539065,1.791759469228055,600.0,0.4,15.0277,18797.82,14.0
2001001286,Dr. Sarah Ramirez,Palliative Care,Columbus,OH,Subsys,REP-S820,Sloan Vargas,TERR-S12,2,4.0,6,5,3,-0.37139131948872917,-0.5181127324317663,-0.739301612507499,8.3512,0.07415498267625242,12.7452,synthetic,0.7740431120938877,0.3826763874867446,-0.16990811790251828,-0.3733923328650201,0.5818029746283429,-0.2393501887827337,-0.16990811790251828,0.7551306246367883,83.33333333333334,1.6666666666666667,0.6,2.546534689580821,1.791759469228055,333.33333333333337,0.6,11.7628,16186.01,17.0
2001001287,Dr. Linda Green,Oncology,Detroit,MI,Fentora,REP-S535,Stephen Patel,TERR-S07,2,10.0,7,4,4,1.3385416974443696,1.5881354629620825,1.7134606887415536,4.456,0.04191306761835145,25.5136,synthetic,-0.7866900031682388,-0.04770301438881521,0.6349183820565215,1.3916794293702632,0.171618335963463,0.805438723354481,0.6349183820565215,1.6217146172362138,57.14285714285714,1.3333333333333333,1.0,3.235744741275041,1.6094379124341003,571.4285714285713,1.0,24.4253,48553.42,27.0
2001001288,Dr. Stephanie Carter,Pain Management,Phoenix,AZ,Abstral,REP-S697,Stanley Larsson,TERR-S01,2,3.0,9,7,6,-0.20039801779541927,-0.7766011585436748,-1.2237863156217954,10.8088,0.09389145664424614,11.3122,synthetic,0.44297851188677,1.243435191237864,0.34748034635686437,-0.7059019704431836,1.2290263146108709,-0.6781615318803641,0.34748034635686437,0.7046865280124361,77.77777777777779,2.3333333333333335,0.8571428571428571,2.4166991840748846,2.0794415416798357,233.33333333333337,0.8571428571428571,10.2088,9792.6,18.0
2001001289,Dr. Amanda Martinez,Internal Medicine,Philadelphia,PA,Subsys,REP-S574,Selena Kapoor,TERR-S04,3,9.0,5,4,1,0.48357518897782026,0.94071676790882,0.27545408029878676,1.9644,0.01855607137034232,20.9364,synthetic,0.5754043519696166,-0.04770301438881521,-0.874131305366678,0.966159268831553,0.171618335963463,1.4573870045281037,-0.874131305366678,1.3301020914819763,80.0,1.3333333333333333,0.25,3.069591286148425,1.6094379124341003,720.0,0.25,20.5331,29577.04,22.0
2001001290,Dr. Charles Garcia,Pain Management,Jacksonville,FL,Lazanda,REP-S612,Sienna O'Connor,TERR-S14,2,1.0,8,6,5,1.1675483957510597,-1.2649014311911126,-0.8466354106430981,9.2498,0.07817395182495623,7.9459,synthetic,0.27744621178321077,0.8130557893623042,0.2995740070735884,-1.48362296333712,0.9286091450931295,-1.3729461584516125,0.2995740070735884,0.5020498056128095,75.0,2.0,0.8333333333333334,2.1130213749430315,1.9459101490553132,75.0,0.8333333333333334,7.2732,14769.6,26.0
2001001291,Dr. Joseph Jones,Anesthesiology,Las Vegas,NV,Actiq,REP-S575,Stephen Kapoor,TERR-S05,3,7.0,5,3,4,0.14158858559120047,0.24537624816904416,-0.642826153366153,5.6881,0.05221778968907875,17.283,synthetic,-0.6164282087760067,-0.47808241626437475,1.3056071320223879,0.4133981537109615,-0.33040708865298646,0.1409529752352125,1.3056071320223879,1.1213939443222858,60.0,1.0,1.3333333333333333,2.853753876657289,1.3862943611198906,420.0,1.3333333333333333,16.3528,17459.13,20.0
2001001292,Dr. Karen Nelson,Neurology,Atlanta,GA,Abstral,REP-S587,Scott Nakamura,TERR-S03,2,8.0,5,4,2,0.48357518897782026,0.7028375541490773,0.1634939886632984,2.465,0.023154224534334134,19.5739,synthetic,0.5754043519696166,-0.04770301438881521,-0.37111474289227814,0.7901611610759677,0.171618335963463,1.1063379300499994,-0.37111474289227814,1.3070966711902292,80.0,1.3333333333333333,0.5,3.0008690576591435,1.6094379124341003,640.0,0.5,19.103,28099.58,22.0
2001001293,Dr. Lisa Martin,Internal Medicine,Nashville,TN,Fentora,REP-S771,Silas Muller,TERR-S05,3,4.0,3,2,1,1.1675483957510597,-0.42340017784481604,-0.8558910287934093,3.1356,0.028592282323322227,12.7189,synthetic,-0.21915068852746614,-0.9084618181399344,-0.37111474289227814,-0.26161085118740696,-0.9776304286355144,-0.5318910841811543,-0.37111474289227814,0.7988606207817636,66.66666666666666,0.6666666666666666,0.5,2.590182161833122,1.0986122886681098,266.66666666666663,0.5,12.3322,14647.46,26.0
2001001294,Dr. Barbara Lee,Pain Management,Philadelphia,PA,Subsys,REP-S525,Simon Patel,TERR-S11,3,5.0,4,4,5,0.6545684906711301,-0.25207258524812004,0.05307675264873931,6.5934,0.05954030702289481,14.2433,synthetic,1.7672369127152399,-0.04770301438881521,1.1379349445309213,-0.07102687407857178,0.171618335963463,0.49200204971331685,1.1379349445309213,0.9223574097452956,100.0,1.3333333333333333,1.25,2.664599755228263,1.6094379124341003,500.0,1.25,13.3622,26642.48,23.0
2001001295,Dr. Charles Wilson,Neurology,Nashville,TN,Subsys,REP-S802,Sophia Vargas,TERR-S08,3,2.0,5,4,4,1.6805283008309895,-0.9182707804996029,-1.344936855671151,7.3332,0.06415163436110438,10.0433,synthetic,0.5754043519696166,-0.04770301438881521,0.6349183820565215,-0.9082904375860198,0.171618335963463,-0.9999565168186266,0.6349183820565215,0.6402467812382397,80.0,1.3333333333333333,1.0,2.33767227486572,1.6094379124341003,160.0,1.0,9.3571,8193.86,29.0
2001001296,Dr. Donna Johnson,Emergency Medicine,Denver,CO,Subsys,REP-S635,Stephen Novak,TERR-S09,3,2.0,4,3,0,1.3385416974443696,-0.9166240395610521,-1.0218018109652818,3.4903,0.031045801103878112,9.6939,synthetic,0.27744621178321077,-0.47808241626437475,-1.3771478678410778,-0.9058436272384346,-0.33040708865298646,-1.0438376511283896,-1.3771478678410778,0.7209325713441298,75.0,1.0,0.0,2.3386276843409752,1.3862943611198906,150.0,0.0,9.367,12458.05,27.0
2001001297,Dr. Lisa Harris,Pain Management,Miami,FL,Actiq,REP-S842,Sophia Kim,TERR-S06,3,9.0,3,2,3,-1.2263578279552785,0.7548180130679778,0.8973953977508285,4.3991,0.04098440693863781,20.2696,synthetic,-0.21915068852746614,-0.9084618181399344,1.640951507005321,0.8296656123443723,-0.9776304286355144,0.9308133928109468,1.640951507005321,1.3402007370724722,66.66666666666666,0.6666666666666666,1.5,3.016294416266869,1.0986122886681098,599.9999999999999,1.5,19.4155,37784.37,12.0
2001001298,Dr. Laura Taylor,Neurology,Austin,TX,Abstral,REP-S572,Sienna Kapoor,TERR-S02,2,9.0,5,3,1,0.48357518897782026,0.7466009421220776,-0.5276522843788168,1.8657,0.017584742606318482,19.7274,synthetic,-0.6164282087760067,-0.47808241626437475,-0.7064591178752114,0.8234611570337693,-0.33040708865298646,0.667526586952369,-0.7064591178752114,1.3250989291701354,60.0,1.0,0.3333333333333333,3.013871753881777,1.3862943611198906,540.0,0.3333333333333333,19.3661,18979.0,22.0
2001001299,Dr. Kimberly Lewis,Oncology,Columbus,OH,Subsys,REP-S784,Sarah Gomez,TERR-S04,2,6.0,8,5,0,0.6545684906711301,0.0469356482002499,-0.43311600379049575,3.9351,0.036247630180149315,15.7563,synthetic,-0.46744913868280374,0.3826763874867446,-1.3771478678410778,0.23098479670946673,0.5818029746283429,-0.0565121291587212,-1.3771478678410778,1.0065329496209894,62.5,1.6666666666666667,0.0,2.7825266767787395,1.791759469228055,375.0,0.0,15.1598,20226.53,23.0
2001001301,Dr. James Johnson,Anesthesiology,Seattle,WA,Actiq,REP-S770,Sadie Muller,TERR-S04,2,4.0,8,5,3,-0.542384621182039,-0.42055580713277396,0.10135919168976353,7.3434,0.06572093627960385,13.2561,synthetic,-0.46744913868280374,0.3826763874867446,-0.16990811790251828,-0.25832818525174284,0.5818029746283429,-0.6050263080307592,-0.16990811790251828,0.8468537642861899,62.5,1.6666666666666667,0.6,2.5914639490145954,1.791759469228055,250.0,0.6,12.3493,27279.63,16.0
2001001302,Dr. Lisa Campbell,Family Practice,Seattle,WA,Subsys,REP-S844,Sarah Kim,TERR-S08,3,7.0,5,5,1,1.1675483957510597,0.1751652026981071,0.28725207595804597,5.0915,0.04679489533648917,16.7418,synthetic,1.7672369127152399,0.3826763874867446,-0.9747346178615579,0.3503324994724712,0.5818029746283429,1.3696247359085776,-0.9747346178615579,1.0724105455436725,100.0,1.6666666666666667,0.2,2.8291285420120875,1.791759469228055,700.0,0.2,15.9307,29732.73,26.0
2001001304,Dr. Barbara Jones,Oncology,Austin,TX,Subsys,REP-S672,Sienna Kowalski,TERR-S04,2,10.0,5,5,3,1.8515216025242993,1.6175272936531857,0.1683135180096204,7.2472,0.06732129316099345,26.3849,synthetic,1.7672369127152399,0.3826763874867446,-0.16990811790251828,1.4094162778628068,0.5818029746283429,2.6860587652014694,-0.16990811790251828,1.633446590758162,100.0,1.6666666666666667,0.6,3.242670473433918,1.791759469228055,1000.0,0.6,24.602,28163.18,30.0
2001001305,Dr. Amanda Gonzalez,Oncology,Detroit,MI,Abstral,REP-S586,Stella Nakamura,TERR-S02,2,6.0,8,6,7,-0.713377922875349,-0.13590249721944747,-0.2508483755588176,6.9486,0.06285390309254835,15.0376,synthetic,0.27744621178321077,0.8130557893623042,0.9702627570394549,0.05057564617353478,0.9286091450931295,0.2725963781645016,0.9702627570394549,0.9335517085608573,75.0,2.0,1.1666666666666667,2.712082062215581,1.9459101490553132,450.0,1.1666666666666667,14.0606,22631.79,15.0
2001001306,Dr. David Lee,Oncology,Portland,OR,Subsys,REP-S787,Scott Gomez,TERR-S07,2,4.0,7,5,6,-1.2263578279552785,-0.5105776451068826,-0.483156510140241,7.4444,0.06638330624413014,12.6872,synthetic,0.06461896879292103,0.3826763874867446,1.0373316320360413,-0.3643184451128545,0.5818029746283429,-0.4483079712101769,1.0373316320360413,0.783997263975752,71.42857142857143,1.6666666666666667,1.2,2.5500777832841717,1.791759469228055,285.7142857142857,1.2,11.8081,19566.18,12.0
2001001307,Dr. Charles Wilson,Pain Management,Jacksonville,FL,Fentora,REP-S772,Sienna Muller,TERR-S06,2,4.0,7,4,2,-0.8843712245686588,-0.5215559180305542,-1.2024674761406506,6.5317,0.05844465826251488,12.509,synthetic,-0.7866900031682388,-0.04770301438881521,-0.37111474289227814,-0.3775494051453369,0.171618335963463,-0.6990573101231087,-0.37111474289227814,0.8105261813900582,57.14285714285714,1.3333333333333333,0.5,2.5449114717250296,1.6094379124341003,228.57142857142856,0.5,11.7421,10073.93,14.0
2001001308,Dr. James Williams,Pain Management,Boston,MA,Subsys,REP-S668,Serena Kowalski,TERR-S14,1,10.0,13,11,11,1.3385416974443696,3.1031870276693514,3.3612388275582563,10.968,0.1012037542921762,37.2115,synthetic,0.8504426352186064,2.9649527987401023,0.6349183820565215,2.1758290946159895,2.141236377892201,2.0109643912051145,0.6349183820565215,2.314735929370526,84.61538461538461,3.6666666666666665,1.0,3.5419327631351805,2.4849066497880004,846.1538461538462,1.0,33.5336,70298.01,27.0
2001001309,Dr. Betty Ramirez,Anesthesiology,Boston,MA,Fentora,REP-S547,Scott Chen,TERR-S05,3,4.0,4,3,2,0.14158858559120047,-0.5444106862080166,0.2441907937088708,3.5445,0.03210960963941378,12.016,synthetic,0.27744621178321077,-0.47808241626437475,-0.035770367909345006,-0.40531510398215564,-0.33040708865298646,-0.385620636481944,-0.035770367909345006,0.7957927881266101,75.0,1.0,0.6666666666666666,2.534069760277323,1.3862943611198906,300.0,0.6666666666666666,11.6047,29164.48,20.0
2001001310,Dr. Joseph Johnson,Anesthesiology,Seattle,WA,Fentora,REP-S607,Scott O'Connor,TERR-S09,3,9.0,2,1,2,-0.8843712245686588,1.0138387190792155,-0.1569099894129884,1.7559,0.016618305609036543,21.3409,synthetic,-1.2123444891488182,-1.3388412200154942,2.646984631954121,1.0179159077875635,-1.889840491916844,0.2725963781645016,2.646984631954121,1.438203780153124,50.0,0.3333333333333333,2.0,3.089800773702187,0.6931471805599453,450.0,2.0,20.9727,23871.43,14.0
2001001311,Dr. Linda Lewis,Palliative Care,Columbus,OH,Lazanda,REP-S663,Sean Kowalski,TERR-S09,3,1.0,2,1,2,0.9965550940577499,-1.6505215845085113,-1.0008436783974781,4.1005,0.03353763944729371,5.158,synthetic,-1.2123444891488182,-1.3388412200154942,2.646984631954121,-2.325699899858088,-1.889840491916844,-1.4826489942260201,2.646984631954121,0.3180872523559716,50.0,0.3333333333333333,2.0,1.784214410055015,0.6931471805599453,50.0,2.0,4.9549,12734.62,25.0
2001001312,Dr. Stephanie Hall,Oncology,Las Vegas,NV,Actiq,REP-S763,Sean Muller,TERR-S11,3,8.0,5,4,1,0.31258188728451036,0.4412386173754616,1.175461022979888,5.9519,0.054779598304281585,18.5737,synthetic,0.5754043519696166,-0.04770301438881521,-0.874131305366678,0.5815368510835681,0.171618335963463,1.1063379300499994,-0.874131305366678,1.1639219888613854,80.0,1.3333333333333333,0.25,2.919407230128436,1.6094379124341003,640.0,0.25,17.5303,41453.81,21.0
2001001313,Dr. Deborah Lee,Pain Management,Philadelphia,PA,Actiq,REP-S521,Samuel Patel,TERR-S07,1,6.0,9,6,4,-1.3973511296485885,-0.112898025320299,-0.47930846453951415,9.4035,0.08420185814295644,15.5341,synthetic,-0.21915068852746614,0.8130557893623042,-0.035770367909345006,0.0739857972617706,0.9286091450931295,0.05319070661568615,-0.035770367909345006,0.9801126031067098,66.66666666666666,2.0,0.6666666666666666,2.7212230568124576,1.9459101490553132,399.99999999999994,0.6666666666666666,14.1989,19616.96,11.0
2001001314,Dr. Nancy Hill,Pain Management,Los Angeles,CA,Subsys,REP-S682,Sophia Larsson,TERR-S14,1,1.0,11,8,6,-0.0294047161021094,-1.3627743976803324,-1.0975085844470915,9.884,0.0824781195079125,7.3455,synthetic,0.14201069351666307,1.6738145931134232,0.1319018195821217,-1.6725664352217169,1.4940130379096728,-1.382919143522013,0.1319018195821217,0.4614341061101729,72.72727272727273,2.6666666666666665,0.75,2.039244351928423,2.1972245773362196,72.72727272727273,0.75,6.6848,11459.0,19.0
2001001315,Dr. William Wilson,Orthopedics,Charlotte,NC,Abstral,REP-S727,Scott Santos,TERR-S03,3,9.0,4,2,3,1.8515216025242993,1.1789120228587895,0.7518342446774046,5.3028,0.04947191894425762,23.1298,synthetic,-1.2123444891488182,-0.9084618181399344,1.640951507005321,1.1310481318214012,-0.9776304286355144,0.2725963781645016,1.640951507005321,1.3606789425593533,50.0,0.6666666666666666,1.5,3.133975672220704,1.0986122886681098,450.0,1.5,21.9651,35863.5,30.0
2001001316,Dr. Thomas Lopez,Family Practice,Baltimore,MD,Subsys,REP-S547,Scott Chen,TERR-S05,3,9.0,3,2,3,-1.0553645262619686,0.7979659524073787,0.8354227673307703,3.5204,0.03295535191307808,20.3676,synthetic,-0.21915068852746614,-0.9084618181399344,1.640951507005321,0.8620008555813045,-0.9776304286355144,0.9308133928109468,1.640951507005321,1.324459706260064,66.66666666666666,0.6666666666666666,1.5,3.028920404138687,1.0986122886681098,599.9999999999999,1.5,19.6749,36966.56,13.0
2001001317,Dr. Ashley Thomas,Internal Medicine,Denver,CO,Abstral,REP-S779,Solomon Muller,TERR-S13,3,3.0,5,3,4,-1.0553645262619686,-0.598121054799738,-0.16715603599972123,3.5407,0.03200208997344811,11.6812,synthetic,-0.6164282087760067,-0.47808241626437475,1.3056071320223879,-0.47177648408399353,-0.33040708865298646,-0.9121942481991006,1.3056071320223879,0.7308173522595888,60.0,1.0,1.3333333333333333,2.508118491781787,1.3862943611198906,180.0,1.3333333333333333,11.2818,23736.22,13.0
2001001320,Dr. Betty Robinson,Pain Management,New York,NY,Abstral,REP-S599,Solomon Nakamura,TERR-S01,2,5.0,7,6,6,1.1675483957510597,-0.30486809776286883,-0.07736047484388318,9.6441,0.08579013240936506,14.3029,synthetic,0.91592794075408,0.8130557893623042,0.6349183820565215,-0.1282590667703017,0.9286091450931295,0.17856537607215217,0.6349183820565215,0.9004481252073335,85.71428571428571,2.0,1.0,2.6422522205117778,1.9459101490553132,428.57142857142856,1.0,13.0448,24921.19,26.0
2001001321,Dr. Michael Hall,Palliative Care,Charlotte,NC,Abstral,REP-S813,Spencer Vargas,TERR-S05,3,8.0,2,2,3,0.9965550940577499,0.5511710503338656,-0.027577616289381386,5.9756,0.055094576753786484,19.2782,synthetic,1.7672369127152399,-0.9084618181399344,1.640951507005321,0.6712863436643861,-0.9776304286355144,1.8084360790062082,1.640951507005321,1.1678114240565802,100.0,0.6666666666666666,1.5,2.9544518406335754,1.0986122886681098,800.0,1.5,18.1912,25578.14,25.0
2001001322,Dr. Mary Nelson,Pain Management,Miami,FL,Subsys,REP-S819,Solomon Vargas,TERR-S11,3,9.0,4,3,1,1.3385416974443696,1.1928012014819198,1.357160310486764,4.1272,0.038722310751300615,22.9586,synthetic,0.27744621178321077,-0.47808241626437475,-0.7064591178752114,1.1403429426570217,-0.33040708865298646,1.2599219001341702,-0.7064591178752114,1.5219566826203863,75.0,1.0,0.3333333333333333,3.137605030070944,1.3862943611198906,675.0,0.3333333333333333,22.0486,43851.57,27.0
2001001323,Dr. Sarah Lee,Oncology,Los Angeles,CA,Actiq,REP-S650,Sadie Dubois,TERR-S10,3,3.0,2,1,1,1.8515216025242993,-0.7770336359618799,-1.1474877099985583,3.3294,0.02987186007326237,10.546,synthetic,-1.2123444891488182,-1.3388412200154942,0.6349183820565215,-0.7064960920771265,-1.889840491916844,-1.0438376511283896,0.6349183820565215,0.6776393217866821,50.0,0.3333333333333333,1.0,2.4164671965654794,0.6931471805599453,150.0,1.0,10.2062,10799.46,30.0
2001001324,Dr. Sarah Nelson,Pain Management,Portland,OR,Subsys,REP-S541,Samuel Chen,TERR-S13,1,9.0,10,7,7,-0.8843712245686588,1.2653243377655699,2.4140785494094046,9.6044,0.08796863847933034,24.6441,synthetic,-0.020511928403195035,1.243435191237864,0.6349183820565215,1.1883358477812607,1.2290263146108709,1.0624567957402364,0.6349183820565215,1.5520526122314495,70.0,2.3333333333333335,1.0,3.15634488718573,2.0794415416798357,630.0,1.0,22.4846,57798.99,14.0
2001001325,Dr. Barbara Gonzalez,Pain Management,Austin,TX,Subsys,REP-S504,Sarah Brooks,TERR-S04,1,9.0,10,7,1,-0.8843712245686588,1.1017647049497143,2.2133375742587575,6.8804,0.06367625484673223,22.9807,synthetic,-0.020511928403195035,1.243435191237864,-1.089709832141421,1.078796964085119,1.2290263146108709,1.0624567957402364,-1.089709832141421,1.4841780076751228,70.0,2.3333333333333335,0.14285714285714285,3.113573085319081,2.0794415416798357,630.0,0.14285714285714285,21.5013,55149.95,14.0
2001001326,Dr. Robert Allen,Internal Medicine,Portland,OR,Subsys,REP-S729,Seth Santos,TERR-S05,3,1.0,4,3,4,-0.713377922875349,-1.3290577928071765,-1.3907602738428644,6.8231,0.05786814607257229,7.3574,synthetic,0.27744621178321077,-0.47808241626437475,1.3056071320223879,-1.6058909358727107,-0.33040708865298646,-1.3729461584516125,1.3056071320223879,0.44616147367334263,75.0,1.0,1.3333333333333333,2.0652792278673315,1.3862943611198906,75.0,1.3333333333333333,6.8875,7589.16,15.0
2001001327,Dr. Karen Johnson,Palliative Care,Denver,CO,Fentora,REP-S556,Sasha Chen,TERR-S14,2,9.0,8,4,5,0.6545684906711301,0.8691084877021423,1.251070041857032,5.9994,0.0555759987068174,21.3086,synthetic,-1.2123444891488182,-0.04770301438881521,1.1379349445309213,0.9144396544685663,0.171618335963463,0.2725963781645016,1.1379349445309213,1.2905166197523972,50.0,1.3333333333333333,1.25,3.0493962556395364,1.6094379124341003,450.0,1.25,20.1026,42451.57,23.0
2001001328,Dr. Carol White,Pain Management,Miami,FL,Subsys,REP-S558,Summer Chen,TERR-S02,1,8.0,10,8,7,1.1675483957510597,0.4512022317410363,0.8328955455744835,10.8148,0.09742440539727104,19.4925,synthetic,0.5754043519696166,1.6738145931134232,0.3834101008193216,0.5898020658327594,1.4940130379096728,1.1063379300499994,0.3834101008193216,1.2142050941388167,80.0,2.6666666666666665,0.875,2.9226345601477774,2.1972245773362196,640.0,0.875,17.5902,36933.21,26.0
2001001329,Dr. Thomas Scott,Family Practice,Philadelphia,PA,Abstral,REP-S713,Spencer Rossi,TERR-S03,3,6.0,2,2,1,2.193508205910919,0.09515688033013543,0.4563652686672704,2.2698,0.021095455686564346,15.8004,synthetic,1.7672369127152399,-0.9084618181399344,-0.37111474289227814,0.27652094336905014,-0.9776304286355144,0.9308133928109472,-0.37111474289227814,1.0400309594359367,100.0,0.6666666666666666,0.5,2.8003072399630162,1.0986122886681098,600.0,0.5,15.4497,31964.4,32.0
2001001330,Dr. Ashley Johnson,Neurology,Jacksonville,FL,Abstral,REP-S583,Sean Nakamura,TERR-S13,2,6.0,9,7,7,-0.542384621182039,-0.13232624164582718,-0.6258267033935047,8.9128,0.07993610594031564,15.3372,synthetic,0.44297851188677,1.243435191237864,0.6349183820565215,0.054229045483714294,1.2290263146108709,0.345731602014107,0.6349183820565215,0.9635484496345038,77.77777777777779,2.3333333333333335,1.0,2.713508610178843,2.0794415416798357,466.66666666666674,1.0,14.0821,17683.46,16.0
2001001331,Dr. Thomas Lee,Neurology,Los Angeles,CA,Subsys,REP-S766,Stella Muller,TERR-S14,3,5.0,2,1,2,1.1675483957510597,-0.3352413195183609,-1.0080305363095095,5.4152,0.049023041743859075,13.5587,synthetic,-1.2123444891488182,-1.3388412200154942,2.646984631954121,-0.16177370831748372,-1.889840491916844,-0.6050263080307592,2.646984631954121,0.880078459099773,50.0,0.3333333333333333,2.0,2.6291657113241884,0.6931471805599453,250.0,2.0,12.8622,12639.78,26.0
2001001332,Dr. Betty Campbell,Oncology,Boston,MA,Subsys,REP-S650,Sadie Dubois,TERR-S10,3,5.0,3,2,1,2.364501507604229,-0.19087703057207678,0.02173010941918579,5.6599,0.0514114128822607,14.5072,synthetic,-0.21915068852746614,-0.9084618181399344,-0.37111474289227814,-0.006250647862231149,-0.9776304286355144,-0.2393501887827342,-0.37111474289227814,0.9116082040390472,66.66666666666666,0.6666666666666666,0.5,2.689893019317754,1.0986122886681098,333.33333333333326,0.5,13.7301,26228.82,33.0
2001001333,Dr. Deborah Rivera,Pain Management,Boston,MA,Subsys,REP-S658,Summer Dubois,TERR-S04,2,4.0,5,4,2,-0.0294047161021094,-0.4684443643255784,-0.478740123814712,6.3208,0.05673042871164169,12.8238,synthetic,0.5754043519696166,-0.04770301438881521,-0.37111474289227814,-0.31416488176343615,0.171618335963463,-0.2978583678624179,-0.37111474289227814,0.8325666179148575,80.0,1.3333333333333333,0.5,2.5696613156528088,1.6094379124341003,320.0,0.5,12.0614,19624.46,19.0
2001001334,Dr. Melissa Thompson,Oncology,Las Vegas,NV,Lazanda,REP-S705,Simon Rossi,TERR-S09,3,10.0,3,2,1,0.14158858559120047,1.4348055844614664,1.7999810917472654,3.4854,0.0328852621715221,24.3227,synthetic,-0.21915068852746614,-0.9084618181399344,-0.37111474289227814,1.2971045737711924,-0.9776304286355144,1.2233542882093669,-0.37111474289227814,1.5605118261070017,66.66666666666666,0.6666666666666666,0.5,3.1988159644904286,1.0986122886681098,666.6666666666665,0.5,23.5035,49695.17,20.0
2001001335,Dr. Linda Robinson,Pain Management,Boston,MA,Abstral,REP-S797,Stanley Gomez,TERR-S03,1,5.0,14,10,6,0.14158858559120047,-0.1962164633122262,0.25563944926928517,11.4832,0.10166680612786116,15.2709,synthetic,0.06461896879292103,2.534573396864543,-0.16990811790251828,-0.011837713088281722,1.9454793272294546,-0.13487129756901223,-0.16990811790251828,0.9455367977347338,71.42857142857143,3.3333333333333335,0.6,2.6877114301066793,2.3978952727983707,357.14285714285717,0.6,13.698,29315.56,20.0
2001001336,Dr. Karen Robinson,Pain Management,Jacksonville,FL,Abstral,REP-S679,Solomon Kowalski,TERR-S11,3,7.0,4,3,4,0.48357518897782026,0.26067929527476885,-0.6681385336735741,7.0739,0.06455535982456251,17.6081,synthetic,0.27744621178321077,-0.47808241626437475,1.3056071320223879,0.4269400757034206,-0.33040708865298646,0.6017048854877244,1.3056071320223879,1.135141154284432,75.0,1.0,1.3333333333333333,2.8590416099699802,1.3862943611198906,525.0,1.3333333333333333,16.4448,17125.1,22.0
2001001337,Dr. Barbara Taylor,Family Practice,Detroit,MI,Abstral,REP-S703,Sean Rossi,TERR-S07,3,8.0,3,2,1,0.6545684906711301,0.5199994087293793,-0.5664995096004923,1.4601,0.013734067627516389,18.2666,synthetic,-0.21915068852746614,-0.9084618181399344,-0.37111474289227814,0.646155485609547,-0.9776304286355144,0.6382724974125267,-0.37111474289227814,1.2119658884957454,66.66666666666666,0.6666666666666666,0.5,2.9446389591691067,1.0986122886681098,533.3333333333333,0.5,18.0038,18466.36,23.0
2001001338,Dr. Carol Brown,Anesthesiology,Portland,OR,Actiq,REP-S795,Stephen Gomez,TERR-S01,3,3.0,2,2,3,-0.713377922875349,-0.5951103466191554,0.17287539956069892,4.8951,0.04398611486397286,11.853,synthetic,1.7672369127152399,-0.9084618181399344,1.640951507005321,-0.4680050415103866,-0.9776304286355144,-0.385620636481944,1.640951507005321,0.7748911153715203,100.0,0.6666666666666666,1.5,2.509591132264022,1.0986122886681098,300.0,1.5,11.2999,28223.38,15.0
2001001339,Dr. Margaret Sanchez,Pain Management,Nashville,TN,Fentora,REP-S766,Stella Muller,TERR-S14,2,8.0,6,4,1,-0.0294047161021094,0.5529841287409574,-0.4123708095475846,5.261,0.048665914087338,19.1597,synthetic,-0.21915068852746614,-0.04770301438881521,-0.874131305366678,0.6727405024356751,0.171618335963463,0.6382724974125267,-0.874131305366678,1.2564429366365453,66.66666666666666,1.3333333333333333,0.25,2.9550196480527267,1.6094379124341003,533.3333333333333,0.25,18.2021,20500.29,19.0
2001001340,Dr. Dorothy Garcia,Palliative Care,Miami,FL,Subsys,REP-S551,Silas Chen,TERR-S09,3,3.0,4,3,3,-0.542384621182039,-0.6214083003954055,0.14021475257540286,6.97,0.061990865928184036,11.9183,synthetic,0.27744621178321077,-0.47808241626437475,0.6349183820565215,-0.5011370129231569,-0.33040708865298646,-0.7147291438051668,0.6349183820565215,0.7152645963187478,75.0,1.0,1.0,2.4966540448216343,1.3862943611198906,225.0,1.0,11.1418,27792.38,16.0
2001001341,Dr. Margaret Sanchez,Orthopedics,Nashville,TN,Fentora,REP-S661,Samuel Kowalski,TERR-S07,3,4.0,5,3,3,-0.0294047161021094,-0.548352884212426,-0.8880629027553755,3.5941,0.03255390421381632,11.9973,synthetic,-0.6164282087760067,-0.47808241626437475,0.6349183820565215,-0.41013497268990595,-0.33040708865298646,-0.6489074423405222,0.6349183820565215,0.7174118412290347,60.0,1.0,1.0,2.532187739368994,1.3862943611198906,240.0,1.0,11.581,14222.91,19.0
2001001342,Dr. Donna Anderson,Psychiatry,Miami,FL,Subsys,REP-S731,Silas Santos,TERR-S07,3,3.0,3,2,0,-0.0294047161021094,-0.8192334517306001,-1.0823793543528588,0.7046,0.006379969854892753,10.0226,synthetic,-0.21915068852746614,-0.9084618181399344,-1.3771478678410778,-0.7651417586760232,-0.9776304286355144,-0.8244319795795746,-1.3771478678410778,0.80244624154418,66.66666666666666,0.6666666666666666,0.0,2.3935677407059166,1.0986122886681098,199.99999999999997,0.0,9.9525,11658.65,19.0
2001001343,Dr. Richard Ramirez,Pain Management,Los Angeles,CA,Abstral,REP-S560,Sloan Chen,TERR-S04,2,2.0,7,4,1,0.14158858559120047,-0.9803811912526188,-1.0882105301893286,7.7733,0.0676156803178456,9.6821,synthetic,-0.7866900031682388,-0.04770301438881521,-0.874131305366678,-1.0023268030046013,0.171618335963463,-1.200555987948972,-0.874131305366678,0.6201211074470381,57.14285714285714,1.3333333333333333,0.25,2.3009537630986965,1.6094379124341003,114.28571428571428,0.25,8.9837,11581.7,20.0
2001001344,Dr. Nancy Lopez,Palliative Care,Boston,MA,Abstral,REP-S532,Sienna Patel,TERR-S04,2,10.0,5,2,1,-0.542384621182039,1.960648223758491,0.477326432385606,3.456,0.03277023327988848,27.5864,synthetic,-1.80826076952163,-0.9084618181399344,-0.37111474289227814,1.6078696664085457,-0.9776304286355144,0.0531907066156864,-0.37111474289227814,1.7117869112639024,40.0,0.6666666666666666,0.5,3.3201608469727755,1.0986122886681098,400.0,0.5,26.6648,32241.01,16.0
2001001345,Dr. Robert Garcia,Pain Management,Boston,MA,Abstral,REP-S524,Sarah Patel,TERR-S10,3,10.0,2,2,0,-1.2263578279552785,1.4784525362064886,0.8146449882196376,2.9738,0.0281395834491458,24.4727,synthetic,1.7672369127152399,-0.9084618181399344,-1.3771478678410778,1.3243837608059033,-0.9776304286355144,2.6860587652014694,-1.3771478678410778,1.6404973705127688,100.0,0.6666666666666666,0.0,3.2094677069910054,1.0986122886681098,1000.0,0.0,23.7659,36692.37,12.0
2001001348,Dr. Melissa Perez,Orthopedics,Miami,FL,Fentora,REP-S736,Sasha Santos,TERR-S12,3,7.0,2,2,1,-0.8843712245686588,0.2784441369148922,0.5564841707484144,2.7077,0.02520997724312224,16.9997,synthetic,1.7672369127152399,-0.9084618181399344,-0.37111474289227814,0.4425711918172891,-0.9776304286355144,1.3696247359085776,-0.37111474289227814,1.025327159251057,100.0,0.6666666666666666,0.5,2.8651451138474853,1.0986122886681098,700.0,0.5,16.5516,33285.6,14.0
2001001349,Dr. Ashley Nelson,Psychiatry,Seattle,WA,Lazanda,REP-S848,Serena Kim,TERR-S12,3,1.0,2,1,1,-0.8843712245686588,-1.1918959162486953,-0.5297164978912983,1.4349,0.01261508163641123,7.8227,synthetic,-1.2123444891488182,-1.3388412200154942,0.6349183820565215,-1.3512406984061174,-1.889840491916844,-1.4826489942260201,0.6349183820565215,0.621808154675998,50.0,0.3333333333333333,1.0,2.164712863985352,0.6931471805599453,50.0,1.0,7.7121,18951.76,14.0
2001001350,Dr. Laura Rodriguez,Oncology,Austin,TX,Abstral,REP-S762,Sophia Muller,TERR-S10,3,6.0,2,1,0,-1.3973511296485885,0.08519326596456046,-0.6534177511135656,0.7852,0.007349465460830817,15.5107,synthetic,-1.2123444891488182,-1.3388412200154942,-1.3771478678410778,0.26717826220600616,-1.889840491916844,-0.385620636481944,-1.3771478678410778,1.0218037697118103,50.0,0.3333333333333333,0.0,2.7966591901187483,0.6931471805599453,300.0,0.0,15.3898,17319.36,11.0
