Prscrbr_NPI,Physician_Name,Specialty,City,State,Brand_Name,Sales_Rep,Territory,HCP_Tier,CMS_Volume_Decile,Target_Calls,Actual_Calls,Samples_Dropped,Tot_Clms,Tot_30day_Fills,Tot_Drug_Cst,Rx_Lift_Pct,Delta_Log_Fills,Post_Campaign_Fills,dataset_mode
1001000001,Dr. Margaret Green,Emergency Medicine,Philadelphia,PA,Fentora,REP-111,TERR-06,2,5,3,2,2,19,13.213,27892.13,4.1146,0.037537,13.7567,hybrid
1001000002,Dr. Michelle White,Pain Management,Columbus,OH,Abstral,REP-108,TERR-04,2,5,7,6,0,20,14.0903,15590.01,3.4263,0.031491,14.5731,hybrid
1001000003,Dr. Jessica Hernandez,Internal Medicine,Phoenix,AZ,Fentora,REP-111,TERR-06,2,5,9,8,3,15,13.9623,32739.35,6.5002,0.058889,14.8699,hybrid
1001000004,Dr. Ashley Walker,Family Practice,Houston,TX,Subsys,REP-107,TERR-04,2,6,6,5,3,12,17.5191,19569.01,4.907,0.045375,18.3787,hybrid
1001000005,Dr. Sharon Wright,Family Practice,Atlanta,GA,Actiq,REP-102,TERR-01,2,4,4,4,0,18,11.52,17511.34,2.3156,0.021083,11.7868,hybrid
1001000006,Dr. Stephanie Martinez,Oncology,Chicago,IL,Abstral,REP-102,TERR-01,2,5,6,5,2,17,12.612,32615.05,4.7101,0.042716,13.2061,hybrid
1001000007,Dr. Robert Scott,Oncology,Portland,OR,Actiq,REP-110,TERR-05,2,4,4,2,3,19,11.0435,21345.81,5.3955,0.04829,11.6393,hybrid
1001000008,Dr. Karen Sanchez,Emergency Medicine,Phoenix,AZ,Fentora,REP-105,TERR-03,2,5,4,3,1,20,12.4473,12414.99,3.2062,0.029246,12.8464,hybrid
1001000009,Dr. Sandra Young,Orthopedics,Columbus,OH,Subsys,REP-107,TERR-04,2,5,5,3,2,16,14.9065,23791.01,5.1417,0.04706,15.6729,hybrid
1001000010,Dr. Charles Baker,Palliative Care,Philadelphia,PA,Subsys,REP-102,TERR-01,1,8,7,3,4,19,22.1986,49228.43,4.9675,0.046439,23.3013,hybrid
1001000011,Dr. Kimberly Brown,Pain Management,Los Angeles,CA,Lazanda,REP-102,TERR-01,1,8,14,11,4,18,21.5928,31239.59,6.8546,0.063456,23.0729,hybrid
1001000012,Dr. Rebecca Wilson,Internal Medicine,Denver,CO,Subsys,REP-103,TERR-02,1,8,8,7,6,32,21.2967,46667.18,6.46,0.059874,22.6725,hybrid
1001000013,Dr. Michelle Ramirez,Pain Management,Portland,OR,Actiq,REP-102,TERR-01,2,4,4,3,3,13,9.6643,24896.95,3.9191,0.0349,10.0431,hybrid
1001000014,Dr. Dorothy Nguyen,Family Practice,Charlotte,NC,Subsys,REP-102,TERR-01,2,6,7,6,7,20,17.2314,35216.81,5.272,0.048627,18.1398,hybrid
1001000015,Dr. Donna Wright,Internal Medicine,Detroit,MI,Subsys,REP-108,TERR-04,2,4,3,3,3,14,11.9684,10313.17,5.2394,0.047221,12.5955,hybrid
1001000016,Dr. Betty Jones,Palliative Care,Phoenix,AZ,Abstral,REP-108,TERR-04,2,6,9,7,7,26,17.2422,16136.22,9.047,0.08205,18.8021,hybrid
1001000017,Dr. Mary Scott,Oncology,New York,NY,Abstral,REP-111,TERR-06,3,2,5,4,5,26,5.6614,12415.18,7.7622,0.063885,6.1009,hybrid
1001000018,Dr. Sarah Nelson,Pain Management,Detroit,MI,Subsys,REP-105,TERR-03,1,8,14,6,3,12,21.9891,50246.42,6.7391,0.062467,23.471,hybrid
1001000019,Dr. Emily Moore,Pain Management,Denver,CO,Subsys,REP-104,TERR-02,2,6,13,10,4,14,16.1725,20921.42,7.2927,0.066424,17.3519,hybrid
1001000020,Dr. Thomas Lopez,Pain Management,Austin,TX,Actiq,REP-102,TERR-01,2,5,4,4,0,25,12.5564,26583.79,2.073,0.019019,12.8167,hybrid
1001000021,Dr. Mary Williams,Pain Management,Detroit,MI,Lazanda,REP-106,TERR-03,1,8,16,14,0,7,22.6867,37810.78,4.1945,0.039388,23.6383,hybrid
1001000022,Dr. Betty Young,Neurology,Phoenix,AZ,Fentora,REP-108,TERR-04,2,4,5,4,5,29,10.7363,26385.73,6.1685,0.054894,11.3985,hybrid
1001000023,Dr. Robert Garcia,Oncology,Nashville,TN,Lazanda,REP-108,TERR-04,2,5,7,2,2,25,14.8219,18640.13,5.2267,0.047802,15.5966,hybrid
1001000024,Dr. William Smith,Internal Medicine,Jacksonville,FL,Subsys,REP-108,TERR-04,3,3,2,1,2,21,7.7158,13889.08,3.7538,0.032691,8.0054,hybrid
1001000025,Dr. Sarah Clark,Family Practice,Austin,TX,Actiq,REP-110,TERR-05,1,10,9,4,1,11,33.952,70595.11,3.8632,0.03684,35.2636,hybrid
1001000026,Dr. Lisa Hill,Internal Medicine,Charlotte,NC,Abstral,REP-102,TERR-01,2,6,8,5,2,16,15.7127,19797.04,3.6796,0.034009,16.2909,hybrid
1001000027,Dr. David Lopez,Psychiatry,Las Vegas,NV,Subsys,REP-111,TERR-06,2,6,4,2,1,17,15.2741,24043.25,2.6807,0.024849,15.6835,hybrid
1001000028,Dr. James Nelson,Internal Medicine,Houston,TX,Subsys,REP-102,TERR-01,2,6,10,7,7,23,15.765,26983.91,5.8172,0.053259,16.6821,hybrid
1001000029,Dr. Amanda Flores,Orthopedics,Denver,CO,Abstral,REP-111,TERR-06,1,10,11,6,3,12,28.1044,28108.13,6.3413,0.059432,29.8866,hybrid
1001000030,Dr. Michelle Hill,Oncology,Seattle,WA,Fentora,REP-108,TERR-04,2,4,7,5,2,39,10.4084,25153.07,5.7166,0.05084,11.0034,hybrid
1001000031,Dr. Mary Miller,Palliative Care,Chicago,IL,Subsys,REP-104,TERR-02,2,7,11,8,0,34,20.9252,37798.42,2.6779,0.025236,21.4856,hybrid
1001000032,Dr. John Moore,Internal Medicine,Austin,TX,Actiq,REP-107,TERR-04,1,9,6,5,4,19,24.31,51082.21,6.1288,0.057199,25.7999,hybrid
1001000033,Dr. Lisa Wilson,Orthopedics,Philadelphia,PA,Fentora,REP-107,TERR-04,2,4,2,2,0,27,9.0861,18599.9,1.9333,0.017266,9.2617,hybrid
1001000034,Dr. Sandra Green,Anesthesiology,Charlotte,NC,Subsys,REP-111,TERR-06,2,4,2,2,1,18,10.6809,25775.24,4.1964,0.037654,11.1291,hybrid
1001000035,Dr. Margaret Perez,Family Practice,Miami,FL,Abstral,REP-110,TERR-05,2,4,4,2,1,21,9.7498,10808.75,3.7729,0.033647,10.1177,hybrid
1001000036,Dr. Dorothy Gonzalez,Pain Management,Portland,OR,Actiq,REP-111,TERR-06,2,5,9,6,5,26,14.4473,20931.17,9.1393,0.082019,15.7677,hybrid
1001000037,Dr. Charles Young,Orthopedics,Austin,TX,Abstral,REP-101,TERR-01,2,5,2,1,2,14,13.1374,29863.46,2.1772,0.02003,13.4234,hybrid
1001000038,Dr. Jennifer Torres,Internal Medicine,Chicago,IL,Fentora,REP-103,TERR-02,2,7,9,7,2,10,20.126,23826.56,5.4865,0.050948,21.2302,hybrid
1001000039,Dr. James King,Internal Medicine,Portland,OR,Abstral,REP-107,TERR-04,3,2,2,2,3,24,5.5483,6862.47,4.088,0.034051,5.7751,hybrid
1001000040,Dr. Karen Torres,Oncology,Charlotte,NC,Subsys,REP-106,TERR-03,1,8,16,11,10,24,21.1121,36404.87,10.5166,0.095683,23.3324,hybrid
1001000041,Dr. Nancy Miller,Internal Medicine,Baltimore,MD,Actiq,REP-108,TERR-04,3,2,2,1,0,28,5.3214,7161.55,1.7101,0.014293,5.4124,hybrid
1001000042,Dr. Ashley Ramirez,Internal Medicine,Atlanta,GA,Fentora,REP-110,TERR-05,2,6,5,5,1,14,17.7379,30698.17,5.1074,0.047216,18.6439,hybrid
1001000043,Dr. Carol King,Oncology,Jacksonville,FL,Subsys,REP-105,TERR-03,2,6,5,4,5,21,15.2962,16030.84,7.1565,0.065013,16.3909,hybrid
1001000044,Dr. Margaret Brown,Oncology,Columbus,OH,Actiq,REP-112,TERR-06,2,6,10,7,2,15,17.9899,30269.68,4.7452,0.043972,18.8436,hybrid
1001000045,Dr. Michelle Nguyen,Anesthesiology,Detroit,MI,Subsys,REP-109,TERR-05,1,8,9,6,3,23,23.4213,43021.21,6.5139,0.060598,24.947,hybrid
1001000046,Dr. Robert Martinez,Oncology,Denver,CO,Fentora,REP-106,TERR-03,2,6,10,6,4,30,17.1464,24275.53,6.754,0.061864,18.3044,hybrid
1001000047,Dr. John Brown,Pain Management,Los Angeles,CA,Abstral,REP-112,TERR-06,2,6,9,8,1,15,16.4181,35584.03,5.6184,0.051604,17.3406,hybrid
1001000048,Dr. Kathleen Davis,Pain Management,Phoenix,AZ,Lazanda,REP-104,TERR-02,2,5,9,4,5,17,14.0374,35016.99,6.9544,0.062899,15.0136,hybrid
1001000049,Dr. Kathleen Rodriguez,Palliative Care,Chicago,IL,Fentora,REP-105,TERR-03,1,8,16,13,5,10,22.9073,56961.37,8.7316,0.080348,24.9075,hybrid
1001000050,Dr. Barbara Ramirez,Internal Medicine,Portland,OR,Abstral,REP-106,TERR-03,2,6,8,7,5,9,17.6277,32903.41,6.884,0.063111,18.8412,hybrid
1001000051,Dr. Stephanie Rodriguez,Pain Management,Chicago,IL,Abstral,REP-110,TERR-05,3,3,5,4,1,15,8.132,16995.96,5.0004,0.043566,8.5386,hybrid
1001000052,Dr. Karen Perez,Palliative Care,Atlanta,GA,Fentora,REP-107,TERR-04,2,5,9,6,1,24,12.1485,18315.36,5.1544,0.046525,12.7746,hybrid
1001000053,Dr. Jessica Hall,Pain Management,Denver,CO,Actiq,REP-103,TERR-02,3,3,5,4,5,7,7.6519,9923.69,8.6138,0.07342,8.311,hybrid
1001000054,Dr. John Brown,Anesthesiology,New York,NY,Fentora,REP-107,TERR-04,2,6,7,5,5,14,15.5458,17521.96,7.5306,0.068364,16.7165,hybrid
1001000055,Dr. Nancy Nguyen,Pain Management,Charlotte,NC,Actiq,REP-101,TERR-01,2,4,5,4,3,18,10.6475,13002.47,5.3249,0.047529,11.2144,hybrid
1001000056,Dr. James Davis,Neurology,Baltimore,MD,Abstral,REP-101,TERR-01,2,6,2,1,2,12,15.3798,20261.46,4.549,0.041826,16.0794,hybrid
1001000057,Dr. Laura Campbell,Neurology,Atlanta,GA,Lazanda,REP-101,TERR-01,2,6,7,6,7,11,15.1019,14820.79,6.7954,0.061785,16.1282,hybrid
1001000058,Dr. Susan Baker,Palliative Care,Los Angeles,CA,Fentora,REP-109,TERR-05,2,5,10,5,0,17,14.3168,18700.22,2.8445,0.02624,14.724,hybrid
1001000059,Dr. Sharon Thomas,Pain Management,Portland,OR,Lazanda,REP-105,TERR-03,1,9,13,7,5,25,25.2832,57120.91,7.9247,0.073466,27.2868,hybrid
1001000060,Dr. Amanda Thompson,Internal Medicine,Phoenix,AZ,Actiq,REP-105,TERR-03,1,8,16,10,2,19,23.4795,37887.97,7.015,0.065117,25.1266,hybrid
1001000061,Dr. Thomas Hernandez,Neurology,Los Angeles,CA,Abstral,REP-104,TERR-02,3,3,4,3,2,30,8.1194,8194.03,3.9626,0.034673,8.4411,hybrid
1001000062,Dr. Dorothy Campbell,Palliative Care,Houston,TX,Abstral,REP-110,TERR-05,2,6,12,7,2,21,15.0053,24428.65,6.1991,0.056492,15.9355,hybrid
1001000063,Dr. Stephanie Scott,Neurology,Houston,TX,Actiq,REP-111,TERR-06,1,8,12,7,4,11,23.453,30352.38,7.277,0.067467,25.1597,hybrid
1001000064,Dr. Sarah Jackson,Pain Management,Seattle,WA,Lazanda,REP-103,TERR-02,2,5,11,8,1,13,14.8102,21290.3,6.2348,0.056762,15.7336,hybrid
1001000065,Dr. Donna Baker,Orthopedics,Baltimore,MD,Abstral,REP-110,TERR-05,1,9,6,5,3,19,25.6036,48536.9,4.9742,0.046762,26.8772,hybrid
1001000066,Dr. Laura Hall,Orthopedics,Houston,TX,Actiq,REP-106,TERR-03,1,8,7,5,5,7,21.5421,37748.41,6.0819,0.056495,22.8523,hybrid
1001000067,Dr. Rebecca Miller,Oncology,Houston,TX,Abstral,REP-108,TERR-04,3,2,3,3,0,16,5.2927,12258.23,2.9165,0.024234,5.447,hybrid
1001000068,Dr. Betty Mitchell,Anesthesiology,Portland,OR,Actiq,REP-104,TERR-02,2,6,6,5,5,18,17.3224,15649.99,6.4237,0.058958,18.4351,hybrid
1001000069,Dr. Robert Gonzalez,Family Practice,Miami,FL,Subsys,REP-112,TERR-06,2,6,5,4,2,9,17.3232,42705.86,4.4874,0.041549,18.1005,hybrid
1001000070,Dr. Lisa Hall,Neurology,Atlanta,GA,Actiq,REP-105,TERR-03,2,5,9,5,1,31,14.1581,23570.39,5.5968,0.050955,14.9505,hybrid
1001000071,Dr. Thomas Sanchez,Oncology,Las Vegas,NV,Fentora,REP-107,TERR-04,2,6,7,6,2,13,16.7742,30904.05,6.8346,0.062506,17.9207,hybrid
1001000072,Dr. Charles Johnson,Family Practice,Charlotte,NC,Actiq,REP-104,TERR-02,2,7,10,8,1,9,18.6241,46269.1,3.8342,0.035742,19.3382,hybrid
1001000073,Dr. Kimberly Hernandez,Orthopedics,Houston,TX,Subsys,REP-103,TERR-02,3,3,4,3,1,14,7.8253,8696.73,4.1548,0.036178,8.1504,hybrid
1001000074,Dr. Melissa Campbell,Oncology,Detroit,MI,Abstral,REP-111,TERR-06,2,4,8,7,6,13,10.611,21013.92,9.1528,0.08033,11.5822,hybrid
1001000075,Dr. Michael Rivera,Palliative Care,Las Vegas,NV,Abstral,REP-103,TERR-02,2,6,10,8,3,21,16.7774,24275.68,6.5079,0.059606,17.8692,hybrid
1001000076,Dr. James Gonzalez,Oncology,Los Angeles,CA,Abstral,REP-109,TERR-05,2,5,8,6,4,21,14.3186,35915.58,6.7664,0.061327,15.2875,hybrid
1001000077,Dr. Robert White,Oncology,Houston,TX,Actiq,REP-112,TERR-06,2,4,4,3,4,25,9.9511,14159.57,6.5316,0.057657,10.601,hybrid
1001000078,Dr. Karen Jones,Pain Management,Charlotte,NC,Subsys,REP-103,TERR-02,2,7,15,14,8,11,18.4284,43311.68,10.5327,0.095225,20.3694,hybrid
1001000079,Dr. Emily Martinez,Orthopedics,Columbus,OH,Subsys,REP-107,TERR-04,2,4,6,4,2,19,9.6472,9453.97,5.2902,0.04682,10.1576,hybrid
1001000080,Dr. Donna Garcia,Internal Medicine,Jacksonville,FL,Subsys,REP-109,TERR-05,2,6,8,6,0,24,17.4879,21409.26,4.0426,0.037527,18.1949,hybrid
1001000081,Dr. Lisa Campbell,Palliative Care,Columbus,OH,Subsys,REP-103,TERR-02,2,7,8,6,0,13,18.2938,16315.98,2.8203,0.02639,18.8098,hybrid
1001000082,Dr. Linda Flores,Palliative Care,Baltimore,MD,Subsys,REP-101,TERR-01,1,10,13,10,2,27,28.3126,44011.95,6.2834,0.05892,30.0916,hybrid
1001000083,Dr. Laura King,Pain Management,Detroit,MI,Subsys,REP-105,TERR-03,2,4,3,1,1,13,9.2234,8253.2,4.1204,0.036499,9.6034,hybrid
1001000084,Dr. Lisa Wright,Palliative Care,Seattle,WA,Subsys,REP-108,TERR-04,2,5,10,8,5,28,12.7945,13504.99,8.073,0.072206,13.8274,hybrid
1001000085,Dr. Carol Perez,Pain Management,Charlotte,NC,Subsys,REP-110,TERR-05,2,4,5,5,0,15,9.932,21491.51,3.0015,0.026904,10.2301,hybrid
1001000086,Dr. Jessica Torres,Pain Management,Phoenix,AZ,Abstral,REP-106,TERR-03,1,10,13,10,5,23,29.0625,61256.59,8.9461,0.082947,31.6625,hybrid
1001000087,Dr. Laura Wilson,Pain Management,Detroit,MI,Abstral,REP-109,TERR-05,2,6,13,8,8,19,16.1279,14621.14,8.7714,0.079359,17.5426,hybrid
1001000088,Dr. Michael Rodriguez,Palliative Care,Houston,TX,Subsys,REP-106,TERR-03,2,5,11,7,8,17,12.8658,22221.81,9.1979,0.081898,14.0491,hybrid
1001000089,Dr. Michelle Flores,Pain Management,Philadelphia,PA,Subsys,REP-111,TERR-06,2,5,2,1,2,21,14.1468,27049.29,5.259,0.04795,14.8908,hybrid
1001000090,Dr. Rebecca Brown,Palliative Care,Denver,CO,Lazanda,REP-110,TERR-05,2,5,6,4,5,18,14.1108,29030.41,6.6444,0.060198,15.0484,hybrid
1001000091,Dr. Susan Torres,Psychiatry,Philadelphia,PA,Subsys,REP-103,TERR-02,2,5,2,2,2,18,14.315,25070.45,3.6057,0.033147,14.8311,hybrid
1001000092,Dr. Thomas Wright,Family Practice,Nashville,TN,Fentora,REP-112,TERR-06,2,6,4,3,3,25,17.1043,23784.99,4.5283,0.041892,17.8788,hybrid
1001000093,Dr. Melissa Mitchell,Pain Management,Atlanta,GA,Actiq,REP-103,TERR-02,2,5,6,4,3,20,12.39,17714.98,5.9864,0.053913,13.1317,hybrid
1001000094,Dr. Rebecca Martin,Pain Management,Houston,TX,Fentora,REP-105,TERR-03,2,7,16,12,1,12,19.9239,32885.55,7.0006,0.064532,21.3186,hybrid
1001000095,Dr. Laura Sanchez,Anesthesiology,Seattle,WA,Abstral,REP-105,TERR-03,1,10,14,9,3,12,28.711,54679.54,7.9805,0.07429,31.0022,hybrid
1001000096,Dr. Mary Campbell,Palliative Care,Columbus,OH,Abstral,REP-108,TERR-04,2,4,6,4,4,26,10.5156,23161.28,6.5384,0.057991,11.2032,hybrid
1001000097,Dr. Thomas Mitchell,Palliative Care,Las Vegas,NV,Abstral,REP-104,TERR-02,2,4,6,3,4,18,10.6164,15139.82,5.7101,0.050869,11.2227,hybrid
1001000098,Dr. Linda Lee,Palliative Care,Atlanta,GA,Lazanda,REP-112,TERR-06,2,5,6,4,4,17,13.865,31461.59,5.6824,0.051645,14.6528,hybrid
1001000099,Dr. Thomas Anderson,Anesthesiology,Austin,TX,Abstral,REP-101,TERR-01,2,6,8,5,0,22,15.2518,37158.18,3.3345,0.030813,15.7604,hybrid
1001000100,Dr. Margaret Ramirez,Pain Management,Atlanta,GA,Fentora,REP-108,TERR-04,2,4,4,3,3,18,9.1878,12989.38,5.9589,0.052345,9.7353,hybrid
1001000101,Dr. Patricia Sanchez,Neurology,Seattle,WA,Subsys,REP-109,TERR-05,3,3,4,2,3,17,8.3967,11891.2,5.2025,0.045441,8.8336,hybrid
1001000102,Dr. Sandra Davis,Anesthesiology,New York,NY,Abstral,REP-102,TERR-01,2,5,4,3,1,14,12.4755,22700.42,2.7141,0.024816,12.8141,hybrid
1001000103,Dr. Ashley Thompson,Internal Medicine,Jacksonville,FL,Fentora,REP-104,TERR-02,2,5,2,2,1,11,12.3913,31160.43,3.1358,0.028603,12.7799,hybrid
1001000104,Dr. John Gonzalez,Neurology,Philadelphia,PA,Subsys,REP-102,TERR-01,3,3,2,1,2,15,6.5801,8098.2,3.3423,0.028601,6.8,hybrid
1001000105,Dr. Sarah White,Pain Management,Columbus,OH,Subsys,REP-110,TERR-05,2,5,8,6,6,19,14.2818,23501.23,7.5219,0.067936,15.356,hybrid
1001000106,Dr. Thomas Sanchez,Neurology,Baltimore,MD,Actiq,REP-110,TERR-05,3,3,2,2,1,18,8.6732,22260.94,3.5327,0.031183,8.9796,hybrid
1001000107,Dr. Kimberly Williams,Orthopedics,Atlanta,GA,Subsys,REP-103,TERR-02,2,7,10,5,5,13,20.5515,23870.76,6.7081,0.062006,21.9301,hybrid
1001000108,Dr. Betty Young,Pain Management,Boston,MA,Abstral,REP-102,TERR-01,1,8,16,14,8,21,23.0628,24053.17,8.0247,0.074098,24.9135,hybrid
1001000109,Dr. Barbara Taylor,Pain Management,Las Vegas,NV,Subsys,REP-112,TERR-06,1,10,16,9,8,25,27.5763,50427.48,9.1204,0.084353,30.0914,hybrid
1001000110,Dr. Joseph Hernandez,Internal Medicine,Seattle,WA,Abstral,REP-109,TERR-05,2,4,4,4,4,18,11.7765,19161.11,4.4526,0.040221,12.3008,hybrid
1001000111,Dr. Michelle Rivera,Oncology,Las Vegas,NV,Abstral,REP-104,TERR-02,3,3,3,2,2,16,7.6285,18983.74,4.1691,0.036196,7.9466,hybrid
1001000112,Dr. Deborah Perez,Pain Management,Miami,FL,Abstral,REP-109,TERR-05,2,7,9,5,0,19,20.9239,50431.66,3.0046,0.028272,21.5526,hybrid
1001000113,Dr. Robert Baker,Palliative Care,Denver,CO,Actiq,REP-106,TERR-03,2,6,10,7,1,14,16.3127,20262.08,6.7115,0.06132,17.4075,hybrid
1001000114,Dr. Lisa Thompson,Oncology,Chicago,IL,Lazanda,REP-109,TERR-05,3,3,2,1,1,26,7.6531,7606.74,3.5232,0.030684,7.9228,hybrid
1001000115,Dr. Elizabeth Torres,Internal Medicine,Denver,CO,Subsys,REP-110,TERR-05,2,4,6,3,3,14,9.2028,16869.35,5.9244,0.052058,9.748,hybrid
1001000116,Dr. Melissa Robinson,Neurology,Nashville,TN,Actiq,REP-104,TERR-02,2,6,9,5,1,14,16.1363,24125.06,5.4564,0.050103,17.0168,hybrid
1001000117,Dr. Emily Torres,Palliative Care,Columbus,OH,Abstral,REP-107,TERR-04,2,6,8,7,4,16,16.3725,20048.57,7.3695,0.067147,17.5791,hybrid
1001000118,Dr. Carol Gonzalez,Pain Management,Seattle,WA,Actiq,REP-111,TERR-06,2,7,7,5,1,24,19.871,45319.03,6.0193,0.055727,21.0671,hybrid
1001000119,Dr. Richard Nelson,Pain Management,Charlotte,NC,Actiq,REP-102,TERR-01,2,5,9,7,6,17,14.9141,29683.53,6.9757,0.063326,15.9544,hybrid
1001000120,Dr. Charles Sanchez,Internal Medicine,Nashville,TN,Actiq,REP-111,TERR-06,2,6,9,6,2,21,16.4939,26634.45,5.9139,0.054259,17.4693,hybrid
1001000121,Dr. Jessica Brown,Pain Management,Phoenix,AZ,Fentora,REP-105,TERR-03,2,6,6,3,3,16,16.9498,27336.54,6.05,0.055557,17.9753,hybrid
1001000122,Dr. Richard Flores,Palliative Care,New York,NY,Abstral,REP-106,TERR-03,2,6,8,5,2,14,15.0421,17349.97,5.9589,0.054369,15.9384,hybrid
1001000123,Dr. Sharon Wright,Neurology,Seattle,WA,Lazanda,REP-102,TERR-01,1,8,7,5,2,14,22.0401,21293.77,4.3848,0.041089,23.0066,hybrid
1001000124,Dr. Stephanie Williams,Palliative Care,Philadelphia,PA,Abstral,REP-109,TERR-05,1,8,6,4,2,16,21.4626,34952.16,4.5022,0.042118,22.4289,hybrid
1001000125,Dr. Kimberly Anderson,Palliative Care,Boston,MA,Subsys,REP-107,TERR-04,3,2,2,1,0,19,5.0607,11005.87,1.5642,0.012976,5.1398,hybrid
1001000126,Dr. Robert Taylor,Anesthesiology,Los Angeles,CA,Subsys,REP-110,TERR-05,2,5,11,8,0,23,12.0627,12938.33,4.0968,0.037134,12.5569,hybrid
1001000127,Dr. David White,Palliative Care,Boston,MA,Abstral,REP-101,TERR-01,2,4,6,5,3,13,10.3939,14897.11,6.1286,0.0544,11.0309,hybrid
1001000128,Dr. David Nelson,Anesthesiology,Baltimore,MD,Abstral,REP-108,TERR-04,2,5,6,5,3,8,14.2406,32856.69,5.6121,0.05111,15.0398,hybrid
1001000129,Dr. Lisa Ramirez,Pain Management,Chicago,IL,Subsys,REP-109,TERR-05,1,8,16,10,6,18,23.7216,49232.79,8.8782,0.081756,25.8276,hybrid
1001000130,Dr. Melissa Nguyen,Palliative Care,Seattle,WA,Abstral,REP-102,TERR-01,1,10,14,12,10,12,30.2409,65204.19,7.7366,0.072218,32.5806,hybrid
1001000131,Dr. Dorothy Gonzalez,Family Practice,Portland,OR,Subsys,REP-104,TERR-02,1,8,7,6,7,15,21.0846,37045.75,5.4495,0.050719,22.2336,hybrid
1001000132,Dr. Robert Clark,Palliative Care,Los Angeles,CA,Fentora,REP-105,TERR-03,3,2,8,6,3,27,5.7493,10366.15,6.5283,0.054119,6.1246,hybrid
1001000133,Dr. Michelle Martin,Internal Medicine,Austin,TX,Fentora,REP-108,TERR-04,2,6,9,8,9,21,15.6506,16499.8,6.942,0.06321,16.737,hybrid
1001000134,Dr. Kimberly Hill,Emergency Medicine,Houston,TX,Fentora,REP-112,TERR-06,2,5,8,4,3,4,12.2421,20957.37,4.6676,0.042246,12.8135,hybrid
1001000135,Dr. Amanda Harris,Family Practice,Nashville,TN,Subsys,REP-103,TERR-02,2,4,2,2,0,22,11.1216,25198.93,1.923,0.01749,11.3354,hybrid
1001000136,Dr. Barbara Taylor,Pain Management,Philadelphia,PA,Actiq,REP-102,TERR-01,2,5,10,8,3,23,12.913,15542.89,5.432,0.049186,13.6145,hybrid
1001000137,Dr. Donna Anderson,Pain Management,Los Angeles,CA,Subsys,REP-103,TERR-02,2,6,7,4,0,9,15.9251,30460.26,2.299,0.021401,16.2912,hybrid
1001000138,Dr. Kimberly Walker,Psychiatry,Baltimore,MD,Subsys,REP-112,TERR-06,2,6,4,3,2,16,16.6044,29250.6,3.9628,0.036695,17.2624,hybrid
1001000139,Dr. Michael Harris,Palliative Care,Phoenix,AZ,Subsys,REP-108,TERR-04,2,4,8,5,3,18,10.2198,20184.57,6.5033,0.057549,10.8845,hybrid
1001000140,Dr. Linda Flores,Orthopedics,Detroit,MI,Abstral,REP-107,TERR-04,2,5,4,3,4,9,14.2673,14724.27,5.9316,0.053949,15.1136,hybrid
1001000141,Dr. Thomas Brown,Palliative Care,Nashville,TN,Abstral,REP-107,TERR-04,2,4,7,7,0,33,10.7382,15910.48,4.0017,0.035954,11.168,hybrid
1001000142,Dr. Donna Hill,Pain Management,Columbus,OH,Abstral,REP-104,TERR-02,2,4,7,4,2,15,11.2541,11992.63,5.4162,0.048545,11.8637,hybrid
1001000143,Dr. Susan Young,Palliative Care,Seattle,WA,Abstral,REP-104,TERR-02,2,5,14,12,12,31,14.4226,34914.88,10.1048,0.090294,15.88,hybrid
1001000144,Dr. Laura White,Pain Management,Nashville,TN,Fentora,REP-112,TERR-06,2,5,8,5,1,16,13.8648,34657.24,5.2077,0.047431,14.5868,hybrid
1001000145,Dr. Nancy Harris,Neurology,Jacksonville,FL,Subsys,REP-102,TERR-01,2,4,4,3,3,27,9.0869,23272.12,3.3669,0.02988,9.3929,hybrid
1001000146,Dr. Jennifer Ramirez,Pain Management,Las Vegas,NV,Fentora,REP-105,TERR-03,2,6,5,4,3,21,15.6319,23817.7,7.8941,0.071571,16.8659,hybrid
1001000147,Dr. Kimberly Harris,Oncology,Detroit,MI,Subsys,REP-109,TERR-05,2,6,8,6,0,12,15.1363,19399.05,3.1053,0.028712,15.6064,hybrid
1001000148,Dr. Linda Jones,Pain Management,Charlotte,NC,Abstral,REP-107,TERR-04,2,5,7,5,2,26,13.7704,12092.05,5.2145,0.04747,14.4884,hybrid
1001000149,Dr. Lisa Rivera,Palliative Care,Seattle,WA,Abstral,REP-106,TERR-03,3,3,2,1,2,16,8.7698,19940.95,4.3419,0.038234,9.1506,hybrid
1001000150,Dr. Susan Wright,Neurology,Boston,MA,Subsys,REP-102,TERR-01,2,5,9,7,1,7,14.1398,27349.41,2.9945,0.027584,14.5632,hybrid
1001000151,Dr. Thomas Torres,Pain Management,Columbus,OH,Fentora,REP-107,TERR-04,2,4,7,5,0,17,11.146,17537.45,3.7489,0.033824,11.5639,hybrid
1001000152,Dr. Deborah Green,Palliative Care,Philadelphia,PA,Subsys,REP-101,TERR-01,2,4,2,2,1,27,11.9333,24710.42,4.1884,0.037917,12.4331,hybrid
1001000153,Dr. Robert Mitchell,Palliative Care,Atlanta,GA,Abstral,REP-111,TERR-06,2,5,9,6,3,15,12.9117,24162.08,7.4436,0.066803,13.8728,hybrid
1001000154,Dr. Robert Wilson,Pain Management,Boston,MA,Subsys,REP-106,TERR-03,1,9,13,10,11,19,26.4469,56180.61,11.6201,0.106131,29.5201,hybrid
1001000155,Dr. Karen Green,Pain Management,Houston,TX,Fentora,REP-106,TERR-03,2,4,4,3,3,26,11.038,20804.48,5.7586,0.051456,11.6736,hybrid
1001000156,Dr. Richard Ramirez,Pain Management,Philadelphia,PA,Fentora,REP-110,TERR-05,2,5,7,5,3,22,13.4157,14905.52,6.2084,0.056169,14.2486,hybrid
1001000157,Dr. Carol Ramirez,Neurology,Phoenix,AZ,Actiq,REP-104,TERR-02,2,5,6,4,3,20,13.093,27565.56,5.7532,0.052071,13.8463,hybrid
1001000158,Dr. Stephanie Mitchell,Pain Management,Philadelphia,PA,Lazanda,REP-110,TERR-05,2,6,16,12,10,3,16.7064,18138.0,10.2251,0.092102,18.4146,hybrid
1001000159,Dr. Jessica Gonzalez,Palliative Care,Atlanta,GA,Fentora,REP-111,TERR-06,3,3,6,6,5,34,8.9168,10146.4,7.958,0.069111,9.6264,hybrid
1001000160,Dr. Ashley Torres,Palliative Care,Chicago,IL,Lazanda,REP-110,TERR-05,2,6,9,5,3,15,17.8562,20758.15,7.2263,0.066191,19.1465,hybrid
1001000161,Dr. Robert Thomas,Family Practice,Atlanta,GA,Actiq,REP-109,TERR-05,2,5,4,3,1,24,13.8114,26138.27,3.925,0.035946,14.3535,hybrid
1001000162,Dr. Donna Ramirez,Internal Medicine,Chicago,IL,Subsys,REP-104,TERR-02,2,6,4,2,3,16,15.7563,19980.53,4.2989,0.039628,16.4337,hybrid
1001000163,Dr. Margaret Thomas,Oncology,Miami,FL,Fentora,REP-111,TERR-06,2,7,10,5,6,16,20.431,19942.59,8.354,0.076629,22.1378,hybrid
1001000164,Dr. Richard Walker,Pain Management,Philadelphia,PA,Subsys,REP-109,TERR-05,2,6,7,6,3,8,17.2004,16386.94,6.529,0.059874,18.3234,hybrid
1001000165,Dr. Donna Johnson,Oncology,Houston,TX,Subsys,REP-107,TERR-04,2,6,11,8,7,20,15.2209,38888.14,8.9783,0.080886,16.5875,hybrid
1001000166,Dr. Kathleen Nguyen,Pain Management,Detroit,MI,Abstral,REP-101,TERR-01,2,5,5,2,1,25,12.3565,23477.59,4.5275,0.041032,12.9159,hybrid
1001000167,Dr. Amanda Wright,Pain Management,Miami,FL,Fentora,REP-103,TERR-02,2,5,13,9,6,10,14.2265,31012.55,8.6398,0.077631,15.4557,hybrid
1001000168,Dr. Ashley Perez,Internal Medicine,Los Angeles,CA,Subsys,REP-104,TERR-02,2,6,11,6,0,17,15.3694,19502.74,2.5204,0.023389,15.7568,hybrid
1001000169,Dr. David Lopez,Internal Medicine,Austin,TX,Actiq,REP-107,TERR-04,2,6,7,4,1,13,17.925,34715.47,4.4964,0.041706,18.731,hybrid
1001000170,Dr. Mary Ramirez,Anesthesiology,Columbus,OH,Subsys,REP-111,TERR-06,2,4,4,3,3,22,11.7098,27210.77,6.3239,0.05663,12.4503,hybrid
1001000171,Dr. Sharon Rodriguez,Oncology,Denver,CO,Fentora,REP-106,TERR-03,2,6,10,6,6,15,17.61,23235.93,7.9314,0.072369,19.0067,hybrid
1001000172,Dr. Mary Johnson,Pain Management,Detroit,MI,Fentora,REP-106,TERR-03,2,7,16,10,0,32,19.1594,36803.87,5.1754,0.048015,20.151,hybrid
1001000173,Dr. Kimberly Jones,Pain Management,Houston,TX,Abstral,REP-101,TERR-01,2,7,14,8,5,17,18.1834,28633.82,7.5382,0.069015,19.5541,hybrid
1001000174,Dr. Mary Rodriguez,Pain Management,Austin,TX,Fentora,REP-112,TERR-06,2,6,13,11,5,17,16.0379,31761.68,7.9071,0.071791,17.306,hybrid
1001000175,Dr. Nancy Clark,Palliative Care,Jacksonville,FL,Lazanda,REP-101,TERR-01,1,10,8,7,3,20,35.2318,65718.25,6.8524,0.064507,37.646,hybrid
1001000176,Dr. Nancy Carter,Oncology,Boston,MA,Subsys,REP-110,TERR-05,3,3,2,1,0,20,8.5434,9926.42,1.2774,0.01137,8.6525,hybrid
1001000177,Dr. Joseph Gonzalez,Pain Management,Atlanta,GA,Subsys,REP-111,TERR-06,1,8,16,11,1,20,21.8467,27069.63,7.1961,0.066547,23.4188,hybrid
1001000178,Dr. James Ramirez,Oncology,Boston,MA,Abstral,REP-110,TERR-05,2,5,5,5,3,25,14.2518,18946.01,6.2693,0.056931,15.1453,hybrid
1001000179,Dr. Kathleen Hall,Internal Medicine,Boston,MA,Fentora,REP-105,TERR-03,2,4,6,5,3,25,9.4835,13594.0,5.9893,0.052763,10.0515,hybrid
1001000180,Dr. Laura Johnson,Neurology,Nashville,TN,Lazanda,REP-111,TERR-06,2,7,11,8,6,24,18.2853,23977.1,7.6219,0.069775,19.679,hybrid
1001000181,Dr. Deborah Nguyen,Pain Management,Philadelphia,PA,Abstral,REP-109,TERR-05,2,4,9,5,2,17,11.3911,23590.04,5.0752,0.0456,11.9692,hybrid
1001000182,Dr. Barbara Adams,Family Practice,Nashville,TN,Abstral,REP-110,TERR-05,3,3,2,2,0,23,6.0421,12689.91,2.3301,0.019795,6.1829,hybrid
1001000183,Dr. Donna Lee,Pain Management,Charlotte,NC,Abstral,REP-103,TERR-02,3,3,4,3,0,13,6.9572,10499.39,3.0486,0.026306,7.1693,hybrid
1001000184,Dr. Donna Brown,Emergency Medicine,Miami,FL,Fentora,REP-104,TERR-02,2,4,2,1,2,13,10.3051,10304.8,3.0804,0.027692,10.6225,hybrid
1001000185,Dr. Ashley Moore,Family Practice,Jacksonville,FL,Fentora,REP-105,TERR-03,3,3,2,1,1,11,6.9361,6229.5,2.5559,0.022092,7.1134,hybrid
1001000186,Dr. Karen Campbell,Oncology,Seattle,WA,Subsys,REP-107,TERR-04,2,4,5,3,4,11,11.7549,24340.79,6.0403,0.054173,12.4649,hybrid
1001000187,Dr. Sharon Miller,Palliative Care,Las Vegas,NV,Subsys,REP-104,TERR-02,2,6,7,5,4,19,15.9823,18864.02,5.6419,0.051735,16.884,hybrid
1001000188,Dr. Lisa Thompson,Pain Management,Austin,TX,Subsys,REP-107,TERR-04,2,7,15,11,5,12,18.0246,32627.53,9.4458,0.085712,19.7271,hybrid
1001000189,Dr. Sarah Thompson,Pain Management,Charlotte,NC,Lazanda,REP-112,TERR-06,3,3,6,5,0,17,6.9753,17467.12,2.4358,0.02108,7.1452,hybrid
1001000190,Dr. Sandra Green,Internal Medicine,Jacksonville,FL,Fentora,REP-106,TERR-03,2,4,7,4,5,18,11.7833,28492.95,6.4344,0.057619,12.5415,hybrid
1001000191,Dr. Rebecca Martin,Neurology,Las Vegas,NV,Subsys,REP-108,TERR-04,2,4,4,2,3,26,10.0956,22650.82,5.2817,0.046938,10.6288,hybrid
1001000192,Dr. Dorothy Young,Neurology,Philadelphia,PA,Actiq,REP-110,TERR-05,3,3,3,2,0,24,6.002,10212.41,2.2171,0.018826,6.135,hybrid
1001000193,Dr. Joseph Mitchell,Anesthesiology,Portland,OR,Abstral,REP-109,TERR-05,3,3,4,3,1,9,8.7566,13546.49,3.2807,0.029019,9.0439,hybrid
1001000194,Dr. Michael Perez,Anesthesiology,Phoenix,AZ,Subsys,REP-107,TERR-04,2,7,10,8,5,5,18.0827,36534.83,7.8541,0.071785,19.5029,hybrid
1001000195,Dr. Lisa Sanchez,Palliative Care,Atlanta,GA,Abstral,REP-106,TERR-03,2,4,10,6,4,18,11.7364,12865.74,7.4564,0.066452,12.6116,hybrid
1001000196,Dr. Melissa Wright,Palliative Care,Portland,OR,Actiq,REP-105,TERR-03,2,5,4,2,1,11,14.7939,20766.04,5.2193,0.047731,15.566,hybrid
1001000197,Dr. Charles Anderson,Anesthesiology,Boston,MA,Fentora,REP-111,TERR-06,2,4,5,3,1,14,9.0407,9341.58,5.6581,0.04969,9.5523,hybrid
1001000198,Dr. Deborah Torres,Oncology,Detroit,MI,Abstral,REP-112,TERR-06,1,8,14,9,8,17,21.5677,39869.33,8.4761,0.077891,23.3958,hybrid
1001000199,Dr. Margaret Young,Palliative Care,Baltimore,MD,Actiq,REP-107,TERR-04,2,6,5,4,1,25,17.3308,21538.75,4.8771,0.045079,18.176,hybrid
1001000200,Dr. William Martin,Pain Management,Baltimore,MD,Subsys,REP-111,TERR-06,2,7,12,7,7,10,19.4111,46378.54,9.3791,0.08544,21.2316,hybrid
1001000201,Dr. Nancy Carter,Oncology,Columbus,OH,Subsys,REP-104,TERR-02,2,5,7,6,1,29,13.9091,28933.99,4.0686,0.037255,14.475,hybrid
1001000202,Dr. Kimberly Baker,Family Practice,Jacksonville,FL,Fentora,REP-112,TERR-06,2,6,8,5,1,23,16.8635,23188.8,3.884,0.036009,17.5185,hybrid
1001000203,Dr. Amanda Thompson,Pain Management,Columbus,OH,Subsys,REP-110,TERR-05,2,7,11,9,6,16,19.0689,48316.86,9.3572,0.085176,20.8532,hybrid
1001000204,Dr. Betty Allen,Orthopedics,Denver,CO,Fentora,REP-104,TERR-02,3,3,2,1,2,26,6.0771,9246.85,3.4332,0.029055,6.2857,hybrid
1001000205,Dr. Nancy Anderson,Palliative Care,Las Vegas,NV,Actiq,REP-103,TERR-02,2,6,12,8,6,20,15.9859,23373.49,8.336,0.075527,17.3185,hybrid
1001000206,Dr. Charles Garcia,Anesthesiology,Seattle,WA,Subsys,REP-106,TERR-03,2,7,6,4,1,26,18.4848,46144.55,5.1724,0.047903,19.4409,hybrid
1001000207,Dr. Barbara Nelson,Oncology,Denver,CO,Abstral,REP-103,TERR-02,2,5,12,10,6,28,12.3237,20500.55,8.2041,0.073143,13.3347,hybrid
1001000208,Dr. Joseph Martin,Palliative Care,Columbus,OH,Fentora,REP-103,TERR-02,2,7,7,4,4,14,18.9193,35498.88,6.994,0.064315,20.2425,hybrid
1001000209,Dr. Barbara Taylor,Palliative Care,Chicago,IL,Fentora,REP-107,TERR-04,2,4,3,2,1,27,9.6639,15059.28,2.9363,0.026261,9.9477,hybrid
1001000210,Dr. Nancy Walker,Pain Management,Denver,CO,Lazanda,REP-104,TERR-02,1,9,16,14,1,17,26.6023,24795.92,5.4307,0.051016,28.047,hybrid
1001000211,Dr. Karen Jackson,Oncology,Las Vegas,NV,Subsys,REP-106,TERR-03,2,5,8,3,0,22,12.4286,27535.43,3.5126,0.031993,12.8652,hybrid
1001000212,Dr. Elizabeth Anderson,Family Practice,Jacksonville,FL,Subsys,REP-107,TERR-04,2,5,6,2,1,12,13.6012,28065.81,3.0626,0.028129,14.0177,hybrid
1001000213,Dr. Margaret Carter,Anesthesiology,Nashville,TN,Lazanda,REP-103,TERR-02,2,5,8,3,1,10,13.0089,25930.91,4.0866,0.037246,13.5405,hybrid
1001000214,Dr. Nancy Williams,Oncology,Baltimore,MD,Subsys,REP-110,TERR-05,2,4,7,5,5,21,9.6089,20164.91,6.4579,0.056845,10.2294,hybrid
1001000215,Dr. Amanda Torres,Orthopedics,New York,NY,Subsys,REP-103,TERR-02,1,8,7,5,4,25,21.7843,30758.46,5.4378,0.050685,22.9689,hybrid
1001000216,Dr. Robert Miller,Orthopedics,Philadelphia,PA,Subsys,REP-102,TERR-01,2,6,4,2,1,14,17.8697,30942.57,2.5888,0.024221,18.3323,hybrid
1001000217,Dr. John Martinez,Internal Medicine,Phoenix,AZ,Actiq,REP-111,TERR-06,1,8,6,5,4,9,22.7812,51607.55,6.95,0.064455,24.3645,hybrid
1001000218,Dr. Thomas Davis,Neurology,Houston,TX,Subsys,REP-106,TERR-03,2,4,9,6,0,28,11.8768,28698.82,3.7265,0.033794,12.3194,hybrid
1001000219,Dr. Dorothy Campbell,Pain Management,Seattle,WA,Subsys,REP-110,TERR-05,2,4,9,6,3,13,9.8797,14457.53,7.1439,0.062856,10.5855,hybrid
1001000220,Dr. Emily Wilson,Oncology,Jacksonville,FL,Subsys,REP-111,TERR-06,2,4,6,3,0,26,9.6079,24696.37,4.2838,0.038066,10.0195,hybrid
1001000221,Dr. Laura Adams,Pain Management,Boston,MA,Subsys,REP-109,TERR-05,2,6,15,11,1,14,15.8377,15123.85,5.8791,0.053824,16.7688,hybrid
1001000222,Dr. Robert Rodriguez,Palliative Care,Jacksonville,FL,Actiq,REP-105,TERR-03,3,3,4,3,1,20,8.4153,12214.36,5.4267,0.047363,8.8719,hybrid
1001000223,Dr. John Johnson,Pain Management,Austin,TX,Fentora,REP-107,TERR-04,2,5,10,5,3,17,14.4835,27147.5,6.7682,0.061387,15.4638,hybrid
1001000224,Dr. Thomas Garcia,Pain Management,Boston,MA,Subsys,REP-110,TERR-05,2,4,7,4,1,19,11.5773,27186.35,4.723,0.042556,12.1241,hybrid
1001000225,Dr. James Taylor,Pain Management,Denver,CO,Abstral,REP-101,TERR-01,2,4,8,6,0,12,10.0025,23393.08,2.9736,0.026674,10.2999,hybrid
1001000226,Dr. Margaret Allen,Oncology,Chicago,IL,Abstral,REP-104,TERR-02,2,5,5,3,3,27,14.1214,17542.69,6.2645,0.056855,15.006,hybrid
1001000227,Dr. Sarah Adams,Pain Management,Charlotte,NC,Subsys,REP-106,TERR-03,1,8,15,7,0,27,22.2487,26918.55,4.0342,0.03788,23.1463,hybrid
1001000228,Dr. Sharon Garcia,Orthopedics,Los Angeles,CA,Lazanda,REP-111,TERR-06,3,3,2,2,0,25,7.6679,9441.79,2.838,0.024796,7.8855,hybrid
1001000229,Dr. Sandra Ramirez,Anesthesiology,Baltimore,MD,Abstral,REP-110,TERR-05,3,2,5,4,0,25,5.6672,12984.84,3.1102,0.026094,5.8435,hybrid
1001000230,Dr. Melissa Wright,Pain Management,Portland,OR,Subsys,REP-102,TERR-01,2,4,5,4,1,19,10.9965,18865.56,3.4944,0.031529,11.3808,hybrid
1001000231,Dr. Michael Williams,Internal Medicine,Charlotte,NC,Fentora,REP-110,TERR-05,3,3,2,1,0,24,7.5267,8150.18,0.8411,0.007397,7.59,hybrid
1001000232,Dr. Kathleen Johnson,Pain Management,Portland,OR,Subsys,REP-101,TERR-01,2,4,2,1,1,14,9.23,23416.46,4.1032,0.036353,9.6088,hybrid
1001000233,Dr. Charles Moore,Pain Management,Boston,MA,Lazanda,REP-106,TERR-03,2,5,8,4,3,26,12.8827,27250.87,7.2165,0.06482,13.8124,hybrid
1001000234,Dr. Margaret Johnson,Pain Management,Charlotte,NC,Abstral,REP-102,TERR-01,2,5,7,5,4,18,13.8155,24800.83,5.6417,0.051271,14.595,hybrid
1001000235,Dr. Patricia Campbell,Pain Management,New York,NY,Actiq,REP-103,TERR-02,1,10,16,12,10,21,27.2902,55588.83,10.1967,0.093821,30.0729,hybrid
1001000236,Dr. Barbara Clark,Orthopedics,Portland,OR,Fentora,REP-106,TERR-03,2,7,9,8,0,21,19.6221,22509.92,5.4469,0.050529,20.6908,hybrid
1001000237,Dr. Kimberly Allen,Oncology,Nashville,TN,Abstral,REP-101,TERR-01,2,4,5,3,4,30,9.8039,19196.26,6.0301,0.053275,10.395,hybrid
1001000238,Dr. Jessica Johnson,Family Practice,Columbus,OH,Subsys,REP-101,TERR-01,1,8,4,3,1,14,21.1566,35306.62,3.4646,0.032546,21.8896,hybrid
1001000239,Dr. Donna Scott,Neurology,Atlanta,GA,Subsys,REP-106,TERR-03,1,8,11,7,8,13,21.9247,26052.31,8.4061,0.077326,23.7677,hybrid
1001000240,Dr. Elizabeth Williams,Pain Management,Los Angeles,CA,Actiq,REP-105,TERR-03,1,8,15,10,7,20,21.5048,44153.88,9.6053,0.087814,23.5704,hybrid
1001000241,Dr. William Flores,Pain Management,Charlotte,NC,Lazanda,REP-103,TERR-02,2,4,9,7,2,15,11.1099,27198.63,6.3159,0.056327,11.8116,hybrid
1001000242,Dr. Patricia Lee,Neurology,Chicago,IL,Subsys,REP-101,TERR-01,2,7,10,10,2,16,19.5951,38903.33,5.8016,0.053729,20.7319,hybrid
1001000243,Dr. John Thompson,Oncology,New York,NY,Actiq,REP-110,TERR-05,2,5,11,7,2,14,13.9649,25221.93,6.1147,0.055493,14.8189,hybrid
1001000244,Dr. Laura Thomas,Neurology,Phoenix,AZ,Subsys,REP-111,TERR-06,2,4,10,6,4,13,11.3205,24053.87,6.9846,0.062201,12.1111,hybrid
1001000245,Dr. Thomas Jones,Oncology,Philadelphia,PA,Actiq,REP-110,TERR-05,2,5,12,9,8,24,14.8014,26465.45,10.2698,0.091849,16.3215,hybrid
1001000246,Dr. Donna Anderson,Neurology,Atlanta,GA,Fentora,REP-107,TERR-04,2,6,9,6,4,21,15.0043,37624.68,6.97,0.063299,16.0501,hybrid
1001000247,Dr. Karen Garcia,Neurology,Portland,OR,Subsys,REP-109,TERR-05,2,5,7,3,1,6,13.6705,18413.05,4.4624,0.040741,14.2805,hybrid
1001000248,Dr. Elizabeth Carter,Palliative Care,Columbus,OH,Abstral,REP-111,TERR-06,2,4,6,2,0,24,9.9542,20013.15,0.9627,0.00871,10.05,hybrid
1001000249,Dr. Michelle Green,Palliative Care,Las Vegas,NV,Subsys,REP-107,TERR-04,2,4,3,1,0,18,9.2563,16389.85,0.7388,0.006645,9.3247,hybrid
1001000250,Dr. Rebecca Ramirez,Oncology,Nashville,TN,Actiq,REP-112,TERR-06,2,6,5,4,1,27,15.6505,29139.41,5.0408,0.046292,16.4394,hybrid
1001000251,Dr. Rebecca Ramirez,Oncology,New York,NY,Actiq,REP-101,TERR-01,2,4,11,9,9,17,11.3943,15025.55,9.2098,0.081274,12.4437,hybrid
1001000252,Dr. Susan Martin,Neurology,Denver,CO,Subsys,REP-102,TERR-01,2,5,5,3,0,16,12.9491,25401.56,1.5141,0.013958,13.1451,hybrid
1001000253,Dr. Michael Wilson,Orthopedics,Columbus,OH,Actiq,REP-112,TERR-06,1,9,9,7,2,18,24.7767,49999.03,5.6335,0.052734,26.1725,hybrid
1001000254,Dr. Dorothy Hernandez,Pain Management,Nashville,TN,Abstral,REP-111,TERR-06,2,4,6,5,3,27,9.5386,16634.76,7.1959,0.063098,10.225,hybrid
1001000255,Dr. Margaret Hernandez,Palliative Care,Las Vegas,NV,Fentora,REP-109,TERR-05,2,7,12,10,4,33,18.2125,17346.17,7.2993,0.066905,19.5419,hybrid
1001000256,Dr. Donna Hall,Neurology,Phoenix,AZ,Fentora,REP-106,TERR-03,3,3,3,2,2,15,7.13,14291.98,5.5297,0.047357,7.5242,hybrid
1001000257,Dr. Jessica Walker,Pain Management,Seattle,WA,Actiq,REP-106,TERR-03,3,2,5,5,5,12,5.907,12228.65,8.5461,0.07054,6.4118,hybrid
1001000258,Dr. Linda Nelson,Palliative Care,Charlotte,NC,Abstral,REP-107,TERR-04,1,10,12,8,0,13,33.9014,59501.7,3.9757,0.037891,35.2492,hybrid
1001000259,Dr. Karen Gonzalez,Pain Management,Charlotte,NC,Fentora,REP-109,TERR-05,2,7,14,9,3,29,19.3108,33837.66,7.5437,0.069268,20.7675,hybrid
1001000260,Dr. Jennifer Torres,Palliative Care,Charlotte,NC,Subsys,REP-108,TERR-04,2,4,6,4,2,30,10.4451,18541.54,5.5878,0.049738,11.0287,hybrid
1001000261,Dr. Rebecca Martinez,Orthopedics,Philadelphia,PA,Subsys,REP-112,TERR-06,2,5,2,1,2,28,12.5321,26571.01,2.7895,0.025505,12.8816,hybrid
1001000262,Dr. Sharon Wilson,Neurology,Jacksonville,FL,Abstral,REP-101,TERR-01,3,3,8,7,5,19,6.1634,15842.77,6.6114,0.055325,6.5709,hybrid
1001000263,Dr. John Flores,Oncology,Miami,FL,Fentora,REP-112,TERR-06,2,5,11,7,1,27,12.5707,16279.05,5.0965,0.046129,13.2113,hybrid
1001000264,Dr. Rebecca King,Palliative Care,Nashville,TN,Subsys,REP-105,TERR-03,3,3,4,3,2,16,8.5193,20942.57,6.6349,0.057683,9.0845,hybrid
1001000265,Dr. Sarah Perez,Oncology,Philadelphia,PA,Subsys,REP-109,TERR-05,1,8,12,10,4,24,23.5414,42825.93,7.7397,0.071616,25.3635,hybrid
1001000266,Dr. Kimberly White,Pain Management,Denver,CO,Subsys,REP-104,TERR-02,2,5,5,4,0,17,14.2846,22953.31,2.4693,0.022815,14.6373,hybrid
1001000267,Dr. Amanda Garcia,Internal Medicine,Miami,FL,Subsys,REP-103,TERR-02,3,3,4,3,0,35,6.8909,7279.92,2.8986,0.024998,7.0906,hybrid
1001000268,Dr. Stephanie Robinson,Oncology,Phoenix,AZ,Subsys,REP-102,TERR-01,3,3,4,3,0,14,7.1704,8498.96,1.2007,0.010482,7.2565,hybrid
1001000269,Dr. Elizabeth Jones,Neurology,Detroit,MI,Subsys,REP-107,TERR-04,3,2,2,1,2,16,4.8134,9158.09,3.7645,0.030694,4.9946,hybrid
1001000270,Dr. Susan Moore,Oncology,Charlotte,NC,Abstral,REP-110,TERR-05,2,6,14,11,7,15,16.1787,18599.71,8.8602,0.080145,17.6122,hybrid
1001000271,Dr. Robert Perez,Neurology,Nashville,TN,Actiq,REP-107,TERR-04,2,4,10,7,3,14,9.7259,11790.74,6.3463,0.055952,10.3431,hybrid
1001000272,Dr. Michelle Smith,Internal Medicine,Nashville,TN,Abstral,REP-102,TERR-01,2,7,8,3,3,22,19.651,17988.28,3.8822,0.036276,20.4139,hybrid
1001000273,Dr. Patricia Williams,Family Practice,Denver,CO,Fentora,REP-107,TERR-04,2,4,6,5,4,15,10.8487,22747.09,6.3362,0.056394,11.5361,hybrid
1001000274,Dr. Ashley Garcia,Family Practice,Seattle,WA,Actiq,REP-107,TERR-04,1,8,5,4,1,14,22.2671,25127.24,4.4018,0.041263,23.2472,hybrid
1001000275,Dr. Karen Green,Oncology,Austin,TX,Actiq,REP-108,TERR-04,2,6,8,7,0,15,16.4201,31164.44,4.2212,0.039018,17.1132,hybrid
1001000276,Dr. Lisa Baker,Anesthesiology,Chicago,IL,Subsys,REP-112,TERR-06,2,4,9,7,0,16,11.4238,15226.72,3.1982,0.028984,11.7892,hybrid
1001000277,Dr. Susan Smith,Family Practice,Phoenix,AZ,Subsys,REP-112,TERR-06,1,8,6,5,5,12,23.1435,22391.36,6.106,0.056882,24.5566,hybrid
1001000278,Dr. Michael Flores,Palliative Care,Columbus,OH,Subsys,REP-101,TERR-01,3,3,8,5,3,24,6.6884,7229.64,6.1218,0.051886,7.0979,hybrid
1001000279,Dr. Susan Martin,Anesthesiology,Nashville,TN,Subsys,REP-108,TERR-04,2,5,12,9,9,19,14.7838,35268.0,8.3857,0.075612,16.0235,hybrid
1001000280,Dr. Nancy Robinson,Anesthesiology,Boston,MA,Abstral,REP-109,TERR-05,2,5,7,6,7,11,14.23,12753.55,7.6102,0.068691,15.3129,hybrid
1001000281,Dr. Laura Taylor,Oncology,Seattle,WA,Subsys,REP-102,TERR-01,2,5,10,8,3,13,12.51,21663.38,5.1111,0.046242,13.1494,hybrid
1001000282,Dr. Michael Miller,Pain Management,Portland,OR,Actiq,REP-107,TERR-04,1,8,12,9,9,15,22.1774,43701.97,10.855,0.098819,24.5848,hybrid
1001000283,Dr. Melissa Green,Pain Management,Las Vegas,NV,Lazanda,REP-106,TERR-03,1,8,11,9,1,23,23.2211,24440.23,7.2531,0.067226,24.9053,hybrid
1001000284,Dr. Mary Thomas,Pain Management,Las Vegas,NV,Lazanda,REP-111,TERR-06,2,6,8,6,2,17,15.7704,17657.39,7.3382,0.06673,16.9276,hybrid
1001000285,Dr. Thomas Martin,Oncology,Seattle,WA,Abstral,REP-104,TERR-02,2,5,12,8,1,13,12.1369,20745.54,4.3687,0.039568,12.6671,hybrid
1001000286,Dr. Carol Jones,Oncology,Baltimore,MD,Subsys,REP-109,TERR-05,2,6,7,5,6,17,15.0755,26585.46,7.0149,0.063712,16.133,hybrid
1001000287,Dr. Mary Anderson,Pain Management,Los Angeles,CA,Actiq,REP-107,TERR-04,1,8,14,12,7,20,21.0999,19112.05,10.033,0.091476,23.2169,hybrid
1001000288,Dr. Sharon Harris,Palliative Care,Nashville,TN,Subsys,REP-111,TERR-06,2,7,4,4,0,14,20.7169,39200.08,3.9944,0.037396,21.5445,hybrid
1001000289,Dr. Charles Hernandez,Neurology,Nashville,TN,Subsys,REP-105,TERR-03,2,4,4,3,2,18,10.4081,16328.02,4.7637,0.042543,10.9039,hybrid
1001000290,Dr. Joseph Smith,Neurology,Phoenix,AZ,Subsys,REP-105,TERR-03,1,9,13,9,0,25,24.6052,38269.92,4.6746,0.043941,25.7554,hybrid
1001000291,Dr. Carol Brown,Internal Medicine,Nashville,TN,Lazanda,REP-106,TERR-03,2,5,9,8,1,20,12.1166,24695.46,5.8204,0.052371,12.8219,hybrid
1001000292,Dr. Patricia Johnson,Orthopedics,Philadelphia,PA,Subsys,REP-109,TERR-05,2,5,6,6,2,23,13.4282,30473.3,4.7993,0.043698,14.0727,hybrid
1001000293,Dr. Dorothy Gonzalez,Oncology,Miami,FL,Fentora,REP-112,TERR-06,2,5,4,3,1,10,14.9483,24703.81,4.2197,0.038789,15.5791,hybrid
1001000294,Dr. Emily Allen,Pain Management,Austin,TX,Subsys,REP-102,TERR-01,2,4,8,7,5,18,9.012,16416.75,7.2505,0.063222,9.6654,hybrid
1001000295,Dr. Ashley Nelson,Orthopedics,Phoenix,AZ,Actiq,REP-108,TERR-04,2,4,2,2,0,28,9.4797,10770.83,2.7291,0.024387,9.7384,hybrid
1001000296,Dr. Carol Walker,Anesthesiology,Las Vegas,NV,Actiq,REP-111,TERR-06,2,7,13,9,8,13,19.9832,20817.17,9.0605,0.082766,21.7937,hybrid
1001000297,Dr. Kimberly Williams,Family Practice,Denver,CO,Fentora,REP-107,TERR-04,2,4,3,2,2,8,11.215,11680.02,4.3223,0.038918,11.6998,hybrid
1001000298,Dr. Nancy Martin,Pain Management,Atlanta,GA,Abstral,REP-104,TERR-02,2,5,6,4,3,25,14.3417,27188.43,5.4527,0.049716,15.1237,hybrid
1001000299,Dr. James Mitchell,Pain Management,Denver,CO,Abstral,REP-108,TERR-04,2,6,9,5,1,16,15.5444,37897.98,5.6779,0.051972,16.427,hybrid
1001000300,Dr. Jessica Baker,Pain Management,Baltimore,MD,Fentora,REP-105,TERR-03,1,8,9,7,0,21,22.7898,58911.58,3.1686,0.029903,23.5119,hybrid
1001000301,Dr. Nancy Davis,Anesthesiology,Charlotte,NC,Fentora,REP-105,TERR-03,3,3,4,3,3,9,8.2946,14996.84,6.5317,0.056654,8.8364,hybrid
1001000302,Dr. Kimberly Davis,Palliative Care,Las Vegas,NV,Subsys,REP-110,TERR-05,2,7,11,9,1,21,20.1984,32309.02,5.3007,0.049272,21.269,hybrid
1001000303,Dr. Patricia Gonzalez,Pain Management,Houston,TX,Abstral,REP-108,TERR-04,2,6,14,11,8,19,15.9263,35803.36,9.5412,0.085971,17.4459,hybrid
1001000304,Dr. Betty Nguyen,Oncology,Houston,TX,Lazanda,REP-101,TERR-01,2,5,7,4,2,21,13.6502,22810.74,5.1998,0.047312,14.36,hybrid
1001000305,Dr. Lisa Rodriguez,Oncology,Los Angeles,CA,Abstral,REP-111,TERR-06,2,7,11,9,7,20,18.5772,43517.81,9.8575,0.08942,20.4084,hybrid
1001000306,Dr. Dorothy Lopez,Oncology,Portland,OR,Fentora,REP-112,TERR-06,3,2,2,2,2,32,4.147,9701.27,5.1992,0.041037,4.3627,hybrid
1001000307,Dr. Patricia Nelson,Family Practice,Denver,CO,Fentora,REP-103,TERR-02,2,4,8,4,5,9,11.6441,11741.91,5.6286,0.050536,12.2995,hybrid
1001000308,Dr. Susan Hernandez,Anesthesiology,Jacksonville,FL,Actiq,REP-106,TERR-03,2,5,8,6,3,22,12.5013,30738.1,7.4032,0.066302,13.4268,hybrid
1001000309,Dr. Charles Davis,Family Practice,New York,NY,Abstral,REP-110,TERR-05,2,4,4,2,2,20,11.6864,29526.08,4.0404,0.036544,12.1586,hybrid
1001000310,Dr. Michelle Rivera,Family Practice,Jacksonville,FL,Fentora,REP-107,TERR-04,2,5,5,4,1,22,13.4868,26193.93,4.3613,0.0398,14.075,hybrid
1001000311,Dr. Sharon Taylor,Palliative Care,Atlanta,GA,Abstral,REP-110,TERR-05,2,7,9,3,2,20,18.0789,36584.75,5.7322,0.052894,19.1152,hybrid
1001000312,Dr. Margaret Miller,Oncology,Detroit,MI,Subsys,REP-103,TERR-02,2,5,7,6,2,15,14.3096,13800.9,6.9115,0.0626,15.2986,hybrid
1001000313,Dr. Joseph Mitchell,Pain Management,Phoenix,AZ,Actiq,REP-105,TERR-03,1,8,11,8,6,21,22.8958,36261.8,8.3851,0.077278,24.8156,hybrid
1001000314,Dr. Richard Campbell,Pain Management,Denver,CO,Fentora,REP-107,TERR-04,2,7,13,10,8,27,18.9927,36972.51,9.3448,0.085052,20.7675,hybrid
1001000315,Dr. Margaret Martinez,Anesthesiology,Portland,OR,Actiq,REP-107,TERR-04,2,5,9,6,3,21,14.6335,37800.45,6.6577,0.060454,15.6078,hybrid
1001000316,Dr. Rebecca Wilson,Pain Management,Boston,MA,Actiq,REP-104,TERR-02,2,6,5,4,4,24,15.9448,35339.39,6.7832,0.061875,17.0264,hybrid
1001000317,Dr. Robert Moore,Anesthesiology,Atlanta,GA,Lazanda,REP-104,TERR-02,3,3,4,2,1,10,7.4304,17398.46,3.7702,0.032689,7.7106,hybrid
1001000318,Dr. Sandra Young,Palliative Care,Austin,TX,Lazanda,REP-104,TERR-02,2,7,8,6,4,26,20.1546,44237.5,5.4258,0.050401,21.2481,hybrid
1001000319,Dr. Amanda Walker,Palliative Care,Los Angeles,CA,Subsys,REP-112,TERR-06,2,6,10,6,6,22,17.8063,30079.88,6.5883,0.060512,18.9795,hybrid
1001000320,Dr. Rebecca Perez,Internal Medicine,Los Angeles,CA,Fentora,REP-105,TERR-03,2,4,2,1,1,12,9.286,16972.72,2.9306,0.026113,9.5581,hybrid
1001000321,Dr. Stephanie Williams,Anesthesiology,Atlanta,GA,Subsys,REP-104,TERR-02,2,6,9,6,7,16,15.3958,23267.18,7.1361,0.064859,16.4944,hybrid
1001000322,Dr. Kimberly Adams,Family Practice,Boston,MA,Subsys,REP-108,TERR-04,2,7,12,5,1,24,18.0067,21997.41,4.086,0.03798,18.7425,hybrid
1001000323,Dr. Margaret Williams,Pain Management,Seattle,WA,Fentora,REP-102,TERR-01,2,4,9,7,6,27,11.8194,14136.9,6.9791,0.062361,12.6443,hybrid
1001000324,Dr. Michael Gonzalez,Internal Medicine,Chicago,IL,Actiq,REP-102,TERR-01,2,4,3,2,1,25,9.7699,16888.91,3.4738,0.031026,10.1093,hybrid
1001000325,Dr. Kimberly Green,Oncology,Houston,TX,Abstral,REP-109,TERR-05,3,3,4,3,4,27,8.935,19357.22,6.2312,0.054526,9.4918,hybrid
1001000326,Dr. Thomas Anderson,Oncology,Miami,FL,Abstral,REP-109,TERR-05,2,5,9,7,6,16,12.396,28820.0,7.2263,0.064728,13.2917,hybrid
1001000327,Dr. William Hernandez,Pain Management,Chicago,IL,Lazanda,REP-112,TERR-06,2,6,8,6,1,31,15.0002,22435.7,4.9471,0.045335,15.7423,hybrid
1001000328,Dr. Kathleen Gonzalez,Oncology,Columbus,OH,Actiq,REP-105,TERR-03,2,7,14,7,6,17,19.4862,44214.56,8.9976,0.082118,21.2395,hybrid
1001000329,Dr. Sharon Flores,Palliative Care,Philadelphia,PA,Abstral,REP-105,TERR-03,2,6,16,9,5,13,15.6879,35553.59,8.1949,0.074215,16.9736,hybrid
1001000330,Dr. Thomas Rivera,Oncology,Detroit,MI,Abstral,REP-102,TERR-01,2,4,4,2,1,16,9.8911,14251.31,2.5325,0.022739,10.1416,hybrid
1001000331,Dr. Elizabeth Torres,Family Practice,Boston,MA,Abstral,REP-103,TERR-02,2,5,5,3,1,18,14.4987,30140.28,4.3305,0.039712,15.1265,hybrid
1001000332,Dr. Linda Carter,Neurology,Atlanta,GA,Abstral,REP-105,TERR-03,2,5,11,9,3,25,13.5334,33630.89,6.8454,0.061795,14.4598,hybrid
1001000333,Dr. Kimberly Hall,Anesthesiology,Boston,MA,Subsys,REP-103,TERR-02,2,7,12,7,1,21,20.1185,20149.43,5.7643,0.053459,21.2782,hybrid
1001000334,Dr. Robert Baker,Orthopedics,Phoenix,AZ,Abstral,REP-110,TERR-05,2,5,7,6,7,12,12.6447,16209.56,7.0797,0.063546,13.5399,hybrid
1001000335,Dr. James Wright,Neurology,Las Vegas,NV,Fentora,REP-103,TERR-02,2,7,12,9,2,23,19.7464,33834.42,6.9965,0.064469,21.128,hybrid
1001000336,Dr. Sarah Jackson,Pain Management,Houston,TX,Fentora,REP-108,TERR-04,1,9,16,9,5,16,24.6189,44656.53,8.1483,0.075388,26.6249,hybrid
1001000337,Dr. Deborah Adams,Palliative Care,Austin,TX,Fentora,REP-112,TERR-06,2,4,7,6,1,25,10.0095,17588.32,5.6422,0.050024,10.5743,hybrid
1001000338,Dr. Jennifer Brown,Internal Medicine,Chicago,IL,Subsys,REP-104,TERR-02,1,8,4,2,1,24,21.7016,26442.11,3.2057,0.030184,22.3973,hybrid
1001000339,Dr. Linda Allen,Family Practice,Los Angeles,CA,Abstral,REP-104,TERR-02,3,3,3,2,1,11,7.7277,6820.72,3.1023,0.027098,7.9674,hybrid
1001000340,Dr. Robert Miller,Pain Management,Houston,TX,Subsys,REP-109,TERR-05,3,3,3,3,3,26,6.609,6544.21,6.0726,0.051401,7.0103,hybrid
1001000341,Dr. Jennifer Martin,Orthopedics,Seattle,WA,Abstral,REP-108,TERR-04,2,5,7,5,2,15,12.9551,23152.93,5.3066,0.048088,13.6425,hybrid
1001000342,Dr. David Walker,Palliative Care,Los Angeles,CA,Lazanda,REP-103,TERR-02,2,5,3,2,0,35,12.0719,22115.89,2.0095,0.018388,12.3144,hybrid
1001000343,Dr. Sandra Martin,Internal Medicine,Portland,OR,Abstral,REP-111,TERR-06,1,9,10,7,2,14,26.1101,51443.52,5.6971,0.053417,27.5976,hybrid
1001000344,Dr. Melissa Brown,Internal Medicine,Philadelphia,PA,Abstral,REP-106,TERR-03,2,6,6,3,4,22,17.7314,39630.35,5.3577,0.049472,18.6814,hybrid
1001000345,Dr. Michelle Mitchell,Neurology,New York,NY,Fentora,REP-102,TERR-01,3,3,2,1,2,18,6.8691,11538.35,3.8959,0.033442,7.1368,hybrid
1001000346,Dr. Thomas Williams,Orthopedics,Baltimore,MD,Actiq,REP-108,TERR-04,1,8,4,4,2,9,21.5293,24045.85,5.6676,0.052744,22.7495,hybrid
1001000347,Dr. William Moore,Anesthesiology,Las Vegas,NV,Actiq,REP-112,TERR-06,2,5,8,6,0,13,13.9484,25623.61,3.6642,0.033619,14.4595,hybrid
1001000348,Dr. Betty White,Neurology,Atlanta,GA,Subsys,REP-106,TERR-03,2,5,6,4,0,14,12.4764,26464.81,3.1017,0.028311,12.8634,hybrid
1001000349,Dr. Kimberly Mitchell,Orthopedics,Jacksonville,FL,Actiq,REP-106,TERR-03,1,10,6,4,0,13,30.571,78901.39,3.8138,0.036265,31.7369,hybrid
1001000350,Dr. Emily Wilson,Oncology,Atlanta,GA,Subsys,REP-111,TERR-06,2,6,12,6,0,27,16.7895,21456.21,4.6302,0.042771,17.5668,hybrid
1001000351,Dr. Emily Rivera,Neurology,Las Vegas,NV,Subsys,REP-112,TERR-06,3,2,2,1,1,15,5.0775,12723.59,3.4594,0.028492,5.2531,hybrid
1001000352,Dr. Richard Hernandez,Anesthesiology,New York,NY,Lazanda,REP-110,TERR-05,2,4,5,3,4,17,11.1618,9539.2,6.5913,0.058734,11.8975,hybrid
1001000353,Dr. Linda Hill,Emergency Medicine,Houston,TX,Subsys,REP-104,TERR-02,2,5,4,3,2,23,12.7006,31248.63,3.9154,0.035653,13.1979,hybrid
1001000354,Dr. Rebecca Rodriguez,Palliative Care,Las Vegas,NV,Actiq,REP-109,TERR-05,2,6,12,7,4,24,17.9401,33576.14,7.5194,0.068802,19.2891,hybrid
1001000355,Dr. Michelle Nelson,Orthopedics,Detroit,MI,Actiq,REP-112,TERR-06,2,4,7,6,7,15,9.1646,14045.56,6.6093,0.057882,9.7704,hybrid
1001000356,Dr. Sharon Carter,Neurology,Los Angeles,CA,Subsys,REP-102,TERR-01,3,3,6,4,2,27,8.1401,9430.95,4.2176,0.036873,8.4834,hybrid
1001000357,Dr. Melissa Miller,Pain Management,New York,NY,Subsys,REP-104,TERR-02,2,6,5,3,4,18,17.2417,34790.58,6.1139,0.056179,18.2958,hybrid
1001000358,Dr. Margaret Young,Pain Management,Seattle,WA,Actiq,REP-108,TERR-04,2,4,4,3,0,26,11.0722,25106.26,2.9426,0.026631,11.3981,hybrid
1001000359,Dr. James Flores,Pain Management,Jacksonville,FL,Subsys,REP-111,TERR-06,2,6,10,7,5,15,17.1164,43146.55,9.0142,0.081733,18.6594,hybrid
1001000360,Dr. Ashley Martinez,Pain Management,New York,NY,Actiq,REP-112,TERR-06,3,3,3,2,0,19,6.0521,5200.33,2.9321,0.024852,6.2296,hybrid
1001000361,Dr. Ashley Johnson,Neurology,Jacksonville,FL,Subsys,REP-104,TERR-02,2,6,8,7,4,25,17.2607,15265.49,6.4665,0.059328,18.3769,hybrid
1001000362,Dr. Emily Brown,Oncology,Baltimore,MD,Subsys,REP-112,TERR-06,2,5,8,7,7,17,12.745,30675.93,8.2035,0.073312,13.7905,hybrid
1001000363,Dr. Kimberly Smith,Pain Management,Houston,TX,Abstral,REP-108,TERR-04,2,5,6,4,4,16,14.1853,13971.41,6.9391,0.062807,15.1696,hybrid
1001000364,Dr. Mary Harris,Internal Medicine,Columbus,OH,Subsys,REP-103,TERR-02,2,5,4,2,0,22,14.1937,34830.98,2.2362,0.020675,14.5111,hybrid
1001000365,Dr. Susan Mitchell,Neurology,Chicago,IL,Abstral,REP-112,TERR-06,2,5,3,2,0,18,14.1482,35988.79,2.0403,0.018877,14.4369,hybrid
1001000366,Dr. Joseph Rivera,Pain Management,Austin,TX,Fentora,REP-102,TERR-01,2,7,8,7,1,19,19.4794,47558.68,4.3714,0.040739,20.3309,hybrid
1001000367,Dr. David Moore,Oncology,Philadelphia,PA,Lazanda,REP-111,TERR-06,3,3,4,3,2,26,8.9521,14813.16,6.0365,0.052876,9.4925,hybrid
1001000368,Dr. Michael Moore,Anesthesiology,Atlanta,GA,Actiq,REP-112,TERR-06,2,6,8,7,7,17,16.4194,14961.49,8.2335,0.074744,17.7713,hybrid
1001000369,Dr. Laura Garcia,Pain Management,Columbus,OH,Subsys,REP-103,TERR-02,2,7,10,8,9,11,19.7795,31696.77,9.1486,0.083498,21.589,hybrid
1001000370,Dr. Stephanie Miller,Pain Management,Seattle,WA,Fentora,REP-108,TERR-04,2,7,16,12,2,24,18.2359,41307.68,7.0573,0.064762,19.5229,hybrid
1001000371,Dr. Carol Allen,Family Practice,Philadelphia,PA,Actiq,REP-110,TERR-05,2,5,4,3,0,12,12.4934,30182.4,2.8981,0.02648,12.8555,hybrid
1001000372,Dr. Robert White,Neurology,Jacksonville,FL,Lazanda,REP-101,TERR-01,2,6,4,3,2,13,16.9755,20878.1,4.6783,0.043232,17.7696,hybrid
1001000373,Dr. Lisa Wilson,Pain Management,Jacksonville,FL,Subsys,REP-101,TERR-01,3,3,2,1,0,22,7.5293,16239.28,1.1371,0.009988,7.6149,hybrid
1001000374,Dr. Karen Young,Internal Medicine,Portland,OR,Abstral,REP-111,TERR-06,2,4,2,1,1,15,11.9531,19304.79,3.0802,0.028028,12.3212,hybrid
1001000375,Dr. Mary Green,Pain Management,Miami,FL,Subsys,REP-103,TERR-02,3,3,6,4,2,35,7.6486,19195.79,6.2024,0.053401,8.123,hybrid
1001000376,Dr. Sandra Wright,Internal Medicine,Austin,TX,Abstral,REP-102,TERR-01,2,5,7,4,0,8,14.6405,32048.9,1.5562,0.014462,14.8683,hybrid
1001000377,Dr. Richard Miller,Anesthesiology,Detroit,MI,Actiq,REP-106,TERR-03,2,5,7,6,5,17,14.8748,35840.94,8.4657,0.076335,16.134,hybrid
1001000378,Dr. Kimberly Flores,Pain Management,Seattle,WA,Fentora,REP-110,TERR-05,2,6,8,8,3,20,16.803,40857.59,8.4551,0.076778,18.2237,hybrid
1001000379,Dr. Kathleen Walker,Oncology,Miami,FL,Subsys,REP-102,TERR-01,2,7,13,9,7,21,20.5914,40176.82,7.0139,0.064748,22.0356,hybrid
1001000380,Dr. Donna Perez,Anesthesiology,Detroit,MI,Abstral,REP-101,TERR-01,2,4,6,5,4,24,9.8122,14422.98,5.7776,0.051104,10.3791,hybrid
1001000381,Dr. Melissa Gonzalez,Neurology,Austin,TX,Actiq,REP-101,TERR-01,1,8,9,7,1,20,21.4295,20392.36,4.1854,0.039209,22.3264,hybrid
1001000382,Dr. Sarah Flores,Internal Medicine,Las Vegas,NV,Subsys,REP-107,TERR-04,2,5,10,6,1,22,12.6328,32733.86,4.4606,0.040503,13.1963,hybrid
1001000383,Dr. Robert Green,Oncology,Atlanta,GA,Actiq,REP-106,TERR-03,2,7,8,5,5,19,18.8781,32723.11,8.5175,0.077785,20.486,hybrid
1001000384,Dr. Laura Torres,Family Practice,Columbus,OH,Abstral,REP-102,TERR-01,3,3,2,2,0,21,6.6615,14022.68,1.4613,0.012625,6.7588,hybrid
1001000385,Dr. Karen Taylor,Palliative Care,Detroit,MI,Fentora,REP-103,TERR-02,2,5,8,6,1,16,12.5083,16047.79,4.7059,0.042653,13.0969,hybrid
1001000386,Dr. Thomas Wilson,Neurology,Jacksonville,FL,Fentora,REP-112,TERR-06,2,5,10,7,7,12,14.0907,19288.8,6.861,0.062095,15.0574,hybrid
1001000387,Dr. Sharon Hall,Anesthesiology,Las Vegas,NV,Subsys,REP-102,TERR-01,1,9,15,14,13,27,24.6191,37190.98,7.9942,0.074014,26.5872,hybrid
1001000388,Dr. Betty Hill,Oncology,New York,NY,Lazanda,REP-104,TERR-02,3,3,9,7,7,18,6.1711,14336.85,7.7765,0.064777,6.651,hybrid
1001000389,Dr. Elizabeth Clark,Oncology,Seattle,WA,Abstral,REP-107,TERR-04,2,4,6,5,0,17,11.0211,19925.84,4.1885,0.037682,11.4827,hybrid
1001000390,Dr. Kathleen Thomas,Pain Management,Denver,CO,Actiq,REP-106,TERR-03,2,4,7,5,0,5,11.9502,23144.66,3.7291,0.033833,12.3959,hybrid
1001000391,Dr. Lisa Baker,Anesthesiology,Las Vegas,NV,Subsys,REP-105,TERR-03,2,5,6,2,0,16,14.1353,18839.64,2.1092,0.019507,14.4335,hybrid
1001000392,Dr. Betty Martinez,Oncology,Baltimore,MD,Subsys,REP-107,TERR-04,2,7,10,5,3,25,18.951,27857.32,6.2994,0.058115,20.1448,hybrid
1001000393,Dr. Lisa Garcia,Oncology,Houston,TX,Subsys,REP-108,TERR-04,2,7,13,10,7,24,18.3162,41601.87,8.6205,0.078573,19.8952,hybrid
1001000394,Dr. Jessica Harris,Anesthesiology,Miami,FL,Subsys,REP-102,TERR-01,2,5,7,6,0,18,12.1251,27231.63,2.4195,0.022106,12.4185,hybrid
1001000395,Dr. Ashley Ramirez,Pain Management,Columbus,OH,Abstral,REP-104,TERR-02,2,6,9,6,2,18,16.3318,24665.8,5.4959,0.050492,17.2294,hybrid
1001000396,Dr. Carol Scott,Palliative Care,Chicago,IL,Abstral,REP-106,TERR-03,2,5,5,4,0,8,13.4873,32716.55,3.18,0.029175,13.9162,hybrid
1001000397,Dr. Thomas Allen,Palliative Care,Portland,OR,Subsys,REP-105,TERR-03,3,3,7,5,3,5,8.4533,9346.42,7.1878,0.062293,9.0609,hybrid
1001000398,Dr. Robert Wilson,Anesthesiology,Chicago,IL,Actiq,REP-110,TERR-05,2,4,4,4,3,15,9.89,13902.02,5.5082,0.048813,10.4347,hybrid
1001000399,Dr. Deborah Young,Family Practice,Chicago,IL,Subsys,REP-103,TERR-02,1,10,14,10,5,21,34.6517,33844.35,6.8047,0.064043,37.0097,hybrid
1001000400,Dr. Deborah Brown,Family Practice,Las Vegas,NV,Lazanda,REP-107,TERR-04,2,5,9,5,1,25,13.9597,27500.66,4.5699,0.04176,14.5977,hybrid
1001000401,Dr. Thomas Johnson,Oncology,Denver,CO,Fentora,REP-108,TERR-04,2,4,6,2,3,27,10.2822,22094.53,5.2615,0.046837,10.8232,hybrid
1001000402,Dr. Sandra Rodriguez,Emergency Medicine,Seattle,WA,Actiq,REP-101,TERR-01,2,7,6,4,5,17,20.065,26162.3,5.176,0.048126,21.1036,hybrid
1001000403,Dr. Sandra Moore,Oncology,Phoenix,AZ,Subsys,REP-112,TERR-06,2,5,7,6,3,11,13.1868,16284.25,6.393,0.057725,14.0298,hybrid
1001000404,Dr. Nancy Wright,Anesthesiology,Austin,TX,Fentora,REP-106,TERR-03,2,4,7,5,3,19,11.1176,13175.38,6.584,0.058652,11.8496,hybrid
1001000405,Dr. James Rivera,Neurology,Las Vegas,NV,Abstral,REP-104,TERR-02,3,2,2,2,3,12,5.7759,10241.69,4.0261,0.033743,6.0085,hybrid
1001000406,Dr. Jennifer Baker,Anesthesiology,Nashville,TN,Subsys,REP-112,TERR-06,2,6,5,3,0,20,16.4445,27077.78,2.3614,0.022016,16.8328,hybrid
1001000407,Dr. Linda Rivera,Family Practice,Los Angeles,CA,Fentora,REP-109,TERR-05,2,4,6,4,4,22,10.1078,18325.93,4.2125,0.037617,10.5336,hybrid
1001000408,Dr. Robert Green,Orthopedics,Los Angeles,CA,Subsys,REP-108,TERR-04,3,3,4,2,3,10,8.5081,19432.02,3.7368,0.032891,8.826,hybrid
1001000409,Dr. Barbara Jackson,Family Practice,Phoenix,AZ,Fentora,REP-111,TERR-06,2,5,3,2,3,18,13.8591,14190.27,4.4908,0.041032,14.4815,hybrid
1001000410,Dr. Elizabeth Ramirez,Oncology,Atlanta,GA,Abstral,REP-105,TERR-03,2,5,9,8,4,17,14.6877,24452.6,7.4625,0.067536,15.7837,hybrid
1001000411,Dr. Kathleen Hall,Anesthesiology,Denver,CO,Fentora,REP-102,TERR-01,2,4,7,4,0,18,11.7108,29958.29,1.39,0.012725,11.8735,hybrid
1001000412,Dr. Thomas Lee,Oncology,Jacksonville,FL,Subsys,REP-105,TERR-03,2,7,12,11,7,12,20.5158,52815.97,10.0686,0.091673,22.5814,hybrid
1001000413,Dr. Sandra Sanchez,Family Practice,Detroit,MI,Fentora,REP-112,TERR-06,2,7,9,7,8,13,20.8201,32846.51,6.5632,0.060741,22.1866,hybrid
1001000414,Dr. John Brown,Internal Medicine,Columbus,OH,Abstral,REP-106,TERR-03,2,4,6,5,4,10,9.7347,16314.05,6.267,0.055275,10.3447,hybrid
1001000415,Dr. Betty Smith,Family Practice,Columbus,OH,Subsys,REP-105,TERR-03,2,4,2,1,0,22,9.0006,17542.8,0.7835,0.007027,9.0712,hybrid
1001000416,Dr. Emily Johnson,Palliative Care,Baltimore,MD,Subsys,REP-107,TERR-04,2,4,9,8,2,31,9.356,8721.52,6.8,0.05962,9.9922,hybrid
1001000417,Dr. Melissa Young,Pain Management,Seattle,WA,Fentora,REP-106,TERR-03,1,10,16,11,1,17,27.5623,31901.47,6.4601,0.060474,29.3428,hybrid
1001000418,Dr. Michael Hernandez,Internal Medicine,Las Vegas,NV,Fentora,REP-112,TERR-06,1,8,9,7,2,29,22.1164,41994.74,4.9186,0.045984,23.2042,hybrid
1001000419,Dr. William Torres,Orthopedics,Denver,CO,Lazanda,REP-112,TERR-06,1,10,12,6,7,20,27.8307,36495.53,7.873,0.07325,30.0218,hybrid
1001000420,Dr. Charles Flores,Neurology,Chicago,IL,Abstral,REP-102,TERR-01,2,4,4,2,0,13,9.36,23942.71,0.9744,0.008765,9.4512,hybrid
1001000421,Dr. Susan Green,Internal Medicine,Atlanta,GA,Fentora,REP-101,TERR-01,2,6,7,2,3,24,17.2828,39379.66,4.3498,0.040296,18.0345,hybrid
1001000422,Dr. Sharon Thompson,Pain Management,Jacksonville,FL,Actiq,REP-102,TERR-01,2,5,7,6,6,13,12.9765,17666.31,6.6714,0.060098,13.8422,hybrid
1001000423,Dr. Sharon Lopez,Pain Management,Baltimore,MD,Actiq,REP-112,TERR-06,2,6,16,12,12,53,17.157,39445.13,10.9664,0.0986,19.0385,hybrid
1001000424,Dr. Kathleen Thompson,Orthopedics,Austin,TX,Abstral,REP-104,TERR-02,2,7,8,6,0,17,18.2469,30180.61,3.5853,0.033425,18.9011,hybrid
1001000425,Dr. Melissa Lee,Pain Management,Baltimore,MD,Abstral,REP-108,TERR-04,3,2,4,3,3,12,5.2487,9422.79,5.6058,0.046012,5.5429,hybrid
1001000426,Dr. Deborah Allen,Palliative Care,Charlotte,NC,Actiq,REP-110,TERR-05,2,5,10,5,1,29,14.0974,33067.22,4.2032,0.038497,14.6899,hybrid
1001000427,Dr. Sharon Garcia,Internal Medicine,Houston,TX,Fentora,REP-109,TERR-05,3,2,2,1,1,23,5.7149,11928.1,3.0453,0.025588,5.8889,hybrid
1001000428,Dr. Sarah Rivera,Palliative Care,Los Angeles,CA,Abstral,REP-101,TERR-01,2,5,7,5,4,29,14.9964,26633.64,6.0247,0.054944,15.8999,hybrid
1001000429,Dr. Nancy Clark,Oncology,Nashville,TN,Actiq,REP-108,TERR-04,2,5,8,5,4,21,12.4277,12163.6,7.1929,0.06445,13.3216,hybrid
1001000430,Dr. Sharon Lee,Palliative Care,Baltimore,MD,Actiq,REP-102,TERR-01,2,6,13,8,0,25,16.3714,38688.79,2.5062,0.023345,16.7817,hybrid
1001000431,Dr. Nancy Perez,Pain Management,Austin,TX,Abstral,REP-101,TERR-01,3,3,3,2,2,16,8.7791,14014.54,4.2379,0.037339,9.1511,hybrid
1001000432,Dr. Karen Carter,Neurology,Detroit,MI,Abstral,REP-109,TERR-05,2,4,11,8,8,31,9.3631,12752.9,6.7617,0.059298,9.9962,hybrid
1001000433,Dr. Thomas Torres,Pain Management,Denver,CO,Fentora,REP-105,TERR-03,2,4,8,5,4,20,11.4848,10164.48,7.8791,0.069974,12.3897,hybrid
1001000434,Dr. Thomas Hill,Oncology,Jacksonville,FL,Fentora,REP-101,TERR-01,1,9,13,10,10,14,24.6919,40086.22,10.5621,0.096682,27.2999,hybrid
1001000435,Dr. Lisa Johnson,Pain Management,New York,NY,Subsys,REP-108,TERR-04,2,7,12,9,2,23,20.605,24125.99,6.845,0.063239,22.0154,hybrid
1001000436,Dr. Mary Ramirez,Oncology,Seattle,WA,Subsys,REP-108,TERR-04,2,7,9,7,4,26,19.3946,23669.15,7.4519,0.068467,20.8399,hybrid
1001000437,Dr. Thomas Sanchez,Psychiatry,Austin,TX,Subsys,REP-108,TERR-04,2,4,5,4,5,10,11.8137,22153.42,5.4997,0.049461,12.4634,hybrid
1001000438,Dr. Melissa White,Emergency Medicine,Chicago,IL,Lazanda,REP-108,TERR-04,2,7,8,4,1,7,19.1948,31057.99,4.1218,0.038429,19.986,hybrid
1001000439,Dr. James Harris,Internal Medicine,Houston,TX,Actiq,REP-103,TERR-02,2,5,6,5,2,22,14.8085,24694.08,5.2323,0.04785,15.5833,hybrid
1001000440,Dr. Kimberly Rodriguez,Palliative Care,Jacksonville,FL,Subsys,REP-112,TERR-06,2,6,10,6,7,22,16.9706,31185.49,7.8806,0.071782,18.308,hybrid
1001000441,Dr. Kimberly White,Oncology,Houston,TX,Fentora,REP-101,TERR-01,2,6,5,3,1,7,16.3166,34931.55,3.4879,0.032337,16.8857,hybrid
1001000442,Dr. Karen Taylor,Anesthesiology,Jacksonville,FL,Subsys,REP-104,TERR-02,2,5,4,4,1,20,12.5204,16035.12,4.7291,0.042861,13.1125,hybrid
1001000443,Dr. Melissa Hill,Orthopedics,Las Vegas,NV,Abstral,REP-109,TERR-05,2,5,2,2,2,10,12.1979,24244.9,3.6229,0.032935,12.6398,hybrid
1001000444,Dr. Karen Carter,Oncology,New York,NY,Lazanda,REP-107,TERR-04,2,5,8,7,7,24,12.009,13250.45,7.5164,0.067085,12.9116,hybrid
1001000445,Dr. Carol Martin,Anesthesiology,Portland,OR,Actiq,REP-103,TERR-02,3,2,4,3,3,13,3.484,5057.17,5.4488,0.041465,3.6739,hybrid
1001000446,Dr. Michael Clark,Neurology,Portland,OR,Abstral,REP-109,TERR-05,1,10,15,7,4,20,33.5573,70870.92,6.791,0.063862,35.8362,hybrid
1001000447,Dr. Charles Miller,Pain Management,New York,NY,Actiq,REP-104,TERR-02,2,6,7,5,3,11,16.3534,19613.46,6.0869,0.055777,17.3488,hybrid
1001000448,Dr. Emily Green,Pain Management,Columbus,OH,Lazanda,REP-111,TERR-06,2,6,9,8,3,31,17.2795,35054.13,8.2569,0.075155,18.7063,hybrid
1001000449,Dr. Jennifer Flores,Oncology,Houston,TX,Lazanda,REP-106,TERR-03,2,6,9,7,4,8,17.8332,28345.22,7.5777,0.069296,19.1845,hybrid
1001000450,Dr. Jennifer Jones,Palliative Care,New York,NY,Subsys,REP-110,TERR-05,1,9,12,10,0,13,24.0586,60717.15,3.8403,0.036207,24.9826,hybrid
1001000451,Dr. Melissa Baker,Pain Management,Chicago,IL,Abstral,REP-109,TERR-05,2,6,16,13,11,26,15.523,35067.35,10.4725,0.093843,17.1487,hybrid
1001000452,Dr. Susan Martinez,Internal Medicine,Philadelphia,PA,Fentora,REP-101,TERR-01,2,5,3,2,0,35,12.624,15601.53,2.3464,0.021509,12.9202,hybrid
1001000453,Dr. Donna White,Internal Medicine,Boston,MA,Actiq,REP-107,TERR-04,2,5,6,5,3,26,12.1723,14625.44,5.4046,0.048736,12.8302,hybrid
1001000454,Dr. Dorothy Taylor,Pain Management,New York,NY,Subsys,REP-107,TERR-04,2,4,6,5,6,22,9.2764,17027.24,7.8871,0.068776,10.0081,hybrid
1001000455,Dr. Amanda Hill,Pain Management,Atlanta,GA,Subsys,REP-101,TERR-01,2,7,9,8,6,12,20.2205,17932.73,8.8999,0.0814,22.0201,hybrid
1001000456,Dr. John Clark,Pain Management,Austin,TX,Abstral,REP-103,TERR-02,1,9,6,4,3,24,24.8316,37179.24,7.4803,0.06944,26.6891,hybrid
1001000457,Dr. Margaret Allen,Neurology,Houston,TX,Subsys,REP-105,TERR-03,2,5,4,3,1,15,13.5626,33806.14,3.9517,0.036142,14.0985,hybrid
1001000458,Dr. Kimberly Carter,Palliative Care,Boston,MA,Subsys,REP-105,TERR-03,2,5,9,7,7,12,14.7081,21559.81,9.0335,0.081197,16.0367,hybrid
1001000459,Dr. Charles Green,Pain Management,Los Angeles,CA,Abstral,REP-112,TERR-06,2,6,14,10,9,19,15.0528,20260.82,9.9049,0.088815,16.5438,hybrid
1001000460,Dr. Lisa Moore,Neurology,Chicago,IL,Subsys,REP-111,TERR-06,2,4,3,2,3,32,11.3066,28671.33,4.7006,0.04228,11.8381,hybrid
1001000461,Dr. Emily Moore,Oncology,Detroit,MI,Abstral,REP-104,TERR-02,3,3,3,3,3,16,7.7203,13597.29,4.7528,0.041217,8.0873,hybrid
1001000462,Dr. Robert Mitchell,Oncology,Miami,FL,Lazanda,REP-105,TERR-03,2,6,8,4,1,22,17.5195,22807.08,4.8497,0.044857,18.3691,hybrid
1001000463,Dr. Rebecca Gonzalez,Anesthesiology,Philadelphia,PA,Subsys,REP-111,TERR-06,2,4,3,2,2,8,9.7402,9110.82,4.9919,0.044276,10.2264,hybrid
1001000464,Dr. Laura Nguyen,Anesthesiology,Denver,CO,Actiq,REP-109,TERR-05,2,5,6,5,2,13,12.6198,26297.74,5.4925,0.049639,13.3129,hybrid
1001000465,Dr. Ashley Allen,Neurology,Portland,OR,Abstral,REP-107,TERR-04,2,6,3,2,1,31,16.9079,14687.68,3.9358,0.036486,17.5733,hybrid
1001000466,Dr. Dorothy Moore,Palliative Care,Seattle,WA,Abstral,REP-112,TERR-06,2,5,5,3,4,8,12.5481,15787.8,6.6699,0.059943,13.385,hybrid
1001000467,Dr. Kathleen Baker,Pain Management,Portland,OR,Subsys,REP-108,TERR-04,1,10,16,7,0,19,34.8319,81023.65,4.1446,0.039499,36.2755,hybrid
1001000468,Dr. Dorothy Martin,Palliative Care,Detroit,MI,Subsys,REP-106,TERR-03,3,3,5,3,3,15,8.5933,19888.04,6.4494,0.056164,9.1475,hybrid
1001000469,Dr. Rebecca Carter,Palliative Care,New York,NY,Abstral,REP-104,TERR-02,2,7,9,7,1,16,19.9839,32004.21,5.0774,0.047221,20.9985,hybrid
1001000470,Dr. Susan White,Neurology,Miami,FL,Abstral,REP-103,TERR-02,1,9,14,12,13,26,24.4903,62802.55,10.4093,0.095318,27.0396,hybrid
1001000471,Dr. David Lee,Pain Management,Miami,FL,Subsys,REP-102,TERR-01,3,3,3,2,0,21,8.5327,15941.66,1.8084,0.016057,8.687,hybrid
1001000472,Dr. James Sanchez,Neurology,Austin,TX,Subsys,REP-111,TERR-06,2,7,8,5,2,17,18.468,42733.19,6.2387,0.057497,19.6201,hybrid
1001000473,Dr. Sarah Adams,Internal Medicine,Las Vegas,NV,Abstral,REP-102,TERR-01,2,7,9,7,2,31,19.757,27236.49,3.3857,0.031718,20.4259,hybrid
1001000474,Dr. Elizabeth Rodriguez,Orthopedics,Los Angeles,CA,Lazanda,REP-105,TERR-03,2,7,9,6,5,14,18.5488,25274.65,7.8501,0.071842,20.0049,hybrid
1001000475,Dr. Sarah Perez,Family Practice,Atlanta,GA,Subsys,REP-107,TERR-04,2,5,5,4,3,21,14.9555,30919.37,4.8369,0.04434,15.6789,hybrid
1001000476,Dr. Mary Young,Pain Management,Nashville,TN,Lazanda,REP-101,TERR-01,2,6,10,8,1,9,15.3716,26538.7,6.4901,0.059153,16.3693,hybrid
1001000477,Dr. Nancy Rodriguez,Neurology,Portland,OR,Fentora,REP-108,TERR-04,2,7,9,5,5,14,18.5325,45645.9,6.5336,0.060146,19.7434,hybrid
1001000478,Dr. Dorothy Baker,Internal Medicine,Philadelphia,PA,Abstral,REP-109,TERR-05,2,7,10,8,1,23,18.145,28623.0,4.651,0.043137,18.9889,hybrid
1001000479,Dr. David Miller,Pain Management,Atlanta,GA,Subsys,REP-112,TERR-06,2,5,7,4,4,11,14.384,30741.41,5.6846,0.051786,15.2017,hybrid
1001000480,Dr. Susan Williams,Palliative Care,Chicago,IL,Actiq,REP-106,TERR-03,2,6,8,7,3,18,17.0571,34133.73,7.4134,0.067685,18.3216,hybrid
1001000481,Dr. William Davis,Pain Management,Seattle,WA,Fentora,REP-101,TERR-01,2,6,14,10,1,15,17.9544,21365.12,6.725,0.061755,19.1618,hybrid
1001000482,Dr. Margaret Ramirez,Anesthesiology,Portland,OR,Actiq,REP-101,TERR-01,2,7,11,8,2,28,19.4697,45053.06,5.9836,0.055352,20.6346,hybrid
1001000483,Dr. Michael Lee,Palliative Care,Chicago,IL,Lazanda,REP-103,TERR-02,3,2,3,2,0,18,5.3465,7001.83,2.8731,0.023916,5.5001,hybrid
1001000484,Dr. Emily Robinson,Psychiatry,Los Angeles,CA,Actiq,REP-111,TERR-06,2,7,6,4,5,12,19.4031,25776.28,5.2537,0.048754,20.4225,hybrid
1001000485,Dr. Melissa Robinson,Pain Management,Detroit,MI,Subsys,REP-106,TERR-03,2,6,3,2,0,14,15.1006,36242.51,2.828,0.026178,15.5276,hybrid
1001000486,Dr. Margaret Flores,Pain Management,Las Vegas,NV,Subsys,REP-104,TERR-02,2,4,9,5,0,16,10.0954,23643.77,2.6238,0.023593,10.3603,hybrid
1001000487,Dr. Kathleen Thomas,Anesthesiology,Las Vegas,NV,Subsys,REP-111,TERR-06,1,10,16,7,4,29,27.3884,30392.01,9.1463,0.084563,29.8935,hybrid
1001000488,Dr. Kathleen Rivera,Internal Medicine,Detroit,MI,Fentora,REP-105,TERR-03,2,7,9,8,8,24,18.069,35541.85,7.9215,0.072377,19.5003,hybrid
1001000489,Dr. Sharon Jones,Pain Management,Atlanta,GA,Fentora,REP-110,TERR-05,3,3,6,4,0,21,8.3534,16393.13,3.6287,0.031894,8.6566,hybrid
1001000490,Dr. Richard Nguyen,Neurology,Jacksonville,FL,Actiq,REP-101,TERR-01,2,5,7,4,5,23,12.8839,31228.65,6.1177,0.055218,13.6721,hybrid
1001000491,Dr. Nancy Ramirez,Pain Management,Charlotte,NC,Abstral,REP-105,TERR-03,2,4,9,7,1,17,9.8854,10463.69,4.6701,0.041536,10.347,hybrid
1001000492,Dr. Lisa Martinez,Psychiatry,Las Vegas,NV,Actiq,REP-103,TERR-02,2,5,5,4,0,18,14.0902,13341.6,4.2166,0.038617,14.6843,hybrid
1001000493,Dr. Rebecca Thompson,Palliative Care,Baltimore,MD,Actiq,REP-106,TERR-03,1,8,14,8,1,21,21.3619,34097.82,5.9506,0.055288,22.6331,hybrid
1001000494,Dr. Michelle Rivera,Oncology,Jacksonville,FL,Subsys,REP-109,TERR-05,3,2,3,2,3,14,4.6484,5614.44,5.3403,0.04301,4.8966,hybrid
1001000495,Dr. Elizabeth Miller,Oncology,Boston,MA,Actiq,REP-104,TERR-02,1,8,16,11,7,18,23.047,56687.69,7.8148,0.072226,24.848,hybrid
1001000496,Dr. James Williams,Oncology,Philadelphia,PA,Subsys,REP-107,TERR-04,2,4,5,4,3,23,11.8534,26904.21,5.8737,0.052751,12.5496,hybrid
1001000497,Dr. Barbara Green,Family Practice,Baltimore,MD,Subsys,REP-102,TERR-01,2,5,4,4,5,6,12.472,31737.13,3.5866,0.032665,12.9193,hybrid
1001000498,Dr. Barbara Garcia,Pain Management,Nashville,TN,Abstral,REP-103,TERR-02,2,6,16,14,3,22,15.7499,39387.01,7.1734,0.065273,16.8796,hybrid
1001000499,Dr. John Taylor,Palliative Care,Austin,TX,Subsys,REP-108,TERR-04,2,5,4,3,3,25,12.5806,24762.58,5.2607,0.047583,13.2424,hybrid
1001000500,Dr. Donna Walker,Neurology,Houston,TX,Subsys,REP-111,TERR-06,2,7,7,5,1,9,18.5298,41134.95,5.4834,0.050718,19.5459,hybrid
1001000501,Dr. Donna Hernandez,Orthopedics,Jacksonville,FL,Subsys,REP-102,TERR-01,1,8,12,8,9,19,22.8626,30405.2,5.7668,0.053779,24.1811,hybrid
1001000502,Dr. Kathleen Martinez,Palliative Care,Miami,FL,Subsys,REP-109,TERR-05,2,6,10,8,9,17,15.3636,34891.71,9.2399,0.083194,16.7832,hybrid
1001000503,Dr. Melissa Jones,Pain Management,Chicago,IL,Actiq,REP-110,TERR-05,2,5,9,6,4,10,13.9757,19326.89,6.9862,0.06316,14.9521,hybrid
1001000504,Dr. Dorothy Sanchez,Orthopedics,Nashville,TN,Subsys,REP-107,TERR-04,3,3,2,1,1,23,6.4091,13715.13,2.6793,0.022913,6.5808,hybrid
1001000505,Dr. Kathleen Campbell,Pain Management,Portland,OR,Subsys,REP-111,TERR-06,2,6,6,5,4,20,15.3084,20787.33,8.4283,0.076141,16.5987,hybrid
1001000506,Dr. Thomas Davis,Family Practice,New York,NY,Subsys,REP-104,TERR-02,2,7,5,4,4,11,19.36,42111.04,4.3173,0.040232,20.1959,hybrid
1001000507,Dr. Donna Mitchell,Pain Management,Atlanta,GA,Lazanda,REP-112,TERR-06,2,6,8,7,3,14,16.6801,16876.31,6.8017,0.062195,17.8146,hybrid
1001000508,Dr. Stephanie Carter,Oncology,Las Vegas,NV,Abstral,REP-111,TERR-06,2,4,5,4,3,28,9.8398,17753.61,6.6043,0.058222,10.4897,hybrid
1001000509,Dr. Margaret Nguyen,Pain Management,Boston,MA,Fentora,REP-101,TERR-01,2,4,6,5,1,22,11.6682,14503.59,5.0526,0.045487,12.2577,hybrid
1001000510,Dr. Sandra Hall,Neurology,Baltimore,MD,Subsys,REP-105,TERR-03,2,5,7,5,2,26,14.1691,14594.15,5.2612,0.047975,14.9146,hybrid
1001000511,Dr. Jennifer Torres,Neurology,Atlanta,GA,Subsys,REP-105,TERR-03,2,5,10,5,2,12,12.5101,12520.33,6.0863,0.054828,13.2715,hybrid
1001000512,Dr. Michelle Torres,Palliative Care,Houston,TX,Actiq,REP-111,TERR-06,2,5,10,8,6,13,13.5008,29373.3,8.2381,0.0739,14.613,hybrid
1001000513,Dr. Ashley Rivera,Neurology,Miami,FL,Abstral,REP-108,TERR-04,1,8,11,7,1,14,22.1803,38726.74,4.8062,0.044963,23.2464,hybrid
1001000514,Dr. Michael Mitchell,Pain Management,Seattle,WA,Abstral,REP-107,TERR-04,3,3,2,1,1,20,6.997,8264.49,3.8969,0.033528,7.2697,hybrid
1001000515,Dr. Charles Taylor,Palliative Care,Austin,TX,Fentora,REP-102,TERR-01,2,4,6,4,1,25,10.667,21806.59,3.6747,0.033045,11.059,hybrid
1001000516,Dr. David Lee,Pain Management,Atlanta,GA,Abstral,REP-109,TERR-05,2,4,7,7,6,21,9.9689,12911.48,9.1532,0.079908,10.8814,hybrid
1001000517,Dr. Jennifer Hill,Palliative Care,Baltimore,MD,Lazanda,REP-102,TERR-01,2,5,5,4,1,25,14.9325,18330.72,3.7263,0.034328,15.4889,hybrid
1001000518,Dr. James Perez,Pain Management,Charlotte,NC,Subsys,REP-106,TERR-03,2,5,10,5,6,23,12.3996,15580.37,9.2144,0.081826,13.5421,hybrid
1001000519,Dr. Sarah Smith,Pain Management,Boston,MA,Fentora,REP-110,TERR-05,3,3,4,2,3,7,7.0323,8935.65,5.6323,0.048133,7.4283,hybrid
1001000520,Dr. Susan Smith,Internal Medicine,Seattle,WA,Abstral,REP-103,TERR-02,2,5,7,4,0,18,14.7577,33543.72,2.7782,0.025686,15.1677,hybrid
1001000521,Dr. Joseph Martin,Family Practice,Denver,CO,Lazanda,REP-109,TERR-05,1,8,8,5,5,13,21.4153,40430.88,5.4927,0.051146,22.5916,hybrid
1001000522,Dr. Elizabeth Williams,Anesthesiology,Chicago,IL,Subsys,REP-108,TERR-04,1,10,12,10,2,20,35.4206,31645.63,6.7198,0.063306,37.8008,hybrid
1001000523,Dr. Margaret Johnson,Neurology,Detroit,MI,Subsys,REP-101,TERR-01,1,9,6,4,5,17,26.8024,26162.7,5.5263,0.051905,28.2835,hybrid
1001000524,Dr. Amanda Scott,Palliative Care,Boston,MA,Fentora,REP-107,TERR-04,2,6,13,10,10,18,17.8002,31274.18,9.1544,0.083122,19.4297,hybrid
1001000525,Dr. Michael Allen,Family Practice,Las Vegas,NV,Actiq,REP-109,TERR-05,2,7,6,5,1,16,19.3125,33603.33,4.3019,0.040087,20.1433,hybrid
1001000526,Dr. Mary White,Anesthesiology,New York,NY,Actiq,REP-107,TERR-04,2,7,14,13,5,15,18.9246,35887.83,7.8879,0.072247,20.4174,hybrid
1001000527,Dr. Mary Rodriguez,Internal Medicine,Miami,FL,Subsys,REP-104,TERR-02,2,6,6,3,2,21,15.4187,28265.15,3.1574,0.02922,15.9055,hybrid
1001000528,Dr. Patricia Wilson,Pain Management,Miami,FL,Subsys,REP-111,TERR-06,2,4,7,5,2,21,11.9444,24175.38,6.6342,0.059416,12.7368,hybrid
1001000529,Dr. William Walker,Pain Management,Portland,OR,Subsys,REP-109,TERR-05,1,9,16,14,2,21,25.9631,62178.96,6.657,0.062131,27.6914,hybrid
1001000530,Dr. Kathleen Smith,Internal Medicine,Philadelphia,PA,Subsys,REP-108,TERR-04,2,5,9,7,0,13,12.2961,25567.28,3.2574,0.02968,12.6966,hybrid
1001000531,Dr. Rebecca Jones,Family Practice,Portland,OR,Abstral,REP-105,TERR-03,2,7,3,2,3,22,18.483,47508.4,3.9403,0.036699,19.2113,hybrid
1001000532,Dr. James Anderson,Pain Management,Los Angeles,CA,Abstral,REP-108,TERR-04,2,4,7,2,2,18,10.2338,14428.72,4.6532,0.041516,10.71,hybrid
1001000533,Dr. Laura Jackson,Palliative Care,Boston,MA,Actiq,REP-109,TERR-05,1,8,11,6,0,9,21.6671,36004.3,3.3425,0.031451,22.3914,hybrid
1001000534,Dr. Michelle King,Palliative Care,Chicago,IL,Subsys,REP-106,TERR-03,3,3,7,5,2,24,8.458,18102.78,6.0403,0.052608,8.9689,hybrid
1001000535,Dr. Patricia Garcia,Oncology,Atlanta,GA,Subsys,REP-108,TERR-04,2,6,11,4,3,18,15.2311,28020.74,6.3561,0.057934,16.1992,hybrid
1001000536,Dr. Susan Miller,Anesthesiology,New York,NY,Subsys,REP-109,TERR-05,2,7,4,3,1,13,19.0925,30655.77,4.0186,0.037474,19.8598,hybrid
1001000537,Dr. Mary Young,Oncology,Boston,MA,Abstral,REP-112,TERR-06,2,5,6,5,5,27,13.5358,19040.31,6.6373,0.059972,14.4342,hybrid
1001000538,Dr. Stephanie Jones,Pain Management,Philadelphia,PA,Actiq,REP-111,TERR-06,2,6,5,3,4,19,17.1264,31303.31,6.7873,0.062157,18.2888,hybrid
1001000539,Dr. Melissa Rivera,Internal Medicine,Charlotte,NC,Abstral,REP-109,TERR-05,2,4,4,2,1,14,10.4252,21331.46,3.4934,0.031379,10.7894,hybrid
1001000540,Dr. Dorothy Nelson,Pain Management,Los Angeles,CA,Actiq,REP-107,TERR-04,3,3,8,6,6,14,7.7849,16361.7,8.6268,0.073666,8.4564,hybrid
1001000541,Dr. Carol Harris,Oncology,Boston,MA,Lazanda,REP-101,TERR-01,2,6,7,4,2,20,17.8489,31554.6,5.4516,0.050336,18.822,hybrid
1001000542,Dr. Donna Ramirez,Emergency Medicine,Phoenix,AZ,Abstral,REP-104,TERR-02,2,4,2,1,1,20,10.3908,19585.5,2.4691,0.022273,10.6474,hybrid
1001000543,Dr. Karen Anderson,Oncology,Portland,OR,Abstral,REP-102,TERR-01,2,5,7,7,8,11,12.0821,21208.15,6.9939,0.062592,12.9271,hybrid
1001000544,Dr. Sarah Taylor,Palliative Care,Phoenix,AZ,Fentora,REP-103,TERR-02,2,6,10,9,9,12,15.4699,37096.1,10.2651,0.092049,17.0579,hybrid
1001000545,Dr. Lisa Clark,Anesthesiology,Portland,OR,Fentora,REP-110,TERR-05,3,2,3,3,2,12,4.444,5885.93,4.3572,0.03495,4.6376,hybrid
1001000546,Dr. Sharon Allen,Pain Management,New York,NY,Abstral,REP-108,TERR-04,2,4,8,4,1,11,11.0673,19841.33,6.1399,0.054782,11.7468,hybrid
1001000547,Dr. Jennifer Thomas,Pain Management,Detroit,MI,Subsys,REP-110,TERR-05,3,3,6,4,1,9,8.7817,16750.73,4.2771,0.037679,9.1573,hybrid
1001000548,Dr. James Miller,Pain Management,Seattle,WA,Abstral,REP-108,TERR-04,2,6,13,8,3,23,15.1646,17422.58,7.361,0.066776,16.2808,hybrid
1001000549,Dr. Thomas Davis,Pain Management,Austin,TX,Actiq,REP-109,TERR-05,1,10,15,11,12,17,27.7558,52740.62,11.1282,0.102025,30.8445,hybrid
1001000550,Dr. Kimberly Jones,Internal Medicine,Charlotte,NC,Subsys,REP-101,TERR-01,1,9,11,8,0,16,25.5547,51201.77,3.6121,0.034171,26.4778,hybrid
1001000551,Dr. William Adams,Anesthesiology,Las Vegas,NV,Subsys,REP-111,TERR-06,2,4,3,3,0,21,9.8363,14456.46,3.1969,0.028606,10.1508,hybrid
1001000552,Dr. Donna Flores,Pain Management,Columbus,OH,Subsys,REP-102,TERR-01,2,7,10,9,3,22,20.6662,37076.42,5.413,0.050343,21.7849,hybrid
1001000553,Dr. Jennifer Green,Anesthesiology,Columbus,OH,Subsys,REP-106,TERR-03,3,3,4,3,1,18,6.0759,15248.22,4.9238,0.04141,6.375,hybrid
1001000554,Dr. Carol Robinson,Internal Medicine,Charlotte,NC,Subsys,REP-109,TERR-05,2,6,4,3,3,34,15.2176,15140.41,4.6816,0.042991,15.9301,hybrid
1001000555,Dr. Deborah Jackson,Anesthesiology,Seattle,WA,Lazanda,REP-102,TERR-01,2,5,8,6,0,16,12.7058,25313.27,1.5766,0.01451,12.9062,hybrid
1001000556,Dr. Margaret Robinson,Neurology,Baltimore,MD,Abstral,REP-105,TERR-03,3,3,4,3,4,25,7.6042,18273.05,6.1798,0.053177,8.0741,hybrid
1001000557,Dr. Sharon Young,Neurology,Austin,TX,Abstral,REP-106,TERR-03,2,7,10,6,7,31,18.1241,16082.49,7.3724,0.067536,19.4603,hybrid
1001000558,Dr. Thomas Harris,Internal Medicine,Miami,FL,Abstral,REP-109,TERR-05,2,6,9,2,3,18,15.3359,25607.71,3.9136,0.036081,15.9361,hybrid
1001000559,Dr. Elizabeth Nguyen,Oncology,Denver,CO,Abstral,REP-104,TERR-02,2,5,8,4,3,12,13.3806,23831.07,6.0413,0.054689,14.1889,hybrid
1001000560,Dr. Lisa Moore,Oncology,Detroit,MI,Abstral,REP-112,TERR-06,3,3,4,4,3,19,6.6175,15951.83,6.4213,0.054283,7.0425,hybrid
1001000561,Dr. Rebecca Miller,Neurology,Boston,MA,Subsys,REP-101,TERR-01,2,4,5,4,0,15,11.4253,11203.85,2.7074,0.02459,11.7346,hybrid
1001000562,Dr. Thomas Carter,Anesthesiology,Phoenix,AZ,Subsys,REP-101,TERR-01,2,6,6,4,3,16,17.5465,31010.1,6.0032,0.055241,18.5999,hybrid
1001000563,Dr. Dorothy Adams,Pain Management,Seattle,WA,Actiq,REP-109,TERR-05,2,5,6,2,1,12,12.6197,18489.51,4.3972,0.039935,13.1746,hybrid
1001000564,Dr. Amanda Wilson,Emergency Medicine,Nashville,TN,Subsys,REP-110,TERR-05,3,3,2,1,1,26,7.4052,14438.15,2.3101,0.020148,7.5763,hybrid
1001000565,Dr. Nancy Martin,Oncology,Jacksonville,FL,Actiq,REP-101,TERR-01,2,6,8,5,0,34,15.4707,20502.77,2.49,0.023119,15.8559,hybrid
1001000566,Dr. Richard Lewis,Anesthesiology,Baltimore,MD,Subsys,REP-109,TERR-05,1,8,16,15,14,15,22.0043,26604.53,11.1394,0.101249,24.4554,hybrid
1001000567,Dr. Dorothy Martin,Palliative Care,Austin,TX,Abstral,REP-103,TERR-02,2,6,15,8,5,13,16.779,39156.03,7.943,0.072286,18.1117,hybrid
1001000568,Dr. Patricia Hill,Oncology,Jacksonville,FL,Abstral,REP-109,TERR-05,2,5,2,1,0,17,13.5292,12859.56,0.7168,0.006652,13.6262,hybrid
1001000569,Dr. Barbara Thompson,Palliative Care,Miami,FL,Subsys,REP-102,TERR-01,2,7,10,7,8,8,20.6559,46524.88,7.7753,0.071542,22.262,hybrid
1001000570,Dr. Betty Nguyen,Pain Management,Baltimore,MD,Abstral,REP-112,TERR-06,1,8,16,12,13,18,22.756,21101.26,10.791,0.098367,25.2116,hybrid
1001000571,Dr. Michelle Thompson,Internal Medicine,Baltimore,MD,Subsys,REP-111,TERR-06,1,10,15,14,3,18,27.5007,51378.71,7.1227,0.066469,29.4595,hybrid
1001000572,Dr. Nancy Carter,Palliative Care,Los Angeles,CA,Subsys,REP-105,TERR-03,1,8,7,5,1,14,21.6234,39535.37,5.5406,0.051602,22.8214,hybrid
1001000573,Dr. Barbara Thompson,Psychiatry,Baltimore,MD,Subsys,REP-111,TERR-06,3,3,5,5,0,6,7.6161,9774.31,3.5733,0.031097,7.8882,hybrid
1001000574,Dr. Deborah Perez,Psychiatry,New York,NY,Actiq,REP-110,TERR-05,2,7,11,8,3,23,18.5074,29970.23,5.2835,0.048911,19.4852,hybrid
1001000575,Dr. Michelle Miller,Oncology,Columbus,OH,Subsys,REP-105,TERR-03,3,3,7,6,5,14,7.5424,10681.86,8.0503,0.068667,8.1496,hybrid
1001000576,Dr. Sarah Lopez,Oncology,Boston,MA,Abstral,REP-103,TERR-02,2,6,8,6,7,19,15.8177,37336.06,8.0904,0.073337,17.0974,hybrid
1001000577,Dr. Barbara Williams,Pain Management,Miami,FL,Subsys,REP-110,TERR-05,2,4,10,8,4,17,10.3902,11864.33,7.4284,0.065565,11.162,hybrid
1001000578,Dr. Michelle Harris,Pain Management,Nashville,TN,Subsys,REP-110,TERR-05,2,6,16,12,4,21,17.6913,16023.67,9.2458,0.083892,19.327,hybrid
1001000579,Dr. Donna White,Oncology,Denver,CO,Lazanda,REP-109,TERR-05,2,5,7,2,2,33,14.3995,14284.33,4.9401,0.045158,15.1108,hybrid
1001000580,Dr. Joseph White,Family Practice,New York,NY,Fentora,REP-101,TERR-01,3,3,4,3,0,19,7.5704,15711.33,1.902,0.016661,7.7144,hybrid
1001000581,Dr. Kathleen Perez,Pain Management,Las Vegas,NV,Subsys,REP-105,TERR-03,2,5,9,8,4,18,12.3858,21706.85,7.3395,0.065705,13.2948,hybrid
1001000582,Dr. David Hall,Palliative Care,Baltimore,MD,Abstral,REP-110,TERR-05,2,5,7,5,1,12,12.8761,17723.55,4.7601,0.043223,13.489,hybrid
1001000583,Dr. Charles Hall,Anesthesiology,Atlanta,GA,Abstral,REP-107,TERR-04,2,7,10,7,0,19,20.9675,21820.53,4.2724,0.03997,21.8634,hybrid
1001000584,Dr. Rebecca Gonzalez,Family Practice,Denver,CO,Subsys,REP-102,TERR-01,1,8,7,4,2,24,21.403,40138.91,2.5305,0.023888,21.9446,hybrid
1001000585,Dr. Betty Mitchell,Orthopedics,Las Vegas,NV,Abstral,REP-105,TERR-03,2,4,5,2,1,17,9.6003,8926.55,3.8213,0.034023,9.9671,hybrid
1001000586,Dr. Charles White,Oncology,Austin,TX,Abstral,REP-108,TERR-04,2,6,8,6,0,12,17.7312,23870.24,3.6554,0.034017,18.3794,hybrid
1001000587,Dr. James Thompson,Pain Management,Nashville,TN,Subsys,REP-106,TERR-03,2,4,6,2,3,18,9.3811,24320.55,5.8873,0.051835,9.9334,hybrid
1001000588,Dr. Robert Martinez,Internal Medicine,Columbus,OH,Fentora,REP-112,TERR-06,3,3,2,1,2,14,8.2442,18877.71,3.1776,0.027944,8.5061,hybrid
1001000589,Dr. Ashley Brown,Pain Management,Houston,TX,Abstral,REP-106,TERR-03,2,5,4,3,1,21,14.9298,17283.84,4.7431,0.043493,15.6379,hybrid
1001000590,Dr. Donna Scott,Pain Management,New York,NY,Subsys,REP-106,TERR-03,2,6,13,9,7,16,15.0264,23975.97,10.1148,0.090605,16.5463,hybrid
1001000591,Dr. Emily Anderson,Oncology,Austin,TX,Abstral,REP-108,TERR-04,2,5,9,8,2,19,13.944,16094.43,6.7584,0.061153,14.8863,hybrid
1001000592,Dr. Lisa Sanchez,Orthopedics,Jacksonville,FL,Fentora,REP-104,TERR-02,3,2,4,3,3,12,3.6691,5295.4,3.6055,0.027939,3.8014,hybrid
1001000593,Dr. Susan Davis,Anesthesiology,Los Angeles,CA,Actiq,REP-101,TERR-01,1,9,8,5,1,16,24.3053,43135.54,4.7977,0.045051,25.4714,hybrid
1001000594,Dr. Melissa Taylor,Pain Management,Los Angeles,CA,Abstral,REP-106,TERR-03,2,5,7,4,2,23,13.8375,28729.97,6.7699,0.061223,14.7743,hybrid
1001000595,Dr. Stephanie Moore,Oncology,Austin,TX,Actiq,REP-110,TERR-05,3,3,7,4,4,20,8.0509,19977.5,7.4746,0.064371,8.6526,hybrid
1001000596,Dr. Linda Martinez,Pain Management,Phoenix,AZ,Actiq,REP-105,TERR-03,2,7,6,4,3,16,18.9833,33638.82,6.6338,0.061112,20.2426,hybrid
1001000597,Dr. William Walker,Oncology,Houston,TX,Abstral,REP-108,TERR-04,1,9,15,10,3,23,25.2097,53388.9,7.3779,0.068559,27.0696,hybrid
1001000598,Dr. Stephanie King,Neurology,Las Vegas,NV,Subsys,REP-111,TERR-06,1,9,16,12,13,24,24.4792,46712.01,10.6511,0.097427,27.0865,hybrid
1001000599,Dr. Betty Thompson,Oncology,Jacksonville,FL,Subsys,REP-105,TERR-03,1,9,8,6,7,26,25.921,61154.08,7.0631,0.065794,27.7518,hybrid
1001000600,Dr. Elizabeth White,Internal Medicine,Houston,TX,Actiq,REP-112,TERR-06,1,8,15,13,8,24,21.1447,38578.14,7.6789,0.070758,22.7684,hybrid
1001000601,Dr. Mary Williams,Internal Medicine,Columbus,OH,Fentora,REP-106,TERR-03,2,6,6,3,2,20,16.5298,32252.24,3.9279,0.036369,17.1791,hybrid
1001000602,Dr. Sarah Smith,Internal Medicine,Portland,OR,Abstral,REP-108,TERR-04,2,4,6,5,3,12,10.5717,24942.73,6.3013,0.055972,11.2379,hybrid
1001000603,Dr. Sarah Hernandez,Pain Management,Philadelphia,PA,Lazanda,REP-104,TERR-02,2,5,3,2,3,8,12.0485,13960.69,4.8477,0.043789,12.6326,hybrid
1001000604,Dr. Sharon Anderson,Internal Medicine,Charlotte,NC,Fentora,REP-104,TERR-02,1,8,4,4,5,16,22.3724,56554.84,5.1677,0.048281,23.5285,hybrid
1001000605,Dr. John Mitchell,Neurology,Columbus,OH,Subsys,REP-112,TERR-06,2,4,5,5,2,22,9.8151,23935.26,4.4703,0.039768,10.2538,hybrid
1001000606,Dr. Melissa Baker,Family Practice,Nashville,TN,Subsys,REP-108,TERR-04,2,7,10,7,2,20,18.0217,17343.79,5.2482,0.048526,18.9675,hybrid
1001000607,Dr. Barbara Green,Internal Medicine,Houston,TX,Abstral,REP-103,TERR-02,3,3,2,1,1,27,7.4309,13976.01,2.1022,0.018359,7.5871,hybrid
1001000608,Dr. Laura Adams,Neurology,Boston,MA,Fentora,REP-101,TERR-01,2,4,4,3,2,11,10.1503,21501.29,4.1122,0.03675,10.5677,hybrid
1001000609,Dr. Michael Carter,Orthopedics,Los Angeles,CA,Actiq,REP-108,TERR-04,2,5,7,6,2,25,12.8189,16017.25,5.7545,0.052005,13.5565,hybrid
1001000610,Dr. Thomas Ramirez,Neurology,Miami,FL,Actiq,REP-107,TERR-04,1,9,9,5,0,17,26.1923,41180.34,3.3511,0.031768,27.07,hybrid
1001000611,Dr. Richard Anderson,Neurology,Las Vegas,NV,Subsys,REP-101,TERR-01,2,4,8,6,0,16,11.3608,13646.8,3.8395,0.03468,11.797,hybrid
1001000612,Dr. Susan Thomas,Oncology,Los Angeles,CA,Lazanda,REP-105,TERR-03,2,5,12,8,2,18,14.1371,31796.78,7.3788,0.066643,15.1802,hybrid
1001000613,Dr. Charles Brown,Pain Management,Charlotte,NC,Abstral,REP-110,TERR-05,1,8,16,13,11,19,22.2242,45051.79,10.9835,0.099941,24.6652,hybrid
1001000614,Dr. Margaret King,Anesthesiology,Seattle,WA,Subsys,REP-101,TERR-01,2,4,5,4,4,22,11.5133,12051.36,6.5641,0.058641,12.2691,hybrid
1001000615,Dr. Amanda Flores,Oncology,Los Angeles,CA,Actiq,REP-105,TERR-03,3,2,2,1,2,16,3.3145,4983.97,4.8343,0.036465,3.4747,hybrid
1001000616,Dr. Elizabeth Martin,Neurology,Portland,OR,Lazanda,REP-106,TERR-03,3,3,2,1,0,24,7.204,12416.29,1.82,0.015855,7.3351,hybrid
1001000617,Dr. Jennifer Allen,Anesthesiology,Columbus,OH,Subsys,REP-112,TERR-06,2,6,7,6,0,18,16.6123,35515.15,3.6646,0.033981,17.2211,hybrid
1001000618,Dr. Kimberly Sanchez,Anesthesiology,Portland,OR,Abstral,REP-108,TERR-04,2,5,10,7,1,30,12.5105,16444.29,5.7364,0.051756,13.2281,hybrid
1001000619,Dr. Joseph Rodriguez,Pain Management,Charlotte,NC,Abstral,REP-107,TERR-04,2,4,7,6,3,17,9.2298,11795.23,7.6204,0.066495,9.9332,hybrid
1001000620,Dr. Donna Perez,Orthopedics,Atlanta,GA,Abstral,REP-110,TERR-05,2,5,9,6,5,15,14.7313,30312.34,7.1117,0.064473,15.7789,hybrid
1001000621,Dr. David Hernandez,Family Practice,Las Vegas,NV,Actiq,REP-109,TERR-05,2,7,7,5,3,13,19.5969,34408.39,5.135,0.047701,20.6032,hybrid
1001000622,Dr. William Hill,Emergency Medicine,Jacksonville,FL,Lazanda,REP-105,TERR-03,3,2,3,2,3,22,4.7307,6993.21,3.309,0.026949,4.8873,hybrid
1001000623,Dr. Barbara Garcia,Anesthesiology,Austin,TX,Actiq,REP-106,TERR-03,3,3,4,3,4,16,8.3363,20056.57,6.3751,0.055362,8.8678,hybrid
1001000624,Dr. William Miller,Palliative Care,Baltimore,MD,Subsys,REP-110,TERR-05,2,6,9,7,5,19,16.7462,33205.58,8.3933,0.076223,18.1517,hybrid
1001000625,Dr. Jessica Martinez,Oncology,Houston,TX,Actiq,REP-105,TERR-03,2,4,6,6,2,10,9.0309,15610.08,6.704,0.058605,9.6364,hybrid
1001000626,Dr. Kathleen Wilson,Psychiatry,Seattle,WA,Fentora,REP-112,TERR-06,2,6,5,5,3,21,16.9868,30710.89,4.6085,0.042603,17.7697,hybrid
1001000627,Dr. Karen Walker,Orthopedics,New York,NY,Subsys,REP-108,TERR-04,2,5,5,4,2,13,14.0723,17265.58,5.3033,0.048328,14.8186,hybrid
1001000628,Dr. David Ramirez,Oncology,Phoenix,AZ,Abstral,REP-109,TERR-05,2,6,11,7,1,13,15.8505,18085.98,5.5687,0.051056,16.7332,hybrid
1001000629,Dr. Michelle Robinson,Neurology,Nashville,TN,Abstral,REP-109,TERR-05,3,2,3,2,2,13,3.4482,2946.0,4.7778,0.036368,3.613,hybrid
1001000630,Dr. Betty Lee,Oncology,Chicago,IL,Abstral,REP-101,TERR-01,2,5,7,6,7,21,12.4474,18674.19,7.7731,0.06948,13.415,hybrid
1001000631,Dr. Charles Adams,Neurology,Los Angeles,CA,Subsys,REP-110,TERR-05,2,7,11,8,2,20,18.4759,22042.43,5.9648,0.055042,19.578,hybrid
1001000632,Dr. Carol Perez,Pain Management,Jacksonville,FL,Abstral,REP-102,TERR-01,3,3,2,2,2,23,7.9687,12413.3,3.4956,0.030586,8.2473,hybrid
1001000633,Dr. Rebecca Allen,Anesthesiology,Los Angeles,CA,Actiq,REP-106,TERR-03,3,2,4,2,2,27,5.0605,4556.91,4.361,0.035767,5.2812,hybrid
1001000634,Dr. Melissa Hill,Neurology,New York,NY,Lazanda,REP-104,TERR-02,1,8,15,11,2,13,23.4256,35573.02,5.6348,0.052631,24.7456,hybrid
1001000635,Dr. James Davis,Internal Medicine,Miami,FL,Actiq,REP-107,TERR-04,1,9,11,6,1,18,26.2599,37468.21,5.8562,0.05488,27.7977,hybrid
1001000636,Dr. Thomas Lopez,Palliative Care,Houston,TX,Subsys,REP-106,TERR-03,3,3,6,4,3,16,8.3774,18113.87,7.0626,0.061184,8.969,hybrid
1001000637,Dr. Betty Wright,Pain Management,Atlanta,GA,Actiq,REP-104,TERR-02,3,3,7,5,3,17,8.8782,18804.19,6.1989,0.054217,9.4285,hybrid
1001000638,Dr. Ashley Green,Pain Management,Charlotte,NC,Subsys,REP-111,TERR-06,2,5,9,6,0,13,13.2961,13816.54,3.9594,0.036162,13.8225,hybrid
1001000639,Dr. Kathleen Walker,Pain Management,Columbus,OH,Actiq,REP-104,TERR-02,2,7,14,9,10,14,20.9674,39459.7,9.5151,0.08693,22.9625,hybrid
1001000640,Dr. Jessica Nguyen,Oncology,Las Vegas,NV,Subsys,REP-101,TERR-01,2,5,6,4,5,16,13.3496,28603.2,7.6314,0.068589,14.3684,hybrid
1001000641,Dr. Sarah Smith,Palliative Care,Las Vegas,NV,Actiq,REP-101,TERR-01,2,5,7,6,5,15,13.7409,16004.37,7.0328,0.063498,14.7073,hybrid
1001000642,Dr. Patricia Smith,Palliative Care,Chicago,IL,Fentora,REP-106,TERR-03,2,5,4,2,1,13,13.451,30796.17,3.5981,0.032942,13.935,hybrid
1001000643,Dr. Karen Adams,Oncology,Atlanta,GA,Abstral,REP-110,TERR-05,2,4,9,7,1,29,11.3495,19939.85,5.66,0.050709,11.9918,hybrid
1001000644,Dr. Betty White,Pain Management,Boston,MA,Lazanda,REP-102,TERR-01,2,7,13,7,0,19,18.5233,45246.1,1.9742,0.018557,18.889,hybrid
1001000645,Dr. Margaret Perez,Oncology,New York,NY,Actiq,REP-108,TERR-04,1,9,14,7,6,11,25.4201,37486.89,8.0171,0.074306,27.4581,hybrid
1001000646,Dr. James Flores,Palliative Care,Denver,CO,Fentora,REP-108,TERR-04,2,7,12,9,8,31,19.6763,38740.21,8.3377,0.076354,21.3168,hybrid
1001000647,Dr. Patricia Hernandez,Pain Management,Miami,FL,Subsys,REP-107,TERR-04,1,8,11,8,0,20,22.6716,33940.6,3.3341,0.031434,23.4275,hybrid
1001000648,Dr. William Hill,Anesthesiology,Columbus,OH,Abstral,REP-108,TERR-04,2,6,11,9,4,37,16.5979,35714.94,7.3881,0.067362,17.8242,hybrid
1001000649,Dr. Joseph Adams,Oncology,Charlotte,NC,Fentora,REP-103,TERR-02,2,7,10,6,1,12,19.4223,19291.72,5.3652,0.049766,20.4643,hybrid
1001000650,Dr. Melissa Lewis,Palliative Care,Boston,MA,Abstral,REP-104,TERR-02,2,5,5,3,0,13,13.1438,22720.62,2.5894,0.023778,13.4842,hybrid
1001000651,Dr. James Adams,Pain Management,Portland,OR,Abstral,REP-104,TERR-02,1,10,16,12,0,17,27.4654,57974.01,3.0888,0.029367,28.3137,hybrid
1001000652,Dr. Barbara Rodriguez,Palliative Care,Nashville,TN,Abstral,REP-110,TERR-05,2,4,4,2,2,27,11.1947,24315.44,4.9333,0.044292,11.747,hybrid
1001000653,Dr. Michelle Perez,Oncology,Los Angeles,CA,Fentora,REP-112,TERR-06,2,5,14,8,8,31,14.2845,19042.11,8.7074,0.078235,15.5283,hybrid
1001000654,Dr. Laura Harris,Emergency Medicine,Los Angeles,CA,Actiq,REP-103,TERR-02,2,4,2,2,3,9,11.9843,27077.82,3.9226,0.035565,12.4544,hybrid
1001000655,Dr. David Robinson,Pain Management,Las Vegas,NV,Subsys,REP-102,TERR-01,3,3,5,4,0,18,7.6411,19464.42,0.7169,0.006319,7.6958,hybrid
1001000656,Dr. Rebecca Nelson,Neurology,Portland,OR,Abstral,REP-101,TERR-01,2,6,7,6,2,21,16.2627,30298.81,5.83,0.053468,17.2108,hybrid
1001000657,Dr. Jennifer White,Oncology,Atlanta,GA,Lazanda,REP-101,TERR-01,2,7,16,13,6,18,20.4656,19839.93,8.8383,0.080903,22.2744,hybrid
1001000658,Dr. Amanda Thompson,Pain Management,Atlanta,GA,Abstral,REP-110,TERR-05,2,6,8,6,2,18,16.9265,33854.81,6.6472,0.060873,18.0516,hybrid
1001000659,Dr. David Adams,Orthopedics,Nashville,TN,Fentora,REP-105,TERR-03,2,7,8,5,3,22,18.4653,46533.15,5.1051,0.047292,19.408,hybrid
1001000660,Dr. Karen Lee,Internal Medicine,Chicago,IL,Fentora,REP-109,TERR-05,2,7,9,3,1,26,18.0987,15675.45,3.5938,0.033489,18.7492,hybrid
1001000661,Dr. Jessica Nguyen,Pain Management,Columbus,OH,Subsys,REP-112,TERR-06,2,5,2,2,0,16,14.4526,24376.48,2.0859,0.019322,14.7541,hybrid
1001000662,Dr. Kimberly Carter,Pain Management,Denver,CO,Lazanda,REP-112,TERR-06,2,4,12,11,7,30,10.1732,18276.0,9.0781,0.079417,11.0967,hybrid
1001000663,Dr. Nancy Nguyen,Oncology,Seattle,WA,Abstral,REP-107,TERR-04,1,10,16,5,3,14,32.2896,30317.98,6.682,0.062799,34.4471,hybrid
1001000664,Dr. Laura Lee,Anesthesiology,Detroit,MI,Fentora,REP-112,TERR-06,2,5,4,2,2,12,13.2378,33894.35,3.199,0.029309,13.6613,hybrid
1001000665,Dr. Susan Carter,Pain Management,Philadelphia,PA,Subsys,REP-102,TERR-01,2,4,6,5,4,18,9.8363,8762.19,6.1412,0.054247,10.4403,hybrid
1001000666,Dr. Sharon Mitchell,Internal Medicine,Seattle,WA,Subsys,REP-101,TERR-01,2,5,5,5,5,17,13.9535,30355.45,5.4485,0.049591,14.7137,hybrid
1001000667,Dr. Kimberly Green,Oncology,Houston,TX,Actiq,REP-105,TERR-03,2,7,12,4,5,24,20.0444,35545.58,7.0455,0.064951,21.4566,hybrid
1001000668,Dr. Rebecca Baker,Anesthesiology,Miami,FL,Subsys,REP-101,TERR-01,2,6,10,8,7,19,16.5986,14916.72,7.5216,0.068539,17.8471,hybrid
1001000669,Dr. Elizabeth Clark,Neurology,Portland,OR,Abstral,REP-106,TERR-03,3,3,3,2,0,11,7.0241,9012.76,2.2955,0.019895,7.1853,hybrid
1001000670,Dr. Sharon Hernandez,Pain Management,Detroit,MI,Subsys,REP-111,TERR-06,2,6,6,4,1,18,16.1591,23124.66,6.217,0.056897,17.1637,hybrid
1001000671,Dr. Jennifer White,Internal Medicine,Seattle,WA,Actiq,REP-112,TERR-06,2,4,2,2,0,11,10.3774,13551.28,2.0974,0.01895,10.5951,hybrid
1001000672,Dr. Linda Mitchell,Oncology,Las Vegas,NV,Subsys,REP-104,TERR-02,2,5,6,5,4,10,14.2034,28132.5,6.3871,0.057958,15.1106,hybrid
1001000673,Dr. Richard Anderson,Oncology,Las Vegas,NV,Abstral,REP-102,TERR-01,2,5,6,5,1,26,14.2914,30266.12,3.3856,0.031151,14.7752,hybrid
1001000674,Dr. Susan Campbell,Family Practice,Seattle,WA,Subsys,REP-104,TERR-02,2,6,4,2,2,24,17.8898,29487.84,3.2986,0.030762,18.4799,hybrid
1001000675,Dr. Elizabeth Brown,Pain Management,Columbus,OH,Abstral,REP-111,TERR-06,3,2,5,4,0,21,5.0592,6759.27,3.8099,0.031316,5.2519,hybrid
1001000676,Dr. Amanda Lopez,Oncology,Austin,TX,Subsys,REP-104,TERR-02,2,7,9,6,6,17,19.7453,50157.07,7.0804,0.065218,21.1433,hybrid
1001000677,Dr. William Nelson,Neurology,Jacksonville,FL,Subsys,REP-101,TERR-01,2,6,14,11,9,14,16.211,35824.53,8.6021,0.077907,17.6055,hybrid
1001000678,Dr. Barbara Johnson,Anesthesiology,Nashville,TN,Subsys,REP-110,TERR-05,2,7,11,7,4,19,18.7329,16835.63,7.0923,0.065159,20.0615,hybrid
1001000679,Dr. Rebecca Torres,Internal Medicine,Philadelphia,PA,Fentora,REP-112,TERR-06,2,5,13,9,8,16,14.3659,28352.15,6.1052,0.055509,15.2429,hybrid
1001000680,Dr. James King,Palliative Care,Charlotte,NC,Subsys,REP-104,TERR-02,2,4,8,5,2,14,11.2961,22368.89,5.0521,0.045367,11.8668,hybrid
1001000681,Dr. Joseph Torres,Pain Management,Detroit,MI,Subsys,REP-109,TERR-05,2,5,7,4,0,10,13.2628,12842.31,2.5278,0.023234,13.5981,hybrid
1001000682,Dr. Michelle Anderson,Oncology,Austin,TX,Abstral,REP-110,TERR-05,3,2,2,1,0,19,5.8909,6490.04,2.0538,0.017405,6.0119,hybrid
1001000683,Dr. Stephanie King,Orthopedics,Austin,TX,Subsys,REP-101,TERR-01,3,3,5,3,3,25,7.1445,14063.29,4.866,0.0418,7.4921,hybrid
1001000684,Dr. William Nguyen,Pain Management,Portland,OR,Abstral,REP-106,TERR-03,1,8,15,9,6,18,21.3015,31582.52,10.2779,0.093646,23.4909,hybrid
1001000685,Dr. Carol Carter,Internal Medicine,Miami,FL,Subsys,REP-111,TERR-06,3,3,4,3,0,17,7.0753,10440.8,3.6971,0.031879,7.3368,hybrid
1001000686,Dr. Susan Moore,Pain Management,Portland,OR,Actiq,REP-101,TERR-01,1,8,13,10,10,13,21.1837,36897.19,9.5191,0.087003,23.2002,hybrid
1001000687,Dr. Deborah Mitchell,Family Practice,Jacksonville,FL,Subsys,REP-103,TERR-02,2,6,9,9,4,10,16.4825,33839.08,6.4601,0.059123,17.5473,hybrid
1001000688,Dr. Jennifer Lewis,Neurology,Seattle,WA,Subsys,REP-102,TERR-01,2,4,4,4,4,18,10.4751,16782.3,4.9478,0.044176,10.9934,hybrid
1001000689,Dr. Sarah Lewis,Anesthesiology,Las Vegas,NV,Abstral,REP-105,TERR-03,3,3,3,3,4,18,8.7857,13104.16,6.1912,0.054095,9.3297,hybrid
1001000690,Dr. Rebecca Lewis,Pain Management,Los Angeles,CA,Fentora,REP-111,TERR-06,3,2,5,4,3,29,3.8371,3583.76,7.2061,0.05559,4.1136,hybrid
1001000691,Dr. Donna Rivera,Pain Management,Baltimore,MD,Subsys,REP-103,TERR-02,1,8,10,5,2,17,23.6966,60763.87,5.8455,0.054572,25.0818,hybrid
1001000692,Dr. Margaret Moore,Family Practice,Philadelphia,PA,Subsys,REP-103,TERR-02,3,3,2,1,1,14,8.918,8460.04,3.3483,0.029663,9.2166,hybrid
1001000693,Dr. Mary Wright,Pain Management,Chicago,IL,Subsys,REP-107,TERR-04,2,4,9,7,4,23,9.5615,20684.42,8.331,0.072713,10.3581,hybrid
1001000694,Dr. Nancy Campbell,Internal Medicine,Charlotte,NC,Subsys,REP-103,TERR-02,1,10,10,6,0,14,28.9426,65323.58,4.0939,0.038809,30.1275,hybrid
1001000695,Dr. Sarah Lopez,Palliative Care,Atlanta,GA,Fentora,REP-101,TERR-01,3,2,3,2,3,13,4.0652,9363.17,4.8666,0.038315,4.2631,hybrid
1001000696,Dr. Jessica Sanchez,Neurology,Houston,TX,Abstral,REP-109,TERR-05,2,6,8,4,0,8,16.4497,15984.99,2.7978,0.026033,16.9099,hybrid
1001000697,Dr. Patricia Williams,Oncology,Jacksonville,FL,Abstral,REP-107,TERR-04,2,4,6,5,1,17,9.9781,11397.99,5.8165,0.051517,10.5585,hybrid
1001000698,Dr. Karen Scott,Pain Management,Los Angeles,CA,Fentora,REP-101,TERR-01,2,5,11,9,5,15,13.8306,14528.54,8.3112,0.074651,14.9801,hybrid
1001000699,Dr. Jennifer Walker,Pain Management,Chicago,IL,Lazanda,REP-103,TERR-02,2,5,5,3,0,22,14.7774,37698.21,3.1566,0.029136,15.2439,hybrid
1001000700,Dr. Laura Taylor,Oncology,New York,NY,Subsys,REP-109,TERR-05,2,4,7,6,6,24,9.8135,11141.56,7.0648,0.062143,10.5068,hybrid
1001000701,Dr. Susan Miller,Pain Management,Denver,CO,Subsys,REP-109,TERR-05,2,7,8,6,5,22,19.4303,42708.83,8.0458,0.073733,20.9936,hybrid
1001000702,Dr. Charles Robinson,Anesthesiology,Chicago,IL,Actiq,REP-106,TERR-03,3,2,2,1,0,29,5.7049,7078.4,1.8328,0.015474,5.8095,hybrid
1001000703,Dr. Melissa Lopez,Pain Management,New York,NY,Subsys,REP-108,TERR-04,1,9,16,11,8,10,25.4276,38048.31,9.0878,0.083826,27.7384,hybrid
1001000704,Dr. Karen Carter,Pain Management,Portland,OR,Fentora,REP-109,TERR-05,2,5,16,12,6,18,12.2747,10519.23,8.8179,0.078383,13.3571,hybrid
1001000705,Dr. Deborah Davis,Emergency Medicine,Phoenix,AZ,Actiq,REP-110,TERR-05,2,5,7,5,4,27,12.7162,24380.05,5.4904,0.049648,13.4143,hybrid
1001000706,Dr. Dorothy Nelson,Anesthesiology,Miami,FL,Abstral,REP-105,TERR-03,2,7,11,8,2,16,19.3507,42754.11,6.5102,0.060062,20.6104,hybrid
1001000707,Dr. Barbara Hill,Palliative Care,Atlanta,GA,Subsys,REP-109,TERR-05,2,5,5,4,1,16,14.2371,36220.6,4.4682,0.040901,14.8732,hybrid
1001000708,Dr. Thomas Perez,Palliative Care,Las Vegas,NV,Subsys,REP-111,TERR-06,2,4,8,4,0,24,11.7701,10652.03,3.0862,0.028048,12.1333,hybrid
1001000709,Dr. Betty Rivera,Internal Medicine,Atlanta,GA,Abstral,REP-109,TERR-05,3,3,9,5,2,18,7.147,8255.66,4.5182,0.038871,7.4699,hybrid
1001000710,Dr. Jessica Rodriguez,Neurology,Austin,TX,Subsys,REP-108,TERR-04,2,4,3,2,0,35,9.7623,15355.56,1.9292,0.017348,9.9506,hybrid
1001000711,Dr. Jessica Hill,Oncology,Las Vegas,NV,Abstral,REP-110,TERR-05,2,5,5,4,3,15,12.94,25675.95,5.4305,0.04918,13.6427,hybrid
1001000712,Dr. Laura Wilson,Family Practice,Los Angeles,CA,Abstral,REP-112,TERR-06,2,5,7,5,0,16,12.3106,16707.61,3.4322,0.03125,12.7331,hybrid
1001000713,Dr. Jennifer Nelson,Pain Management,Los Angeles,CA,Fentora,REP-108,TERR-04,1,8,16,15,4,23,22.9238,52155.77,10.5,0.095866,25.3308,hybrid
1001000714,Dr. Ashley Allen,Pain Management,Seattle,WA,Subsys,REP-103,TERR-02,2,4,5,3,3,24,9.6653,11689.44,6.7962,0.059768,10.3222,hybrid
1001000715,Dr. Robert Brown,Pain Management,Los Angeles,CA,Lazanda,REP-103,TERR-02,2,4,10,6,4,9,9.7115,16438.26,7.0166,0.061674,10.3929,hybrid
1001000716,Dr. Deborah Adams,Anesthesiology,Chicago,IL,Abstral,REP-110,TERR-05,2,4,7,4,1,26,10.5009,10478.52,4.8186,0.043056,11.0069,hybrid
1001000717,Dr. Linda White,Palliative Care,Portland,OR,Actiq,REP-101,TERR-01,2,5,8,6,6,25,12.153,27123.06,7.2722,0.065032,13.0368,hybrid
1001000718,Dr. Rebecca Rivera,Oncology,Denver,CO,Actiq,REP-109,TERR-05,3,3,5,4,1,17,8.6659,15835.85,4.609,0.040491,9.0653,hybrid
1001000719,Dr. Carol Gonzalez,Pain Management,Boston,MA,Subsys,REP-103,TERR-02,2,6,15,10,10,19,15.6421,40329.4,10.3307,0.09267,17.258,hybrid
1001000720,Dr. Kathleen Taylor,Pain Management,Miami,FL,Subsys,REP-104,TERR-02,2,6,6,5,4,25,16.8188,19547.02,6.6395,0.060784,17.9355,hybrid
1001000721,Dr. Charles Green,Pain Management,Baltimore,MD,Subsys,REP-106,TERR-03,2,6,6,5,5,16,17.5109,21760.97,8.0998,0.073828,18.9292,hybrid
1001000722,Dr. Donna Taylor,Pain Management,Las Vegas,NV,Actiq,REP-102,TERR-01,2,4,6,4,4,16,10.9242,16736.25,6.1297,0.054636,11.5938,hybrid
1001000723,Dr. Deborah Green,Orthopedics,Boston,MA,Abstral,REP-110,TERR-05,2,6,6,3,2,16,17.6084,38347.45,4.0495,0.037603,18.3214,hybrid
1001000724,Dr. Thomas Miller,Palliative Care,Atlanta,GA,Subsys,REP-108,TERR-04,2,4,6,4,0,12,11.8422,24470.99,3.9472,0.035752,12.3097,hybrid
1001000725,Dr. Melissa Adams,Palliative Care,Chicago,IL,Fentora,REP-111,TERR-06,2,5,9,6,0,17,12.3089,25771.12,4.4937,0.04072,12.862,hybrid
1001000726,Dr. Jennifer Clark,Family Practice,Los Angeles,CA,Abstral,REP-101,TERR-01,2,6,5,4,0,13,16.8688,23895.01,2.5092,0.023411,17.2921,hybrid
1001000727,Dr. Charles Flores,Palliative Care,Austin,TX,Subsys,REP-103,TERR-02,2,4,7,4,5,24,9.9585,15017.39,6.7845,0.059828,10.6341,hybrid
1001000728,Dr. Dorothy Brown,Oncology,Portland,OR,Abstral,REP-108,TERR-04,2,4,8,6,6,19,10.544,22825.59,7.3554,0.065022,11.3195,hybrid
1001000729,Dr. Deborah Johnson,Internal Medicine,Miami,FL,Abstral,REP-104,TERR-02,2,7,4,3,2,22,19.3689,26351.45,4.0758,0.038024,20.1583,hybrid
1001000730,Dr. William Lee,Pain Management,Seattle,WA,Actiq,REP-106,TERR-03,2,6,9,7,5,14,15.8718,17245.02,8.76,0.079188,17.2622,hybrid
1001000731,Dr. Carol Nelson,Oncology,Denver,CO,Abstral,REP-104,TERR-02,3,3,4,4,5,21,7.8225,16667.45,6.9631,0.059908,8.3672,hybrid
1001000732,Dr. Nancy Torres,Pain Management,Nashville,TN,Abstral,REP-103,TERR-02,2,5,10,6,5,21,13.695,19272.49,8.6723,0.077721,14.8826,hybrid
1001000733,Dr. Emily Williams,Neurology,Boston,MA,Actiq,REP-104,TERR-02,2,4,9,7,8,17,10.6429,21296.67,7.2496,0.064166,11.4144,hybrid
1001000734,Dr. John Gonzalez,Neurology,Denver,CO,Subsys,REP-104,TERR-02,2,6,10,5,1,20,16.4842,22764.05,4.0194,0.037194,17.1467,hybrid
1001000735,Dr. Carol Thomas,Oncology,Las Vegas,NV,Subsys,REP-106,TERR-03,2,5,7,6,4,11,12.1649,29319.75,7.8695,0.070195,13.1223,hybrid
1001000736,Dr. John Baker,Oncology,Los Angeles,CA,Fentora,REP-109,TERR-05,2,7,11,6,3,22,19.7672,22795.07,6.3727,0.05889,21.0269,hybrid
1001000737,Dr. Sarah Baker,Family Practice,New York,NY,Subsys,REP-102,TERR-01,1,8,8,4,4,18,23.4998,58181.46,3.0605,0.028934,24.219,hybrid
1001000738,Dr. Joseph Smith,Anesthesiology,Atlanta,GA,Abstral,REP-108,TERR-04,1,9,15,11,11,12,24.3107,27059.27,9.4919,0.08725,26.6183,hybrid
1001000739,Dr. Sarah Thompson,Pain Management,Columbus,OH,Lazanda,REP-106,TERR-03,2,5,12,6,5,15,12.2471,14632.79,7.6421,0.068268,13.1831,hybrid
1001000740,Dr. Jennifer Ramirez,Anesthesiology,Portland,OR,Abstral,REP-102,TERR-01,2,5,4,3,3,25,14.2871,35946.13,3.9224,0.036003,14.8475,hybrid
1001000741,Dr. Kathleen Smith,Neurology,Austin,TX,Lazanda,REP-106,TERR-03,2,7,11,8,0,30,18.088,42299.5,4.5316,0.042045,18.9077,hybrid
1001000742,Dr. Dorothy Lopez,Family Practice,Baltimore,MD,Abstral,REP-108,TERR-04,2,4,5,3,0,15,10.0988,25735.24,2.1084,0.019002,10.3117,hybrid
1001000743,Dr. Margaret Thomas,Pain Management,Austin,TX,Subsys,REP-105,TERR-03,2,7,16,9,0,21,20.1771,42265.19,4.0763,0.038103,20.9995,hybrid
1001000744,Dr. Mary Lee,Internal Medicine,Philadelphia,PA,Abstral,REP-101,TERR-01,2,7,5,4,5,18,19.9805,49292.25,5.9659,0.05526,21.1725,hybrid
1001000745,Dr. Robert Ramirez,Neurology,Nashville,TN,Subsys,REP-101,TERR-01,2,5,2,2,0,19,13.04,15798.92,1.5952,0.014707,13.248,hybrid
1001000746,Dr. Melissa Campbell,Oncology,Columbus,OH,Actiq,REP-103,TERR-02,2,6,8,7,2,21,15.2819,15912.89,6.9468,0.063164,16.3435,hybrid
1001000747,Dr. Deborah Clark,Oncology,Austin,TX,Subsys,REP-112,TERR-06,2,4,3,3,2,37,11.5888,21537.38,5.3007,0.047643,12.2031,hybrid
1001000748,Dr. Robert Young,Palliative Care,Las Vegas,NV,Abstral,REP-107,TERR-04,2,6,6,5,6,10,17.5526,41864.74,7.7329,0.070609,18.9099,hybrid
1001000749,Dr. Joseph Lewis,Pain Management,Houston,TX,Abstral,REP-112,TERR-06,2,6,5,3,4,24,15.0598,27170.77,6.9232,0.062901,16.1025,hybrid
1001000750,Dr. Nancy Clark,Pain Management,New York,NY,Subsys,REP-109,TERR-05,2,4,7,7,8,18,9.2267,15669.24,9.07,0.078655,10.0635,hybrid
1001000751,Dr. Mary Walker,Pain Management,Boston,MA,Fentora,REP-105,TERR-03,2,5,2,2,1,28,14.8019,30231.58,4.3061,0.039544,15.4393,hybrid
1001000752,Dr. Thomas Rivera,Pain Management,Denver,CO,Subsys,REP-111,TERR-06,2,7,13,9,2,34,19.7257,27696.39,7.7605,0.07126,21.2565,hybrid
1001000753,Dr. Deborah Green,Pain Management,Portland,OR,Fentora,REP-111,TERR-06,2,5,12,9,8,12,13.6583,23605.79,9.8923,0.08817,15.0094,hybrid
1001000754,Dr. Mary Sanchez,Pain Management,Boston,MA,Subsys,REP-111,TERR-06,2,5,9,7,4,16,13.9146,13729.7,8.2069,0.073777,15.0565,hybrid
1001000755,Dr. Deborah Flores,Palliative Care,Seattle,WA,Fentora,REP-102,TERR-01,2,6,9,7,5,17,15.5129,35119.11,6.4083,0.058459,16.507,hybrid
1001000756,Dr. Carol Nelson,Neurology,Houston,TX,Subsys,REP-103,TERR-02,2,5,5,4,2,23,12.8636,28941.08,5.7863,0.052298,13.6079,hybrid
1001000757,Dr. Mary Garcia,Pain Management,Portland,OR,Abstral,REP-107,TERR-04,1,8,13,7,2,17,22.8784,45762.83,7.1112,0.065913,24.5053,hybrid
1001000758,Dr. Kimberly Wilson,Orthopedics,Atlanta,GA,Subsys,REP-105,TERR-03,1,10,12,9,5,10,30.3093,69998.43,6.6738,0.062605,32.3321,hybrid
1001000759,Dr. Laura Hernandez,Palliative Care,Atlanta,GA,Subsys,REP-106,TERR-03,2,6,9,6,4,21,16.6078,24436.74,7.4038,0.067503,17.8374,hybrid
1001000760,Dr. Melissa Davis,Anesthesiology,Philadelphia,PA,Subsys,REP-105,TERR-03,2,5,2,1,0,10,14.9902,32867.49,2.246,0.020837,15.3269,hybrid
1001000761,Dr. Jennifer Thomas,Pain Management,Charlotte,NC,Subsys,REP-102,TERR-01,2,6,10,6,3,15,17.3986,22938.64,5.6404,0.051964,18.38,hybrid
1001000762,Dr. Barbara Brown,Pain Management,Seattle,WA,Subsys,REP-105,TERR-03,2,7,9,7,4,7,18.9922,22346.12,8.0667,0.073838,20.5243,hybrid
1001000763,Dr. Margaret White,Anesthesiology,Philadelphia,PA,Abstral,REP-108,TERR-04,2,4,6,4,4,12,9.0434,11427.74,5.2834,0.046476,9.5212,hybrid
1001000764,Dr. Elizabeth Williams,Internal Medicine,Denver,CO,Lazanda,REP-110,TERR-05,2,4,5,4,1,29,10.8308,19952.58,4.9926,0.044692,11.3715,hybrid
1001000765,Dr. Patricia Wright,Anesthesiology,Baltimore,MD,Actiq,REP-107,TERR-04,3,3,5,4,0,16,8.247,9524.58,3.1687,0.027868,8.5083,hybrid
1001000766,Dr. Barbara Harris,Internal Medicine,Chicago,IL,Abstral,REP-110,TERR-05,2,6,5,4,2,27,17.265,28926.69,3.8334,0.035594,17.9268,hybrid
1001000767,Dr. Joseph Wilson,Oncology,Columbus,OH,Actiq,REP-112,TERR-06,2,5,9,6,6,19,12.4646,22666.63,7.0981,0.06364,13.3493,hybrid
1001000768,Dr. Jennifer Moore,Pain Management,Houston,TX,Abstral,REP-105,TERR-03,2,4,4,3,3,22,10.0089,22617.09,6.3555,0.056174,10.645,hybrid
1001000769,Dr. Richard Hernandez,Pain Management,Nashville,TN,Lazanda,REP-108,TERR-04,2,4,6,5,4,24,10.4132,15955.17,7.3718,0.065093,11.1808,hybrid
1001000770,Dr. Susan Miller,Pain Management,Atlanta,GA,Subsys,REP-103,TERR-02,2,5,9,6,7,15,13.6985,17173.89,9.7552,0.087017,15.0348,hybrid
1001000771,Dr. Mary Miller,Pain Management,Philadelphia,PA,Abstral,REP-110,TERR-05,2,5,6,3,2,22,14.2378,17822.94,4.4959,0.04115,14.8779,hybrid
1001000772,Dr. Laura Flores,Pain Management,Philadelphia,PA,Actiq,REP-112,TERR-06,1,10,16,10,1,15,31.284,70346.5,4.7317,0.044831,32.7642,hybrid
1001000773,Dr. Carol Miller,Pain Management,Columbus,OH,Actiq,REP-102,TERR-01,3,3,2,1,2,19,6.4981,12049.06,3.905,0.033282,6.7519,hybrid
1001000774,Dr. Rebecca Ramirez,Emergency Medicine,Portland,OR,Subsys,REP-101,TERR-01,2,4,8,5,2,22,9.3413,24211.7,3.3997,0.030248,9.6588,hybrid
1001000775,Dr. Sandra Gonzalez,Family Practice,Nashville,TN,Abstral,REP-111,TERR-06,2,5,4,3,3,19,12.9694,19348.74,5.2878,0.047926,13.6552,hybrid
1001000776,Dr. Melissa Williams,Palliative Care,Phoenix,AZ,Actiq,REP-105,TERR-03,2,5,10,6,1,18,12.0322,14199.58,5.684,0.051147,12.7161,hybrid
1001000777,Dr. James Allen,Pain Management,Phoenix,AZ,Abstral,REP-103,TERR-02,2,6,9,7,5,20,15.014,36563.62,8.6262,0.077771,16.3092,hybrid
1001000778,Dr. Amanda Hill,Oncology,Miami,FL,Abstral,REP-107,TERR-04,2,4,7,5,4,13,11.8754,22231.97,6.7784,0.060643,12.6804,hybrid
1001000779,Dr. Rebecca Johnson,Oncology,Seattle,WA,Abstral,REP-103,TERR-02,2,6,11,7,8,12,16.9296,27969.55,8.2119,0.07468,18.3198,hybrid
1001000780,Dr. Margaret Young,Pain Management,Chicago,IL,Abstral,REP-103,TERR-02,2,5,9,8,4,9,14.81,34959.41,7.7937,0.070465,15.9642,hybrid
1001000781,Dr. Donna Martinez,Oncology,Miami,FL,Lazanda,REP-101,TERR-01,2,6,9,7,2,9,17.5113,18294.14,5.4241,0.050038,18.4612,hybrid
1001000782,Dr. Mary Wright,Palliative Care,Las Vegas,NV,Abstral,REP-102,TERR-01,2,4,4,3,0,5,10.111,25453.82,1.4476,0.013087,10.2574,hybrid
1001000783,Dr. Nancy Gonzalez,Anesthesiology,Denver,CO,Actiq,REP-101,TERR-01,2,4,6,3,0,15,11.3875,29049.65,2.5837,0.023474,11.6817,hybrid
1001000784,Dr. Jennifer Scott,Pain Management,Charlotte,NC,Actiq,REP-105,TERR-03,2,5,8,6,0,16,12.045,25635.56,4.3273,0.039178,12.5663,hybrid
1001000785,Dr. Kimberly Hall,Internal Medicine,Portland,OR,Abstral,REP-103,TERR-02,1,9,9,7,8,22,24.4377,60382.4,7.7106,0.07146,26.322,hybrid
1001000786,Dr. Robert Harris,Pain Management,Denver,CO,Actiq,REP-104,TERR-02,2,6,7,6,5,20,16.6469,19491.01,6.2711,0.057473,17.6909,hybrid
1001000787,Dr. Melissa Torres,Internal Medicine,Charlotte,NC,Subsys,REP-112,TERR-06,1,9,9,6,3,11,25.4992,29286.32,4.1403,0.039067,26.555,hybrid
1001000788,Dr. Dorothy Rivera,Oncology,Los Angeles,CA,Fentora,REP-104,TERR-02,3,3,3,2,1,8,6.9423,16796.0,3.7055,0.031876,7.1995,hybrid
1001000789,Dr. Donna Wright,Anesthesiology,Boston,MA,Subsys,REP-112,TERR-06,3,2,5,3,0,20,4.962,12702.65,2.0338,0.016785,5.0629,hybrid
1001000790,Dr. Barbara King,Pain Management,Nashville,TN,Actiq,REP-112,TERR-06,2,7,8,6,5,16,19.8159,30062.62,8.0027,0.07342,21.4017,hybrid
1001000791,Dr. Deborah Adams,Pain Management,Detroit,MI,Subsys,REP-103,TERR-02,3,3,7,4,3,14,8.6641,18630.53,6.6218,0.05767,9.2378,hybrid
1001000792,Dr. James Lewis,Palliative Care,Las Vegas,NV,Abstral,REP-111,TERR-06,2,6,5,3,4,20,16.5627,40704.36,5.781,0.053084,17.5202,hybrid
1001000793,Dr. Laura Perez,Pain Management,Houston,TX,Subsys,REP-101,TERR-01,2,5,8,6,0,12,12.5551,14457.23,2.6458,0.024211,12.8872,hybrid
1001000794,Dr. Thomas Rivera,Neurology,Denver,CO,Fentora,REP-112,TERR-06,2,6,6,4,3,8,17.7523,43918.87,5.0827,0.046995,18.6546,hybrid
1001000795,Dr. Mary Wilson,Internal Medicine,Miami,FL,Abstral,REP-102,TERR-01,2,6,10,9,6,16,17.5606,25417.06,5.0498,0.046671,18.4473,hybrid
1001000796,Dr. James Robinson,Palliative Care,Atlanta,GA,Actiq,REP-111,TERR-06,3,2,3,2,1,22,5.8613,5304.43,4.3674,0.03663,6.1173,hybrid
1001000797,Dr. Donna Scott,Pain Management,Los Angeles,CA,Subsys,REP-107,TERR-04,2,4,11,9,2,20,10.6982,20049.69,8.0782,0.071275,11.5625,hybrid
1001000798,Dr. Kimberly Gonzalez,Neurology,Philadelphia,PA,Fentora,REP-111,TERR-06,3,3,4,4,1,13,6.0327,5583.53,5.2228,0.043827,6.3478,hybrid
1001000799,Dr. Elizabeth Allen,Anesthesiology,Chicago,IL,Abstral,REP-102,TERR-01,3,3,5,3,1,13,7.9187,14813.67,3.7548,0.032794,8.2161,hybrid
1001000800,Dr. Michael Robinson,Neurology,Las Vegas,NV,Actiq,REP-105,TERR-03,2,5,4,3,4,19,13.3105,19913.16,7.1445,0.064338,14.2615,hybrid
1001000801,Dr. Kathleen Mitchell,Oncology,Los Angeles,CA,Lazanda,REP-106,TERR-03,3,3,5,4,0,16,6.9496,14058.75,4.3543,0.037359,7.2523,hybrid
1001000802,Dr. Donna Sanchez,Oncology,Las Vegas,NV,Fentora,REP-107,TERR-04,3,3,6,5,6,26,7.0248,6638.64,7.8867,0.06676,7.5789,hybrid
1001000803,Dr. Betty Anderson,Family Practice,Baltimore,MD,Lazanda,REP-110,TERR-05,2,4,10,6,5,16,10.2613,22877.82,5.6802,0.050463,10.8442,hybrid
1001000804,Dr. Sandra Martin,Family Practice,Columbus,OH,Actiq,REP-104,TERR-02,2,4,3,2,0,19,11.2109,14644.85,0.8175,0.007477,11.3026,hybrid
1001000805,Dr. Robert Sanchez,Pain Management,Houston,TX,Fentora,REP-103,TERR-02,2,5,4,3,2,15,13.8529,21544.11,5.8145,0.052811,14.6584,hybrid
1001000806,Dr. Amanda Torres,Palliative Care,Chicago,IL,Subsys,REP-102,TERR-01,2,7,12,9,3,17,18.4717,27428.33,5.3835,0.049809,19.4661,hybrid
1001000807,Dr. Ashley Harris,Pain Management,Columbus,OH,Subsys,REP-102,TERR-01,2,7,15,8,8,14,18.2927,45935.55,7.2177,0.066196,19.613,hybrid
1001000808,Dr. Deborah Rivera,Oncology,Los Angeles,CA,Subsys,REP-111,TERR-06,2,4,6,4,2,16,11.3071,27716.93,6.7032,0.059764,12.065,hybrid
1001000809,Dr. David Smith,Anesthesiology,Portland,OR,Lazanda,REP-106,TERR-03,1,8,16,11,8,13,21.608,36476.1,10.7879,0.098131,23.939,hybrid
1001000810,Dr. Barbara Moore,Anesthesiology,Nashville,TN,Subsys,REP-107,TERR-04,2,4,6,3,4,17,9.8538,11112.73,5.9206,0.052357,10.4372,hybrid
1001000811,Dr. Betty Rodriguez,Orthopedics,Los Angeles,CA,Fentora,REP-112,TERR-06,2,4,3,3,0,26,9.7545,16922.89,2.4003,0.021538,9.9886,hybrid
1001000812,Dr. John Nelson,Oncology,Denver,CO,Abstral,REP-103,TERR-02,2,4,7,5,0,24,9.7197,9510.79,4.5217,0.040181,10.1592,hybrid
1001000813,Dr. Charles Campbell,Oncology,Portland,OR,Lazanda,REP-105,TERR-03,2,7,5,3,3,19,20.7943,23519.04,5.4949,0.0511,21.937,hybrid
1001000814,Dr. Jessica Thompson,Oncology,Houston,TX,Lazanda,REP-104,TERR-02,2,5,9,8,8,11,13.1285,24303.41,7.9155,0.070973,14.1677,hybrid
1001000815,Dr. Michael Thomas,Family Practice,Columbus,OH,Actiq,REP-103,TERR-02,1,8,10,8,7,15,21.6004,49461.95,7.7365,0.071336,23.2716,hybrid
1001000816,Dr. Nancy Brown,Oncology,Jacksonville,FL,Abstral,REP-110,TERR-05,2,5,11,6,6,14,14.3697,13048.62,7.0586,0.063907,15.384,hybrid
1001000817,Dr. Sarah Moore,Oncology,Baltimore,MD,Fentora,REP-111,TERR-06,1,8,15,9,5,5,21.114,38625.28,9.8672,0.090032,23.1973,hybrid
1001000818,Dr. Rebecca Brown,Pain Management,New York,NY,Subsys,REP-109,TERR-05,2,6,8,4,0,9,17.547,28441.69,2.6872,0.025105,18.0185,hybrid
1001000819,Dr. Michael Harris,Family Practice,Boston,MA,Subsys,REP-109,TERR-05,2,6,6,3,4,14,17.0851,17053.79,4.0335,0.037397,17.7742,hybrid
1001000820,Dr. Patricia Robinson,Psychiatry,Seattle,WA,Subsys,REP-101,TERR-01,2,5,8,7,2,8,14.1313,23758.73,4.5034,0.041197,14.7677,hybrid
