Prscrbr_NPI,Physician_Name,Specialty,City,State,Brand_Name,Sales_Rep,Sales_Rep_Name,Territory,HCP_Tier,CMS_Volume_Decile,Target_Calls,Actual_Calls,Samples_Dropped,Tot_Clms,Tot_30day_Fills,Tot_Drug_Cst,Rx_Lift_Pct,Delta_Log_Fills,Post_Campaign_Fills,dataset_mode,Compliance_Pct,Monthly_Call_Frequency,Sample_Velocity,Log_Baseline_Fills,Diminishing_Call_Log,Tier_Compliance_Interaction,Sample_Call_Ratio,Baseline_Volume_Saturation,Compliance_Pct_raw,Monthly_Call_Frequency_raw,Sample_Velocity_raw,Log_Baseline_Fills_raw,Diminishing_Call_Log_raw,Tier_Compliance_Interaction_raw,Sample_Call_Ratio_raw,Tot_30day_Fills_raw,Tot_Drug_Cst_raw,Tot_Clms_raw
1001000001,Dr. Margaret Thomas,Pain Management,Portland,OR,Abstral,REP-H148,Harvey Sterling,TERR-H12,2,6.0,10,6,4,-0.22623827465883412,-0.016642551663022635,-0.40463108299780837,8.323,0.07520162953447374,16.495,hybrid,-0.5833116200345069,0.1361285566738009,0.11434880097050806,0.17344519079103332,0.36097281999740366,-0.09619141455996535,0.11434880097050806,1.052393663856377,60.0,2.0,0.6666666666666666,2.7867134962851776,1.9459101490553132,360.0,0.6666666666666666,15.2276,20444.41,18.0
1001000002,Dr. Mary Rivera,Pain Management,Miami,FL,Abstral,REP-H121,Helen Finch,TERR-H09,2,8.0,14,11,7,-0.7337757583390051,0.7070699425879009,1.7146308791613776,10.0425,0.09130587692436842,21.8371,hybrid,0.5846778144329079,1.731974097988204,0.04696924442260701,0.8122744944621099,1.413665833588904,1.108091416166805,0.04696924442260701,1.3714581144543525,78.57142857142857,3.6666666666666665,0.6363636363636364,3.0370805295743684,2.4849066497880004,628.5714285714286,0.6363636363636364,19.8443,48740.68,15.0
1001000003,Dr. Richard Davis,Neurology,Denver,CO,Abstral,REP-H331,Hugh Thornton,TERR-H03,1,10.0,16,10,1,-1.0721340807924524,2.380134839297944,2.8426635030628047,6.3293,0.05947967650483976,32.4486,hybrid,-0.4260822730869703,1.4128049897253234,-1.1456489064752426,1.8672208951988807,1.243727311658896,1.0920770168220342,-1.1456489064752426,1.8920836921111213,62.5,3.3333333333333335,0.1,3.4505302556808095,2.3978952727983707,625.0,0.1,30.5171,63802.11,13.0
1001000004,Dr. Emily Wilson,Pain Management,Detroit,MI,Abstral,REP-H167,Heather Hayes,TERR-H07,2,6.0,8,5,4,-0.7337757583390051,-0.043495487800346594,-0.6851976887399839,7.385,0.06695753947773353,16.1682,hybrid,-0.4260822730869703,-0.18304055158907967,0.41081884978127314,0.14636740631402503,0.05990714800519574,-0.028930937311927647,0.41081884978127314,1.0405549608028033,62.5,1.6666666666666667,0.8,2.776101295923368,1.791759469228055,375.0,0.8,15.0563,16698.3,15.0
1001000006,Dr. Richard Campbell,Oncology,Nashville,TN,Lazanda,REP-H210,Hope Bishop,TERR-H02,2,6.0,2,2,0,-0.05705911343211046,0.007216274257004587,-0.41833320613902186,2.4569,0.02280301837124865,15.7576,hybrid,1.9323579311260792,-1.1405478763777217,-1.3680014430833163,0.19726505696820462,-1.2938515375785122,0.979976221408638,-1.3680014430833163,0.9936082636204919,100.0,0.6666666666666666,0.0,2.7960488683381706,1.0986122886681098,600.0,0.0,15.3798,20261.46,19.0
1001000007,Dr. Rebecca Lopez,Psychiatry,Austin,TX,Lazanda,REP-H376,Hayden Whitman,TERR-H12,1,10.0,6,5,6,1.2963741763816787,1.5297291577371244,2.19488074609064,6.3768,0.059517977121599674,26.6923,hybrid,0.8841622848091689,-0.18304055158907967,1.3002289962135676,1.38524482785382,0.05990714800519574,2.0262503119336697,1.3002289962135676,1.6049722272681917,83.33333333333334,1.6666666666666667,1.2,3.261636419089203,1.791759469228055,833.3333333333335,1.2,25.0922,55152.95,27.0
1001000008,Dr. Sarah Nelson,Internal Medicine,Charlotte,NC,Subsys,REP-H245,Henry Conway,TERR-H01,2,5.0,7,4,0,-0.3954174358855578,-0.15941928390980956,-0.5352629833075816,4.0173,0.03685928024840246,14.8919,hybrid,-0.7630023022602633,-0.5022096598519604,-1.3680014430833163,0.026058195782967676,-0.29617796349965275,-0.42929092093119997,-1.3680014430833163,0.8619949798579652,57.14285714285714,1.3333333333333333,0.0,2.7289502652099515,1.6094379124341003,285.71428571428567,0.0,14.3168,18700.22,17.0
1001000009,Dr. Dorothy Mitchell,Pain Management,Los Angeles,CA,Fentora,REP-H169,Harrison Hayes,TERR-H09,2,7.0,13,11,6,0.1121200477946132,0.10834195494694984,0.36596374002791665,9.3576,0.08441720196139224,17.5245,hybrid,0.9647927191412383,1.731974097988204,-0.1551694252210964,0.295827428646694,1.413665833588904,0.9454836689737467,-0.1551694252210964,1.1074958118109257,84.61538461538461,3.6666666666666665,0.5454545454545454,2.8346769783032006,2.4849066497880004,592.3076923076923,0.5454545454545454,16.0249,30733.35,20.0
1001000010,Dr. Sarah Jackson,Internal Medicine,Columbus,OH,Actiq,REP-H188,Harvey Monroe,TERR-H04,2,8.0,13,9,6,0.1121200477946132,0.4637475405309591,-0.4074928382600426,6.5042,0.05984588361657739,19.4819,hybrid,-0.002772492843602703,1.0936358814624427,0.11434880097050806,0.6148215579292984,1.057580722084056,0.773020906799291,0.11434880097050806,1.101342364987978,69.23076923076923,3.0,0.6666666666666666,2.9596956856890406,2.302585092994046,553.8461538461538,0.6666666666666666,18.2921,20406.2,20.0
1001000011,Dr. John King,Pain Management,Atlanta,GA,Abstral,REP-H292,Hilary Gallagher,TERR-H12,3,2.0,5,2,3,1.2963741763816787,-1.104601878422328,-0.9216299018904445,4.7766,0.041744549680157395,8.6832,hybrid,-1.8411463956148,-1.1405478763777217,1.9672866060377887,-1.2504989573288223,-1.2938515375785122,-1.3517203231900026,1.9672866060377887,0.5727430462106275,40.0,0.6666666666666666,1.5,2.2286478754916876,1.0986122886681098,80.0,1.5,8.2873,13541.47,27.0
1001000012,Dr. Dorothy Campbell,Anesthesiology,Portland,OR,Abstral,REP-H345,Henry Blackwood,TERR-H05,2,7.0,10,3,0,-1.0721340807924524,0.11813943602449067,0.35976239651278974,-0.5816,-0.00549277814928173,15.9938,hybrid,-2.4700637834049464,-0.821378768114841,-1.3680014430833163,0.30517733331295976,-0.7319909180868357,-0.7687961870403425,-1.3680014430833163,1.0265914851372557,30.0,1.0,0.0,2.83834134980178,1.3862943611198906,210.0,0.0,16.0874,30650.55,13.0
1001000013,Dr. Barbara Johnson,Neurology,Jacksonville,FL,Actiq,REP-H378,Hilda Whitman,TERR-H02,2,4.0,7,4,3,-0.3954174358855578,-0.38998144661136236,-0.12303766059388907,3.1041,0.0283885254512124,13.2447,hybrid,-0.7630023022602633,-0.5022096598519604,0.2996425814772362,-0.2315328213058419,-0.29617796349965275,-0.685521310447534,0.2996425814772362,0.7964618888708123,57.14285714285714,1.3333333333333333,0.75,2.6279963822558337,1.6094379124341003,228.57142857142856,0.75,12.846,24204.23,17.0
1001000015,Dr. Sarah Torres,Orthopedics,Detroit,MI,Abstral,REP-H128,Harvey Finch,TERR-H04,3,1.0,5,4,3,1.6347324988351262,-1.1993317634648548,-1.1725116948038694,3.9181,0.03407812635763374,7.984,hybrid,0.6745231555457861,-0.5022096598519604,0.2996425814772362,-1.4221706670281955,-0.29617796349965275,-1.3517203231900026,0.2996425814772362,0.5159944759491368,80.0,1.3333333333333333,0.75,2.161367091078508,1.6094379124341003,80.0,0.75,7.683,10191.71,29.0
1001000017,Dr. Karen Johnson,Pain Management,Charlotte,NC,Lazanda,REP-H204,Hannah Bishop,TERR-H08,3,1.0,5,4,5,-0.05705911343211046,-1.7419397794936515,-1.594108685561618,6.0503,0.04775363746271366,4.477,hybrid,0.6745231555457861,-0.5022096598519604,1.4114052645176045,-2.7198059235047025,-0.29617796349965275,-1.3517203231900026,1.4114052645176045,0.2917587204376317,80.0,1.3333333333333333,1.25,1.6528038683388706,1.6094379124341003,80.0,1.25,4.2216,4562.57,19.0
1001000018,Dr. Kathleen Williams,Neurology,Houston,TX,Subsys,REP-H241,Helen Conway,TERR-H09,2,6.0,2,1,1,0.1121200477946132,-0.08662008051125031,0.734048678513648,2.718,0.025135771037891885,15.1829,hybrid,-1.2122290078246534,-1.4597169846406022,0.8555239229974204,0.1022713121662021,-2.085749603670544,-0.3652333235521162,0.8555239229974204,0.916445778590787,50.0,0.3333333333333333,1.0,2.7588193581537825,0.6931471805599453,300.0,1.0,14.7812,35648.0,20.0
1001000019,Dr. Jennifer Anderson,Pain Management,Jacksonville,FL,Subsys,REP-H174,Hazel Hayes,TERR-H02,2,6.0,5,3,1,1.8039116600618497,-0.0901158217597168,-0.723090294271908,5.0099,0.04585206025602062,15.4983,hybrid,-0.5833116200345069,-0.821378768114841,-0.6268263210564041,0.09866320397771242,-0.7319909180868357,-0.09619141455996535,-0.6268263210564041,1.0200013689281227,60.0,1.0,0.3333333333333333,2.7574052850394977,1.3862943611198906,360.0,0.3333333333333333,14.7589,16192.36,30.0
1001000020,Dr. Nancy Moore,Pain Management,Austin,TX,Abstral,REP-H183,Howard Monroe,TERR-H11,2,9.0,15,8,1,-0.7337757583390051,0.8401432495754914,0.9106004790165929,6.6408,0.06142151797533746,22.0674,hybrid,-1.0025898785612712,0.7744667731995619,-1.0900607723232243,0.9141289232739547,0.8518052140972275,0.44189240342433633,-1.0900607723232243,1.4301263866211864,53.333333333333336,2.6666666666666665,0.125,3.076998847382339,2.1972245773362196,480.0,0.125,20.6932,38005.31,15.0
1001000021,Dr. Barbara Torres,Anesthesiology,Los Angeles,CA,Subsys,REP-H350,Hope Blackwood,TERR-H10,2,5.0,8,6,5,0.9580158539282314,-0.29167744047174865,-0.37704633867345566,8.0744,0.07247602998823899,14.561,hybrid,0.3600644616507129,0.1361285566738009,0.48493636198396434,-0.11851002774228112,0.36097281999740366,-0.028930937311927647,0.48493636198396434,0.8597641469972004,75.0,2.0,0.8333333333333334,2.6722917540491338,1.9459101490553132,375.0,0.8333333333333334,13.4731,20812.72,25.0
1001000022,Dr. David Robinson,Emergency Medicine,Charlotte,NC,Abstral,REP-H201,Helen Bishop,TERR-H05,1,10.0,7,6,3,-1.4104924032458996,1.6633197717256094,2.646157306995424,1.6829,0.016077510808320206,26.3811,hybrid,1.033904519997298,0.1361285566738009,-0.256238760042948,1.4672499381267823,0.36097281999740366,2.1330129742321415,-0.256238760042948,1.446813990154776,85.71428571428571,2.0,0.5,3.293775483555422,1.9459101490553132,857.1428571428571,0.5,25.9444,61178.37,11.0
1001000023,Dr. Sharon Scott,Anesthesiology,Atlanta,GA,Subsys,REP-H223,Howard Sinclair,TERR-H03,3,1.0,4,3,1,0.6196575314747842,-1.6974827293562023,-1.1769784596256345,5.2714,0.04221896932453828,4.7426,hybrid,0.3600644616507129,-0.821378768114841,-0.6268263210564041,-2.5848552845622317,-0.7319909180868357,-1.374140482272682,-0.6268263210564041,0.28749207198430854,75.0,1.0,0.3333333333333333,1.7056931001232405,1.3862943611198906,75.0,0.3333333333333333,4.5052,10132.07,23.0
1001000024,Dr. Laura Carter,Oncology,Las Vegas,NV,Fentora,REP-H289,Harrison Gallagher,TERR-H09,2,3.0,8,6,1,-1.0721340807924524,-0.7667377029595481,-0.6916536767955871,3.6733,0.03297417628830113,10.8262,hybrid,0.3600644616507129,0.1361285566738009,-0.9974138820698603,-0.7179979004876628,0.36097281999740366,-0.7015357097923047,-0.9974138820698603,0.6746416503259698,75.0,2.0,0.16666666666666666,2.437343232856391,1.9459101490553132,225.0,0.16666666666666666,10.4426,16612.1,13.0
1001000025,Dr. Sarah Lewis,Palliative Care,Detroit,MI,Actiq,REP-H325,Henry Thornton,TERR-H09,2,3.0,8,7,6,-1.0721340807924524,-0.7403393699442221,-0.3619773735135098,6.9588,0.061646456660792825,11.3493,hybrid,1.146211196388396,0.4552976649366816,0.5378774421287437,-0.6807202321402402,0.6217677674968723,-0.5333845166722105,0.5378774421287437,0.6909267204128877,87.5,2.3333333333333335,0.8571428571428571,2.451952924644869,2.0794415416798357,262.5,0.8571428571428571,10.611,21013.92,13.0
1001000026,Dr. Barbara Lewis,Palliative Care,Charlotte,NC,Subsys,REP-H224,Hannah Sinclair,TERR-H04,2,7.0,10,8,8,0.28129920902133687,0.22630362712054156,-0.1176863804712342,11.2224,0.10066829993543314,18.6602,hybrid,0.6745231555457861,0.7744667731995619,0.8555239229974204,0.40618545715803467,0.8518052140972275,0.8006149487472042,0.8555239229974204,1.0924468908731675,80.0,2.6666666666666665,1.0,2.877927987671823,2.1972245773362196,560.0,1.0,16.7774,24275.68,21.0
1001000027,Dr. Richard Williams,Oncology,Atlanta,GA,Abstral,REP-H125,Henry Finch,TERR-H01,2,5.0,8,6,1,0.28129920902133687,-0.1591371164547765,0.7540892038491271,4.2334,0.038809866184982056,14.9248,hybrid,0.3600644616507129,0.1361285566738009,-0.9974138820698603,0.026358033755280685,0.36097281999740366,-0.028930937311927647,-0.9974138820698603,0.9250496939801802,75.0,2.0,0.16666666666666666,2.72906777632468,1.9459101490553132,375.0,0.16666666666666666,14.3186,35915.58,21.0
1001000028,Dr. Kathleen Garcia,Anesthesiology,Detroit,MI,Lazanda,REP-H383,Howard Carrington,TERR-H07,2,2.0,4,3,2,0.9580158539282314,-0.8437850941533291,-0.8753370223409281,6.7709,0.05970083918626301,10.6248,hybrid,0.3600644616507129,-0.821378768114841,0.11434880097050806,-0.830020358803462,-0.7319909180868357,-1.0378380960324933,0.11434880097050806,0.6350133973015742,75.0,1.0,0.6666666666666666,2.393439907838086,1.3862943611198906,150.0,0.6666666666666666,9.9511,14159.57,25.0
1001000029,Dr. Elizabeth Gonzalez,Oncology,Chicago,IL,Abstral,REP-H272,Hilary Mercer,TERR-H04,2,8.0,15,14,5,-1.4104924032458996,0.48511388726485993,1.308023464383309,7.0024,0.06430558754382609,19.7188,hybrid,1.5130796725993145,2.689481422776846,-0.5738852409116246,0.632785199242072,1.849478788176087,1.6376342211672288,-0.5738852409116246,1.19056233015409,93.33333333333333,4.666666666666667,0.35714285714285715,2.9667359131123994,2.70805020110221,746.6666666666666,0.35714285714285715,18.4284,43311.68,11.0
1001000030,Dr. Sarah Lee,Oncology,Austin,TX,Abstral,REP-H109,Harrison Vance,TERR-H09,2,2.0,11,10,5,-0.05705911343211046,-0.8914243661447637,-1.2277650663600255,5.7659,0.050920356870927996,10.2034,hybrid,1.360614851316855,1.4128049897253234,-0.256238760042948,-0.9018291268080375,1.243727311658896,-0.8951643564154437,-0.256238760042948,0.6232550254749483,90.9090909090909,3.3333333333333335,0.5,2.365296946790209,2.3978952727983707,181.8181818181818,0.5,9.6472,9453.97,19.0
1001000031,Dr. Mary Anderson,Pain Management,Jacksonville,FL,Subsys,REP-H352,Hilary Blackwood,TERR-H12,2,8.0,16,14,14,-1.241313242019176,0.4960870660717057,0.7002393730837134,12.9254,0.11567009046170407,20.8894,hybrid,1.146211196388396,2.689481422776846,0.8555239229974204,0.6419619193585526,1.849478788176087,1.4283794030622228,0.8555239229974204,1.2784417079172556,87.5,4.666666666666667,1.0,2.970332410921259,2.70805020110221,700.0,1.0,18.4984,35196.58,12.0
1001000032,Dr. Donna Williams,Pain Management,Jacksonville,FL,Abstral,REP-H255,Homer Conway,TERR-H11,2,8.0,9,6,0,0.1121200477946132,0.4640140320162682,-0.7138317183620048,4.7591,0.04413983180250991,19.1645,hybrid,-0.16403336150774317,0.1361285566738009,-1.3680014430833163,0.615046389849206,0.36097281999740366,0.6810407669729145,-1.3680014430833163,1.26430161074994,66.66666666666666,2.0,0.0,2.95978380077777,1.9459101490553132,533.3333333333333,0.0,18.2938,16315.98,20.0
1001000033,Dr. Ashley Lee,Pain Management,Charlotte,NC,Subsys,REP-H276,Hayden Mercer,TERR-H08,1,10.0,15,11,7,1.2963741763816787,2.034558086730924,1.3604705033125108,10.4839,0.09645826633943333,31.2809,hybrid,0.2552448970190215,1.731974097988204,0.04696924442260701,1.6821993305644982,1.413665833588904,1.577847130280084,0.04696924442260701,1.9567102397817158,73.33333333333333,3.6666666666666665,0.6363636363636364,3.378017457714538,2.4849066497880004,733.3333333333333,0.6363636363636364,28.3126,44011.95,27.0
1001000034,Dr. Sarah Anderson,Pain Management,Houston,TX,Abstral,REP-H165,Henry Hayes,TERR-H05,2,2.0,3,1,0,-1.0721340807924524,-0.9578591258353526,-1.3176972795563897,0.491,0.004421223182661915,9.2687,hybrid,-2.2604246541415645,-1.4597169846406022,-1.3680014430833163,-1.0054681717377605,-2.085749603670544,-1.4115074140771473,-1.3680014430833163,0.6374377918524853,33.33333333333333,0.3333333333333333,0.0,2.3246792104671115,0.6931471805599453,66.66666666666666,0.0,9.2234,8253.2,13.0
1001000035,Dr. Mary Campbell,Pain Management,Seattle,WA,Abstral,REP-H286,Holly Gallagher,TERR-H06,2,4.0,10,8,7,1.4655533376084025,-0.3980545710192561,-0.9243620880188482,11.791,0.10378546025788093,14.3031,hybrid,0.6745231555457861,0.7744667731995619,0.5775832522373283,-0.24104104780217656,0.8518052140972275,-0.27555268722139925,0.5775832522373283,0.8842398494976498,80.0,2.6666666666666665,0.875,2.6242699619960725,2.1972245773362196,320.0,0.875,12.7945,13504.99,28.0
1001000036,Dr. Richard Robinson,Pain Management,New York,NY,Subsys,REP-H253,Hector Conway,TERR-H09,2,2.0,5,5,0,-0.7337757583390051,-0.8467792043706257,-0.3262080540764389,2.6474,0.023764049385822883,10.1949,hybrid,1.9323579311260792,-0.18304055158907967,-1.3680014430833163,-0.834474482916871,0.05990714800519574,-0.813636505205701,-1.3680014430833163,0.6864097999304903,100.0,1.6666666666666667,0.0,2.3916942680658217,1.791759469228055,200.0,0.0,9.932,21491.51,15.0
1001000037,Dr. Jessica Nguyen,Palliative Care,Miami,FL,Abstral,REP-H320,Hattie Kensington,TERR-H04,1,10.0,11,8,9,0.6196575314747842,2.15211218369169,2.6520156293354384,8.1561,0.07589479182863501,31.4329,hybrid,0.21712869169840726,0.7744667731995619,1.1334645937575125,1.7466547998785351,0.8518052140972275,1.5506711798768373,1.1334645937575125,1.8923812847045092,72.72727272727273,2.6666666666666665,1.125,3.40327854786598,2.1972245773362196,727.2727272727274,1.125,29.0625,61256.59,23.0
1001000038,Dr. Richard Campbell,Oncology,Los Angeles,CA,Fentora,REP-H149,Harrison Sterling,TERR-H01,2,7.0,9,5,3,-0.05705911343211046,0.12448820376273736,-0.8407675280622188,6.5863,0.06016877716396918,17.1901,hybrid,-0.8628304590523498,-0.18304055158907967,-0.03388622343487435,0.3112178286811067,0.05990714800519574,0.03334728236218146,-0.03388622343487435,1.0419390833980242,55.55555555555556,1.6666666666666667,0.6,2.840708712877064,1.791759469228055,388.8888888888889,0.6,16.1279,14621.14,19.0
1001000039,Dr. Charles Thomas,Palliative Care,Portland,OR,Abstral,REP-H134,Hazel Finch,TERR-H10,3,1.0,6,3,0,-0.3954174358855578,-1.277209981054011,-1.0530938906839504,1.2577,0.01098244631831724,7.2766,hybrid,-1.2122290078246534,-0.821378768114841,-1.3680014430833163,-1.5725023034436847,-0.7319909180868357,-1.486241277686078,-1.3680014430833163,0.4679236262587026,50.0,1.0,0.0,2.1024498097287556,1.3862943611198906,50.0,0.0,7.1862,11786.17,17.0
1001000040,Dr. Patricia Carter,Oncology,Portland,OR,Actiq,REP-H273,Hector Mercer,TERR-H05,2,4.0,12,10,7,-1.4104924032458996,-0.442245129671396,-1.1029982289810443,7.488,0.06704414902141309,13.4496,hybrid,0.8841622848091689,1.4128049897253234,0.18846631317319928,-0.2937243034947323,1.243727311658896,-0.21576559633425446,0.18846631317319928,0.8083735002651379,83.33333333333334,3.3333333333333335,0.7,2.6036225834929843,2.3978952727983707,333.33333333333337,0.7,12.5126,11119.85,11.0
1001000041,Dr. Barbara Williams,Pain Management,New York,NY,Abstral,REP-H228,Harvey Sinclair,TERR-H08,2,5.0,10,8,8,-1.4104924032458996,-0.2425019234473559,-0.9439195376819531,7.1406,0.0644506010230832,14.7712,hybrid,0.6745231555457861,0.7744667731995619,0.8555239229974204,-0.06379633797728863,0.8518052140972275,0.08316985810146854,0.8555239229974204,0.9528186296497869,80.0,2.6666666666666665,1.0,2.6937348909059544,2.1972245773362196,400.0,1.0,13.7868,13243.86,11.0
1001000042,Dr. Jessica Lee,Internal Medicine,Austin,TX,Actiq,REP-H278,Hilda Mercer,TERR-H10,2,7.0,4,3,2,0.9580158539282314,0.27754837214851086,-0.15443683034366926,1.5832,0.014847008143469953,17.3751,hybrid,0.3600644616507129,-0.821378768114841,0.11434880097050806,0.45267888937696454,-0.7319909180868357,0.6436738351684494,0.11434880097050806,1.0298265488087137,75.0,1.0,0.6666666666666666,2.8961494791174927,1.3862943611198906,525.0,0.6666666666666666,17.1043,23784.99,25.0
1001000043,Dr. Kimberly Green,Neurology,New York,NY,Actiq,REP-H259,Holden Conway,TERR-H03,2,4.0,5,3,3,0.1121200477946132,-0.4614638685531001,-0.6090529795013457,3.5652,0.03245489960522363,12.8317,hybrid,-0.5833116200345069,-0.821378768114841,0.8555239229974204,-0.31698040445408415,-0.7319909180868357,-0.6342752325442671,0.8555239229974204,0.768189537841302,60.0,1.0,1.0,2.5945081597030812,1.3862943611198906,240.0,1.0,12.39,17714.98,20.0
1001000044,Dr. Kathleen Walker,Pain Management,Jacksonville,FL,Fentora,REP-H138,Hilda Finch,TERR-H02,2,5.0,11,9,4,-1.0721340807924524,-0.15636246981361698,-0.4070127584057919,10.1604,0.09073361066564578,15.7929,hybrid,0.7888717715076315,1.0936358814624427,-0.3797679470474334,0.029304565285342185,1.057580722084056,0.12393378370634002,-0.3797679470474334,0.9907950880732469,81.81818181818183,3.0,0.4444444444444444,2.73022256736735,2.302585092994046,409.0909090909091,0.4444444444444444,14.3363,20412.61,13.0
1001000045,Dr. Kathleen Rivera,Pain Management,Denver,CO,Lazanda,REP-H288,Harvey Gallagher,TERR-H08,2,5.0,14,12,12,-0.9029549195657287,-0.2461073964838909,-0.49927122437485966,13.5294,0.11878348180337372,15.6259,hybrid,1.033904519997298,2.0511432062510844,0.8555239229974204,-0.06776824709080043,1.5699941196581808,0.21128505285963553,0.8555239229974204,0.951229078159815,85.71428571428571,4.0,1.0,2.6921782386116253,2.5649493574615367,428.57142857142856,1.0,13.7638,19180.78,14.0
1001000046,Dr. Stephanie Davis,Pain Management,Chicago,IL,Lazanda,REP-H225,Henry Sinclair,TERR-H05,1,10.0,13,8,5,1.6347324988351262,1.5206057433577185,2.2410155962341554,12.6148,0.11449132308987808,28.192,hybrid,-0.4865550988360227,0.7744667731995619,0.02170191071714412,1.379547059602457,0.8518052140972275,1.04896132627842,0.02170191071714412,1.7301231304329334,61.53846153846154,2.6666666666666665,0.625,3.2594033760442684,2.1972245773362196,615.3846153846154,0.625,25.034,55768.94,29.0
1001000047,Dr. Carol White,Pain Management,Las Vegas,NV,Subsys,REP-H159,Holden Sterling,TERR-H11,3,2.0,6,5,1,0.4504783702480605,-1.1309531835284818,-0.7222934066511235,6.9649,0.06016523970309562,8.6847,hybrid,0.8841622848091689,-0.18304055158907967,-0.923296369867169,-1.297105432074639,0.05990714800519574,-0.9631042324235625,-0.923296369867169,0.561125498146963,83.33333333333334,1.6666666666666667,0.2,2.2103820809404318,1.791759469228055,166.66666666666669,0.2,8.1192,16203.0,22.0
1001000048,Dr. Charles Jackson,Pain Management,Chicago,IL,Abstral,REP-H388,Harvey Carrington,TERR-H12,2,4.0,6,6,2,-0.5645965971122814,-0.48040043997977117,-0.28572181900431104,6.8866,0.0617287375505966,13.1141,hybrid,1.9323579311260792,0.1361285566738009,-0.6268263210564041,-0.3401042721425543,0.36097281999740366,0.08316985810146854,-0.6268263210564041,0.8479358756853778,100.0,2.0,0.3333333333333333,2.5854455601666095,1.9459101490553132,400.0,0.3333333333333333,12.2692,22032.08,16.0
1001000049,Dr. Donna Lewis,Internal Medicine,Phoenix,AZ,Abstral,REP-H185,Henry Monroe,TERR-H01,2,8.0,7,6,4,0.9580158539282314,0.6250062410824186,0.8829767890566385,5.0069,0.04650323913246446,20.2881,hybrid,1.033904519997298,0.1361285566738009,0.11434880097050806,0.7473739101691479,0.36097281999740366,1.364321805683139,0.11434880097050806,1.163278987402197,85.71428571428571,2.0,0.6666666666666666,3.0116449920140402,1.9459101490553132,685.7142857142857,0.6666666666666666,19.3208,37636.48,25.0
1001000050,Dr. Sharon Green,Neurology,Seattle,WA,Subsys,REP-H322,Harold Thornton,TERR-H06,2,3.0,5,3,2,-0.05705911343211046,-0.8241744560285236,-1.1771559618494372,4.0771,0.036417298957267974,10.487,hybrid,-0.5833116200345069,-0.821378768114841,0.11434880097050806,-0.8010376886487879,-0.7319909180868357,-0.903317141536418,0.11434880097050806,0.6247321566744573,60.0,1.0,0.6666666666666666,2.4047986622059994,1.3862943611198906,180.0,0.6666666666666666,10.0762,10129.7,19.0
1001000051,Dr. Emily Brown,Neurology,Portland,OR,Abstral,REP-H157,Hunter Sterling,TERR-H09,2,4.0,4,3,0,-0.9029549195657287,-0.4480609144390243,-0.2356661918919933,1.1074,0.01020341678564085,12.6137,hybrid,0.3600644616507129,-0.821378768114841,-1.3680014430833163,-0.30073949537407063,-0.7319909180868357,-0.3652333235521162,-1.3680014430833163,0.7734906036593351,75.0,1.0,0.0,2.600873221858051,1.3862943611198906,300.0,0.0,12.4755,22700.42,14.0
1001000052,Dr. James White,Internal Medicine,Portland,OR,Abstral,REP-H353,Hector Blackwood,TERR-H01,2,4.0,2,2,3,-1.4104924032458996,-0.46126008094668747,0.39795009012985405,2.2965,0.021029917301718548,12.6759,hybrid,1.9323579311260792,-1.1405478763777217,1.9672866060377887,-0.3167326911226483,-1.2938515375785122,0.08316985810146854,1.9672866060377887,0.7460632539334211,100.0,0.6666666666666666,1.5,2.5946052423690475,1.0986122886681098,400.0,1.5,12.3913,31160.43,11.0
1001000053,Dr. Mary Hall,Pain Management,Denver,CO,Lazanda,REP-H107,Heather Vance,TERR-H07,3,1.0,2,1,1,-0.7337757583390051,-1.3722220335515711,-1.3293060747839824,2.6809,0.023004809342852983,6.7565,hybrid,-1.2122290078246534,-1.4597169846406022,0.8555239229974204,-1.768777877841277,-2.085749603670544,-1.486241277686078,0.8555239229974204,0.4547568590941018,50.0,0.3333333333333333,1.0,2.025526392179396,0.6931471805599453,50.0,1.0,6.5801,8098.2,15.0
1001000054,Dr. Barbara Carter,Pain Management,New York,NY,Actiq,REP-H172,Hilary Hayes,TERR-H12,2,5.0,8,6,4,-0.05705911343211046,-0.16490587331323245,-0.17568916411000296,4.8061,0.04393666669327434,14.9682,hybrid,0.3600644616507129,0.1361285566738009,0.11434880097050806,0.020220998666499092,0.36097281999740366,-0.028930937311927647,0.11434880097050806,0.9870285421513569,75.0,2.0,0.6666666666666666,2.726662577847496,1.9459101490553132,375.0,0.6666666666666666,14.2818,23501.23,19.0
1001000055,Dr. Sharon Perez,Oncology,Denver,CO,Actiq,REP-H295,Homer Gallagher,TERR-H03,3,1.0,2,1,2,-0.9029549195657287,-1.2500905534313782,-0.8729501042512289,6.2414,0.05348905879051813,7.8185,hybrid,-1.2122290078246534,-1.4597169846406022,3.079049289078157,-1.5191415022521673,-2.085749603670544,-1.486241277686078,3.079049289078157,0.47543933819919143,50.0,0.3333333333333333,2.0,2.123362728737764,0.6931471805599453,50.0,2.0,7.3592,14191.44,14.0
1001000056,Dr. Sharon Lee,Pain Management,Las Vegas,NV,Abstral,REP-H277,Hunter Mercer,TERR-H09,2,9.0,10,7,0,-0.9029549195657287,0.8179304004764908,-0.14801304733289128,7.3464,0.06771046823083493,22.0613,hybrid,0.04560576775563961,0.4552976649366816,-1.3680014430833163,0.8974073861345798,0.6217677674968723,1.1144971759047135,-1.3680014430833163,1.4203333672242722,70.0,2.3333333333333335,0.0,3.0704454196958473,2.0794415416798357,630.0,0.0,20.5515,23870.76,14.0
1001000057,Dr. Michelle Miller,Palliative Care,Los Angeles,CA,Subsys,REP-H276,Hayden Mercer,TERR-H08,2,5.0,8,5,4,-1.0721340807924524,-0.14971585865061318,-0.7300473329086247,8.4904,0.07638913927951796,15.5995,hybrid,-0.4260822730869703,-0.18304055158907967,0.41081884978127314,0.036349115912874666,0.05990714800519574,-0.3091829258454181,0.41081884978127314,0.9362574719442831,62.5,1.6666666666666667,0.8,2.732983435147421,1.791759469228055,312.5,0.8,14.3787,16099.47,13.0
1001000058,Dr. Carol King,Oncology,Atlanta,GA,Subsys,REP-H125,Henry Finch,TERR-H01,2,5.0,4,3,2,1.4655533376084025,-0.2818172555153117,0.3420249063595591,3.2592,0.029894036798685075,13.9771,hybrid,0.3600644616507129,-0.821378768114841,0.11434880097050806,-0.1074449427851695,-0.7319909180868357,-0.028930937311927647,0.11434880097050806,0.8744900100369951,75.0,1.0,0.6666666666666666,2.67662833109387,1.3862943611198906,375.0,0.6666666666666666,13.536,30413.72,28.0
1001000059,Dr. Susan Scott,Oncology,Denver,CO,Abstral,REP-H269,Harrison Mercer,TERR-H01,1,10.0,12,10,8,-0.05705911343211046,1.6943425158095342,0.11111024123759372,12.0321,0.10964829292636091,29.2877,hybrid,0.8841622848091689,1.4128049897253234,0.41081884978127314,1.4859221140102432,1.243727311658896,2.0262503119336697,0.41081884978127314,1.688916976166529,83.33333333333334,3.3333333333333335,0.8,3.3010933965787155,2.3978952727983707,833.3333333333335,0.8,26.1423,27330.56,19.0
1001000060,Dr. David Wilson,Neurology,Phoenix,AZ,Actiq,REP-H162,Harold Hayes,TERR-H02,2,4.0,5,2,0,-0.5645965971122814,-0.5350311944681387,-0.5843809193473225,1.9684,0.018001644266094186,12.1554,hybrid,-1.8411463956148,-1.1405478763777217,-1.3680014430833163,-0.40801404207693426,-1.2938515375785122,-0.9929977778671348,-1.3680014430833163,0.7390925765734307,40.0,0.6666666666666666,0.0,2.5588306764533595,1.0986122886681098,160.0,0.0,11.9207,18044.4,16.0
1001000061,Dr. Margaret Walker,Neurology,Detroit,MI,Subsys,REP-H186,Holly Monroe,TERR-H02,1,10.0,7,5,2,1.8039116600618497,2.264273747067377,2.719432022471989,6.3134,0.059292761670636907,31.6581,hybrid,0.13545110886851783,-0.18304055158907967,-0.4785912966510216,1.8066718392741814,0.05990714800519574,1.4924370004413066,-0.4785912966510216,1.8462589231507898,71.42857142857143,1.6666666666666667,0.4,3.42680014904166,1.791759469228055,714.2857142857143,0.4,29.778,62156.73,30.0
1001000062,Dr. Melissa Brown,Oncology,New York,NY,Subsys,REP-H359,Holden Blackwood,TERR-H07,2,8.0,13,12,0,-0.05705911343211046,0.4567560580340256,0.7225791888287865,4.6787,0.043398332605436796,19.1012,hybrid,1.4485753251336588,2.0511432062510844,-1.3680014430833163,0.6089159374810098,1.5699941196581808,1.6008421652366784,-1.3680014430833163,1.1788753293550582,92.3076923076923,4.0,0.0,2.9573811821700673,2.5649493574615367,738.4615384615385,0.0,18.2475,35494.86,19.0
1001000063,Dr. Sharon Harris,Orthopedics,New York,NY,Fentora,REP-H170,Hope Hayes,TERR-H10,2,5.0,4,2,1,0.1121200477946132,-0.2304157507901016,-0.08409801662788903,3.3321,0.030608753282513668,14.3259,hybrid,-1.2122290078246534,-1.1405478763777217,-0.256238760042948,-0.050526730145235656,-1.2938515375785122,-0.5894349143789086,-0.256238760042948,0.9311070955500764,50.0,0.6666666666666666,0.5,2.6989354543846966,1.0986122886681098,250.0,0.5,13.8639,24724.15,20.0
1001000064,Dr. Kimberly Walker,Internal Medicine,Charlotte,NC,Subsys,REP-H131,Hugh Finch,TERR-H07,3,1.0,2,1,0,1.2963741763816787,-1.5662121588868796,-1.5211605142604872,2.0215,0.016884370716565122,5.4506,hybrid,-1.2122290078246534,-1.4597169846406022,-1.3680014430833163,-2.223563832710781,-2.085749603670544,-1.486241277686078,-1.3680014430833163,0.3216706512201864,50.0,0.3333333333333333,0.0,1.8472887790205352,0.6931471805599453,50.0,0.0,5.3426,5536.57,27.0
1001000065,Dr. Joseph White,Emergency Medicine,Portland,OR,Abstral,REP-H250,Hope Conway,TERR-H06,1,10.0,4,0,1,1.2963741763816787,1.356744831832064,1.6971974645476569,4.0258,0.03792128229726721,24.9545,hybrid,-4.356815946775386,-1.7788860929034829,0.8555239229974204,1.274984557598912,-3.439508289254252,-1.7104428685128705,0.8555239229974204,1.3377525310134704,0.0,0.0,1.0,3.2184237226854084,0.0,0.0,1.0,23.9887,48507.91,27.0
1001000066,Dr. Nancy Allen,Neurology,Denver,CO,Abstral,REP-H147,Heather Sterling,TERR-H11,1,10.0,13,10,6,0.28129920902133687,3.3691474451589487,3.0367580655409685,7.3694,0.0692896234996061,39.5401,hybrid,0.4810101131488187,1.4128049897253234,-0.03388622343487435,2.332810496798669,1.243727311658896,1.7388123749762432,-0.03388622343487435,2.28325274886613,76.92307692307693,3.3333333333333335,0.6,3.6330019842207615,2.3978952727983707,769.2307692307693,0.6,36.8262,66393.65,21.0
1001000067,Dr. Charles Lewis,Oncology,Chicago,IL,Subsys,REP-H255,Homer Conway,TERR-H11,2,8.0,15,10,2,-0.7337757583390051,0.5738085239636214,-0.6560408888554561,7.4846,0.068686735866482,20.4158,hybrid,-0.16403336150774317,1.4128049897253234,-0.923296369867169,0.706031413581657,1.243727311658896,0.6810407669729145,-0.923296369867169,1.227115702470796,66.66666666666666,3.3333333333333335,0.2,2.9954422314958595,2.3978952727983707,533.3333333333333,0.2,18.9942,17087.6,15.0
1001000068,Dr. Emily Martin,Pain Management,Chicago,IL,Actiq,REP-H149,Harrison Sterling,TERR-H01,3,2.0,5,4,2,-0.05705911343211046,-1.0980022951684965,-0.816273719086529,7.9327,0.06842389851068376,8.9901,hybrid,0.6745231555457861,-0.5022096598519604,-0.256238760042948,-1.23895863822729,-0.29617796349965275,-0.9929977778671348,-0.256238760042948,0.5756526165466196,80.0,1.3333333333333333,0.5,2.2331707041096887,1.6094379124341003,160.0,0.5,8.3294,14948.18,19.0
1001000069,Dr. Amanda Adams,Pain Management,New York,NY,Abstral,REP-H293,Hector Gallagher,TERR-H01,2,4.0,7,4,1,0.1121200477946132,-0.5228039380833679,-0.0890014219411181,6.4701,0.05800600257777466,12.775,hybrid,-0.7630023022602633,-0.5022096598519604,-0.8121201015631322,-0.3926569619030774,-0.29617796349965275,-0.685521310447534,-0.8121201015631322,0.8292413679446208,57.14285714285714,1.3333333333333333,0.25,2.5648493524612035,1.6094379124341003,228.57142857142856,0.25,11.9987,24658.68,20.0
1001000070,Dr. Ashley Green,Palliative Care,Detroit,MI,Subsys,REP-H171,Hugh Hayes,TERR-H11,2,7.0,15,10,5,-0.22623827465883412,0.18186225295281638,0.058974767393209566,7.7798,0.07078579352511394,17.7771,hybrid,-0.16403336150774317,1.4128049897253234,-0.256238760042948,0.36516706517723413,1.243727311658896,0.38210531253719154,-0.256238760042948,1.073987016663663,66.66666666666666,3.3333333333333335,0.5,2.8618522487357554,2.3978952727983707,466.66666666666663,0.5,16.4939,26634.45,18.0
1001000071,Dr. Mary Campbell,Internal Medicine,New York,NY,Fentora,REP-H138,Hilda Finch,TERR-H02,2,4.0,4,3,0,1.9730908212885734,-0.4965623647652824,-1.1468570063054202,1.0487,0.00964489445525274,12.2937,hybrid,0.3600644616507129,-0.821378768114841,-1.3680014430833163,-0.3600070779582087,-0.7319909180868357,-0.3652333235521162,-1.3680014430833163,0.7325042694212387,75.0,1.0,0.0,2.577645344338123,1.3862943611198906,300.0,0.0,12.1661,10534.25,31.0
1001000072,Dr. Amanda King,Internal Medicine,Phoenix,AZ,Subsys,REP-H176,Hayden Hayes,TERR-H04,2,5.0,2,1,0,1.127195015154955,-0.23770507671179197,0.583909508494334,1.3697,0.012694602162717228,14.0067,hybrid,-1.2122290078246534,-1.4597169846406022,-1.3680014430833163,-0.058521538755493,-2.085749603670544,-0.5894349143789086,-1.3680014430833163,0.8319267877381431,50.0,0.3333333333333333,0.0,2.695802165880299,0.6931471805599453,250.0,0.0,13.8174,33643.35,26.0
1001000074,Dr. Thomas Carter,Neurology,Phoenix,AZ,Abstral,REP-H274,Hazel Mercer,TERR-H06,1,9.0,5,3,3,-0.5645965971122814,0.9607541606324496,0.6819334264415962,5.0362,0.046998069908517515,22.5435,hybrid,-0.5833116200345069,-0.821378768114841,0.8555239229974204,1.0030584672658098,-0.7319909180868357,0.7109343124164872,0.8555239229974204,1.3306977219429157,60.0,1.0,1.0,3.111851703963986,1.3862943611198906,540.0,1.0,21.4626,34952.16,16.0
1001000075,Dr. Lisa Campbell,Pain Management,Atlanta,GA,Subsys,REP-H118,Hilda Vance,TERR-H06,3,1.0,2,1,1,-0.05705911343211046,-1.6104027175390196,-1.1115348127232443,3.5947,0.029571457305120008,5.2426,hybrid,-1.2122290078246534,-1.4597169846406022,0.8555239229974204,-2.339567122337565,-2.085749603670544,-1.486241277686078,0.8555239229974204,0.3497497054478687,50.0,0.3333333333333333,1.0,1.8018253049614326,0.6931471805599453,50.0,1.0,5.0607,11005.87,19.0
1001000076,Dr. Margaret Adams,Pain Management,Portland,OR,Subsys,REP-H176,Hayden Hayes,TERR-H04,2,4.0,11,8,8,0.6196575314747842,-0.5127713174599661,-0.9668023454618654,7.379,0.06591936435971935,12.9528,hybrid,0.21712869169840726,0.7744667731995619,0.8555239229974204,-0.38012495034178423,0.8518052140972275,-0.4059972491569874,0.8555239229974204,0.8336644677428036,72.72727272727273,2.6666666666666665,1.0,2.5697608406126022,2.1972245773362196,290.90909090909093,1.0,12.0627,12938.33,23.0
1001000077,Dr. Rebecca Harris,Oncology,Phoenix,AZ,Abstral,REP-H301,Helen Kensington,TERR-H09,2,3.0,6,5,3,-1.0721340807924524,-0.774371900215168,-0.8200986298753881,5.3421,0.04758620605923891,10.9492,hybrid,0.8841622848091689,-0.18304055158907967,-0.03388622343487435,-0.7288806280750874,0.05990714800519574,-0.5894349143789085,-0.03388622343487435,0.671495398590686,83.33333333333334,1.6666666666666667,0.6,2.433078124470629,1.791759469228055,250.00000000000003,0.6,10.3939,14897.11,13.0
1001000079,Dr. Patricia Jones,Pain Management,New York,NY,Abstral,REP-H222,Harold Sinclair,TERR-H02,1,10.0,16,10,2,-0.22623827465883412,1.314874316699085,1.7514876805771882,6.9115,0.06421208324340055,25.3611,hybrid,-0.4260822730869703,1.4128049897253234,-0.923296369867169,1.2475644367036536,1.243727311658896,1.0920770168220342,-0.923296369867169,1.6394219401964476,62.5,3.3333333333333335,0.2,3.2076773554140168,2.3978952727983707,625.0,0.2,23.7216,49232.79,18.0
1001000080,Dr. John Miller,Palliative Care,Phoenix,AZ,Actiq,REP-H328,Harvey Thornton,TERR-H12,1,10.0,14,12,9,-1.241313242019176,2.3368378109200756,2.9476729199189537,9.8631,0.09118733079175545,33.2236,hybrid,1.033904519997298,2.0511432062510844,0.2996425814772362,1.8447616547240024,1.5699941196581808,2.1330129742321415,0.2996425814772362,1.9691118517890958,85.71428571428571,4.0,0.75,3.4417281337754577,2.5649493574615367,857.1428571428571,0.75,30.2409,65204.19,12.0
1001000081,Dr. Donna Martin,Pain Management,Austin,TX,Lazanda,REP-H227,Heather Sinclair,TERR-H07,1,9.0,14,13,7,-0.7337757583390051,0.9014989950754826,0.8387337980579556,11.8097,0.10683285615294347,23.5746,hybrid,1.483131225561689,2.370312314513965,-0.1707185536552274,0.9597553168511591,1.7147315055811116,2.036926578163517,-0.1707185536552274,1.4571764063244477,92.85714285714286,4.333333333333333,0.5384615384615384,3.0948805330438525,2.6390573296152584,835.7142857142858,0.5384615384615384,21.0846,37045.75,15.0
1001000082,Dr. Nancy King,Palliative Care,Philadelphia,PA,Actiq,REP-H171,Hugh Hayes,TERR-H11,2,6.0,15,12,0,-1.241313242019176,-0.048276658566186514,0.5174128315216218,6.6725,0.06068261485361637,16.0284,hybrid,0.6745231555457861,2.0511432062510844,-1.3680014430833163,0.14151591940492095,1.5699941196581808,0.44189240342433633,-1.3680014430833163,0.9783928673621682,80.0,4.0,0.0,2.774199923557552,2.5649493574615367,480.0,0.0,15.0258,32755.49,12.0
1001000083,Dr. Betty Nguyen,Orthopedics,Nashville,TN,Abstral,REP-H319,Holden Kensington,TERR-H03,2,6.0,7,5,4,-0.22623827465883412,-0.11695308192731672,0.6093095524523067,2.2444,0.020786202377028218,14.9151,hybrid,0.13545110886851783,-0.18304055158907967,0.41081884978127314,0.07079202640908376,0.05990714800519574,0.21128505285963553,0.41081884978127314,0.9797178988420178,71.42857142857143,1.6666666666666667,0.8,2.7464821417177463,1.791759469228055,428.57142857142856,0.8,14.5877,33982.49,18.0
1001000084,Dr. Barbara Allen,Emergency Medicine,Detroit,MI,Fentora,REP-H189,Harrison Monroe,TERR-H05,2,2.0,5,4,0,-0.7337757583390051,-0.9166470014307848,-0.5433816504215885,2.2351,0.020024554260683836,9.6984,hybrid,0.6745231555457861,-0.5022096598519604,-1.3680014430833163,-0.9406826753266664,-0.29617796349965275,-0.9929977778671348,-1.3680014430833163,0.5290124865021065,80.0,1.3333333333333333,0.0,2.350069643315766,1.6094379124341003,160.0,0.0,9.4863,18591.82,15.0
1001000085,Dr. Betty King,Anesthesiology,Houston,TX,Subsys,REP-H332,Hilary Thornton,TERR-H04,1,10.0,14,12,11,-0.22623827465883412,1.4907430210333739,0.18283911456256166,6.6315,0.06179955972141338,26.491,hybrid,1.033904519997298,2.0511432062510844,0.6702301424906922,1.3608076642030837,1.5699941196581808,2.1330129742321415,0.6702301424906922,1.585347884742557,85.71428571428571,4.0,0.9166666666666666,3.2520591186584333,2.5649493574615367,857.1428571428571,0.9166666666666666,24.8435,28288.28,18.0
1001000086,Dr. Michael Ramirez,Neurology,Miami,FL,Abstral,REP-H338,Hilda Thornton,TERR-H10,2,4.0,8,7,8,0.6196575314747842,-0.37947854689623856,-0.771732644184583,6.7834,0.06106000632489206,13.789,hybrid,1.146211196388396,0.4552976649366816,1.1731704038660968,-0.21921569170746585,0.6217677674968723,-0.14103173272532382,1.1731704038660968,0.8006159404475166,87.5,2.3333333333333335,1.1428571428571428,2.63282365485974,2.0794415416798357,350.0,1.1428571428571428,12.913,15542.89,23.0
1001000087,Dr. Kimberly Young,Oncology,Los Angeles,CA,Subsys,REP-H243,Howard Conway,TERR-H11,2,7.0,9,5,2,-0.5645965971122814,0.09269733716233293,0.34551054074595994,6.322,0.057783522454464276,16.9319,hybrid,-0.8628304590523498,-0.18304055158907967,-0.4785912966510216,0.28082610104066347,0.05990714800519574,0.03334728236218146,-0.4785912966510216,1.0288372383894913,55.55555555555556,1.6666666666666667,0.4,2.828797727200382,1.791759469228055,388.8888888888889,0.4,15.9251,30460.26,16.0
1001000088,Dr. Nancy Jackson,Family Practice,Miami,FL,Actiq,REP-H292,Hilary Gallagher,TERR-H12,2,2.0,2,1,1,-0.05705911343211046,-0.8808744385204679,-1.1403059010244039,2.0134,0.018091001424814568,9.9101,hybrid,-1.2122290078246534,-1.4597169846406022,0.8555239229974204,-0.8857516322466363,-2.085749603670544,-1.2620396868592858,0.8555239229974204,0.6654211001567704,50.0,0.3333333333333333,1.0,2.371597964281,0.6931471805599453,100.0,1.0,9.7145,10621.72,19.0
1001000089,Dr. Sarah Miller,Oncology,Miami,FL,Fentora,REP-H202,Harold Bishop,TERR-H06,2,8.0,10,8,0,-0.5645965971122814,0.6797467273588552,0.7938219906632571,6.1352,0.056743340879003235,20.8768,hybrid,0.6745231555457861,0.7744667731995619,-1.3680014430833163,0.7908485536199565,0.8518052140972275,1.159337494070072,-1.3680014430833163,1.270775598214221,80.0,2.6666666666666665,0.0,3.028683373693677,2.1972245773362196,640.0,0.0,19.67,36446.09,16.0
1001000090,Dr. Deborah Wilson,Pain Management,Charlotte,NC,Abstral,REP-H343,Howard Blackwood,TERR-H03,1,10.0,16,11,4,-1.4104924032458996,1.6808611818468384,2.350195940872399,7.3784,0.06864464795941805,27.9788,hybrid,-0.03300890571812871,1.731974097988204,-0.559446764508503,1.4778246611368715,1.413665833588904,1.3723290053555246,-0.559446764508503,1.8007752386154687,68.75,3.6666666666666665,0.36363636363636365,3.297919880208294,2.4849066497880004,687.5,0.36363636363636365,26.0563,57226.71,11.0
1001000091,Dr. Michelle Perez,Oncology,Charlotte,NC,Subsys,REP-H364,Hannah Whitman,TERR-H12,2,3.0,7,7,4,2.3114491437420206,-0.7203995364552109,-0.7442018245864488,7.7833,0.0687827092920843,11.574,hybrid,1.9323579311260792,0.4552976649366816,-0.09741551960860971,-0.6529194455253841,0.6217677674968723,-0.3652333235521162,-0.09741551960860971,0.6937388169163167,100.0,2.3333333333333335,0.5714285714285714,2.462848480668785,2.0794415416798357,300.0,0.5714285714285714,10.7382,15910.48,33.0
1001000092,Dr. Laura Baker,Oncology,Philadelphia,PA,Abstral,REP-H109,Harrison Vance,TERR-H09,2,3.0,7,4,5,-0.7337757583390051,-0.6395272086487582,-1.037630975440797,6.2548,0.055852783156979946,11.958,hybrid,-0.7630023022602633,-0.5022096598519604,1.4114052645176045,-0.5431710260649014,-0.29617796349965275,-0.9417516999638681,1.4114052645176045,0.727068411787629,57.14285714285714,1.3333333333333333,1.25,2.5058605748707854,1.6094379124341003,171.42857142857142,1.25,11.2541,11992.63,15.0
1001000093,Dr. Donna Carter,Palliative Care,Charlotte,NC,Fentora,REP-H317,Hunter Kensington,TERR-H01,2,5.0,14,12,4,1.9730908212885734,-0.14283410794174867,0.6791413239507269,8.934,0.08023920317197808,15.7111,hybrid,1.033904519997298,2.0511432062510844,-0.6268263210564041,0.04362244854121637,1.5699941196581808,0.21128505285963553,-0.6268263210564041,0.9391159850934797,85.71428571428571,4.0,0.3333333333333333,2.735833966113704,2.5649493574615367,428.57142857142856,0.3333333333333333,14.4226,34914.88,31.0
1001000094,Dr. Lisa Anderson,Family Practice,New York,NY,Subsys,REP-H277,Hunter Mercer,TERR-H09,2,5.0,5,4,0,-0.5645965971122814,-0.2302746670625848,0.6598452594188755,1.9039,0.01760421009451818,14.1288,hybrid,0.6745231555457861,-0.5022096598519604,-1.3680014430833163,-0.05037223875796842,-0.29617796349965275,0.08316985810146854,-1.3680014430833163,0.9497071871381534,80.0,1.3333333333333333,0.0,2.698996001936408,1.6094379124341003,400.0,0.0,13.8648,34657.24,16.0
1001000095,Dr. Linda Sanchez,Pain Management,Seattle,WA,Abstral,REP-H302,Harold Kensington,TERR-H10,3,1.0,6,4,0,-0.05705911343211046,-1.4460715269216429,-1.047234070434874,0.6023,0.005163184576791213,6.1458,hybrid,-0.16403336150774317,-0.5022096598519604,-1.3680014430833163,-1.9324989449005892,-0.29617796349965275,-1.4115074140771473,-1.3680014430833163,0.42219869792341574,66.66666666666666,1.3333333333333333,0.0,1.961361586947346,1.6094379124341003,66.66666666666666,0.0,6.109,11864.41,19.0
1001000096,Dr. Betty Perez,Pain Management,Charlotte,NC,Fentora,REP-H309,Harrison Kensington,TERR-H05,2,6.0,11,10,3,0.4504783702480605,-0.025907049769945366,-0.8050701082601058,9.4513,0.08495330820042035,16.6021,hybrid,1.360614851316855,1.4128049897253234,-0.7009438332590954,0.1641355502266934,1.243727311658896,0.7353926677794101,-0.7009438332590954,1.0483092076364924,90.9090909090909,3.3333333333333335,0.3,2.783064904907656,2.3978952727983707,545.4545454545455,0.3,15.1685,15097.77,22.0
1001000097,Dr. Linda Jackson,Pain Management,Los Angeles,CA,Actiq,REP-H319,Holden Kensington,TERR-H03,3,1.0,5,3,2,0.1121200477946132,-1.381768699113527,-1.2069216617675156,5.2669,0.04464487270260431,6.8625,hybrid,-0.5833116200345069,-0.821378768114841,0.11434880097050806,-1.7893604911774046,-0.7319909180868357,-1.4414009595207196,0.11434880097050806,0.4505480031923935,60.0,1.0,0.6666666666666666,2.0174597493239546,1.3862943611198906,60.0,0.6666666666666666,6.5192,9732.27,20.0
1001000098,Dr. Lisa Taylor,Palliative Care,Columbus,OH,Subsys,REP-H122,Harold Finch,TERR-H10,2,5.0,6,4,3,1.9730908212885734,-0.24507278248210249,-1.0301848694954598,3.6022,0.033029156951171146,14.2664,hybrid,-0.16403336150774317,-0.5022096598519604,0.2996425814772362,-0.06662784917976247,-0.29617796349965275,-0.21576559633425496,0.2996425814772362,0.8966485072824077,66.66666666666666,1.3333333333333333,0.75,2.692625178099396,1.6094379124341003,333.33333333333326,0.75,13.7704,12092.05,31.0
1001000099,Dr. Michelle Clark,Palliative Care,Houston,TX,Abstral,REP-H250,Hope Conway,TERR-H06,1,10.0,16,14,4,-1.4104924032458996,1.645025915057625,-0.15032132519685518,8.573,0.0793046789854217,28.0419,hybrid,1.146211196388396,2.689481422776846,-0.732708481345963,1.4561747216906344,1.849478788176087,2.2130849709559963,-0.732708481345963,1.6817498875514032,87.5,4.666666666666667,0.2857142857142857,3.289434935828166,2.70805020110221,875.0,0.2857142857142857,25.8277,23839.94,11.0
1001000100,Dr. Melissa Wright,Family Practice,Denver,CO,Actiq,REP-H352,Hilary Blackwood,TERR-H12,2,5.0,5,4,1,-0.9029549195657287,-0.1871657503214054,0.11252202052817505,0.6255,0.00582193425266242,14.2282,hybrid,0.6745231555457861,-0.5022096598519604,-0.8121201015631322,-0.0035992959503051785,-0.29617796349965275,0.08316985810146854,-0.8121201015631322,0.9685440601159815,80.0,1.3333333333333333,0.25,2.717327037882419,1.6094379124341003,400.0,0.25,14.1398,27349.41,14.0
1001000101,Dr. Susan Scott,Internal Medicine,Phoenix,AZ,Fentora,REP-H109,Harrison Vance,TERR-H09,2,7.0,8,6,4,-1.0721340807924524,0.37738862332108297,-0.7435599705535426,5.4274,0.05010242700528611,18.7041,hybrid,0.3600644616507129,0.1361285566738009,0.11434880097050806,0.5408990282339954,0.36097281999740366,0.6436738351684494,0.11434880097050806,1.068173428186196,75.0,2.0,0.6666666666666666,2.9307243089117248,1.9459101490553132,525.0,0.6666666666666666,17.7412,15919.05,13.0
1001000102,Dr. Richard Nguyen,Pain Management,Boston,MA,Subsys,REP-H146,Holly Sterling,TERR-H10,2,6.0,7,4,2,-0.22623827465883412,0.023832802164513806,0.7803767589261126,4.0002,0.03688895269520298,16.1053,hybrid,-0.7630023022602633,-0.5022096598519604,-0.256238760042948,0.2137240585798952,-0.29617796349965275,-0.17306053141486571,-0.256238760042948,1.0702381071046705,57.14285714285714,1.3333333333333333,0.5,2.8024994043119285,1.6094379124341003,342.85714285714283,0.5,15.4858,36266.57,18.0
1001000103,Dr. Elizabeth Wilson,Orthopedics,New York,NY,Subsys,REP-H111,Hugh Vance,TERR-H11,2,8.0,4,2,3,-0.5645965971122814,0.744504158288969,0.4762285708267768,5.8161,0.05392416805760725,21.2512,hybrid,-1.2122290078246534,-1.1405478763777217,1.9672866060377887,0.8413400594034166,-1.2938515375785122,0.08316985810146854,1.9672866060377887,1.3487919640679567,50.0,0.6666666666666666,1.5,3.048471771684602,1.0986122886681098,400.0,1.5,20.0831,32205.6,16.0
1001000105,Dr. Laura Torres,Pain Management,Seattle,WA,Lazanda,REP-H368,Harvey Whitman,TERR-H04,2,5.0,8,6,1,1.6347324988351262,-0.24209434823453005,0.4333629072102581,7.7482,0.06975078489130082,14.8578,hybrid,0.3600644616507129,0.1361285566738009,-0.9974138820698603,-0.06334772828063644,0.36097281999740366,-0.028930937311927647,-0.9974138820698603,0.9529983180790882,75.0,2.0,0.16666666666666666,2.6939107079484885,1.9459101490553132,375.0,0.16666666666666666,13.7894,31633.26,29.0
1001000106,Dr. Thomas Wilson,Pain Management,Las Vegas,NV,Subsys,REP-H213,Hector Bishop,TERR-H05,2,3.0,6,5,6,0.28129920902133687,-0.794060918188594,-0.4815502112213067,9.0412,0.07917194961855678,11.1967,hybrid,0.8841622848091689,-0.18304055158907967,1.3002289962135676,-0.7571639033226512,0.05990714800519574,-0.5894349143789085,1.3002289962135676,0.7096518071512539,83.33333333333334,1.6666666666666667,1.2,2.4219934737278694,1.791759469228055,250.00000000000003,1.2,10.2683,19417.39,21.0
1001000107,Dr. Sharon Sanchez,Pain Management,Las Vegas,NV,Abstral,REP-H132,Hilary Finch,TERR-H08,1,10.0,16,11,12,-0.22623827465883412,1.4491546733554288,-0.14973564275375986,8.1477,0.07537945227074294,26.5808,hybrid,-0.03300890571812871,1.731974097988204,1.0576625926411236,1.3344787860305525,1.413665833588904,1.3723290053555246,1.0576625926411236,1.6986223665577505,68.75,3.6666666666666665,1.0909090909090908,3.2417404262002,2.4849066497880004,687.5,1.0909090909090908,24.5782,23847.76,18.0
1001000108,Dr. Carol Hernandez,Family Practice,Nashville,TN,Lazanda,REP-H375,Homer Whitman,TERR-H11,2,5.0,8,7,2,-0.5645965971122814,-0.2569394915632201,0.6922240616949584,6.9507,0.06276675643196539,14.6466,hybrid,1.146211196388396,0.4552976649366816,-0.732708481345963,-0.07973857084188543,0.6217677674968723,0.25132105122156284,-0.732708481345963,0.9380557249798676,87.5,2.3333333333333335,0.2857142857142857,2.68748688455531,2.0794415416798357,437.5,0.2857142857142857,13.6947,35089.56,16.0
1001000109,Dr. Kimberly Lopez,Oncology,Seattle,WA,Abstral,REP-H257,Hunter Conway,TERR-H01,3,1.0,5,4,2,-0.9029549195657287,-1.6955075571709703,-1.0659586826597156,6.8434,0.05452305803901947,4.827,hybrid,0.6745231555457861,-0.5022096598519604,-0.256238760042948,-2.5790220611702783,-0.29617796349965275,-1.3517203231900026,-0.256238760042948,0.29187137761119514,80.0,1.3333333333333333,0.5,1.7079792301219177,1.6094379124341003,80.0,0.5,4.5178,11614.4,14.0
1001000110,Dr. Elizabeth Miller,Anesthesiology,Detroit,MI,Lazanda,REP-H151,Hugh Sterling,TERR-H03,2,5.0,6,5,0,0.9580158539282314,-0.1862722200471335,0.34695377612683553,2.5165,0.023226884296658756,14.5014,hybrid,0.8841622848091689,-0.18304055158907967,-1.3680014430833163,-0.002638832898467445,0.05990714800519574,0.15790372171039968,-1.3680014430833163,0.9026722685461325,83.33333333333334,1.6666666666666667,0.0,2.7177034581303485,1.791759469228055,416.66666666666674,0.0,14.1455,30479.53,25.0
1001000111,Dr. William Ramirez,Pain Management,Portland,OR,Fentora,REP-H178,Hilda Hayes,TERR-H06,2,8.0,11,10,5,-0.22623827465883412,0.44056278130906656,-0.104578178272955,9.3899,0.08525342605882225,19.8479,hybrid,1.360614851316855,1.4128049897253234,-0.256238760042948,0.5951849519927376,1.243727311658896,1.5506711798768367,-0.256238760042948,1.2539626149716878,90.9090909090909,3.3333333333333335,0.5,2.951999797688986,2.3978952727983707,727.2727272727273,0.5,18.1442,24450.7,18.0
1001000112,Dr. Charles Wilson,Orthopedics,Jacksonville,FL,Abstral,REP-H127,Heather Finch,TERR-H03,2,8.0,12,10,4,-1.0721340807924524,0.5199458919917332,-0.10795221843426495,7.2425,0.06648122996771466,20.0014,hybrid,0.8841622848091689,1.4128049897253234,-0.4785912966510216,0.6618015621794295,1.243727311658896,1.2789116758443615,-0.4785912966510216,1.2525844817307004,83.33333333333334,3.3333333333333335,0.4,2.9781078722002516,2.3978952727983707,666.6666666666667,0.4,18.6506,24405.65,13.0
1001000113,Dr. Patricia Brown,Pain Management,Charlotte,NC,Abstral,REP-H177,Hunter Hayes,TERR-H05,2,7.0,10,6,7,0.6196575314747842,0.3802102978714148,-0.6485618289107631,6.4531,0.05929670538294474,18.9052,hybrid,-0.5833116200345069,0.1361285566738009,1.2261114840108767,0.5433485106160135,0.36097281999740366,0.1728504944321855,1.2261114840108767,1.2273549052482444,60.0,2.0,1.1666666666666667,2.9316842987455596,1.9459101490553132,420.0,1.1666666666666667,17.7592,17187.46,23.0
1001000114,Dr. Susan Lewis,Anesthesiology,Las Vegas,NV,Abstral,REP-H139,Holden Finch,TERR-H03,1,10.0,15,13,11,-1.4104924032458996,1.470035065027884,1.5974389679070335,8.7354,0.080619956259679,26.8701,hybrid,1.0938014140725507,2.370312314513965,0.5134430974465378,1.3477317668969875,1.7147315055811116,2.175718039151531,0.5134430974465378,1.5769181362942915,86.66666666666667,4.333333333333333,0.8461538461538461,3.24693447331529,2.6390573296152584,866.6666666666667,0.8461538461538461,24.7114,47175.94,11.0
1001000115,Dr. Laura Wright,Internal Medicine,Seattle,WA,Subsys,REP-H133,Hector Finch,TERR-H09,2,4.0,4,3,0,-0.22623827465883412,-0.48836383259959615,-0.9811942557259571,3.9269,0.03565463898611165,12.6982,hybrid,0.3600644616507129,-0.821378768114841,-1.3680014430833163,-0.34989149139100734,-0.7319909180868357,-0.3652333235521162,-1.3680014430833163,0.7356531810108797,75.0,1.0,0.0,2.581609798354644,1.3862943611198906,300.0,0.0,12.2184,12746.17,18.0
1001000116,Dr. Michelle Nelson,Oncology,Jacksonville,FL,Actiq,REP-H202,Harold Bishop,TERR-H06,2,8.0,11,8,0,1.4655533376084025,0.7117727335051206,1.7469707358018587,6.2775,0.058049330842353974,21.1219,hybrid,0.21712869169840726,0.7744667731995619,-1.3680014430833163,0.8159441836773731,0.8518052140972275,0.8984483701988956,-1.3680014430833163,1.283974350360391,72.72727272727273,2.6666666666666665,0.0,3.038518737240546,2.1972245773362196,581.8181818181819,0.0,19.8743,49172.48,28.0
1001000118,Dr. Joseph Torres,Anesthesiology,New York,NY,Subsys,REP-H237,Hunter Sinclair,TERR-H05,2,7.0,11,6,7,-0.7337757583390051,0.136354912843855,0.04397171023197497,3.5927,0.03327609939196163,16.7857,hybrid,-0.9263574679200418,0.1361285566738009,1.2261114840108767,0.322470133444047,0.36097281999740366,0.0016420068917255804,1.2261114840108767,1.0340066007291444,54.54545454545454,2.0,1.1666666666666667,2.845118664244313,1.9459101490553132,381.81818181818176,1.1666666666666667,16.2036,26434.13,15.0
1001000119,Dr. James Lopez,Anesthesiology,Detroit,MI,Abstral,REP-H329,Harrison Thornton,TERR-H01,1,9.0,15,13,9,0.4504783702480605,0.9191031090756082,1.289300350067529,9.297,0.08506025364834313,23.1676,hybrid,1.0938014140725507,2.370312314513965,0.1713622718956552,0.9726971574175391,1.7147315055811116,1.7871019483850905,0.1713622718956552,1.3526459870026166,86.66666666666667,4.333333333333333,0.6923076923076923,3.099952639488072,2.6390573296152584,780.0,0.6923076923076923,21.1969,43061.69,22.0
1001000120,Dr. Karen Allen,Pain Management,Los Angeles,CA,Actiq,REP-H271,Hugh Mercer,TERR-H03,2,4.0,4,3,1,-0.9029549195657287,-0.5680918146161925,0.10213851491299156,5.349,0.048108792900309894,12.3362,hybrid,0.3600644616507129,-0.821378768114841,-0.6268263210564041,-0.4500060832033442,-0.7319909180868357,-0.3652333235521162,-0.6268263210564041,0.8092752190118864,75.0,1.0,0.3333333333333333,2.5423733494363288,1.3862943611198906,300.0,0.3333333333333333,11.7098,27210.77,14.0
1001000121,Dr. Stephanie Torres,Family Practice,Philadelphia,PA,Actiq,REP-H342,Harold Blackwood,TERR-H02,2,7.0,8,6,5,-0.7337757583390051,0.3568217510431093,-0.19555892781245668,5.876,0.05410851117832083,18.6447,hybrid,0.3600644616507129,0.1361285566738009,0.48493636198396434,0.5229736328444995,0.36097281999740366,0.6436738351684494,0.48493636198396434,1.2062448477801972,75.0,2.0,0.8333333333333334,2.9236990706541595,1.9459101490553132,525.0,0.8333333333333334,17.61,23235.93,15.0
1001000122,Dr. Richard Carter,Internal Medicine,Chicago,IL,Subsys,REP-H280,Hattie Mercer,TERR-H12,2,8.0,6,5,4,2.142269982515297,0.5997052259477776,0.8206180858666646,3.8164,0.03562861617699342,19.8906,hybrid,0.8841622848091689,-0.18304055158907967,0.41081884978127314,0.7270268877287965,0.05990714800519574,1.2789116758443615,0.41081884978127314,1.1535613137775689,83.33333333333334,1.6666666666666667,0.8,3.0036706808555116,1.791759469228055,666.6666666666667,0.8,19.1594,36803.87,32.0
1001000123,Dr. Laura Clark,Pain Management,Phoenix,AZ,Abstral,REP-H296,Hayden Gallagher,TERR-H04,3,1.0,2,1,0,-0.7337757583390051,-1.3247865491665494,-1.4920583880567087,3.3373,0.028723270521683997,7.1124,hybrid,-1.2122290078246534,-1.4597169846406022,-1.3680014430833163,-1.6688989397562437,-2.085749603670544,-1.486241277686078,-1.3680014430833163,0.47566982782738476,50.0,0.3333333333333333,0.0,2.064670484776156,0.6931471805599453,50.0,0.0,6.8827,5925.14,15.0
1001000124,Dr. Stephanie Hill,Oncology,Portland,OR,Subsys,REP-H264,Hannah Mercer,TERR-H08,1,10.0,14,11,8,-0.3954174358855578,5.422840562739022,2.3487909021725946,7.876,0.07437835014323468,53.8594,hybrid,0.5846778144329079,1.731974097988204,0.24910791406631042,3.0916304477299863,1.413665833588904,1.8127249873367237,0.24910791406631042,3.225528234346784,78.57142857142857,3.6666666666666665,0.7272727272727273,3.9303951983760452,2.4849066497880004,785.7142857142857,0.7272727272727273,49.9271,57207.95,17.0
1001000125,Dr. Emily Harris,Palliative Care,Miami,FL,Subsys,REP-H113,Hector Vance,TERR-H01,1,10.0,11,6,6,-0.7337757583390051,1.3819361151786367,2.372634618615539,10.042,0.09205376666098886,26.5744,hybrid,-0.9263574679200418,0.1361285566738009,0.8555239229974204,1.2913409369144215,0.36097281999740366,0.7353926677794097,0.8555239229974204,1.5724687345150306,54.54545454545454,2.0,1.0,3.224834039402322,1.9459101490553132,545.4545454545454,1.0,24.1494,57526.31,15.0
1001000126,Dr. Laura Gonzalez,Pain Management,Boston,MA,Fentora,REP-H197,Hunter Monroe,TERR-H01,2,2.0,3,3,0,-0.22623827465883412,-0.8402266490259663,-0.9129734854233145,2.6815,0.02407498675726938,10.2412,hybrid,1.9323579311260792,-0.821378768114841,-1.3680014430833163,-0.8247368057455288,-0.7319909180868357,-0.813636505205701,-1.3680014430833163,0.6892986369861784,100.0,1.0,0.0,2.3955106135755013,1.3862943611198906,200.0,0.0,9.9738,13657.05,18.0
1001000127,Dr. Mary Rodriguez,Palliative Care,Denver,CO,Subsys,REP-H269,Harrison Mercer,TERR-H01,3,2.0,5,4,5,1.8039116600618497,-1.0076460056789842,-0.8672355811811301,3.5608,0.031509857684350884,9.2229,hybrid,0.6745231555457861,-0.5022096598519604,1.4114052645176045,-1.0859926099122479,-0.29617796349965275,-0.9929977778671348,1.4114052645176045,0.5798939955379412,80.0,1.3333333333333333,1.25,2.29312044417826,1.6094379124341003,160.0,1.25,8.9058,14267.74,30.0
1001000128,Dr. Karen Baker,Pain Management,Philadelphia,PA,Actiq,REP-H261,Helen Mercer,TERR-H05,1,10.0,16,13,12,4.003240756009257,1.5029232495089728,-0.02178874443694907,12.2585,0.11141363667244963,27.9762,hybrid,0.7531378290195545,2.370312314513965,0.6844835102219792,1.3684676034545222,1.7147315055811116,1.9328329824225057,0.6844835102219792,1.7223274170386362,81.25,4.333333333333333,0.9230769230769231,3.25506116670873,2.6390573296152584,812.5,0.9230769230769231,24.9212,25556.1,43.0
1001000129,Dr. Margaret Jones,Pain Management,Philadelphia,PA,Abstral,REP-H370,Hope Whitman,TERR-H06,2,3.0,8,5,3,-0.22623827465883412,-0.7561564233958041,-0.49987637963575593,5.4776,0.048806298936939996,11.0858,hybrid,-0.4260822730869703,-0.18304055158907967,-0.03388622343487435,-0.7029903806415922,0.05990714800519574,-0.869686902912399,-0.03388622343487435,0.7263628310762632,62.5,1.6666666666666667,0.6,2.4432249107933566,1.791759469228055,187.5,0.6,10.5101,19172.7,18.0
1001000130,Dr. Nancy Wright,Internal Medicine,Austin,TX,Subsys,REP-H104,Hannah Vance,TERR-H04,2,2.0,7,6,0,-0.22623827465883412,-0.966136037849659,-0.6045794740888031,2.5484,0.022727588228238726,9.4044,hybrid,1.033904519997298,0.1361285566738009,-1.3680014430833163,-1.0186802202527223,0.36097281999740366,-0.9417516999638681,-1.3680014430833163,0.5521493044734477,85.71428571428571,2.0,0.0,2.3195012053703588,1.9459101490553132,171.42857142857142,0.0,9.1706,17774.71,18.0
1001000131,Dr. Sarah Walker,Pain Management,Detroit,MI,Abstral,REP-H216,Hayden Bishop,TERR-H08,3,1.0,4,4,3,1.2963741763816787,-1.6727146971921791,-1.309697696212782,5.7237,0.04605197279601425,4.9301,hybrid,1.9323579311260792,-0.5022096598519604,0.2996425814772362,-2.5126560182202633,-0.29617796349965275,-1.2620396868592858,0.2996425814772362,0.32227810904509285,100.0,1.3333333333333333,0.75,1.7339891034778423,1.6094379124341003,100.0,0.75,4.6632,8360.01,27.0
1001000132,Dr. Stephanie Taylor,Anesthesiology,Las Vegas,NV,Fentora,REP-H371,Hugh Whitman,TERR-H07,3,1.0,3,2,1,0.6196575314747842,-1.3190491442475416,-1.2881869731333182,5.497,0.0469165514891392,7.2997,hybrid,-0.16403336150774317,-1.1405478763777217,-0.256238760042948,-1.657079211650736,-1.2938515375785122,-1.4115074140771473,-0.256238760042948,0.4415439700082185,66.66666666666666,0.6666666666666666,0.5,2.069302818081869,1.0986122886681098,66.66666666666666,0.5,6.9193,8647.22,23.0
1001000133,Dr. Sharon Torres,Palliative Care,Los Angeles,CA,Subsys,REP-H130,Hope Finch,TERR-H06,3,1.0,3,2,1,-1.0721340807924524,-1.3131079517221207,-1.1494678617998324,3.9236,0.03373313654959409,7.2302,hybrid,-0.16403336150774317,-1.1405478763777217,-0.256238760042948,-1.6448970895232264,-1.2938515375785122,-1.4115074140771473,-0.256238760042948,0.45301247566266534,66.66666666666666,0.6666666666666666,0.5,2.0740771791806853,1.0986122886681098,66.66666666666666,0.5,6.9572,10499.39,13.0
1001000134,Dr. Sandra Rodriguez,Emergency Medicine,Atlanta,GA,Fentora,REP-H181,Helen Monroe,TERR-H09,2,7.0,2,1,2,-0.3954174358855578,0.27466399371928285,-0.5080190132947487,1.0514,0.009881405468592064,17.2655,hybrid,-1.2122290078246534,-1.4597169846406022,3.079049289078157,0.45008432435412216,-2.085749603670544,-0.14103173272532382,3.079049289078157,0.9528113640857174,50.0,0.3333333333333333,2.0,2.8951326291644426,0.6931471805599453,350.0,2.0,17.0859,19063.98,17.0
1001000135,Dr. Thomas Young,Internal Medicine,Austin,TX,Abstral,REP-H215,Homer Bishop,TERR-H07,3,1.0,2,1,0,-1.4104924032458996,-1.3164155813338987,-1.4692632079569015,-1.7036,-0.015005994415815849,6.8179,hybrid,-1.2122290078246534,-1.4597169846406022,-1.3680014430833163,-1.6516720429041853,-2.085749603670544,-1.486241277686078,-1.3680014430833163,0.4176131104571435,50.0,0.3333333333333333,0.0,2.071421970709634,0.6931471805599453,50.0,0.0,6.9361,6229.5,11.0
1001000136,Dr. Karen Scott,Pain Management,Columbus,OH,Lazanda,REP-H354,Hazel Blackwood,TERR-H02,2,4.0,7,6,0,-1.4104924032458996,-0.5610219522706391,-0.11280993752111441,5.9371,0.0532717513200649,12.4528,hybrid,1.033904519997298,0.1361285566738009,-1.3680014430833163,-0.4409680046068848,0.36097281999740366,-0.17306053141486571,-1.3680014430833163,0.8123921221509183,85.71428571428571,2.0,0.0,2.5459155115003207,1.9459101490553132,342.85714285714283,0.0,11.7549,24340.79,11.0
1001000137,Dr. Joseph Rivera,Pain Management,Las Vegas,NV,Subsys,REP-H351,Hugh Blackwood,TERR-H11,2,6.0,3,2,3,-0.3954174358855578,-0.09237316139998224,0.12759023673359024,4.0941,0.03762670160390247,15.3482,hybrid,-0.16403336150774317,-1.1405478763777217,1.9672866060377887,0.09633059052109348,-1.2938515375785122,0.08316985810146829,1.9672866060377887,1.0190061714735315,66.66666666666666,0.6666666666666666,1.5,2.7564910979357,1.0986122886681098,399.99999999999994,1.5,14.7445,27550.6,17.0
1001000138,Dr. Nancy King,Oncology,Charlotte,NC,Abstral,REP-H224,Hannah Sinclair,TERR-H04,2,6.0,6,4,0,1.127195015154955,0.06032645968213802,-0.202753385035441,4.2213,0.0389190689832013,16.3821,hybrid,-0.16403336150774317,-0.5022096598519604,-1.3680014430833163,0.24950338308165643,-0.29617796349965275,0.08316985810146829,-1.3680014430833163,1.0154963557747867,66.66666666666666,1.3333333333333333,0.0,2.816521872093415,1.6094379124341003,399.99999999999994,0.0,15.7186,23139.87,26.0
1001000139,Dr. Patricia Gonzalez,Anesthesiology,Miami,FL,Lazanda,REP-H101,Helen Vance,TERR-H01,2,6.0,9,6,0,-0.3954174358855578,-0.1362031727484689,-0.5818943903050254,3.139,0.028934142649552186,14.9189,hybrid,-0.16403336150774317,0.1361285566738009,-1.3680014430833163,0.05061113509081571,0.36097281999740366,0.08316985810146829,-1.3680014430833163,0.9230542644157472,66.66666666666666,2.0,0.0,2.7385729399020953,1.9459101490553132,399.99999999999994,0.0,14.4649,18077.6,17.0
1001000140,Dr. Michelle Davis,Family Practice,Philadelphia,PA,Actiq,REP-H358,Hilda Blackwood,TERR-H06,3,1.0,2,2,2,2.142269982515297,-1.1649230099205314,-0.4368855588217765,3.0735,0.026918884464974813,8.1454,hybrid,1.9323579311260792,-1.1405478763777217,0.8555239229974204,-1.3584705777542105,-1.2938515375785122,-1.2620396868592858,0.8555239229974204,0.5413032316628625,100.0,0.6666666666666666,1.0,2.1863321361697956,1.0986122886681098,100.0,1.0,7.9025,20013.75,32.0
1001000142,Dr. John Campbell,Pain Management,Charlotte,NC,Subsys,REP-H185,Henry Monroe,TERR-H01,2,6.0,11,6,3,0.4504783702480605,0.05933887358952198,-0.11952805966250198,8.21,0.07435455224510346,17.0023,hybrid,-0.9263574679200418,0.1361285566738009,-0.256238760042948,0.24854170400322692,0.36097281999740366,-0.2429415467375023,-0.256238760042948,1.0858917337341767,54.54545454545454,2.0,0.5,2.816144975265954,1.9459101490553132,327.27272727272725,0.5,15.7123,24251.09,22.0
1001000144,Dr. Melissa King,Internal Medicine,Boston,MA,Lazanda,REP-H388,Harvey Carrington,TERR-H12,2,6.0,11,7,8,-1.4104924032458996,-0.11109026925051632,-0.7270005858772797,7.0995,0.06433610194754058,15.6634,hybrid,-0.35461438811081747,0.4552976649366816,1.1731704038660968,0.07690674904662853,0.6217677674968723,0.0016420068917258354,1.1731704038660968,0.8805573019055045,63.63636363636363,2.3333333333333335,1.1428571428571428,2.7488785956019854,2.0794415416798357,381.8181818181818,1.1428571428571428,14.6251,16140.15,11.0
1001000145,Dr. Sandra Smith,Palliative Care,Seattle,WA,Fentora,REP-H315,Homer Kensington,TERR-H11,3,2.0,4,3,0,-1.0721340807924524,-1.020594356671062,-0.3546780626562116,2.5038,0.022238462574362128,9.0441,hybrid,0.3600644616507129,-0.821378768114841,-1.3680014430833163,-1.1073582148568386,-0.7319909180868357,-1.0378380960324933,-1.3680014430833163,0.5745155630522091,75.0,1.0,0.0,2.284746934864166,1.3862943611198906,150.0,0.0,8.8232,21111.38,13.0
1001000146,Dr. Kathleen Allen,Anesthesiology,Miami,FL,Actiq,REP-H116,Hayden Vance,TERR-H04,3,2.0,7,5,1,0.9580158539282314,-1.1264855321571232,-1.3030312519340208,5.1035,0.044461743647188356,8.5636,hybrid,0.13545110886851783,-0.18304055158907967,-0.923296369867169,-1.2891435077956155,0.05990714800519574,-1.0698668947220351,-0.923296369867169,0.5199323348367554,71.42857142857143,1.6666666666666667,0.2,2.213502481569453,1.791759469228055,142.85714285714286,0.2,8.1477,8449.02,25.0
1001000147,Dr. Jennifer Garcia,Palliative Care,Atlanta,GA,Actiq,REP-H253,Hector Conway,TERR-H09,1,9.0,13,8,8,-0.3954174358855578,0.9772296048124423,1.050207101469092,9.0835,0.08324671680070983,23.5268,hybrid,-0.4865550988360227,0.7744667731995619,0.8555239229974204,1.0149691414898896,0.8518052140972275,0.773020906799291,0.8555239229974204,1.4043634179482647,61.53846153846154,2.6666666666666665,1.0,3.116519680452886,2.1972245773362196,553.8461538461538,1.0,21.5677,39869.33,17.0
1001000148,Dr. Susan Anderson,Oncology,Denver,CO,Subsys,REP-H186,Holly Monroe,TERR-H02,2,2.0,4,3,4,-0.3954174358855578,-0.8898724451420813,-0.498418914118795,7.352,0.06449688136325271,10.3671,hybrid,0.3600644616507129,-0.821378768114841,1.5966990450243326,-0.8994577223135531,-0.7319909180868357,-1.0378380960324933,1.5966990450243326,0.623894612583353,75.0,1.0,1.3333333333333333,2.3662263366985945,1.3862943611198906,150.0,1.3333333333333333,9.6571,19192.16,17.0
1001000149,Dr. Elizabeth Wilson,Neurology,Denver,CO,Subsys,REP-H125,Henry Finch,TERR-H01,2,4.0,6,4,0,-0.3954174358855578,-0.4601314111265546,-1.0475164262929904,1.0909,0.010047499711105523,12.5338,hybrid,-0.16403336150774317,-0.5022096598519604,-1.3680014430833163,-0.31536117563129173,-0.29617796349965275,-0.514701050769978,-1.3680014430833163,0.7687165443846151,66.66666666666666,1.3333333333333333,0.0,2.5951427603925756,1.6094379124341003,266.66666666666663,0.0,12.3985,11860.64,17.0
1001000150,Dr. Joseph Young,Pain Management,Los Angeles,CA,Fentora,REP-H207,Heather Bishop,TERR-H11,1,10.0,15,9,2,0.1121200477946132,1.3467435631481104,-0.33445254555162196,11.3686,0.1035703413786826,26.6448,hybrid,-0.5833116200345069,1.0936358814624427,-0.8738846950653749,1.2684616728859794,1.057580722084056,0.979976221408638,-0.8738846950653749,1.6534721931491128,60.0,3.0,0.2222222222222222,3.2158673038037455,2.302585092994046,600.0,0.2222222222222222,23.9249,21381.43,20.0
1001000152,Dr. Sarah Hill,Oncology,Las Vegas,NV,Abstral,REP-H178,Hilda Hayes,TERR-H06,2,6.0,10,9,8,0.4504783702480605,0.0648411389626689,-0.8063777828709043,8.394,0.07596580900759786,17.0692,hybrid,1.3034405433359326,1.0936358814624427,0.6084655489884495,0.25389502043252904,1.057580722084056,0.7109343124164872,0.6084655489884495,1.0173569728174185,90.0,3.0,0.8888888888888888,2.818243022342005,2.302585092994046,540.0,0.8888888888888888,15.7474,15080.31,22.0
1001000153,Dr. William Young,Anesthesiology,Nashville,TN,Abstral,REP-H291,Hugh Gallagher,TERR-H11,3,1.0,10,7,3,1.4655533376084025,-1.2829160340335708,-0.7567917502494058,5.6694,0.04854589813796695,7.5552,hybrid,0.04560576775563961,0.4552976649366816,-0.41506200047728636,-1.5838731830030606,0.6217677674968723,-1.396560641355361,-0.41506200047728636,0.456252955756328,70.0,2.3333333333333335,0.42857142857142855,2.097993387074363,2.0794415416798357,70.0,0.42857142857142855,7.1498,15742.38,28.0
1001000154,Dr. David Nelson,Family Practice,Las Vegas,NV,Lazanda,REP-H174,Hazel Hayes,TERR-H02,2,8.0,8,5,2,-0.5645965971122814,0.6840262670935245,1.059029785842062,4.2902,0.040019829152881936,20.5424,hybrid,-0.4260822730869703,-0.18304055158907967,-0.4785912966510216,0.7942163297625244,0.05990714800519574,0.5315730397550533,-0.4785912966510216,1.349220138567909,62.5,1.6666666666666667,0.4,3.0300032569813586,1.791759469228055,500.0,0.4,19.6973,39987.13,16.0
1001000155,Dr. James Lopez,Orthopedics,Boston,MA,Abstral,REP-H233,Hector Sinclair,TERR-H01,3,1.0,2,1,1,0.9580158539282314,-1.3148323083917681,-0.773329415244275,-1.3444,-0.011823670878053694,6.8528,hybrid,-1.2122290078246534,-1.4597169846406022,0.8555239229974204,-1.6484268111335607,-2.085749603670544,-1.486241277686078,0.8555239229974204,0.46651058555745073,50.0,0.3333333333333333,1.0,2.072693826972454,0.6931471805599453,50.0,1.0,6.9462,15521.57,25.0
1001000157,Dr. William Hall,Anesthesiology,Houston,TX,Fentora,REP-H103,Howard Vance,TERR-H03,2,3.0,4,3,0,0.6196575314747842,-0.7672393339907184,-0.31863986854257903,4.7438,0.042378207333149565,10.9346,hybrid,0.3600644616507129,-0.821378768114841,-1.3680014430833163,-0.7187115643100795,-0.7319909180868357,-0.7015357097923047,-1.3680014430833163,0.6661734742681767,75.0,1.0,0.0,2.4370635370237834,1.3862943611198906,225.0,0.0,10.4394,21592.56,23.0
1001000158,Dr. Jennifer Rodriguez,Internal Medicine,Boston,MA,Lazanda,REP-H110,Hope Vance,TERR-H10,2,9.0,7,1,0,-0.22623827465883412,0.7667640352971417,1.9077068634776375,1.7873,0.016888308198910185,20.5866,hybrid,-3.4583625356466055,-1.4597169846406022,-1.3680014430833163,0.8584679195554,-2.085749603670544,-1.1339244921011187,-1.3680014430833163,1.217725655672031,14.285714285714285,0.3333333333333333,0.0,3.0551844436115183,0.6931471805599453,128.57142857142856,0.0,20.2251,51318.62,18.0
1001000159,Dr. Kimberly Ramirez,Anesthesiology,Las Vegas,NV,Subsys,REP-H355,Homer Blackwood,TERR-H03,3,1.0,2,1,0,-0.5645965971122814,-1.5718241560480946,-1.4860570154013084,0.4579,0.003845580349058242,5.3311,hybrid,-1.2122290078246534,-1.4597169846406022,-1.3680014430833163,-2.2380066508243077,-2.085749603670544,-1.486241277686078,-1.3680014430833163,0.3386448831586452,50.0,0.3333333333333333,0.0,1.8416284163811896,0.6931471805599453,50.0,0.0,5.3068,6005.27,16.0
1001000161,Dr. Donna Green,Pain Management,Los Angeles,CA,Actiq,REP-H266,Holly Mercer,TERR-H10,3,2.0,2,2,2,-0.3954174358855578,-1.050159235570649,-1.2652936799899748,3.3349,0.02944411997930807,8.9225,hybrid,1.9323579311260792,-1.1405478763777217,0.8555239229974204,-1.1568233541421757,-1.2938515375785122,-0.813636505205701,0.8555239229974204,0.5967452737092038,100.0,0.6666666666666666,1.0,2.2653607856957754,1.0986122886681098,200.0,1.0,8.6346,8952.89,17.0
1001000162,Dr. Jessica Lewis,Oncology,Detroit,MI,Fentora,REP-H115,Homer Vance,TERR-H03,2,6.0,7,5,1,-0.3954174358855578,-0.12189101239039721,0.12920048897483696,5.4839,0.05003770130228702,15.3544,hybrid,0.13545110886851783,-0.18304055158907967,-0.923296369867169,0.06563053287655488,0.05990714800519574,0.21128505285963553,-0.923296369867169,0.9403997845818934,71.42857142857143,1.6666666666666667,0.2,2.744459272986374,1.791759469228055,428.57142857142856,0.2,14.5562,27572.1,17.0
1001000163,Dr. Lisa Nguyen,Oncology,Jacksonville,FL,Subsys,REP-H190,Hope Monroe,TERR-H06,1,9.0,15,10,9,0.7888366927015078,1.104784970457162,-0.05522656841960079,10.2807,0.09386120418339239,24.6823,hybrid,-0.16403336150774317,1.4128049897253234,0.6331713863893468,1.1053487368859873,1.243727311658896,0.9799762214086375,0.6331713863893468,1.4459449402070037,66.66666666666666,3.3333333333333335,0.9,3.151940834490693,2.3978952727983707,599.9999999999999,0.9,22.3814,25109.64,24.0
1001000164,Dr. Jennifer Baker,Anesthesiology,Houston,TX,Fentora,REP-H289,Harrison Gallagher,TERR-H09,1,10.0,11,7,6,2.3114491437420206,1.434591697481772,1.5851546156926477,8.3303,0.0769928672556528,26.525,hybrid,-0.35461438811081747,0.4552976649366816,0.5378774421287437,1.3251946114998587,0.6217677674968723,1.1430319238281235,0.5378774421287437,1.5624899294498333,63.63636363636363,2.3333333333333335,0.8571428571428571,3.2381018153530907,2.0794415416798357,636.3636363636364,0.8571428571428571,24.4853,47011.92,33.0
1001000165,Dr. Lisa Clark,Oncology,Portland,OR,Subsys,REP-H211,Hugh Bishop,TERR-H03,2,4.0,7,4,4,-1.241313242019176,-0.5165492261634657,-0.361752687154266,7.5738,0.06759399291980506,12.9504,hybrid,-0.7630023022602633,-0.5022096598519604,0.8555239229974204,-0.38483681393742886,-0.29617796349965275,-0.685521310447534,0.8555239229974204,0.7777508447718211,57.14285714285714,1.3333333333333333,1.0,2.5679141887716086,1.6094379124341003,228.57142857142856,1.0,12.0386,21016.92,12.0
1001000166,Dr. Kathleen Lewis,Oncology,Las Vegas,NV,Subsys,REP-H282,Harold Gallagher,TERR-H02,2,5.0,9,7,1,-0.5645965971122814,-0.31420380896523065,0.3672938832746397,6.4977,0.05868596062729381,14.1955,hybrid,0.5347637360368652,0.4552976649366816,-1.0503549622146398,-0.1439705828477047,0.6217677674968723,0.03334728236218146,-1.0503549622146398,0.8611426669464483,77.77777777777779,2.3333333333333335,0.14285714285714285,2.6623133707611264,2.0794415416798357,388.8888888888889,0.14285714285714285,13.3294,30751.11,16.0
1001000167,Dr. Kimberly Robinson,Oncology,Los Angeles,CA,Subsys,REP-H121,Helen Finch,TERR-H09,1,10.0,15,12,7,-0.5645965971122814,2.549294228590333,1.561171593706972,7.2434,0.06785548709032252,33.8848,hybrid,0.6745231555457861,2.0511432062510844,-0.07094497953621982,1.9531207160851285,1.5699941196581808,1.8767825847158075,-0.07094497953621982,2.0412648681391037,80.0,4.0,0.5833333333333334,3.4841957171613243,2.5649493574615367,800.0,0.5833333333333334,31.5962,46691.7,16.0
1001000168,Dr. Ashley Lopez,Palliative Care,Chicago,IL,Subsys,REP-H182,Harold Monroe,TERR-H10,2,4.0,5,5,1,-0.22623827465883412,-0.4198598449054308,-0.36540458944650733,6.6281,0.05962042089705211,13.4943,hybrid,1.9323579311260792,-0.18304055158907967,-0.923296369867169,-0.2669010026703437,0.05990714800519574,0.08316985810146854,-0.923296369867169,0.824046180144497,100.0,1.6666666666666667,0.2,2.6141350477957856,1.791759469228055,400.0,0.2,12.6554,20968.16,18.0
1001000169,Dr. Betty Smith,Family Practice,Denver,CO,Abstral,REP-H315,Homer Kensington,TERR-H11,2,8.0,2,2,0,0.1121200477946132,0.5184096469587745,-0.0659733169822282,3.1346,0.029315372013803298,19.2251,hybrid,1.9323579311260792,-1.1405478763777217,-1.3680014430833163,0.6605287443124481,-1.2938515375785122,1.8767825847158075,-1.3680014430833163,1.2768522974730891,100.0,0.6666666666666666,0.0,2.9776090352943014,1.0986122886681098,800.0,0.0,18.6408,24966.15,20.0
1001000171,Dr. Susan Nelson,Pain Management,Phoenix,AZ,Subsys,REP-H126,Holly Finch,TERR-H02,2,3.0,8,4,0,0.4504783702480605,-0.7294759229254448,-0.4584606919908902,4.2811,0.03839617161570752,11.1375,hybrid,-1.2122290078246534,-0.5022096598519604,-1.3680014430833163,-0.6655365022694407,-0.29617796349965275,-1.0378380960324933,-1.3680014430833163,0.7381255121020556,50.0,1.3333333333333333,0.0,2.4579036620017356,1.6094379124341003,150.0,0.0,10.6803,19725.68,22.0
1001000172,Dr. Mary Flores,Family Practice,Miami,FL,Abstral,REP-H199,Holden Monroe,TERR-H03,3,2.0,3,2,3,-0.7337757583390051,-0.9933965491998086,-0.3825534013385196,5.1025,0.044892245717952584,9.4557,hybrid,-0.16403336150774317,-1.1405478763777217,1.9672866060377887,-1.062685042323595,-1.2938515375785122,-1.1125719596414243,1.9672866060377887,0.616253436798643,66.66666666666666,0.6666666666666666,1.5,2.302255038532064,1.0986122886681098,133.33333333333331,1.5,8.9967,20739.19,15.0
1001000173,Dr. Thomas Hernandez,Neurology,Portland,OR,Abstral,REP-H106,Holly Vance,TERR-H06,3,1.0,4,3,3,-0.5645965971122814,-1.218080223254837,-1.0216640137984068,4.8587,0.042019866130854844,7.9309,hybrid,0.3600644616507129,-0.821378768114841,0.8555239229974204,-1.4575604067825372,-0.7319909180868357,-1.374140482272682,0.8555239229974204,0.4689366223171027,75.0,1.0,1.0,2.1474973075537793,1.3862943611198906,75.0,1.0,7.5634,12205.82,16.0
1001000174,Dr. Nancy Sanchez,Anesthesiology,Phoenix,AZ,Actiq,REP-H112,Hilary Vance,TERR-H12,2,3.0,4,2,0,-0.9029549195657287,-0.7458573112870933,-0.30709997713182124,0.116,0.0010619974318690772,10.5881,hybrid,-1.2122290078246534,-1.1405478763777217,-1.3680014430833163,-0.6884673446462307,-1.2938515375785122,-1.0378380960324933,-1.3680014430833163,0.6748776202813748,50.0,0.6666666666666666,0.0,2.448916712054845,1.0986122886681098,150.0,0.0,10.5758,21746.64,14.0
1001000175,Dr. Elizabeth Harris,Pain Management,Seattle,WA,Subsys,REP-H326,Holly Thornton,TERR-H10,2,2.0,8,5,1,0.9580158539282314,-0.9158475269748574,-1.0515165924420595,4.466,0.039609600794762834,9.9153,hybrid,-0.4260822730869703,-0.18304055158907967,-0.923296369867169,-0.9394420232804009,0.05990714800519574,-1.1499388914458895,-0.923296369867169,0.6559595222573757,62.5,1.6666666666666667,0.2,2.3505558739416665,1.791759469228055,125.0,0.2,9.4914,11807.23,25.0
1001000176,Dr. Betty Lewis,Neurology,Miami,FL,Lazanda,REP-H228,Harvey Sinclair,TERR-H08,2,2.0,3,2,2,0.6196575314747842,-0.8919103212062098,-0.593295725127583,5.8003,0.05122048144748437,10.2035,hybrid,-0.16403336150774317,-1.1405478763777217,0.8555239229974204,-0.9025721411545626,-1.2938515375785122,-1.1125719596414243,0.8555239229974204,0.5979416240432042,66.66666666666666,0.6666666666666666,1.0,2.3650057480356095,1.0986122886681098,133.33333333333331,1.0,9.6441,17925.37,23.0
1001000178,Dr. Ashley Garcia,Internal Medicine,Chicago,IL,Fentora,REP-H316,Hayden Kensington,TERR-H12,1,9.0,6,5,6,0.1121200477946132,1.032456046150325,-0.17215185186097587,6.6625,0.06176963896288923,23.3804,hybrid,0.8841622848091689,-0.18304055158907967,1.3002289962135676,1.0544935182751314,0.05990714800519574,1.6525809938890157,1.3002289962135676,1.3197732704575462,83.33333333333334,1.6666666666666667,1.2,3.132009891846539,1.791759469228055,750.0000000000001,1.2,21.92,23548.46,20.0
1001000180,Dr. Robert Thompson,Pain Management,Las Vegas,NV,Abstral,REP-H115,Homer Vance,TERR-H03,2,3.0,7,6,3,-1.0721340807924524,-0.685567531728338,-0.6076913801643287,9.0332,0.07953320465953473,11.9505,hybrid,1.033904519997298,0.1361285566738009,-0.256238760042948,-0.6050705659740162,0.36097281999740366,-0.5574061156893669,-0.256238760042948,0.7574834848125399,85.71428571428571,2.0,0.5,2.481601192779274,1.9459101490553132,257.1428571428571,0.5,10.9604,17733.16,13.0
1001000181,Dr. Michael Nelson,Pain Management,Seattle,WA,Lazanda,REP-H299,Holden Gallagher,TERR-H07,2,4.0,4,3,3,3.495703272329086,-0.44414192200800795,-0.12353421744781778,4.0742,0.037030362933965666,13.0098,hybrid,0.3600644616507129,-0.821378768114841,0.8555239229974204,-0.2960101583727821,-0.7319909180868357,-0.3652333235521162,0.8555239229974204,0.8639212347997477,75.0,1.0,1.0,2.6027267217955665,1.3862943611198906,300.0,1.0,12.5005,24197.6,40.0
1001000182,Dr. Jessica Mitchell,Orthopedics,Detroit,MI,Subsys,REP-H128,Harvey Finch,TERR-H04,2,6.0,3,2,0,0.7888366927015078,-0.0799734693482465,-0.5289800037485962,0.8726,0.008144402816644636,14.953,hybrid,-0.16403336150774317,-1.1405478763777217,-1.3680014430833163,0.1091175306170274,-1.2938515375785122,0.08316985810146829,-1.3680014430833163,0.995561071675078,66.66666666666666,0.6666666666666666,0.0,2.761502496502216,1.0986122886681098,399.99999999999994,0.0,14.8236,18784.11,24.0
1001000183,Dr. Nancy Lopez,Palliative Care,Austin,TX,Lazanda,REP-H275,Homer Mercer,TERR-H07,3,1.0,5,4,2,-0.05705911343211046,-1.1549374172063018,-0.867682707036025,6.9161,0.05962822857222383,8.5171,hybrid,0.6745231555457861,-0.5022096598519604,-0.256238760042948,-1.340278345307632,-0.29617796349965275,-1.3517203231900026,-0.256238760042948,0.5187126981578688,80.0,1.3333333333333333,0.5,2.1934619519756504,1.6094379124341003,80.0,0.5,7.9662,14261.77,19.0
1001000184,Dr. Dorothy Johnson,Pain Management,Detroit,MI,Abstral,REP-H259,Holden Conway,TERR-H03,2,6.0,8,6,3,0.6196575314747842,-0.09005311788082068,-0.5768816376302978,7.6456,0.06915487909574125,15.8877,hybrid,0.3600644616507129,0.1361285566738009,-0.256238760042948,0.09872796836574449,0.36097281999740366,0.3073714489282609,-0.256238760042948,1.0200290133018612,75.0,2.0,0.5,2.757430667199648,1.9459101490553132,450.0,0.5,14.7593,18144.53,23.0
1001000185,Dr. Jennifer Carter,Neurology,Houston,TX,Actiq,REP-H172,Hilary Hayes,TERR-H12,1,10.0,14,11,12,0.28129920902133687,1.87428697227208,2.2275261761796923,6.9386,0.06478658864766595,29.1837,hybrid,0.5846778144329079,1.731974097988204,1.0576625926411236,1.5916134438229472,1.413665833588904,1.8127249873367237,1.0576625926411236,1.692013408038474,78.57142857142857,3.6666666666666665,1.0909090909090908,3.3425154549243996,2.4849066497880004,785.7142857142857,1.0909090909090908,27.2902,55588.83,21.0
1001000186,Dr. Margaret Martinez,Family Practice,Jacksonville,FL,Subsys,REP-H273,Hector Mercer,TERR-H05,2,8.0,7,3,4,0.28129920902133687,0.6722379378610276,-0.24993377570397013,1.1669,0.011038592451203755,19.851,hybrid,-1.661455713389044,-0.821378768114841,1.5966990450243326,0.7849287619992187,-0.7319909180868357,-0.17306053141486571,1.5966990450243326,1.3440691100299722,42.857142857142854,1.0,1.3333333333333333,3.0263633162741796,1.3862943611198906,342.85714285714283,1.3333333333333333,19.6221,22509.92,21.0
1001000187,Dr. Ashley Moore,Palliative Care,Jacksonville,FL,Abstral,REP-H156,Hayden Sterling,TERR-H08,2,2.0,5,3,3,0.6196575314747842,-0.8668601215871533,-0.49811184276116205,6.1108,0.05396929861886113,10.403,hybrid,-0.5833116200345069,-0.821378768114841,0.8555239229974204,-0.8645500768417964,-0.7319909180868357,-1.1723590505285688,0.8555239229974204,0.6383730538361991,60.0,1.0,1.0,2.3799071800563603,1.3862943611198906,120.0,1.0,9.8039,19196.26,23.0
1001000188,Dr. Lisa Hall,Pain Management,Baltimore,MD,Abstral,REP-H311,Hugh Kensington,TERR-H07,1,9.0,8,4,1,-0.9029549195657287,0.9127856932768101,0.7084808687407734,4.218,0.039486964048938145,22.049,hybrid,-1.2122290078246534,-0.5022096598519604,-0.8121201015631322,0.9680603938527292,-0.29617796349965275,0.3073714489282609,-0.8121201015631322,1.4621523935974035,50.0,1.3333333333333333,0.25,3.0981354205046694,1.6094379124341003,450.0,0.25,21.1566,35306.62,14.0
1001000189,Dr. Nancy Torres,Anesthesiology,Miami,FL,Subsys,REP-H230,Hope Sinclair,TERR-H10,2,3.0,2,1,0,-0.7337757583390051,-0.7485379021099083,-1.069969334172216,2.5263,0.02281981660908805,10.8255,hybrid,-1.2122290078246534,-1.4597169846406022,-1.3680014430833163,-0.6922393626216876,-2.085749603670544,-1.0378380960324933,-1.3680014430833163,0.6737864113603654,50.0,0.3333333333333333,0.0,2.4474384001730924,0.6931471805599453,150.0,0.0,10.5587,11560.85,15.0
1001000190,Dr. Patricia Allen,Anesthesiology,Los Angeles,CA,Actiq,REP-H173,Hector Hayes,TERR-H01,1,9.0,13,8,1,0.1121200477946132,0.9673694198560053,1.3711004149683317,5.9541,0.05533491871842511,22.7852,hybrid,-0.4865550988360227,0.7744667731995619,-1.0900607723232243,1.0078475515766165,0.8518052140972275,0.773020906799291,-1.0900607723232243,1.3722941289195059,61.53846153846154,2.6666666666666665,0.125,3.113728619791388,2.1972245773362196,553.8461538461538,0.125,21.5048,44153.88,20.0
1001000191,Dr. Karen Garcia,Family Practice,Miami,FL,Subsys,REP-H308,Harvey Kensington,TERR-H04,2,3.0,8,6,2,-0.7337757583390051,-0.6621319569908604,0.1012292841125853,1.5777,0.014371985964313438,11.2852,hybrid,0.3600644616507129,0.1361285566738009,-0.6268263210564041,-0.5733746756122774,0.36097281999740366,-0.7015357097923047,-0.6268263210564041,0.7610028185322666,75.0,2.0,0.3333333333333333,2.494023299892591,1.9459101490553132,225.0,0.3333333333333333,11.1099,27198.63,15.0
1001000192,Dr. Dorothy Nguyen,Neurology,Nashville,TN,Subsys,REP-H200,Hattie Monroe,TERR-H04,2,4.0,5,4,5,-0.3954174358855578,-0.525014249814461,-0.9970533679159103,4.5508,0.041145402317201984,12.53,hybrid,0.6745231555457861,-0.5022096598519604,1.4114052645176045,-0.3954262142310433,-0.29617796349965275,-0.27555268722139925,1.4114052645176045,0.7430544257637504,80.0,1.3333333333333333,1.25,2.563764039865495,1.6094379124341003,320.0,1.25,11.9846,12534.42,17.0
1001000193,Dr. Deborah Sanchez,Pain Management,Jacksonville,FL,Abstral,REP-H252,Hilary Conway,TERR-H08,2,2.0,6,4,5,0.4504783702480605,-0.8352260146839897,-0.3871781955662864,5.3857,0.04780447476617322,10.5446,hybrid,-0.16403336150774317,-0.5022096598519604,1.4114052645176045,-0.8173303426845396,-0.29617796349965275,-1.1125719596414243,1.4114052645176045,0.6915032757918351,66.66666666666666,1.3333333333333333,1.25,2.3984133204067155,1.6094379124341003,133.33333333333331,1.25,10.0057,20677.44,22.0
1001000194,Dr. Jessica Martinez,Oncology,Philadelphia,PA,Fentora,REP-H104,Hannah Vance,TERR-H04,2,4.0,14,10,6,-0.9029549195657287,-0.5152167687369201,-0.32702516346955524,7.3543,0.06570141745943125,12.9331,hybrid,0.13545110886851783,1.4128049897253234,-0.03388622343487435,-0.383173959906336,1.243727311658896,-0.4292909209311997,-0.03388622343487435,0.7782999852184312,71.42857142857143,3.3333333333333335,0.6,2.568565886851464,2.3978952727983707,285.7142857142857,0.6,12.0471,21480.6,14.0
1001000195,Dr. Susan Wilson,Orthopedics,Charlotte,NC,Abstral,REP-H246,Holly Conway,TERR-H02,2,4.0,6,5,1,1.127195015154955,-0.5409567110238356,-0.7132160777376768,3.6383,0.03300538919442042,12.3152,hybrid,0.8841622848091689,-0.18304055158907967,-0.923296369867169,-0.4154897012221622,0.05990714800519574,-0.21576559633425446,-0.923296369867169,0.798062053658206,83.33333333333334,1.6666666666666667,0.2,2.5559008506120646,1.791759469228055,333.33333333333337,0.2,11.8829,16324.2,26.0
1001000196,Dr. John Harris,Oncology,Boston,MA,Abstral,REP-H330,Hope Thornton,TERR-H02,3,1.0,4,3,1,0.7888366927015078,-1.6949275462911797,-1.2660591115204651,5.6255,0.045027212447200426,4.7758,hybrid,0.3600644616507129,-0.821378768114841,-0.6268263210564041,-2.5773116603882036,-0.7319909180868357,-1.374140482272682,-0.6268263210564041,0.2921104152173665,75.0,1.0,0.3333333333333333,1.7086495625050484,1.3862943611198906,75.0,0.3333333333333333,4.5215,8942.67,24.0
1001000197,Dr. Patricia Baker,Pain Management,Denver,CO,Subsys,REP-H313,Hector Kensington,TERR-H09,1,9.0,6,5,6,-0.05705911343211046,1.0770228280758423,1.3965364087437837,4.9751,0.046509045821077954,23.309,hybrid,0.8841622848091689,-0.18304055158907967,1.3002289962135676,1.0859485591128395,0.05990714800519574,1.6525809938890157,1.3002289962135676,1.5345599195123425,83.33333333333334,1.6666666666666667,1.2,3.14433760632562,1.791759469228055,750.0000000000001,1.2,22.2043,44493.5,19.0
1001000198,Dr. Sharon Nelson,Oncology,Atlanta,GA,Actiq,REP-H199,Holden Monroe,TERR-H03,2,4.0,4,2,3,-1.0721340807924524,-0.45343777205437874,0.12920722956561428,5.0301,0.0455070119520018,13.067,hybrid,-1.2122290078246534,-1.1405478763777217,1.9672866060377887,-0.30724244249985233,-1.2938515375785122,-0.813636505205701,1.9672866060377887,0.8037607205136129,50.0,0.6666666666666666,1.5,2.598324616823557,1.0986122886681098,200.0,1.5,12.4412,27572.19,13.0
1001000199,Dr. Sandra Hernandez,Internal Medicine,Detroit,MI,Subsys,REP-H190,Hope Monroe,TERR-H06,2,8.0,3,2,0,0.6196575314747842,0.5842330438301251,0.6779317623834653,1.2693,0.01198627942506425,19.3026,hybrid,-0.16403336150774317,-1.1405478763777217,-1.3680014430833163,0.7145037672063083,-1.2938515375785122,0.6810407669729145,-1.3680014430833163,1.1476187215424338,66.66666666666666,0.6666666666666666,0.0,2.99876267723902,1.0986122886681098,533.3333333333333,0.0,19.0607,34898.73,23.0
1001000200,Dr. Lisa Lewis,Oncology,Las Vegas,NV,Subsys,REP-H347,Heather Blackwood,TERR-H07,3,1.0,4,2,0,-0.7337757583390051,-1.6914788329518853,-1.2511916151293074,1.1857,0.009658268385450697,4.5973,hybrid,-1.2122290078246534,-1.1405478763777217,-1.3680014430833163,-2.567165317925411,-1.2938515375785122,-1.486241277686078,-1.3680014430833163,0.2935317199027104,50.0,0.6666666666666666,0.0,1.7126260702302691,1.0986122886681098,50.0,0.0,4.5435,9141.18,15.0
1001000201,Dr. David Thomas,Palliative Care,Miami,FL,Abstral,REP-H377,Hunter Whitman,TERR-H01,2,8.0,9,6,7,-0.22623827465883412,0.6239089232017343,1.3618478306946749,8.3738,0.07660526272852586,20.9311,hybrid,-0.16403336150774317,0.1361285566738009,1.2261114840108767,0.74649480721965,0.36097281999740366,0.6810407669729145,1.2261114840108767,1.2576025344180972,66.66666666666666,2.0,1.1666666666666667,3.0113004580420437,1.9459101490553132,533.3333333333333,1.1666666666666667,19.3138,44030.34,18.0
1001000202,Dr. Sharon Hill,Palliative Care,Columbus,OH,Subsys,REP-H307,Heather Kensington,TERR-H03,2,6.0,7,4,3,1.2963741763816787,-0.026988691680905858,0.7693566419597385,4.6623,0.04280399105080068,15.8684,hybrid,-0.7630023022602633,-0.5022096598519604,0.2996425814772362,0.16304642020051777,-0.29617796349965275,-0.17306053141486571,0.2996425814772362,0.9872353750082026,57.14285714285714,1.3333333333333333,0.75,2.7826380580927825,1.6094379124341003,342.85714285714283,0.75,15.1616,36119.43,27.0
1001000203,Dr. Jessica Clark,Internal Medicine,Las Vegas,NV,Actiq,REP-H166,Holly Hayes,TERR-H06,1,9.0,9,3,1,0.6196575314747842,1.137187199876805,0.5209411563162789,2.2956,0.021747462585161692,23.1067,hybrid,-2.2604246541415645,-0.821378768114841,-0.6268263210564041,1.1278064239056818,-0.7319909180868357,-0.36523332355211646,-0.6268263210564041,1.3599986592345847,33.33333333333333,1.0,0.3333333333333333,3.1607423475730565,1.3862943611198906,299.99999999999994,0.3333333333333333,22.5881,32802.6,23.0
1001000205,Dr. Jessica Nelson,Palliative Care,Atlanta,GA,Actiq,REP-H287,Heather Gallagher,TERR-H07,2,8.0,15,7,5,0.28129920902133687,0.6008025438284619,0.39551299208659035,7.8312,0.07178635842878389,20.6673,hybrid,-1.4218681370880357,0.4552976649366816,0.22023096126006708,0.7279127225223303,0.6217677674968723,-0.03640432367282081,0.22023096126006708,1.2480047021130496,46.666666666666664,2.3333333333333335,0.7142857142857143,3.0040178531407635,2.0794415416798357,373.3333333333333,0.7142857142857143,19.1664,31127.89,21.0
1001000206,Dr. James Mitchell,Pain Management,Miami,FL,Abstral,REP-H228,Harvey Sinclair,TERR-H08,2,8.0,13,11,9,1.4655533376084025,0.4512694686306027,-0.6366751715522391,7.8448,0.07173281426133205,19.6413,hybrid,0.9647927191412383,1.731974097988204,0.4512465837100138,0.6042718909106047,1.413665833588904,1.3249017457575494,0.4512465837100138,1.2586828917875608,84.61538461538461,3.6666666666666665,0.8181818181818182,2.955561108864714,2.4849066497880004,676.9230769230769,0.8181818181818182,18.2125,17346.17,28.0
1001000207,Dr. Sarah Allen,Family Practice,Boston,MA,Actiq,REP-H239,Holden Sinclair,TERR-H07,3,1.0,3,2,2,-0.7337757583390051,-1.2860198760389359,-0.8654201153984408,4.0523,0.03491825483002797,7.4189,hybrid,-0.16403336150774317,-1.1405478763777217,0.8555239229974204,-1.5900797867753325,-1.2938515375785122,-1.4115074140771473,0.8555239229974204,0.4883887430251452,66.66666666666666,0.6666666666666666,1.0,2.0955609235597192,1.0986122886681098,66.66666666666666,1.0,7.13,14291.98,15.0
1001000208,Dr. Donna Hernandez,Neurology,Los Angeles,CA,Actiq,REP-H245,Henry Conway,TERR-H01,3,1.0,2,1,0,-1.241313242019176,-1.4777369857642548,-1.019954150604562,-1.6556,-0.014260751148557516,5.8092,hybrid,-1.2122290078246534,-1.4597169846406022,-1.3680014430833163,-2.0060510376549012,-2.085749603670544,-1.486241277686078,-1.3680014430833163,0.3662385472178023,50.0,0.3333333333333333,0.0,1.9325353901068358,0.6931471805599453,50.0,0.0,5.907,12228.65,12.0
1001000209,Dr. Stephanie Jones,Pain Management,Phoenix,AZ,Actiq,REP-H148,Harvey Sterling,TERR-H12,2,3.0,11,8,4,0.28129920902133687,-0.683655063422002,-0.7283741684867897,9.6102,0.08441109737627173,12.0271,hybrid,0.21712869169840726,0.7744667731995619,-0.256238760042948,-0.6024692062655461,0.8518052140972275,-0.7321086539959583,-0.256238760042948,0.7583266382115684,72.72727272727273,2.6666666666666665,0.5,2.482620705674166,2.1972245773362196,218.1818181818182,0.5,10.9726,16121.81,21.0
1001000210,Dr. Stephanie King,Anesthesiology,Phoenix,AZ,Abstral,REP-H160,Hattie Sterling,TERR-H12,2,8.0,6,4,3,-0.7337757583390051,0.47426611621580694,0.3939259574357989,8.9568,0.08152609292206181,20.0036,hybrid,-0.16403336150774317,-0.5022096598519604,0.2996425814772362,0.6236807992692928,-0.29617796349965275,0.6810407669729145,0.2996425814772362,1.171562738163526,66.66666666666666,1.3333333333333333,0.75,2.963167758680591,1.6094379124341003,533.3333333333333,0.75,18.3592,31106.7,15.0
1001000211,Dr. Jessica Taylor,Orthopedics,Phoenix,AZ,Abstral,REP-H299,Holden Gallagher,TERR-H07,3,1.0,5,3,1,-0.5645965971122814,-1.3819097828410434,-0.7023824504494752,2.4314,0.020862745087556256,6.6768,hybrid,-0.5833116200345069,-0.821378768114841,-0.6268263210564041,-1.7896659161555384,-0.7319909180868357,-1.4414009595207196,-0.6268263210564041,0.4377725878666222,60.0,1.0,0.3333333333333333,2.017340048575682,1.3862943611198906,60.0,0.3333333333333333,6.5183,16468.85,16.0
1001000212,Dr. Amanda Gonzalez,Anesthesiology,Los Angeles,CA,Subsys,REP-H283,Howard Gallagher,TERR-H03,2,7.0,10,9,7,-0.5645965971122814,0.31424581727254797,0.7284614777137874,7.9493,0.0724687703526028,18.7167,hybrid,1.3034405433359326,1.0936358814624427,0.36140717497947894,0.4854608197449502,1.057580722084056,1.1144971759047135,0.36140717497947894,1.1064220325163665,90.0,3.0,0.7777777777777778,2.9089972220193294,2.302585092994046,630.0,0.7777777777777778,17.3384,35573.4,16.0
1001000213,Dr. Melissa Anderson,Anesthesiology,Detroit,MI,Fentora,REP-H342,Harold Blackwood,TERR-H02,2,8.0,7,6,5,0.28129920902133687,0.7243448612238207,0.1318053528330028,6.89,0.06354629695974356,21.3293,hybrid,1.033904519997298,0.1361285566738009,0.48493636198396434,0.8257286507656234,0.36097281999740366,1.364321805683139,0.48493636198396434,1.2733642347533702,85.71428571428571,2.0,0.8333333333333334,3.042353420438583,1.9459101490553132,685.7142857142857,0.8333333333333334,19.9545,27606.88,21.0
1001000214,Dr. Elizabeth Nguyen,Palliative Care,Miami,FL,Actiq,REP-H366,Holly Whitman,TERR-H02,2,4.0,13,7,7,-0.3954174358855578,-0.3912041722498394,-0.3182534080046798,8.5215,0.07608707108787272,13.9322,hybrid,-0.9703377048284432,0.4552976649366816,0.8555239229974204,-0.23297062739310753,0.6217677674968723,-0.7446514003359187,0.8555239229974204,0.8359490549434299,53.84615384615385,2.3333333333333335,1.0,2.627432883927806,2.0794415416798357,215.3846153846154,1.0,12.8382,21597.72,17.0
1001000215,Dr. Sarah Jones,Family Practice,Baltimore,MD,Fentora,REP-H156,Hayden Sterling,TERR-H08,2,6.0,6,5,1,0.28129920902133687,-0.08984933027440775,-0.5904189907747325,3.0112,0.0278066818224727,15.205,hybrid,0.8841622848091689,-0.18304055158907967,-0.923296369867169,0.09893844127465941,0.05990714800519574,0.5315730397550535,-0.923296369867169,1.0110674446419297,83.33333333333334,1.6666666666666667,0.2,2.757513154771038,1.791759469228055,500.00000000000006,0.2,14.7606,17963.78,21.0
1001000216,Dr. Carol Martin,Neurology,Detroit,MI,Subsys,REP-H302,Harold Kensington,TERR-H10,2,7.0,9,6,0,-1.0721340807924524,0.16921174538549563,0.9137955190450391,2.8955,0.026929508978600136,16.8885,hybrid,-0.16403336150774317,0.1361285566738009,-1.3680014430833163,0.35336934149709637,0.36097281999740366,0.38210531253719154,-1.3680014430833163,1.0176310349069295,66.66666666666666,2.0,0.0,2.8572285393029104,1.9459101490553132,466.66666666666663,0.0,16.4132,38047.97,13.0
1001000217,Dr. Linda Hill,Palliative Care,New York,NY,Fentora,REP-H219,Holden Bishop,TERR-H11,1,10.0,14,11,11,-0.9029549195657287,1.5327232679544212,2.052440828648078,10.5608,0.0967286214856875,27.7632,hybrid,0.5846778144329079,1.731974097988204,0.8555239229974204,1.3871119444836257,1.413665833588904,1.8127249873367237,0.8555239229974204,1.6351020784378612,78.57142857142857,3.6666666666666665,1.0,3.262368170824327,2.4849066497880004,785.7142857142857,1.0,25.1113,53251.1,14.0
1001000218,Dr. Michelle Campbell,Pain Management,Boston,MA,Fentora,REP-H220,Hattie Bishop,TERR-H12,2,7.0,8,6,0,-0.3954174358855578,0.12644769997824543,0.9841545545331513,2.2088,0.02058547226048102,16.4969,hybrid,0.3600644616507129,0.1361285566738009,-1.3680014430833163,0.31307929487699165,0.36097281999740366,0.6436738351684494,-1.3680014430833163,1.1154781247279586,75.0,2.0,0.0,2.8414382501201954,1.9459101490553132,525.0,0.0,16.1404,38987.4,17.0
1001000220,Dr. Melissa Lee,Neurology,Las Vegas,NV,Subsys,REP-H236,Hayden Sinclair,TERR-H04,2,5.0,5,3,0,0.4504783702480605,-0.2421257001739784,-0.41950157520708914,3.2772,0.03009854147344848,14.2411,hybrid,-0.5833116200345069,-0.821378768114841,-1.3680014430833163,-0.06338223391874673,-0.7319909180868357,-0.3652333235521162,-1.3680014430833163,0.8549410149476416,60.0,1.0,0.0,2.693897184658001,1.3862943611198906,300.0,0.0,13.7892,20245.86,22.0
1001000221,Dr. Richard Green,Anesthesiology,Seattle,WA,Abstral,REP-H144,Hannah Sterling,TERR-H08,2,8.0,16,12,4,0.28129920902133687,0.6608101559321838,1.0096287449896744,4.5332,0.042221750200087005,20.4354,hybrid,0.3600644616507129,2.0511432062510844,-0.6268263210564041,0.7758928689099538,1.5699941196581808,0.979976221408638,-0.6268263210564041,1.247500668923831,75.0,4.0,0.3333333333333333,3.022822010744084,2.5649493574615367,600.0,0.3333333333333333,19.5492,39327.53,21.0
1001000222,Dr. Carol Green,Internal Medicine,Atlanta,GA,Abstral,REP-H349,Harrison Blackwood,TERR-H09,2,2.0,10,8,9,0.4504783702480605,-0.9566834281060477,-1.1235727588969926,7.9236,0.06905868301643814,9.9624,hybrid,0.6745231555457861,0.7744667731995619,1.1334645937575125,-1.0035969970096092,0.8518052140972275,-0.9929977778671348,1.1334645937575125,0.555779885139898,80.0,2.6666666666666665,1.125,2.325412552633416,2.1972245773362196,160.0,1.125,9.2309,10845.14,22.0
1001000223,Dr. David Lee,Anesthesiology,Denver,CO,Abstral,REP-H360,Hattie Blackwood,TERR-H08,2,3.0,6,3,0,-1.4104924032458996,-0.7013062053312996,-0.36656247315114326,3.1376,0.02833012979025762,11.2008,hybrid,-1.2122290078246534,-0.821378768114841,-1.3680014430833163,-0.6265797985932957,-0.7319909180868357,-1.0378380960324933,-1.3680014430833163,0.6930133849217771,50.0,1.0,0.0,2.4731713935695794,1.3862943611198906,150.0,0.0,10.86,20952.7,11.0
1001000224,Dr. Barbara Nelson,Internal Medicine,Baltimore,MD,Actiq,REP-H137,Hunter Finch,TERR-H01,2,3.0,6,5,5,-0.7337757583390051,-0.703077589910119,-0.23217082109669157,5.0091,0.044841015882613355,11.3921,hybrid,0.8841622848091689,-0.18304055158907967,0.8555239229974204,-0.6290120497404902,0.05990714800519574,-0.5894349143789085,0.8555239229974204,0.6531854141976633,83.33333333333334,1.6666666666666667,1.0,2.472218156921796,1.791759469228055,250.00000000000003,1.0,10.8487,22747.09,15.0
1001000225,Dr. Richard Nelson,Anesthesiology,Baltimore,MD,Subsys,REP-H370,Hope Whitman,TERR-H06,1,9.0,16,11,1,-0.9029549195657287,1.0868673370625552,-0.053908408445370745,6.2974,0.058519210026105384,23.6693,hybrid,-0.03300890571812871,1.731974097988204,-1.165862773439613,1.0928447906411018,1.413665833588904,1.064051817968685,-1.165862773439613,1.4209390739771366,68.75,3.6666666666666665,0.09090909090909091,3.1470403455686142,2.4849066497880004,618.75,0.09090909090909091,22.2671,25127.24,14.0
1001000226,Dr. Sarah Thompson,Neurology,Los Angeles,CA,Subsys,REP-H154,Hazel Sterling,TERR-H06,2,3.0,4,2,0,0.6196575314747842,-0.6837647952100705,-1.1249081448254312,2.0268,0.018398191727746926,11.1942,hybrid,-1.2122290078246534,-1.1405478763777217,-1.3680014430833163,-0.6026183929111996,-1.2938515375785122,-1.0378380960324933,-1.3680014430833163,0.6802662461857126,50.0,0.6666666666666666,0.0,2.482562237132313,1.0986122886681098,150.0,0.0,10.9719,10827.31,23.0
1001000227,Dr. Barbara Johnson,Oncology,Philadelphia,PA,Fentora,REP-H382,Harold Carrington,TERR-H06,2,3.0,5,2,2,-0.5645965971122814,-0.6969796376874574,-0.7922382702836964,5.1302,0.04591148079088159,11.4461,hybrid,-1.8411463956148,-1.1405478763777217,0.8555239229974204,-0.620648808012551,-1.2938515375785122,-1.1723590505285688,0.8555239229974204,0.7033907678249697,40.0,0.6666666666666666,1.0,2.475495840033813,1.0986122886681098,120.0,1.0,10.8876,15269.1,16.0
1001000228,Dr. Lisa Mitchell,Neurology,Charlotte,NC,Subsys,REP-H207,Heather Bishop,TERR-H11,2,6.0,9,3,2,-0.5645965971122814,0.04565375202041283,-0.41901400580753034,6.0987,0.05573484465501011,16.5779,hybrid,-2.2604246541415645,-0.821378768114841,0.11434880097050806,0.2351781339370106,-0.7319909180868357,-0.8136365052057011,0.11434880097050806,0.9687620281493415,33.33333333333333,1.0,0.6666666666666666,2.810907586541918,1.3862943611198906,199.99999999999997,0.6666666666666666,15.625,20252.37,16.0
1001000230,Dr. William Jackson,Pain Management,New York,NY,Actiq,REP-H285,Henry Gallagher,TERR-H05,2,8.0,16,10,4,1.127195015154955,0.470676319148996,0.24492444934878912,8.6696,0.07900824657666616,19.926,hybrid,-0.4260822730869703,1.4128049897253234,-0.4785912966510216,0.6206607588729218,1.243727311658896,0.5315730397550533,-0.4785912966510216,1.267238825459671,62.5,3.3333333333333335,0.4,2.9619841583821893,2.3978952727983707,500.0,0.4,18.3363,29117.24,26.0
1001000231,Dr. Elizabeth Hall,Oncology,Denver,CO,Actiq,REP-H312,Hilary Kensington,TERR-H08,3,1.0,6,4,2,-1.241313242019176,-1.5718555079875427,-1.225311491317084,3.9794,0.03294019161039641,5.5178,hybrid,-0.16403336150774317,-0.5022096598519604,-0.256238760042948,-2.238087567029887,-0.29617796349965275,-1.4115074140771473,-0.256238760042948,0.3428316110566134,66.66666666666666,1.3333333333333333,0.5,1.8415967040752268,1.6094379124341003,66.66666666666666,0.5,5.3066,9486.73,12.0
1001000232,Dr. Sarah Campbell,Orthopedics,Atlanta,GA,Fentora,REP-H231,Hugh Sinclair,TERR-H11,3,1.0,2,1,1,0.1121200477946132,-1.4937578268222496,-1.0021627357251126,2.4469,0.02066727138715785,5.9469,hybrid,-1.2122290078246534,-1.4597169846406022,0.8555239229974204,-2.0440876779936508,-2.085749603670544,-1.486241277686078,0.8555239229974204,0.38985353819986324,50.0,0.3333333333333333,1.0,1.917628245517232,0.6931471805599453,50.0,1.0,5.8048,12466.2,20.0
1001000233,Dr. Deborah Perez,Pain Management,Denver,CO,Subsys,REP-H363,Howard Whitman,TERR-H11,2,3.0,7,5,1,-0.05705911343211046,-0.7671139262329256,-1.0819997908006562,8.5283,0.07495050947647552,11.3306,hybrid,0.13545110886851783,-0.18304055158907967,-0.923296369867169,-0.7185331296402783,0.05990714800519574,-0.7495789078266175,-0.923296369867169,0.7215319767654356,71.42857142857143,1.6666666666666667,0.2,2.437133468316317,1.791759469228055,214.28571428571428,0.2,10.4402,11400.22,19.0
1001000234,Dr. Linda Ramirez,Anesthesiology,Houston,TX,Abstral,REP-H296,Hayden Gallagher,TERR-H04,2,6.0,5,2,1,-0.05705911343211046,-0.05236808666416749,0.1369873692316939,3.1423,0.02903128673654054,15.471,hybrid,-1.8411463956148,-1.1405478763777217,-0.256238760042948,0.13735698216799633,-1.2938515375785122,-0.6342752325442671,-0.256238760042948,0.9571816638868491,40.0,0.6666666666666666,0.5,2.772569972063998,1.0986122886681098,240.0,0.5,14.9997,27676.07,19.0
1001000235,Dr. Richard Miller,Oncology,Denver,CO,Actiq,REP-H303,Howard Kensington,TERR-H11,1,10.0,16,7,1,1.2963741763816787,1.5554377480845918,0.22315833277431807,4.846,0.0455635937227985,26.4802,hybrid,-1.605302375193495,0.4552976649366816,-1.0503549622146398,1.4012322903420011,0.6217677674968723,0.25132105122156284,-1.0503549622146398,1.6316706997263857,43.75,2.3333333333333335,0.14285714285714285,3.267902151625244,2.0794415416798357,437.5,0.14285714285714285,25.2562,28826.62,27.0
1001000236,Dr. Stephanie Rivera,Family Practice,Seattle,WA,Actiq,REP-H305,Henry Kensington,TERR-H01,2,7.0,4,3,2,0.1121200477946132,0.1527049492660549,0.7855467920523107,4.5242,0.04174438458059715,17.0457,hybrid,0.3600644616507129,-0.821378768114841,0.11434880097050806,0.3378928002716291,-0.7319909180868357,0.6436738351684494,0.11434880097050806,1.117053966673179,75.0,1.0,0.6666666666666666,2.851163044670884,1.3862943611198906,525.0,0.6666666666666666,16.3079,36335.6,20.0
1001000237,Dr. Jessica Lewis,Oncology,Philadelphia,PA,Subsys,REP-H386,Holly Carrington,TERR-H10,2,4.0,12,8,8,-1.0721340807924524,-0.5011397479247094,-0.38207781521145356,7.6645,0.06841367321617131,13.0671,hybrid,-0.16403336150774317,0.7744667731995619,0.8555239229974204,-0.36567228030972915,0.8518052140972275,-0.514701050769978,0.8555239229974204,0.784101492524971,66.66666666666666,2.6666666666666665,1.0,2.5754250643704033,2.1972245773362196,266.66666666666663,1.0,12.1369,20745.54,13.0
1001000238,Dr. Barbara Brown,Pain Management,Atlanta,GA,Lazanda,REP-H101,Helen Vance,TERR-H01,2,6.0,7,5,3,-0.3954174358855578,-0.04048570161332611,0.055305639146759344,6.7631,0.06149549889877548,16.0951,hybrid,0.13545110886851783,-0.18304055158907967,-0.03388622343487435,0.1494167326676648,0.05990714800519574,0.21128505285963553,-0.03388622343487435,1.041881890742258,71.42857142857143,1.6666666666666667,0.6,2.7772963738390244,1.791759469228055,428.57142857142856,0.6,15.0755,26585.46,17.0
1001000239,Dr. Kathleen Campbell,Oncology,Miami,FL,Subsys,REP-H334,Hazel Thornton,TERR-H06,1,9.0,14,12,7,-0.9029549195657287,1.0208871804939643,-0.44069024783830363,7.7602,0.07158483529021842,23.5416,hybrid,1.033904519997298,2.0511432062510844,-0.07094497953621982,1.0462644708362339,1.5699941196581808,1.74866738995764,-0.07094497953621982,1.4113684734980942,85.71428571428571,4.0,0.5833333333333334,3.1287848015411424,2.5649493574615367,771.4285714285713,0.5833333333333334,21.8462,19962.95,14.0
1001000240,Dr. Robert White,Family Practice,Portland,OR,Abstral,REP-H196,Hayden Monroe,TERR-H12,2,5.0,5,4,1,-1.4104924032458996,-0.2899217318626535,-0.5415766700023307,3.3679,0.03087646885841666,13.9385,hybrid,0.6745231555457861,-0.5022096598519604,-0.8121201015631322,-0.11653625948189424,-0.29617796349965275,0.08316985810146854,-0.8121201015631322,0.923643804708831,80.0,1.3333333333333333,0.25,2.67306530419925,1.6094379124341003,400.0,0.25,13.4843,18615.92,11.0
1001000241,Dr. Jessica Lopez,Oncology,Miami,FL,Abstral,REP-H197,Hunter Monroe,TERR-H01,2,6.0,9,5,6,0.4504783702480605,-0.11063566612851837,-0.996747045512808,6.1002,0.055531803681936776,15.5204,hybrid,-0.8628304590523498,-0.18304055158907967,1.3002289962135676,0.07738027368320766,0.05990714800519574,-0.21576559633425446,1.3002289962135676,0.9450384062367883,55.55555555555556,1.6666666666666667,1.2,2.749064177192824,1.791759469228055,333.33333333333337,1.2,14.628,12538.51,22.0
1001000242,Dr. Carol Flores,Neurology,Chicago,IL,Subsys,REP-H112,Hilary Vance,TERR-H12,2,8.0,5,3,4,2.8189866274221917,0.40395939200337355,0.15057490232969317,6.0158,0.055409197034923086,18.9881,hybrid,-0.5833116200345069,-0.821378768114841,1.5966990450243326,0.5638723302290864,-0.7319909180868357,0.44189240342433633,1.5966990450243326,1.1104771876847623,60.0,1.0,1.3333333333333333,2.9397278994363214,1.3862943611198906,480.0,1.3333333333333333,17.9107,27857.49,36.0
1001000243,Dr. Robert Thompson,Family Practice,New York,NY,Fentora,REP-H238,Hilda Sinclair,TERR-H06,3,1.0,6,4,4,-0.05705911343211046,-1.2736515359266485,-0.6800830782490658,2.472,0.021475879605497017,7.3871,hybrid,-0.16403336150774317,-0.5022096598519604,0.8555239229974204,-1.5654366920676897,-0.29617796349965275,-1.4115074140771473,0.8555239229974204,0.49379321312678387,66.66666666666666,1.3333333333333333,1.0,2.105218931540195,1.6094379124341003,66.66666666666666,1.0,7.2089,16766.59,19.0
1001000244,Dr. Rebecca Harris,Oncology,New York,NY,Abstral,REP-H339,Holden Thornton,TERR-H11,2,4.0,8,6,5,-0.22623827465883412,-0.3535504929726345,-0.16503753277278846,7.8568,0.07044368807404755,14.1059,hybrid,0.3600644616507129,0.1361285566738009,0.48493636198396434,-0.18906108827935392,0.36097281999740366,-0.3652333235521162,0.48493636198396434,0.8449268725818438,75.0,2.0,0.8333333333333334,2.6446417079091593,1.9459101490553132,300.0,0.8333333333333334,13.0784,23643.45,18.0
1001000245,Dr. Michelle Brown,Oncology,Chicago,IL,Subsys,REP-H314,Hazel Kensington,TERR-H10,2,7.0,10,6,0,0.6196575314747842,0.3363019066743077,-0.41114773637040725,2.2029,0.020620281154704045,17.8641,hybrid,-0.5833116200345069,0.1361285566738009,-1.3680014430833163,0.5049628397674426,0.36097281999740366,0.1728504944321855,-1.3680014430833163,1.1292330329815043,60.0,2.0,0.0,2.91664036372889,1.9459101490553132,420.0,0.0,17.4791,20357.4,23.0
1001000246,Dr. Betty Mitchell,Palliative Care,Columbus,OH,Abstral,REP-H232,Hilary Sinclair,TERR-H12,3,1.0,2,2,1,-0.7337757583390051,-1.33064936184335,-0.7976030315879059,3.3701,0.028982074078978126,7.076,hybrid,1.9323579311260792,-1.1405478763777217,-0.256238760042948,-1.6810338509425073,-1.2938515375785122,-1.2620396868592858,-0.256238760042948,0.4457261972709773,100.0,0.6666666666666666,0.5,2.059914626371613,1.0986122886681098,100.0,0.5,6.8453,15197.47,15.0
1001000247,Dr. Sandra Baker,Neurology,Austin,TX,Subsys,REP-H119,Holden Vance,TERR-H07,2,2.0,3,3,1,1.4655533376084025,-0.9176816154325732,-1.1291382400154597,2.7907,0.024926021559664946,9.7442,hybrid,1.9323579311260792,-0.821378768114841,-0.6268263210564041,-0.9422891210261846,-0.7319909180868357,-0.813636505205701,-0.6268263210564041,0.587748697487828,100.0,1.0,0.3333333333333333,2.349440052528967,1.3862943611198906,200.0,0.3333333333333333,9.4797,10770.83,28.0
1001000248,Dr. Joseph Martin,Pain Management,Chicago,IL,Subsys,REP-H111,Hugh Vance,TERR-H11,2,7.0,9,5,5,-1.4104924032458996,0.2567463603246762,0.9214573238952499,8.2427,0.07495855608256674,18.3705,hybrid,-0.8628304590523498,-0.18304055158907967,0.8555239229974204,0.43390763093814566,0.05990714800519574,0.03334728236218146,0.8555239229974204,1.1729231333568575,55.55555555555556,1.6666666666666667,1.0,2.8887927341162465,1.791759469228055,388.8888888888889,1.0,16.9716,38150.27,11.0
1001000249,Dr. Margaret Rivera,Pain Management,Houston,TX,Actiq,REP-H227,Heather Sinclair,TERR-H07,2,8.0,12,10,4,2.4806283049687443,0.7089040310456167,-0.05095378282131592,10.0123,0.09105120167890668,21.8441,hybrid,0.8841622848091689,1.4128049897253234,-0.4785912966510216,0.8137063011135837,1.243727311658896,1.2789116758443615,-0.4785912966510216,1.372266712386208,83.33333333333334,3.3333333333333335,0.4,3.0376416766312007,2.3978952727983707,666.6666666666667,0.4,19.856,25166.69,34.0
1001000250,Dr. Elizabeth Moore,Anesthesiology,Atlanta,GA,Fentora,REP-H243,Howard Conway,TERR-H11,1,9.0,14,7,4,2.142269982515297,0.9729187131383243,-0.14226706817249823,5.3521,0.04988348482459548,22.6931,hybrid,-1.2122290078246534,0.4552976649366816,-0.09741551960860971,1.0118580139124334,0.6217677674968723,0.3073714489282609,-0.09741551960860971,1.374553122826157,50.0,2.3333333333333335,0.5714285714285714,3.1153003816867275,2.0794415416798357,450.0,0.5714285714285714,21.5402,23947.48,32.0
1001000251,Dr. Linda Perez,Pain Management,Seattle,WA,Fentora,REP-H136,Hayden Finch,TERR-H12,2,3.0,5,2,1,-0.5645965971122814,-0.6358590317333269,-0.610756102104413,3.1443,0.0284728743935303,11.6321,hybrid,-1.8411463956148,-1.1405478763777217,-0.256238760042948,-0.5383032813234057,-1.2938515375785122,-1.1723590505285688,-0.256238760042948,0.7793985620938486,40.0,0.6666666666666666,0.5,2.5077683189312627,1.0986122886681098,120.0,0.5,11.2775,17692.24,16.0
1001000252,Dr. Karen Young,Pain Management,Austin,TX,Actiq,REP-H226,Holly Sinclair,TERR-H06,2,7.0,9,6,0,-1.4104924032458996,0.24193256893543447,-0.2707464731607167,2.9729,0.027682703279074516,17.3789,hybrid,-0.16403336150774317,0.1361285566738009,-1.3680014430833163,0.4204553141770858,0.36097281999740366,0.38210531253719154,-1.3680014430833163,1.1663921500611032,66.66666666666666,2.0,0.0,2.883520564197023,1.9459101490553132,466.66666666666663,0.0,16.8771,22232.03,11.0
1001000253,Dr. Michelle Rivera,Anesthesiology,Las Vegas,NV,Lazanda,REP-H271,Hugh Mercer,TERR-H03,2,5.0,6,4,5,-0.7337757583390051,-0.26001198162913675,0.15824869045239726,7.0062,0.06325107458469503,14.6333,hybrid,-0.16403336150774317,-0.5022096598519604,1.4114052645176045,-0.08314416450107756,-0.29617796349965275,-0.21576559633425496,1.4114052645176045,0.8726544512102942,66.66666666666666,1.3333333333333333,1.25,2.686152180000994,1.6094379124341003,333.33333333333326,1.25,13.6751,27959.95,15.0
1001000254,Dr. Linda Jackson,Palliative Care,Las Vegas,NV,Lazanda,REP-H152,Hilary Sterling,TERR-H04,3,2.0,3,2,1,-0.9029549195657287,-1.0857280108745533,-0.5812225780908865,3.8495,0.03382926784681839,8.7314,hybrid,-0.16403336150774317,-1.1405478763777217,-0.256238760042948,-1.21763311982074,-1.2938515375785122,-1.1125719596414243,-0.256238760042948,0.5474606151366916,66.66666666666666,0.6666666666666666,0.5,2.2415285028927436,1.0986122886681098,133.33333333333331,0.5,8.4077,18086.57,14.0
1001000255,Dr. Emily Young,Anesthesiology,Phoenix,AZ,Fentora,REP-H105,Henry Vance,TERR-H05,2,3.0,6,5,0,1.127195015154955,-0.6127683283297788,-1.0811392420447528,5.3874,0.04835008709517474,12.0403,hybrid,0.8841622848091689,-0.18304055158907967,-1.3680014430833163,-0.507872844649706,0.05990714800519574,-0.5894349143789085,-1.3680014430833163,0.729055186008685,83.33333333333334,1.6666666666666667,0.0,2.5196944752736643,1.791759469228055,250.00000000000003,0.0,11.4248,11411.71,26.0
1001000256,Dr. Donna Baker,Family Practice,Jacksonville,FL,Actiq,REP-H201,Helen Bishop,TERR-H05,2,5.0,7,3,3,-0.05705911343211046,-0.19428264057613087,-1.0226316630522165,2.4377,0.0225081884198568,14.438,hybrid,-1.661455713389044,-0.821378768114841,0.8555239229974204,-0.011262235146013001,-0.7319909180868357,-0.7495789078266175,0.8555239229974204,0.9654342636316419,42.857142857142854,1.0,1.0,2.7143238141078054,1.3862943611198906,214.28571428571428,1.0,14.0944,12192.9,19.0
1001000257,Dr. Joseph Anderson,Anesthesiology,Charlotte,NC,Subsys,REP-H278,Hilda Mercer,TERR-H10,2,3.0,6,5,2,0.28129920902133687,-0.8224657753286004,-0.17139840360297848,6.0171,0.05330217078878219,10.6941,hybrid,0.8841622848091689,-0.18304055158907967,-0.4785912966510216,-0.7985279425389195,0.05990714800519574,-0.5894349143789085,-0.4785912966510216,0.6436920179598948,83.33333333333334,1.6666666666666667,0.4,2.405782270322011,1.791759469228055,250.00000000000003,0.4,10.0871,23558.52,21.0
1001000259,Dr. Thomas Torres,Neurology,Las Vegas,NV,Abstral,REP-H362,Harold Whitman,TERR-H10,2,4.0,6,4,2,0.4504783702480605,-0.44401651425021543,0.36631949343005255,4.4598,0.04046255712923763,13.0588,hybrid,-0.16403336150774317,-0.5022096598519604,-0.256238760042948,-0.29585896423495733,-0.29617796349965275,-0.514701050769978,-0.256238760042948,0.7750902235202153,66.66666666666666,1.3333333333333333,0.5,2.6027859771044892,1.6094379124341003,266.66666666666663,0.5,12.5013,30738.1,22.0
1001000260,Dr. Betty Martinez,Pain Management,Detroit,MI,Fentora,REP-H195,Homer Monroe,TERR-H11,2,7.0,9,5,0,-0.05705911343211046,0.3838784747868459,0.21672930708182414,5.9256,0.05458268317756909,18.8363,hybrid,-0.8628304590523498,-0.18304055158907967,-1.3680014430833163,0.5465293262974116,0.05990714800519574,0.03334728236218146,-1.3680014430833163,1.228972101111955,55.55555555555556,1.6666666666666667,0.0,2.9329309093518905,1.791759469228055,388.8888888888889,0.0,17.7826,28740.78,19.0
1001000261,Dr. Robert Mitchell,Orthopedics,Columbus,OH,Subsys,REP-H253,Hector Conway,TERR-H09,2,8.0,6,3,0,-0.3954174358855578,0.7198615338827379,0.5795483462614135,1.6037,0.015152775145759634,20.2454,hybrid,-1.2122290078246534,-0.821378768114841,-1.3680014430833163,0.8222437295728181,-0.7319909180868357,0.08316985810146854,-1.3680014430833163,1.3382343262156584,50.0,1.0,0.0,3.0409876262032913,1.3862943611198906,400.0,0.0,19.9259,33585.12,17.0
1001000262,Dr. Elizabeth Moore,Family Practice,New York,NY,Abstral,REP-H322,Harold Thornton,TERR-H06,2,8.0,11,8,0,-0.3954174358855578,0.4303263730792518,0.8042069941875025,4.2064,0.039081806609642555,18.8393,hybrid,0.21712869169840726,0.7744667731995619,-1.3680014430833163,0.5864667810753194,0.8518052140972275,0.8984483701988956,-1.3680014430833163,1.2383634286503924,72.72727272727273,2.6666666666666665,0.0,2.948583012366586,2.1972245773362196,581.8181818181819,0.0,18.0789,36584.75,17.0
1001000263,Dr. Sandra Lewis,Pain Management,Miami,FL,Subsys,REP-H193,Hector Monroe,TERR-H09,1,10.0,16,14,6,-0.5645965971122814,2.3954032338091835,0.9194089332534781,8.4657,0.07879396152224416,33.2063,hybrid,1.146211196388396,2.689481422776846,-0.41506200047728636,1.8750940753175673,1.849478788176087,2.2130849709559963,-0.41506200047728636,2.115796699554168,87.5,4.666666666666667,0.42857142857142855,3.4536158761079556,2.70805020110221,875.0,0.42857142857142855,30.6145,38122.92,16.0
1001000264,Dr. John Walker,Pain Management,Miami,FL,Actiq,REP-H237,Hunter Sinclair,TERR-H05,3,2.0,2,2,1,-0.05705911343211046,-0.9980052842986838,-1.0385312187868334,4.106,0.03627483639702822,9.3355,hybrid,1.9323579311260792,-1.1405478763777217,-0.256238760042948,-1.0702001942552437,-1.2938515375785122,-0.813636505205701,-0.256238760042948,0.6197384815663195,100.0,0.6666666666666666,0.5,2.2993097348601252,1.0986122886681098,200.0,0.5,8.9673,11980.61,19.0
1001000265,Dr. Richard Young,Palliative Care,Las Vegas,NV,Actiq,REP-H101,Helen Vance,TERR-H01,2,6.0,16,13,8,0.9580158539282314,-0.01482413917503112,0.4525323984264023,9.2065,0.08286568691904916,16.6422,hybrid,0.7531378290195545,2.370312314513965,0.00032185912021403325,0.1752684826962082,1.7147315055811116,0.4755226420483552,0.00032185912021403325,0.9922882365202221,81.25,4.333333333333333,0.6153846153846154,2.787428072436421,2.6390573296152584,487.5,0.6153846153846154,15.2392,31889.21,25.0
1001000266,Dr. Nancy Rivera,Palliative Care,Baltimore,MD,Abstral,REP-H251,Hugh Conway,TERR-H07,2,6.0,11,6,1,-0.5645965971122814,0.023629014558101152,-0.6192836983922434,5.7885,0.05294560323721642,16.3808,hybrid,-0.9263574679200418,0.1361285566738009,-0.9974138820698603,0.21352284460727733,0.36097281999740366,-0.2429415467375023,-0.9974138820698603,1.0082607484905626,54.54545454545454,2.0,0.16666666666666666,2.802420545460133,1.9459101490553132,327.27272727272725,0.16666666666666666,15.4845,17578.38,16.0
1001000267,Dr. Elizabeth Sanchez,Anesthesiology,Philadelphia,PA,Lazanda,REP-H164,Hannah Hayes,TERR-H04,1,10.0,16,12,4,-0.3954174358855578,1.7766727088003256,1.1920755666046443,8.4386,0.07819852432046348,28.9179,hybrid,0.3600644616507129,2.0511432062510844,-0.6268263210564041,1.53482308409461,1.5699941196581808,1.6525809938890152,-0.6268263210564041,1.7017435029835628,75.0,4.0,0.3333333333333333,3.3202584391568033,2.5649493574615367,750.0,0.3333333333333333,26.6675,41763.55,17.0
1001000268,Dr. William Walker,Pain Management,Baltimore,MD,Lazanda,REP-H128,Harvey Finch,TERR-H04,1,10.0,14,11,11,3.66488243355581,1.5631346492191076,1.3523585767892816,14.7165,0.13240646198200112,29.0294,hybrid,0.5846778144329079,1.731974097988204,0.8555239229974204,1.4059993605668746,1.413665833588904,1.8127249873367237,0.8555239229974204,1.7488729269211676,78.57142857142857,3.6666666666666665,1.0,3.2697704397936547,2.4849066497880004,785.7142857142857,1.0,25.3053,43903.64,41.0
1001000269,Dr. Laura Brown,Internal Medicine,Columbus,OH,Subsys,REP-H154,Hazel Sterling,TERR-H06,1,10.0,12,8,3,-0.9029549195657287,1.314780260880741,0.6103498502956052,5.0751,0.047550811981814434,24.9249,hybrid,-0.16403336150774317,0.7744667731995619,-0.5341794308030401,1.2475025086213465,0.8518052140972275,1.2789116758443606,-0.5341794308030401,1.428209021374245,66.66666666666666,2.6666666666666665,0.375,3.2076530848457203,2.1972245773362196,666.6666666666665,0.375,23.721,33996.38,14.0
1001000271,Dr. Melissa Williams,Pain Management,Las Vegas,NV,Lazanda,REP-H183,Howard Monroe,TERR-H11,2,6.0,9,5,6,-0.5645965971122814,0.00972442941285504,-0.19321844490366782,9.2229,0.08305488654610782,16.8157,hybrid,-0.8628304590523498,-0.18304055158907967,1.3002289962135676,0.1997562480944199,0.05990714800519574,-0.21576559633425446,1.3002289962135676,1.064018123013476,55.55555555555556,1.6666666666666667,1.2,2.797025204470597,1.791759469228055,333.33333333333337,1.2,15.3958,23267.18,16.0
1001000272,Dr. Kathleen Jackson,Pain Management,Denver,CO,Fentora,REP-H162,Harold Hayes,TERR-H02,3,1.0,2,2,2,-0.05705911343211046,-1.313609582753291,-1.2767152365848644,5.2675,0.04502336508986282,7.3203,hybrid,1.9323579311260792,-1.1405478763777217,0.8555239229974204,-1.6459234141058008,-1.2938515375785122,-1.2620396868592858,0.8555239229974204,0.4805974374462978,100.0,0.6666666666666666,1.0,2.073674946785499,1.0986122886681098,100.0,1.0,6.954,8800.39,19.0
1001000273,Dr. Dorothy Harris,Anesthesiology,Jacksonville,FL,Actiq,REP-H151,Hugh Sterling,TERR-H03,3,1.0,6,5,3,0.4504783702480605,-1.6439336167787952,-1.3642013642835953,6.0429,0.048881377997511466,5.1397,hybrid,0.8841622848091689,-0.18304055158907967,-0.03388622343487435,-2.4312471205974417,0.05990714800519574,-1.3367735504682166,-0.03388622343487435,0.3092907250496197,83.33333333333334,1.6666666666666667,0.6,1.7658945030330007,1.791759469228055,83.33333333333334,0.6,4.8468,7632.28,22.0
1001000274,Dr. Barbara Hill,Palliative Care,Las Vegas,NV,Abstral,REP-H384,Hannah Carrington,TERR-H08,2,3.0,5,3,1,0.6196575314747842,-0.5734529962618229,-0.5814023271782817,3.6211,0.032811199708165706,12.0984,hybrid,-0.5833116200345069,-0.821378768114841,-0.6268263210564041,-0.4568811993532983,-0.7319909180868357,-0.903317141536418,-0.6268263210564041,0.7602472921357751,60.0,1.0,0.3333333333333333,2.53967888563498,1.3862943611198906,180.0,0.3333333333333333,11.6756,18084.17,23.0
1001000275,Dr. Margaret Gonzalez,Palliative Care,Baltimore,MD,Subsys,REP-H368,Harvey Whitman,TERR-H04,2,6.0,7,5,2,0.6196575314747842,-0.06901596651112504,-0.6133437400083702,4.7899,0.04390805103812978,15.6069,hybrid,0.13545110886851783,-0.18304055158907967,-0.4785912966510216,0.12036415237194772,0.05990714800519574,0.21128505285963553,-0.4785912966510216,0.9697782593977328,71.42857142857143,1.6666666666666667,0.4,2.765910220611182,1.791759469228055,428.57142857142856,0.4,14.8935,17657.69,23.0
1001000276,Dr. Michelle Martinez,Pain Management,Las Vegas,NV,Subsys,REP-H106,Holly Vance,TERR-H06,2,6.0,9,5,4,0.4504783702480605,-0.013899256961311194,-0.12605819421665546,7.7825,0.07049332623105853,16.4316,hybrid,-0.8628304590523498,-0.18304055158907967,0.41081884978127314,0.17619534706203357,0.05990714800519574,-0.21576559633425446,0.41081884978127314,1.0536031052074424,55.55555555555556,1.6666666666666667,0.8,2.787791324842345,1.791759469228055,333.33333333333337,0.8,15.2451,24163.9,22.0
1001000277,Dr. Michael Hernandez,Neurology,Miami,FL,Fentora,REP-H110,Hope Vance,TERR-H10,2,4.0,4,3,0,0.4504783702480605,-0.5641101183062798,-0.03130496070545164,-0.0856,-0.0007855336533770796,11.7252,hybrid,0.3600644616507129,-0.821378768114841,-1.3680014430833163,-0.4449119641854145,-0.7319909180868357,-0.3652333235521162,-1.3680014430833163,0.7275914337752418,75.0,1.0,0.0,2.5443698130587893,1.3862943611198906,300.0,0.0,11.7352,25429.04,22.0
1001000278,Dr. Thomas Brown,Pain Management,New York,NY,Abstral,REP-H239,Holden Sinclair,TERR-H07,2,9.0,14,10,1,-0.7337757583390051,0.868626486564118,0.1168030446262989,8.0157,0.07370952361559047,22.5482,hybrid,0.13545110886851783,1.4128049897253234,-1.1456489064752426,0.9354116126379977,1.243727311658896,1.1721490135458887,-1.1456489064752426,1.4426838433919646,71.42857142857143,3.3333333333333335,0.1,3.0853398608046576,2.3978952727983707,642.8571428571429,0.1,20.8749,27406.57,15.0
1001000279,Dr. Elizabeth Jackson,Anesthesiology,Denver,CO,Actiq,REP-H143,Howard Sterling,TERR-H07,2,7.0,3,2,2,1.4655533376084025,0.30226937640336216,0.9162708137693738,4.0226,0.03731920718676607,17.9564,hybrid,-0.16403336150774317,-1.1405478763777217,0.8555239229974204,0.47480845963926027,-1.2938515375785122,0.38210531253719154,0.8555239229974204,1.1015466897347805,66.66666666666666,0.6666666666666666,1.0,2.9048223981941486,1.0986122886681098,466.66666666666663,1.0,17.262,38081.02,28.0
1001000280,Dr. Elizabeth Moore,Emergency Medicine,Chicago,IL,Abstral,REP-H117,Hunter Vance,TERR-H05,1,10.0,11,9,8,-0.7337757583390051,2.024180594773593,1.9385937483283417,3.1479,0.029950707959780942,29.1356,hybrid,0.7888717715076315,1.0936358814624427,0.6084655489884495,1.676430308439515,1.057580722084056,1.9583104359255505,0.6084655489884495,1.575187196138969,81.81818181818183,3.0,0.8888888888888888,3.3757564891802025,2.302585092994046,818.1818181818182,0.8888888888888888,28.2464,51731.02,15.0
1001000281,Dr. Rebecca Thomas,Neurology,Detroit,MI,Abstral,REP-H102,Harold Vance,TERR-H02,1,9.0,11,9,2,-0.3954174358855578,0.8990221918590805,0.29551857476876114,3.4871,0.032749186611940484,21.8035,hybrid,0.7888717715076315,1.0936358814624427,-0.8738846950653749,0.9579291912897169,1.057580722084056,1.5914351054817086,-0.8738846950653749,1.3062818187950622,81.81818181818183,3.0,0.2222222222222222,3.0941648463391185,2.302585092994046,736.3636363636365,0.2222222222222222,21.0688,29792.77,17.0
1001000282,Dr. Donna Davis,Pain Management,Atlanta,GA,Fentora,REP-H337,Hunter Thornton,TERR-H09,3,2.0,3,1,1,-0.3954174358855578,-1.0222246575223648,-0.41158961954358664,2.0203,0.017977013644721485,8.9908,hybrid,-2.2604246541415645,-1.4597169846406022,0.8555239229974204,-1.1100610405477314,-2.085749603670544,-1.4115074140771473,0.8555239229974204,0.6090608422097689,33.33333333333333,0.3333333333333333,1.0,2.2836876558895822,0.6931471805599453,66.66666666666666,1.0,8.8128,20351.5,17.0
1001000283,Dr. Nancy Wilson,Oncology,Detroit,MI,Subsys,REP-H373,Hector Whitman,TERR-H09,2,5.0,11,9,3,-0.9029549195657287,-0.2784939499338098,0.5874146156985364,8.4102,0.07540937696194616,14.6974,hybrid,0.7888717715076315,1.0936358814624427,-0.6268263210564041,-0.1037263199904593,1.057580722084056,0.12393378370634002,-0.6268263210564041,0.8758596309155993,81.81818181818183,3.0,0.3333333333333333,2.678085716582737,2.302585092994046,409.0909090909091,0.3333333333333333,13.5572,33690.15,14.0
1001000284,Dr. Carol Hall,Pain Management,Las Vegas,NV,Subsys,REP-H284,Hannah Gallagher,TERR-H04,2,9.0,13,7,6,0.28129920902133687,0.750053451571288,-0.42672374374771344,8.3333,0.0763961669941855,21.7951,hybrid,-0.9703377048284432,0.4552976649366816,0.5378774421287437,0.8456207331479487,0.6217677674968723,0.4625879348852711,0.5378774421287437,1.3904083326521919,53.84615384615385,2.3333333333333335,0.8571428571428571,3.0501494335885546,2.0794415416798357,484.61538461538464,0.8571428571428571,20.1185,20149.43,21.0
1001000285,Dr. Joseph Flores,Oncology,Austin,TX,Lazanda,REP-H213,Hector Bishop,TERR-H05,2,4.0,11,8,7,-1.241313242019176,-0.4215371736659058,-0.7218020924789107,9.9402,0.08811742189353655,13.9016,hybrid,0.21712869169840726,0.7744667731995619,0.5775832522373283,-0.26890112815709355,0.8518052140972275,-0.4059972491569874,0.5775832522373283,0.8169077888530433,72.72727272727273,2.6666666666666665,0.875,2.613351167843119,2.1972245773362196,290.90909090909093,0.875,12.6447,16209.56,12.0
1001000286,Dr. Mary Smith,Anesthesiology,Denver,CO,Subsys,REP-H184,Hannah Monroe,TERR-H12,2,3.0,7,6,1,0.4504783702480605,-0.710727463135463,-0.2704274185305905,5.3097,0.04744986842130583,11.3733,hybrid,1.033904519997298,0.1361285566738009,-0.9974138820698603,-0.6395426392689101,0.36097281999740366,-0.5574061156893669,-0.9974138820698603,0.6891782003514457,85.71428571428571,2.0,0.16666666666666666,2.4680910568594383,1.9459101490553132,257.1428571428571,0.16666666666666666,10.7999,22236.29,22.0
1001000287,Dr. John Thompson,Pain Management,Las Vegas,NV,Fentora,REP-H160,Hattie Sterling,TERR-H12,2,2.0,3,2,1,1.9730908212885734,-0.8520149782584635,-1.0855048980048583,3.2368,0.028974428943872255,10.219,hybrid,-0.16403336150774317,-1.1405478763777217,-0.256238760042948,-0.8422821055678442,-1.2938515375785122,-1.1125719596414243,-0.256238760042948,0.6841014947233137,66.66666666666666,0.6666666666666666,0.5,2.3886343406189554,1.0986122886681098,133.33333333333331,0.5,9.8986,11353.42,31.0
1001000288,Dr. Carol Hernandez,Palliative Care,Detroit,MI,Fentora,REP-H276,Hayden Mercer,TERR-H08,2,5.0,8,4,5,-0.9029549195657287,-0.3118994414157931,-0.8860642980857545,7.5895,0.0682196648472071,14.3568,hybrid,-1.2122290078246534,-0.5022096598519604,1.4114052645176045,-0.14135436233313228,-0.29617796349965275,-0.5894349143789086,1.4114052645176045,0.868890326063671,50.0,1.3333333333333333,1.25,2.663338707834582,1.6094379124341003,250.0,1.25,13.3441,14016.34,14.0
1001000289,Dr. Jessica Hall,Neurology,Philadelphia,PA,Subsys,REP-H264,Hannah Mercer,TERR-H08,2,2.0,3,2,1,-0.22623827465883412,-0.9882861830697635,-0.5726964797121178,3.4937,0.030963502350088046,9.3447,hybrid,-0.16403336150774317,-1.1405478763777217,-0.256238760042948,-1.0543777124955231,-1.2938515375785122,-1.1125719596414243,-0.256238760042948,0.5598235507692063,66.66666666666666,0.6666666666666666,0.5,2.3055108089102494,1.0986122886681098,133.33333333333331,0.5,9.0293,18200.41,18.0
1001000290,Dr. Nancy King,Oncology,Baltimore,MD,Abstral,REP-H293,Hector Gallagher,TERR-H01,3,1.0,3,2,0,-1.4104924032458996,-1.1923246049981975,-1.4249835181862087,2.5093,0.021973426899579263,7.9216,hybrid,-0.16403336150774317,-1.1405478763777217,-1.3680014430833163,-1.4090688983654656,-1.2938515375785122,-1.4115074140771473,-1.3680014430833163,0.4992461916787003,66.66666666666666,0.6666666666666666,0.0,2.166501875804379,1.0986122886681098,66.66666666666666,0.0,7.7277,6820.72,11.0
1001000291,Dr. James Smith,Pain Management,Los Angeles,CA,Fentora,REP-H118,Hilda Vance,TERR-H06,3,1.0,3,3,1,1.127195015154955,-1.3676916783013162,-1.4456928599177035,3.9297,0.03356110734654161,6.8687,hybrid,1.9323579311260792,-0.821378768114841,-0.6268263210564041,-1.7590682181835997,-0.7319909180868357,-1.2620396868592858,-0.6268263210564041,0.45675416509671873,100.0,1.0,0.3333333333333333,2.029331757194386,1.3862943611198906,100.0,0.3333333333333333,6.609,6544.21,26.0
1001000292,Dr. Elizabeth Allen,Oncology,Jacksonville,FL,Abstral,REP-H129,Harrison Finch,TERR-H05,2,4.0,8,7,2,-0.7337757583390051,-0.37287896364240714,-0.20177525041819985,8.1111,0.07259842424729346,14.0059,hybrid,1.146211196388396,0.4552976649366816,-0.732708481345963,-0.21150643073094388,0.6217677674968723,-0.14103173272532382,-0.732708481345963,0.8369611058680759,87.5,2.3333333333333335,0.2857142857142857,2.6358450328529726,2.0794415416798357,350.0,0.2857142857142857,12.9551,23152.93,15.0
1001000293,Dr. Rebecca Hill,Pain Management,Jacksonville,FL,Lazanda,REP-H381,Helen Carrington,TERR-H05,2,2.0,2,2,1,0.28129920902133687,-0.8901702885668384,-1.0798016092527216,4.302,0.03824490988907092,10.0706,hybrid,1.9323579311260792,-1.1405478763777217,-0.256238760042948,-0.8999126694786074,-1.2938515375785122,-0.813636505205701,-0.256238760042948,0.6672798933033498,100.0,0.6666666666666666,0.5,2.366048035904684,1.0986122886681098,200.0,0.5,9.6552,11429.57,21.0
1001000294,Dr. David Moore,Palliative Care,Nashville,TN,Subsys,REP-H279,Holden Mercer,TERR-H11,1,10.0,14,10,8,-0.9029549195657287,1.6892948535583854,1.9170613055674843,8.5892,0.07947818304914556,28.3527,hybrid,0.13545110886851783,1.4128049897253234,0.41081884978127314,1.4828932857456272,1.243727311658896,1.4924370004413066,0.41081884978127314,1.700138136146691,71.42857142857143,3.3333333333333335,0.8,3.299906352179536,2.3978952727983707,714.2857142857143,0.8,26.1101,51443.52,14.0
1001000295,Dr. Mary Nguyen,Pain Management,Jacksonville,FL,Abstral,REP-H348,Harvey Blackwood,TERR-H08,2,2.0,10,5,1,-0.22623827465883412,-0.907100335868829,-0.34483680012133644,5.2061,0.046044981431688115,10.0442,hybrid,-1.2122290078246534,-0.18304055158907967,-0.923296369867169,-0.9259070917684198,0.05990714800519574,-1.2620396868592858,-0.923296369867169,0.6598159123939163,50.0,1.6666666666666667,0.2,2.3558604218529062,1.791759469228055,100.0,0.2,9.5472,21242.78,18.0
1001000296,Dr. Sharon Nguyen,Anesthesiology,Austin,TX,Subsys,REP-H356,Hayden Blackwood,TERR-H04,2,7.0,12,7,6,-0.22623827465883412,0.194685196187102,-0.27936394399224435,11.0643,0.09925567490438336,18.4097,hybrid,-0.6881311846661978,0.4552976649366816,0.5378774421287437,0.3770701892560298,0.6217677674968723,0.12053678990593411,0.5378774421287437,1.0577515621038585,58.333333333333336,2.3333333333333335,0.8571428571428571,2.86651726620655,2.0794415416798357,408.33333333333337,0.8571428571428571,16.5757,22116.97,18.0
1001000297,Dr. John Hernandez,Palliative Care,Boston,MA,Fentora,REP-H166,Holly Hayes,TERR-H06,3,1.0,2,2,3,-1.241313242019176,-1.3441306958060462,-1.3914213677514422,5.6253,0.04784891481715947,7.1396,hybrid,1.9323579311260792,-1.1405478763777217,1.9672866060377887,-1.7091585503492992,-1.2938515375785122,-1.2620396868592858,1.9672866060377887,0.4401263765231205,100.0,0.6666666666666666,1.5,2.0488921239407376,1.0986122886681098,100.0,1.5,6.7593,7268.84,12.0
1001000298,Dr. Jennifer Hernandez,Anesthesiology,Los Angeles,CA,Actiq,REP-H209,Harrison Bishop,TERR-H01,2,8.0,11,7,7,0.1121200477946132,0.7339385546949486,0.15779033027954012,8.3974,0.07694095013446445,21.6965,hybrid,-0.35461438811081747,0.4552976649366816,0.8555239229974204,0.8331699432153424,0.6217677674968723,0.5723369653599245,0.8555239229974204,1.2772696140496145,63.63636363636363,2.3333333333333335,1.0,3.0452697774431337,2.0794415416798357,509.09090909090907,1.0,20.0157,27953.83,20.0
1001000299,Dr. John Young,Pain Management,Atlanta,GA,Fentora,REP-H160,Hattie Sterling,TERR-H12,3,1.0,3,2,2,-1.0721340807924524,-1.1997079867382323,-1.1457979845988515,4.686,0.04063489317575941,8.0406,hybrid,-0.16403336150774317,-1.1405478763777217,0.8555239229974204,-1.4228760243093217,-1.2938515375785122,-1.4115074140771473,0.8555239229974204,0.5308134423425417,66.66666666666666,0.6666666666666666,1.0,2.161090650707239,1.0986122886681098,66.66666666666666,1.0,7.6806,10548.39,13.0
1001000300,Dr. John Sanchez,Anesthesiology,Chicago,IL,Actiq,REP-H294,Hazel Gallagher,TERR-H02,3,1.0,3,1,2,-0.3954174358855578,-1.4712471342984914,-1.545694766780841,2.5752,0.02179461209341449,6.1015,hybrid,-2.2604246541415645,-1.4597169846406022,3.079049289078157,-1.9908027791056755,-2.085749603670544,-1.560975141295009,3.079049289078157,0.3795875523820165,33.33333333333333,0.3333333333333333,2.0,1.9385114172456313,0.6931471805599453,33.33333333333333,2.0,5.9484,5208.99,17.0
1001000301,Dr. Charles Hernandez,Neurology,Philadelphia,PA,Fentora,REP-H297,Hunter Gallagher,TERR-H05,2,7.0,7,5,3,-0.9029549195657287,0.37293664791944875,0.2974808356394898,5.4707,0.0504865691748555,18.6818,hybrid,0.13545110886851783,-0.18304055158907967,-0.03388622343487435,0.5370295010768351,0.05990714800519574,0.5315730397550533,-0.03388622343487435,1.0982072353410341,71.42857142857143,1.6666666666666667,0.6,2.929207781681363,1.791759469228055,500.0,0.6,17.7128,29818.97,14.0
1001000302,Dr. Carol Thompson,Family Practice,Philadelphia,PA,Actiq,REP-H299,Holden Gallagher,TERR-H07,2,7.0,9,7,0,-0.5645965971122814,0.2816711521859404,0.16543565813007327,3.5097,0.03262149580982676,17.7318,hybrid,0.5347637360368652,0.4552976649366816,-1.3680014430833163,0.456382850669223,0.6217677674968723,0.7308633427122021,-1.3680014430833163,1.173407040850849,77.77777777777779,2.3333333333333335,0.0,2.8976011185379633,2.0794415416798357,544.4444444444445,0.0,17.1306,28055.91,16.0
1001000303,Dr. Melissa Hill,Oncology,Baltimore,MD,Actiq,REP-H310,Hope Kensington,TERR-H06,1,10.0,16,10,1,-1.0721340807924524,4.929000488521792,3.8005546282905103,4.6756,0.044760578634925885,48.9639,hybrid,-0.4260822730869703,1.4128049897253234,-1.1456489064752426,2.92869978822439,1.243727311658896,1.0920770168220342,-1.1456489064752426,3.0220038638813915,62.5,3.3333333333333335,0.1,3.8665401660256964,2.3978952727983707,625.0,0.1,46.7768,76591.82,13.0
1001000304,Dr. Nancy Taylor,Neurology,Austin,TX,Abstral,REP-H194,Hazel Monroe,TERR-H10,1,9.0,13,11,6,-1.0721340807924524,1.053712661096157,0.7659294260267406,9.8989,0.09047776506330596,24.2389,hybrid,0.9647927191412383,1.731974097988204,-0.1551694252210964,1.0695447216830503,1.413665833588904,1.7043198225413518,-0.1551694252210964,1.3674641784352395,84.61538461538461,3.6666666666666665,0.5454545454545454,3.1379086900435187,2.4849066497880004,761.5384615384615,0.5454545454545454,22.0556,36073.67,13.0
1001000305,Dr. Richard Lewis,Internal Medicine,Atlanta,GA,Subsys,REP-H247,Heather Conway,TERR-H03,1,9.0,11,9,2,0.1121200477946132,1.09903188956843,1.8630092570787515,3.4698,0.03267139423615406,23.12,hybrid,0.7888717715076315,1.0936358814624427,-0.8738846950653749,1.1013405837921877,1.057580722084056,1.5914351054817086,-0.8738846950653749,1.3453438775726612,81.81818181818183,3.0,0.2222222222222222,3.1503699776228307,2.302585092994046,736.3636363636365,0.2222222222222222,22.3447,50721.82,20.0
1001000306,Dr. Charles Smith,Oncology,Las Vegas,NV,Subsys,REP-H135,Homer Finch,TERR-H11,1,10.0,12,5,3,0.7888366927015078,1.6166210579176186,2.949931766783884,6.5636,0.06125997410466821,27.3299,hybrid,-1.7363268309831086,-0.18304055158907967,-0.03388622343487435,1.438882402578824,0.05990714800519574,0.15790372171039968,-0.03388622343487435,1.6568859369395534,41.66666666666667,1.6666666666666667,0.6,3.2826578099044887,1.791759469228055,416.66666666666674,0.6,25.6465,65234.35,24.0
1001000307,Dr. Deborah Miller,Pain Management,Boston,MA,Subsys,REP-H260,Hattie Conway,TERR-H04,2,3.0,14,10,8,-0.22623827465883412,-0.8263377398504445,-0.9072934142616329,11.7281,0.10136970208209206,11.2426,hybrid,0.13545110886851783,1.4128049897253234,0.41081884978127314,-0.8042187106361969,1.243727311658896,-0.7495789078266175,0.41081884978127314,0.6954218657692878,71.42857142857143,3.3333333333333335,0.8,2.4035519707451685,2.3978952727983707,214.28571428571428,0.8,10.0624,13732.89,18.0
1001000308,Dr. Lisa Baker,Pain Management,Los Angeles,CA,Fentora,REP-H343,Howard Blackwood,TERR-H03,2,7.0,5,3,3,-0.22623827465883412,0.29908715454937707,0.6698318191327287,5.3168,0.04903107969133824,18.1584,hybrid,-0.5833116200345069,-0.821378768114841,0.8555239229974204,0.47197056101205015,-0.7319909180868357,0.1728504944321855,0.8555239229974204,1.1915899967238759,60.0,1.0,1.0,2.9037101820575577,1.3862943611198906,420.0,1.0,17.2417,34790.58,18.0
1001000309,Dr. Amanda Perez,Pain Management,Denver,CO,Fentora,REP-H111,Hugh Vance,TERR-H11,2,3.0,5,4,2,-0.9029549195657287,-0.8161953874389742,-1.1926623164553778,7.0999,0.06261512520365908,10.8461,hybrid,0.6745231555457861,-0.5022096598519604,-0.256238760042948,-0.7893389591818127,-0.29617796349965275,-0.6342752325442671,-0.256238760042948,0.6998933432215132,80.0,1.3333333333333333,0.5,2.409383574283557,1.6094379124341003,240.0,0.5,10.1271,9922.66,14.0
1001000310,Dr. Deborah Jackson,Neurology,Nashville,TN,Subsys,REP-H234,Hazel Sinclair,TERR-H02,2,2.0,4,3,0,1.9730908212885734,-0.8987450440059022,-0.7405154703857899,-0.5538,-0.00503126681960131,9.5473,hybrid,0.3600644616507129,-0.821378768114841,-1.3680014430833163,-0.9130452645961169,-0.7319909180868357,-1.0378380960324933,-1.3680014430833163,0.5952383904798563,75.0,1.0,0.0,2.3609011698168816,1.3862943611198906,150.0,0.0,9.6005,15959.7,31.0
1001000311,Dr. Lisa Lopez,Family Practice,Phoenix,AZ,Actiq,REP-H119,Holden Vance,TERR-H07,1,9.0,6,5,6,1.6347324988351262,0.9931877419915408,0.019123645763210927,4.3025,0.04030257161335804,22.6018,hybrid,0.8841622848091689,-0.18304055158907967,1.3002289962135676,1.0264530699124266,0.05990714800519574,1.6525809938890157,1.3002289962135676,1.4843113417929008,83.33333333333334,1.6666666666666667,1.2,3.121020408696148,1.791759469228055,750.0000000000001,1.2,21.6695,26102.36,29.0
1001000312,Dr. Sarah Nguyen,Pain Management,Portland,OR,Subsys,REP-H287,Heather Gallagher,TERR-H07,2,4.0,2,2,1,-0.3954174358855578,-0.43274549201861257,0.49738129364051226,3.8061,0.03464612455835869,13.0517,hybrid,1.9323579311260792,-1.1405478763777217,-0.256238760042948,-0.2823068470555948,-1.2938515375785122,0.08316985810146854,-0.256238760042948,0.8689455997267459,100.0,0.6666666666666666,0.5,2.6080972603431984,1.0986122886681098,400.0,0.5,12.5732,32488.03,17.0
1001000313,Dr. Michael Sanchez,Pain Management,Los Angeles,CA,Abstral,REP-H179,Holden Hayes,TERR-H07,3,2.0,3,2,2,0.4504783702480605,-1.064283284292032,-0.7890986528905307,3.3421,0.029484034688491256,8.8301,hybrid,-0.16403336150774317,-1.1405478763777217,0.8555239229974204,-1.1807971853997739,-1.2938515375785122,-1.1125719596414243,0.8555239229974204,0.5905183785245746,66.66666666666666,0.6666666666666666,1.0,2.2559650723588196,1.0986122886681098,133.33333333333331,1.0,8.5445,15311.02,22.0
1001000314,Dr. Elizabeth Moore,Anesthesiology,Phoenix,AZ,Fentora,REP-H209,Harrison Bishop,TERR-H01,2,4.0,5,3,0,1.4655533376084025,-0.44512950810062424,-0.8538105712163172,3.2416,0.029571321026016673,12.8992,hybrid,-0.5833116200345069,-0.821378768114841,-1.3680014430833163,-0.29720112538875754,-0.7319909180868357,-0.6342752325442671,-1.3680014430833163,0.79729722227345,60.0,1.0,0.0,2.6022599634975023,1.3862943611198906,240.0,0.0,12.4942,14446.99,28.0
1001000315,Dr. Nancy Hill,Pain Management,Baltimore,MD,Subsys,REP-H290,Hope Gallagher,TERR-H10,2,5.0,7,4,2,0.4504783702480605,-0.1787164026401341,0.672857595437211,4.607,0.042137201049770034,14.8476,hybrid,-0.7630023022602633,-0.5022096598519604,-0.256238760042948,0.00546855515333331,-0.29617796349965275,-0.42929092093119997,-0.256238760042948,0.9809398688354208,57.14285714285714,1.3333333333333333,0.5,2.7208808682500614,1.6094379124341003,285.71428571428567,0.5,14.1937,34830.98,22.0
1001000316,Dr. Kathleen Rodriguez,Neurology,Philadelphia,PA,Subsys,REP-H363,Howard Whitman,TERR-H11,2,4.0,3,2,1,-0.05705911343211046,-0.49900781604223676,-0.009452714359937315,2.4053,0.021976427061265902,12.4427,hybrid,-0.16403336150774317,-1.1405478763777217,-0.256238760042948,-0.3630321279183202,-1.2938515375785122,-0.514701050769978,-0.256238760042948,0.7533403534738288,66.66666666666666,0.6666666666666666,0.5,2.576459780714613,1.0986122886681098,266.66666666666663,0.5,12.1505,25720.81,19.0
1001000317,Dr. Jessica Taylor,Pain Management,Nashville,TN,Lazanda,REP-H249,Harrison Conway,TERR-H05,2,5.0,8,7,2,0.4504783702480605,-0.15357214720273318,-0.35069886723400534,8.2348,0.07416333042759948,15.5361,hybrid,1.146211196388396,0.4552976649366816,-0.732708481345963,0.03226431634046343,0.6217677674968723,0.25132105122156284,-0.732708481345963,0.9920252627046166,87.5,2.3333333333333335,0.2857142857142857,2.7313825393452897,2.0794415416798357,437.5,0.2857142857142857,14.3541,21164.51,22.0
1001000318,Dr. Sarah Miller,Palliative Care,Nashville,TN,Fentora,REP-H321,Helen Thornton,TERR-H05,2,3.0,6,3,4,-1.0721340807924524,-0.6578210653167424,-0.36200957855833443,2.9002,0.026264020918193243,11.4604,hybrid,-1.2122290078246534,-0.821378768114841,1.5966990450243326,-0.5675869600960808,-0.7319909180868357,-1.0378380960324933,1.5966990450243326,0.7252028325253506,50.0,1.0,1.3333333333333333,2.496291594654564,1.3862943611198906,150.0,1.3333333333333333,11.1374,21013.49,13.0
1001000319,Dr. William Clark,Pain Management,Atlanta,GA,Lazanda,REP-H131,Hugh Finch,TERR-H07,2,8.0,13,5,0,0.9580158539282314,0.49303025197551287,1.5145776344360693,6.0166,0.05550768910025683,19.5907,hybrid,-1.9379029168132837,-0.18304055158907967,-1.3680014430833163,0.6394088619668961,0.05990714800519574,-0.3307407711172249,-1.3680014430833163,1.2770940446974968,38.46153846153847,1.6666666666666667,0.0,2.969331828447517,1.791759469228055,307.69230769230774,0.0,18.4789,46069.58,25.0
1001000320,Dr. Stephanie Allen,Oncology,Houston,TX,Subsys,REP-H298,Hilda Gallagher,TERR-H06,2,8.0,9,7,4,0.28129920902133687,0.6969119142067063,0.43811951743544797,11.2958,0.10212276698881517,22.0137,hybrid,0.5347637360368652,0.4552976649366816,-0.09741551960860971,0.8043299076972474,0.6217677674968723,1.0796213728872126,-0.09741551960860971,1.2778498192617276,77.77777777777779,2.3333333333333335,0.5714285714285714,3.033966923783906,2.0794415416798357,622.2222222222223,0.5714285714285714,19.7795,31696.77,21.0
1001000321,Dr. Laura Wright,Family Practice,Houston,TX,Subsys,REP-H217,Hunter Bishop,TERR-H09,2,8.0,9,7,7,0.7888366927015078,0.45493764554603433,1.1579329764084978,5.62,0.051909659898287774,19.2608,hybrid,0.5347637360368652,0.4552976649366816,0.8555239229974204,0.6073777040374768,0.6217677674968723,1.0796213728872126,0.8555239229974204,1.2491175706777344,77.77777777777779,2.3333333333333335,1.0,2.956778324815919,2.0794415416798357,622.2222222222223,1.0,18.2359,41307.68,24.0
1001000323,Dr. Linda Lee,Pain Management,Jacksonville,FL,Subsys,REP-H168,Harvey Hayes,TERR-H08,2,8.0,11,7,2,0.4504783702480605,0.5018244709907136,0.8916893771135791,6.7178,0.061788069472006324,19.7801,hybrid,-0.35461438811081747,0.4552976649366816,-0.732708481345963,0.6467469256421026,0.6217677674968723,0.5723369653599245,-0.732708481345963,1.2809711681143414,63.63636363636363,2.3333333333333335,0.2857142857142857,2.972207728507034,2.0794415416798357,509.09090909090907,0.2857142857142857,18.535,37752.81,22.0
1001000324,Dr. Robert Allen,Oncology,Seattle,WA,Actiq,REP-H300,Hattie Gallagher,TERR-H08,2,2.0,7,6,2,-0.5645965971122814,-0.8464343330366961,-0.1459039913741235,4.4845,0.03993557443892959,10.3797,hybrid,1.033904519997298,0.1361285566738009,-0.6268263210564041,-0.8339610460517984,0.36097281999740366,-0.9417516999638681,-0.6268263210564041,0.6417965911428426,85.71428571428571,2.0,0.3333333333333333,2.391895491873106,1.9459101490553132,171.42857142857142,0.3333333333333333,9.9342,23898.92,16.0
1001000325,Dr. Richard Flores,Oncology,Chicago,IL,Subsys,REP-H239,Holden Sinclair,TERR-H07,2,5.0,9,7,6,-0.05705911343211046,-0.3088583032893243,-0.2061633750142299,6.1488,0.05563100279065969,14.1852,hybrid,0.5347637360368652,0.4552976649366816,0.5378774421287437,-0.1379057641777182,0.6217677674968723,0.03334728236218146,0.5378774421287437,0.8633456892087312,77.77777777777779,2.3333333333333335,0.8571428571428571,2.664690266512645,2.0794415416798357,388.8888888888889,0.8571428571428571,13.3635,23094.34,19.0
1001000327,Dr. Sharon Jackson,Anesthesiology,Denver,CO,Abstral,REP-H290,Hope Gallagher,TERR-H10,2,5.0,6,5,1,1.8039116600618497,-0.16749240831770332,-0.009815208352850543,5.9799,0.054379197774943044,15.1184,hybrid,0.8841622848091689,-0.18304055158907967,-0.923296369867169,0.01746453874893575,0.05990714800519574,0.15790372171039968,-0.923296369867169,0.9103171123319178,83.33333333333334,1.6666666666666667,0.2,2.7255822787942514,1.791759469228055,416.66666666666674,0.2,14.2653,25715.97,30.0
1001000328,Dr. Dorothy White,Family Practice,Houston,TX,Subsys,REP-H270,Hope Mercer,TERR-H02,2,7.0,5,4,0,0.1121200477946132,0.2303166753699024,1.1242232819311608,2.8448,0.026495286702222565,17.281,hybrid,0.6745231555457861,-0.5022096598519604,-1.3680014430833163,0.40985715467598816,-0.29617796349965275,0.8006149487472042,-1.3680014430833163,1.1509671878052616,80.0,1.3333333333333333,0.0,2.8793669824227255,1.6094379124341003,560.0,0.0,16.803,40857.59,20.0
1001000329,Dr. Barbara Hill,Anesthesiology,Denver,CO,Lazanda,REP-H179,Holden Hayes,TERR-H07,2,6.0,14,10,0,0.4504783702480605,-0.12494782648659007,-0.8178914608730838,4.7753,0.04371186567752572,15.2309,hybrid,0.13545110886851783,1.4128049897253234,-1.3680014430833163,0.06243008233587921,1.243727311658896,0.21128505285963553,-1.3680014430833163,0.9276360656162429,71.42857142857143,3.3333333333333335,0.0,2.7432049671765855,2.3978952727983707,428.57142857142856,0.0,14.5367,14926.58,22.0
1001000330,Dr. Melissa Allen,Pain Management,Houston,TX,Actiq,REP-H341,Helen Blackwood,TERR-H01,2,3.0,7,6,2,-1.0721340807924524,-0.6516917611546327,0.15635832921662657,7.7013,0.06830661517971937,12.0373,hybrid,1.033904519997298,0.1361285566738009,-0.6268263210564041,-0.5593804182670601,0.36097281999740366,-0.5574061156893669,-0.6268263210564041,0.7724183577248415,85.71428571428571,2.0,0.3333333333333333,2.499507864665173,1.9459101490553132,257.1428571428571,0.3333333333333333,11.1765,27934.71,13.0
1001000331,Dr. Ashley Torres,Oncology,Nashville,TN,Subsys,REP-H188,Harvey Monroe,TERR-H04,2,4.0,13,7,5,0.4504783702480605,-0.42340261406306967,0.5157928428714744,6.8483,0.061532055067639924,13.498,hybrid,-0.9703377048284432,0.4552976649366816,0.22023096126006708,-0.2711274098053994,0.6217677674968723,-0.7446514003359187,0.22023096126006708,0.8161389922277891,53.84615384615385,2.3333333333333335,0.7142857142857143,2.612478653811046,2.0794415416798357,215.3846153846154,0.7142857142857143,12.6328,32733.86,22.0
1001000332,Dr. Michael Perez,Oncology,Las Vegas,NV,Subsys,REP-H312,Hilary Kensington,TERR-H08,2,5.0,5,3,1,-1.4104924032458996,-0.26451098493994357,-0.5940678972488505,5.6502,0.05130865640632498,14.4175,hybrid,-0.5833116200345069,-0.821378768114841,-0.6268263210564041,-0.0881391419695387,-0.7319909180868357,-0.3652333235521162,-0.6268263210564041,0.8816223753670841,60.0,1.0,0.3333333333333333,2.6841945714771858,1.3862943611198906,300.0,0.3333333333333333,13.6464,17915.06,11.0
1001000334,Dr. Patricia Harris,Palliative Care,Chicago,IL,Actiq,REP-H130,Hope Finch,TERR-H06,2,6.0,5,3,3,0.28129920902133687,-0.05384162781822982,-0.16138712838960884,3.8287,0.03526748869062013,15.5643,hybrid,-0.5833116200345069,-0.821378768114841,0.8555239229974204,0.1358574654644172,-0.7319909180868357,-0.09619141455996535,0.8555239229974204,0.9760813134488088,60.0,1.0,1.0,2.7719822883959426,1.3862943611198906,360.0,1.0,14.9903,23692.19,21.0
1001000335,Dr. Sharon Torres,Neurology,Columbus,OH,Abstral,REP-H303,Howard Kensington,TERR-H11,2,4.0,9,5,2,1.127195015154955,-0.45111772853521714,-0.09159055775413665,2.9378,0.026829187569434865,12.8219,hybrid,-0.8628304590523498,-0.18304055158907967,-0.4785912966510216,-0.30443447311239014,0.05990714800519574,-0.7139913537271265,-0.4785912966510216,0.7722815886482046,55.55555555555556,1.6666666666666667,0.4,2.599425103230592,1.791759469228055,222.22222222222223,0.4,12.456,24624.11,26.0
1001000336,Dr. Carol Robinson,Palliative Care,Denver,CO,Subsys,REP-H221,Helen Sinclair,TERR-H01,2,9.0,11,7,4,1.2963741763816787,0.80955943264384,-0.3509654950469744,6.6999,0.06192266259178725,21.8714,hybrid,-0.35461438811081747,0.4552976649366816,-0.09741551960860971,0.8910772938559809,0.6217677674968723,0.8576844445940242,-0.09741551960860971,1.3347172752516645,63.63636363636363,2.3333333333333335,0.5714285714285714,3.06796455913555,2.0794415416798357,572.7272727272727,0.5714285714285714,20.4981,21160.95,27.0
1001000337,Dr. Linda Lewis,Family Practice,Portland,OR,Abstral,REP-H301,Helen Kensington,TERR-H09,2,6.0,8,6,4,-0.05705911343211046,-0.06611591211217276,0.6122387136223142,2.2266,0.020650068272380473,15.244,hybrid,0.3600644616507129,0.1361285566738009,0.11434880097050806,0.12333244854335336,0.36097281999740366,0.3073714489282609,0.11434880097050806,1.0214379994377232,75.0,2.0,0.6666666666666666,2.767073541551671,1.9459101490553132,450.0,0.6666666666666666,14.912,34021.6,19.0
1001000338,Dr. Mary Jackson,Oncology,Miami,FL,Fentora,REP-H285,Henry Gallagher,TERR-H05,2,8.0,10,8,6,-0.7337757583390051,0.4910864317297288,0.425701102360047,11.0774,0.09992052803841522,20.5121,hybrid,0.6745231555457861,0.7744667731995619,0.2996425814772362,0.6377840496112422,0.8518052140972275,1.159337494070072,0.2996425814772362,1.1930237714500718,80.0,2.6666666666666665,0.75,2.968695039485585,2.1972245773362196,640.0,0.75,18.4665,31530.96,15.0
1001000339,Dr. Kathleen Carter,Pain Management,Phoenix,AZ,Actiq,REP-H184,Hannah Monroe,TERR-H12,3,2.0,7,4,0,0.7888366927015078,-1.034091366603482,-0.581987260666846,2.3063,0.02048283363085135,8.9386,hybrid,-0.7630023022602633,-0.5022096598519604,-1.3680014430833163,-1.129821233982048,-0.29617796349965275,-1.1979820894802022,-1.3680014430833163,0.6038291444797309,57.14285714285714,1.3333333333333333,0.0,2.27594333204761,1.6094379124341003,114.28571428571428,0.0,8.7371,18076.36,24.0
1001000340,Dr. Sharon Hall,Anesthesiology,Columbus,OH,Subsys,REP-H152,Hilary Sterling,TERR-H04,2,5.0,10,6,3,1.127195015154955,-0.19210368078448586,-0.714972376112432,4.2519,0.038938607317930085,14.7082,hybrid,-0.5833116200345069,0.1361285566738009,-0.256238760042948,-0.008913647652478632,0.36097281999740366,-0.3652333235521162,-0.256238760042948,0.900298410542533,60.0,2.0,0.5,2.7152442616824506,1.9459101490553132,300.0,0.5,14.1083,16300.75,26.0
1001000341,Dr. Margaret Wright,Pain Management,Jacksonville,FL,Actiq,REP-H214,Hazel Bishop,TERR-H06,2,4.0,4,3,2,-0.5645965971122814,-0.5368496069561303,-0.625155501913813,6.2279,0.05586563894419738,12.6508,hybrid,0.3600644616507129,-0.821378768114841,0.11434880097050806,-0.41030583121536074,-0.7319909180868357,-0.3652333235521162,0.11434880097050806,0.823049028227165,75.0,1.0,0.6666666666666666,2.557932489027994,1.3862943611198906,300.0,0.6666666666666666,11.9091,17499.98,16.0
1001000343,Dr. Joseph Smith,Pain Management,Portland,OR,Fentora,REP-H324,Hannah Thornton,TERR-H08,2,5.0,9,7,6,-0.05705911343211046,-0.22011663868139048,0.7336989167477588,9.0062,0.08068963817579622,15.1842,hybrid,0.5347637360368652,0.4552976649366816,0.5378774421287437,-0.03927336968076097,0.6217677674968723,0.03334728236218146,0.5378774421287437,0.9626876710744823,77.77777777777779,2.3333333333333335,0.8571428571428571,2.7033458194976205,2.0794415416798357,388.8888888888889,0.8571428571428571,13.9296,35643.33,19.0
1001000344,Dr. Rebecca Lopez,Family Practice,Nashville,TN,Abstral,REP-H353,Hector Blackwood,TERR-H01,2,7.0,6,4,0,-0.22623827465883412,0.32253840525657873,-0.16238398687012,1.1249,0.010584684915734499,17.587,hybrid,-0.16403336150774317,-0.5022096598519604,-1.3680014430833163,0.4928106324654782,-0.29617796349965275,0.38210531253719154,-1.3680014430833163,1.19126439643383,66.66666666666666,1.3333333333333333,0.0,2.911877726710481,1.6094379124341003,466.66666666666663,0.0,17.3913,23678.88,18.0
1001000346,Dr. Deborah Nelson,Neurology,Austin,TX,Abstral,REP-H243,Howard Conway,TERR-H11,1,10.0,12,7,8,-0.5645965971122814,1.58909405508216,2.467990011569516,6.8006,0.06338233884795397,27.203,hybrid,-0.6881311846661978,0.4552976649366816,1.1731704038660968,1.4220119409433032,0.6217677674968723,0.9052423577997074,1.1731704038660968,1.5792154075385,58.333333333333336,2.3333333333333335,1.1428571428571428,3.2760460164165695,2.0794415416798357,583.3333333333334,1.1428571428571428,25.4709,58799.49,16.0
1001000347,Dr. Deborah Martinez,Anesthesiology,Los Angeles,CA,Actiq,REP-H206,Holly Bishop,TERR-H10,2,8.0,11,8,9,-0.9029549195657287,0.3939581233194204,-0.32256289237497465,10.3793,0.09374660804531176,19.6992,hybrid,0.21712869169840726,0.7744667731995619,1.1334645937575125,0.5552494095202025,0.8518052140972275,0.8984483701988956,1.1334645937575125,1.1388711399042786,72.72727272727273,2.6666666666666665,1.125,2.936348444136189,2.1972245773362196,581.8181818181819,1.125,17.8469,21540.18,14.0
1001000348,Dr. Ashley Wilson,Pain Management,Los Angeles,CA,Abstral,REP-H229,Harrison Sinclair,TERR-H09,2,3.0,10,7,1,0.4504783702480605,-0.7626776268010151,-0.2717006412329716,5.981,0.053154925345826776,11.0946,hybrid,0.04560576775563961,0.4552976649366816,-1.0503549622146398,-0.7122290180320956,0.6217677674968723,-0.7687961870403425,-1.0503549622146398,0.7234878162074444,70.0,2.3333333333333335,0.14285714285714285,2.439604146652133,2.0794415416798357,210.0,0.14285714285714285,10.4685,22219.29,22.0
1001000349,Dr. Dorothy Thompson,Internal Medicine,Denver,CO,Actiq,REP-H262,Harold Mercer,TERR-H06,2,4.0,4,3,2,0.7888366927015078,-0.40672338227666405,-0.9108696721462622,4.8253,0.043768621348351466,13.3539,hybrid,0.3600644616507129,-0.821378768114841,0.11434880097050806,-0.25129045673336176,-0.7319909180868357,-0.3652333235521162,0.11434880097050806,0.7670098379111666,75.0,1.0,0.6666666666666666,2.6202530609360832,1.3862943611198906,300.0,0.6666666666666666,12.7392,13685.14,24.0
1001000350,Dr. John Hernandez,Anesthesiology,Los Angeles,CA,Subsys,REP-H201,Helen Bishop,TERR-H05,2,6.0,5,4,0,2.3114491437420206,-0.11105891731106826,0.8786553214138504,5.4987,0.050187104011626626,15.4295,hybrid,0.6745231555457861,-0.5022096598519604,-1.3680014430833163,0.07693940873954061,-0.29617796349965275,0.44189240342433633,-1.3680014430833163,0.9332899317215899,80.0,1.3333333333333333,0.0,2.7488913954381475,1.6094379124341003,480.0,0.0,14.6253,37578.78,33.0
1001000351,Dr. Elizabeth Miller,Oncology,Seattle,WA,Lazanda,REP-H262,Harold Mercer,TERR-H06,2,2.0,9,6,5,-0.3954174358855578,-0.959128879383002,-0.3897141556076171,8.0135,0.06979070231673346,9.9537,hybrid,-0.16403336150774317,0.1361285566738009,0.48493636198396434,-1.007490582903487,0.36097281999740366,-1.1125719596414243,0.48493636198396434,0.5953522303113121,66.66666666666666,2.0,0.8333333333333334,2.3238865964139612,1.9459101490553132,133.33333333333331,0.8333333333333334,9.2153,20643.58,17.0
1001000352,Dr. Sarah Rivera,Pain Management,Los Angeles,CA,Subsys,REP-H350,Hope Blackwood,TERR-H10,2,6.0,6,5,6,-0.05705911343211046,0.013721801692491847,-0.7467954541266522,9.1036,0.08203391380162328,16.8252,hybrid,0.8841622848091689,-0.18304055158907967,1.3002289962135676,0.20372156360922863,0.05990714800519574,0.5315730397550535,1.3002289962135676,1.0657804518393144,83.33333333333334,1.6666666666666667,1.2,2.7985792726321437,1.791759469228055,500.00000000000006,1.2,15.4213,15875.85,19.0
1001000353,Dr. Sandra Torres,Palliative Care,Nashville,TN,Actiq,REP-H180,Hattie Hayes,TERR-H08,1,10.0,11,8,7,-0.7337757583390051,1.2785060669392536,0.8936726087111706,9.0057,0.08285063041486795,25.605,hybrid,0.21712869169840726,0.7744667731995619,0.5775832522373283,1.223506137102228,0.8518052140972275,1.5506711798768373,0.5775832522373283,1.5295063888239153,72.72727272727273,2.6666666666666665,0.875,3.198248537633465,2.1972245773362196,727.2727272727274,0.875,23.4896,37779.29,15.0
1001000354,Dr. Stephanie Davis,Pain Management,Portland,OR,Abstral,REP-H371,Hugh Whitman,TERR-H07,3,1.0,2,1,0,-1.241313242019176,-1.4982881820725045,-1.1687684200588686,0.5291,0.004505838698840803,5.8065,hybrid,-1.2122290078246534,-1.4597169846406022,-1.3680014430833163,-2.0549472828857227,-2.085749603670544,-1.486241277686078,-1.3680014430833163,0.3991778456925613,50.0,0.3333333333333333,0.0,1.91337219927155,0.6931471805599453,50.0,0.0,5.7759,10241.69,12.0
1001000355,Dr. Margaret Thomas,Pain Management,Chicago,IL,Lazanda,REP-H321,Helen Thornton,TERR-H05,2,4.0,2,2,2,-0.9029549195657287,-0.5536385705306043,-0.4549945304222903,3.5806,0.032477322820447796,12.2246,hybrid,1.9323579311260792,-1.1405478763777217,0.8555239229974204,-0.4315631755317611,-1.2938515375785122,0.08316985810146854,0.8555239229974204,0.8156472471586435,100.0,0.6666666666666666,1.0,2.549601408719812,1.0986122886681098,400.0,1.0,11.802,19771.96,14.0
1001000356,Dr. Jennifer White,Family Practice,Baltimore,MD,Fentora,REP-H308,Harvey Kensington,TERR-H04,3,1.0,8,6,1,0.6196575314747842,-1.2243192592050147,-0.4736420003304582,2.5669,0.022401939117661307,7.7167,hybrid,0.3600644616507129,0.1361285566738009,-0.9974138820698603,-1.4694469540009416,0.36097281999740366,-1.374140482272682,-0.9974138820698603,0.5153494455854113,75.0,2.0,0.16666666666666666,2.1428387868096275,1.9459101490553132,75.0,0.16666666666666666,7.5236,19522.98,23.0
1001000357,Dr. Margaret Miller,Pain Management,Las Vegas,NV,Lazanda,REP-H277,Hunter Mercer,TERR-H09,3,2.0,7,4,1,1.4655533376084025,-1.1133020416191843,-0.8524047835619822,4.0967,0.035885111402394365,8.5691,hybrid,-0.7630023022602633,-0.5022096598519604,-0.8121201015631322,-1.265792640478866,-0.29617796349965275,-1.1979820894802022,-0.8121201015631322,0.5689073893543909,57.14285714285714,1.3333333333333333,0.25,2.222654045752918,1.6094379124341003,114.28571428571428,0.25,8.2318,14465.76,28.0
1001000358,Dr. Barbara Walker,Internal Medicine,Baltimore,MD,Fentora,REP-H261,Helen Mercer,TERR-H05,2,5.0,4,3,1,-0.22623827465883412,-0.23116819733685665,-0.8730377319313339,3.5415,0.032503001853651625,14.35,hybrid,0.3600644616507129,-0.821378768114841,-0.6268263210564041,-0.05135084222779908,-0.7319909180868357,-0.028930937311927647,-0.6268263210564041,0.8344374878010118,75.0,1.0,0.3333333333333333,2.6986124721795544,1.3862943611198906,375.0,0.3333333333333333,13.8591,14190.27,18.0
1001000359,Dr. Sandra Wright,Palliative Care,Detroit,MI,Subsys,REP-H179,Holden Hayes,TERR-H07,3,2.0,4,3,3,-0.05705911343211046,-1.0226165567654664,-0.3266731548400733,6.431,0.056149327730731,9.3769,hybrid,0.3600644616507129,-0.821378768114841,0.8555239229974204,-1.1107111853215583,-0.7319909180868357,-1.0378380960324933,0.8555239229974204,0.5736755899400305,75.0,1.0,1.0,2.2834328541494364,1.3862943611198906,150.0,1.0,8.8103,21485.3,19.0
1001000360,Dr. Margaret Scott,Neurology,Detroit,MI,Subsys,REP-H218,Hilda Bishop,TERR-H10,2,6.0,2,1,2,1.2963741763816787,-0.0591401055849638,-0.11356488368817348,2.8069,0.025968897956455628,15.3763,hybrid,-1.2122290078246534,-1.4597169846406022,3.079049289078157,0.13045829323600544,-2.085749603670544,-0.3652333235521162,3.079049289078157,0.9273145135370001,50.0,0.3333333333333333,2.0,2.7698662697266725,0.6931471805599453,300.0,2.0,14.9565,24330.71,27.0
1001000362,Dr. Betty Walker,Neurology,Charlotte,NC,Subsys,REP-H211,Hugh Bishop,TERR-H03,2,6.0,10,6,1,0.4504783702480605,-0.014103044567724125,0.1933843943564009,5.7048,0.05215632821250615,16.1135,hybrid,-0.5833116200345069,0.1361285566738009,-0.9974138820698603,0.17599115162785445,0.36097281999740366,-0.09619141455996535,-0.9974138820698603,0.9451273347009878,60.0,2.0,0.16666666666666666,2.7877112975098903,1.9459101490553132,360.0,0.16666666666666666,15.2438,28429.08,22.0
1001000363,Dr. Thomas Walker,Internal Medicine,Phoenix,AZ,Abstral,REP-H315,Homer Kensington,TERR-H11,2,3.0,4,2,3,-1.4104924032458996,-0.708140928130992,-0.873464636013897,2.3889,0.021632239194848246,11.0748,hybrid,-1.2122290078246534,-1.1405478763777217,1.9672866060377887,-0.6359772263016115,-1.2938515375785122,-1.0378380960324933,1.9672866060377887,0.6512406753000457,50.0,0.6666666666666666,1.5,2.4694883970596195,1.0986122886681098,150.0,1.5,10.8164,14184.57,11.0
1001000364,Dr. Mary Sanchez,Oncology,Boston,MA,Subsys,REP-H267,Heather Mercer,TERR-H11,2,3.0,5,2,3,0.7888366927015078,-0.7456535236806804,-1.0160940389527546,8.1115,0.0714941100378379,11.4351,hybrid,-1.8411463956148,-1.1405478763777217,1.9672866060377887,-0.6881808109919175,-1.2938515375785122,-1.1723590505285688,1.9672866060377887,0.6833309903340944,40.0,0.6666666666666666,1.5,2.4490290090026456,1.0986122886681098,120.0,1.5,10.5771,12280.19,24.0
1001000366,Dr. Susan Sanchez,Pain Management,Las Vegas,NV,Subsys,REP-H197,Hunter Monroe,TERR-H01,3,2.0,2,1,2,1.4655533376084025,-1.1131766338613918,-0.6349997602668115,4.5263,0.039574330476801034,8.6053,hybrid,-1.2122290078246534,-1.4597169846406022,3.079049289078157,-1.2655715385815896,-2.085749603670544,-1.2620396868592858,3.079049289078157,0.5689626781018682,50.0,0.3333333333333333,2.0,2.222740698988387,0.6931471805599453,100.0,2.0,8.2326,17368.54,28.0
1001000367,Dr. Linda Wright,Internal Medicine,Detroit,MI,Actiq,REP-H313,Hector Kensington,TERR-H09,2,6.0,6,3,1,-0.05705911343211046,-0.05217997502747887,-0.7750340357564042,2.2475,0.02084871226186813,15.338,hybrid,-1.2122290078246534,-0.821378768114841,-0.6268263210564041,0.1375483464176396,-0.7319909180868357,-0.3652333235521162,-0.6268263210564041,0.9031837067886225,50.0,1.0,0.3333333333333333,2.7726449706578093,1.3862943611198906,300.0,0.3333333333333333,15.0009,15498.81,19.0
1001000368,Dr. Jennifer Clark,Anesthesiology,Las Vegas,NV,Subsys,REP-H323,Howard Thornton,TERR-H07,1,9.0,16,15,4,0.7888366927015078,0.9954921095409787,0.13497118363474697,7.7186,0.07118758532903957,23.3579,hybrid,1.5392845637572377,3.0086505310397262,-0.7750613454617865,1.0281070958238585,1.9755264530805807,2.0729589766892507,-0.7750613454617865,1.3837422505820258,93.75,5.0,0.26666666666666666,3.1216686469000767,2.772588722239781,843.75,0.26666666666666666,21.6842,27649.15,24.0
1001000369,Dr. Linda Brown,Anesthesiology,Charlotte,NC,Actiq,REP-H107,Heather Vance,TERR-H07,2,5.0,6,3,1,-1.0721340807924524,-0.294859662325734,-0.7441913392230174,3.7652,0.03444501259428545,13.9593,hybrid,-1.2122290078246534,-0.821378768114841,-0.6268263210564041,-0.12209137893433425,-0.7319909180868357,-0.5894349143789086,-0.6268263210564041,0.8584687352371716,50.0,1.0,0.3333333333333333,2.670888167413442,1.3862943611198906,250.0,0.3333333333333333,13.4528,15910.62,13.0
1001000370,Dr. Nancy Robinson,Internal Medicine,Nashville,TN,Actiq,REP-H309,Harrison Kensington,TERR-H05,2,7.0,7,2,2,0.7888366927015078,0.30552997810596794,1.0135330449587998,2.0182,0.018898336747439348,17.6316,hybrid,-2.5599091245178247,-1.1405478763777217,0.8555239229974204,0.47771298701577875,-1.2938515375785122,-0.813636505205701,0.8555239229974204,1.040573790085022,28.57142857142857,0.6666666666666666,1.0,2.905960727162759,1.0986122886681098,200.0,1.0,17.2828,39379.66,24.0
1001000371,Dr. Melissa Torres,Anesthesiology,New York,NY,Actiq,REP-H328,Harvey Thornton,TERR-H12,2,4.0,7,6,6,-1.0721340807924524,-0.36952430612145715,-0.6126981412028096,6.903,0.06211635061192533,13.8722,hybrid,1.033904519997298,0.1361285566738009,0.8555239229974204,-0.2075966200728446,0.36097281999740366,-0.17306053141486571,0.8555239229974204,0.8280744189168915,85.71428571428571,2.0,1.0,2.637377347807164,1.9459101490553132,342.85714285714283,1.0,12.9765,17666.31,13.0
1001000372,Dr. Michelle Hill,Neurology,Chicago,IL,Fentora,REP-H316,Hayden Kensington,TERR-H12,2,7.0,7,5,6,5.695032368276494,0.2858096081930935,1.0184364502720284,6.9828,0.06389462274108171,18.355,hybrid,0.13545110886851783,-0.18304055158907967,1.3002289962135676,0.46009549580043113,0.05990714800519574,0.5315730397550533,1.3002289962135676,1.0637472074853282,71.42857142857143,1.6666666666666667,1.2,2.89905616128853,1.791759469228055,500.0,1.2,17.157,39445.13,53.0
1001000373,Dr. Melissa Flores,Palliative Care,Austin,TX,Subsys,REP-H178,Hilda Hayes,TERR-H06,2,7.0,10,9,8,0.1121200477946132,0.27050986174240577,-0.21251450943551925,7.7953,0.07105504267427332,18.3893,hybrid,1.3034405433359326,1.0936358814624427,0.6084655489884495,0.4463429445299767,1.057580722084056,1.1144971759047135,0.6084655489884495,1.1108090937905584,90.0,3.0,0.8888888888888888,2.893666324845595,2.302585092994046,630.0,0.8888888888888888,17.0594,23009.54,20.0
1001000374,Dr. Jennifer Torres,Neurology,Chicago,IL,Subsys,REP-H317,Hunter Kensington,TERR-H01,2,4.0,8,5,3,0.7888366927015078,-0.49392880185163945,-0.33950499281648255,4.3582,0.03948938179676009,12.7139,hybrid,-0.4260822730869703,-0.18304055158907967,-0.03388622343487435,-0.3567533376691084,0.05990714800519574,-0.5894349143789086,-0.03388622343487435,0.7553491784153993,62.5,1.6666666666666667,0.6,2.578920535220248,1.791759469228055,250.0,0.6,12.1829,21313.97,24.0
1001000375,Dr. Dorothy Thomas,Orthopedics,Chicago,IL,Fentora,REP-H345,Henry Blackwood,TERR-H05,3,2.0,2,2,3,-1.0721340807924524,-1.1269714872185692,-0.7142121872636574,4.5076,0.03935907864489607,8.5117,hybrid,1.9323579311260792,-1.1405478763777217,1.9672866060377887,-1.290008338429042,-1.2938515375785122,-0.813636505205701,1.9672866060377887,0.5469957840446883,100.0,0.6666666666666666,1.5,2.213163541137722,1.0986122886681098,200.0,1.5,8.1446,16310.9,13.0
1001000376,Dr. Sarah Ramirez,Palliative Care,Portland,OR,Abstral,REP-H379,Holden Whitman,TERR-H03,2,3.0,6,4,2,-0.3954174358855578,-0.6553756140397881,-0.7752587221156478,6.9759,0.062051476425051266,11.931,hybrid,-0.16403336150774317,-0.5022096598519604,-0.256238760042948,-0.5643095734988751,-0.29617796349965275,-0.8136365052057011,-0.256238760042948,0.7262186139633339,66.66666666666666,1.3333333333333333,0.5,2.4975760528886632,1.6094379124341003,199.99999999999997,0.5,11.153,15495.81,17.0
1001000378,Dr. Nancy Lopez,Family Practice,Atlanta,GA,Subsys,REP-H159,Holden Sterling,TERR-H11,2,5.0,2,1,1,-0.05705911343211046,-0.2756252474743059,0.18169995472119602,4.167,0.038077468140690574,14.1412,hybrid,-1.2122290078246534,-1.4597169846406022,0.8555239229974204,-0.10052072912355085,-2.085749603670544,-0.5894349143789086,0.8555239229974204,0.929890796765478,50.0,0.3333333333333333,1.0,2.6793420369654664,0.6931471805599453,250.0,1.0,13.5755,28273.07,19.0
1001000379,Dr. Lisa Gonzalez,Pain Management,Denver,CO,Actiq,REP-H146,Holly Sterling,TERR-H10,2,9.0,10,6,6,-1.241313242019176,0.8276808536448595,0.12249285219688101,9.4544,0.08633333633906881,22.5626,hybrid,-0.5833116200345069,0.1361285566738009,0.8555239229974204,0.9047608948186678,0.36097281999740366,0.7109343124164872,0.8555239229974204,1.4246320673406312,60.0,2.0,1.0,3.073327372891985,1.9459101490553132,540.0,1.0,20.6137,27482.54,12.0
1001000380,Dr. Jessica Wright,Palliative Care,Charlotte,NC,Subsys,REP-H113,Hector Vance,TERR-H01,2,9.0,7,5,2,0.9580158539282314,0.8467741847687706,1.0203328031440453,8.149,0.07486976632579934,22.4253,hybrid,0.13545110886851783,-0.18304055158907967,-0.4785912966510216,0.9190994379132064,0.05990714800519574,1.1721490135458887,-0.4785912966510216,1.3501753850835387,71.42857142857143,1.6666666666666667,0.4,3.078946868546989,1.791759469228055,642.8571428571429,0.4,20.7355,39470.45,25.0
1001000381,Dr. Melissa Hernandez,Pain Management,Portland,OR,Subsys,REP-H102,Harold Vance,TERR-H02,3,2.0,10,9,1,1.4655533376084025,-1.1004634224151746,-0.4393698410004812,5.2253,0.04558595976044355,8.7481,hybrid,1.3034405433359326,1.0936358814624427,-1.1209430690743458,-1.243256172093938,1.057580722084056,-0.903317141536418,-1.1209430690743458,0.574567574877378,90.0,3.0,0.1111111111111111,2.231486434464465,2.302585092994046,180.0,0.1111111111111111,8.3137,19980.58,28.0
1001000382,Dr. Lisa Campbell,Pain Management,Seattle,WA,Subsys,REP-H172,Hilary Hayes,TERR-H12,2,7.0,15,7,2,-0.7337757583390051,0.26765683525262585,0.1771493069919798,3.4466,0.03203463480485569,17.6285,hybrid,-1.4218681370880357,0.4552976649366816,-0.732708481345963,0.44377021171112435,0.6217677674968723,-0.2456591417778271,-0.732708481345963,1.1777332543873813,46.666666666666664,2.3333333333333335,0.2857142857142857,2.892658031269204,2.0794415416798357,326.66666666666663,0.2857142857142857,17.0412,28212.31,15.0
1001000383,Dr. Jessica Wilson,Anesthesiology,Jacksonville,FL,Subsys,REP-H274,Hazel Mercer,TERR-H06,2,9.0,9,6,5,0.4504783702480605,0.7468555537475784,0.043966467550259306,7.8385,0.07201385262895954,21.6735,hybrid,-0.16403336150774317,0.1361285566738009,0.48493636198396434,0.8431547810870136,0.36097281999740366,0.9799762214086375,0.48493636198396434,1.2825278371543618,66.66666666666666,2.0,0.8333333333333334,3.0491829890341458,1.9459101490553132,599.9999999999999,0.8333333333333334,20.0981,26434.06,22.0
1001000384,Dr. Joseph Thomas,Palliative Care,Miami,FL,Actiq,REP-H331,Hugh Thornton,TERR-H03,3,1.0,3,2,1,-0.3954174358855578,-1.292509727504699,-1.234633728362106,3.8203,0.03293099124313237,7.3594,hybrid,-0.16403336150774317,-1.1405478763777217,-0.256238760042948,-1.6031062225725399,-1.2938515375785122,-1.4115074140771473,-0.256238760042948,0.46156848085183255,66.66666666666666,0.6666666666666666,0.5,2.090455662942936,1.0986122886681098,66.66666666666666,0.5,7.0886,9362.26,17.0
1001000385,Dr. William Clark,Anesthesiology,New York,NY,Lazanda,REP-H233,Hector Sinclair,TERR-H01,1,9.0,9,8,9,-0.3954174358855578,0.9325530910988561,0.6355079819401258,10.5566,0.09606180549016896,23.5294,hybrid,1.2335608335814718,0.7744667731995619,1.1334645937575125,0.982540999439009,0.8518052140972275,1.8767825847158075,1.1334645937575125,1.3581211756238218,88.88888888888889,2.6666666666666665,1.125,3.1038105926359942,2.1972245773362196,800.0,1.125,21.2827,34332.29,17.0
1001000386,Dr. Joseph Young,Pain Management,Nashville,TN,Subsys,REP-H191,Hugh Monroe,TERR-H07,2,7.0,8,7,2,-0.22623827465883412,0.24790511340030336,0.8650528092252354,6.4952,0.059520776116579466,18.0139,hybrid,1.146211196388396,0.4552976649366816,-0.732708481345963,0.42588748244994035,0.6217677674968723,1.0360266191153362,-0.732708481345963,1.169025276659709,87.5,2.3333333333333335,0.2857142857142857,2.8856495145237955,2.0794415416798357,612.5,0.2857142857142857,16.9152,37397.16,18.0
1001000387,Dr. Michael Torres,Oncology,New York,NY,Abstral,REP-H267,Heather Mercer,TERR-H11,3,2.0,7,5,5,2.142269982515297,-1.0562415118235864,-0.3421248357652644,8.7146,0.07516814190248411,9.3449,hybrid,0.13545110886851783,-0.18304055158907967,0.8555239229974204,-1.1671196657816707,0.05990714800519574,-1.0698668947220351,0.8555239229974204,0.5553295824671989,71.42857142857143,1.6666666666666667,1.0,2.2613255027427432,1.791759469228055,142.85714285714286,1.0,8.5958,21278.99,32.0
1001000388,Dr. Kimberly King,Orthopedics,Portland,OR,Abstral,REP-H365,Henry Whitman,TERR-H01,2,6.0,8,6,6,0.1121200477946132,-0.11792499205020875,-0.36789186744333535,7.4932,0.06777230424479397,15.6741,hybrid,0.3600644616507129,0.1361285566738009,0.8555239229974204,0.06977693834438915,0.36097281999740366,0.3073714489282609,0.8555239229974204,0.9793015034559858,75.0,2.0,1.0,2.7460843130868047,1.9459101490553132,450.0,1.0,14.5815,20934.95,20.0
1001000389,Dr. Sarah Walker,Pain Management,Portland,OR,Abstral,REP-H237,Hunter Sinclair,TERR-H05,2,6.0,9,7,5,0.4504783702480605,0.05333497718520475,-0.2894239012501169,6.7708,0.06170074530918468,16.7352,hybrid,0.5347637360368652,0.4552976649366816,0.22023096126006708,0.24268749322689312,0.6217677674968723,0.38210531253719204,0.22023096126006708,1.0832447849487017,77.77777777777779,2.3333333333333335,0.7142857142857143,2.8138506199884215,2.0794415416798357,466.66666666666674,0.7142857142857143,15.674,21982.65,22.0
1001000390,Dr. Sandra Gonzalez,Palliative Care,Detroit,MI,Abstral,REP-H386,Holly Carrington,TERR-H10,2,3.0,7,5,6,0.6196575314747842,-0.5750049172645054,-0.9630246188084475,4.6294,0.0417585746698661,12.2058,hybrid,0.13545110886851783,-0.18304055158907967,1.3002289962135676,-0.45887482681935177,0.05990714800519574,-0.7495789078266175,1.3002289962135676,0.7596026616078242,71.42857142857143,1.6666666666666667,1.2,2.5388975523566044,1.791759469228055,214.28571428571428,1.2,11.6657,12988.77,23.0
1001000392,Dr. Patricia Robinson,Palliative Care,Jacksonville,FL,Actiq,REP-H209,Harrison Bishop,TERR-H01,2,3.0,3,3,0,-0.9029549195657287,-0.7953620236756915,-1.2189775828500033,3.009,0.027055196606901255,10.5688,hybrid,1.9323579311260792,-0.821378768114841,-1.3680014430833163,-0.7590440311313499,-0.7319909180868357,-0.3652333235521162,-1.3680014430833163,0.6680716380582629,100.0,1.0,0.0,2.421256622711544,1.3862943611198906,300.0,0.0,10.26,9571.3,14.0
1001000393,Dr. Elizabeth Perez,Anesthesiology,Nashville,TN,Abstral,REP-H257,Hunter Conway,TERR-H01,2,2.0,2,1,0,-0.7337757583390051,-0.8771278817564161,-1.081353443040565,-0.3406,-0.003096497465688408,9.7052,hybrid,-1.2122290078246534,-1.4597169846406022,-1.3680014430833163,-0.880066379795411,-2.085749603670544,-1.2620396868592858,-1.3680014430833163,0.6214402898455097,50.0,0.3333333333333333,0.0,2.3738261021912894,0.6931471805599453,100.0,0.0,9.7384,11408.85,15.0
1001000394,Dr. Amanda Wilson,Orthopedics,Philadelphia,PA,Actiq,REP-H272,Hilary Mercer,TERR-H04,2,3.0,3,2,2,0.28129920902133687,-0.6729483761004653,-0.41481611566232673,4.3842,0.03940947498958414,11.5249,hybrid,-0.16403336150774317,-1.1405478763777217,0.8555239229974204,-0.5879546389811235,-1.2938515375785122,-0.8136365052057011,0.8555239229974204,0.7415128738132012,66.66666666666666,0.6666666666666666,1.0,2.488309187917536,1.0986122886681098,199.99999999999997,1.0,11.0409,20308.42,21.0
1001000395,Dr. Susan Allen,Pain Management,Las Vegas,NV,Subsys,REP-H270,Hope Mercer,TERR-H02,1,9.0,16,10,7,-1.0721340807924524,1.138347221636386,1.3551222190079795,9.4903,0.08698630127244078,24.7399,hybrid,-0.4260822730869703,1.4128049897253234,0.18846631317319928,1.1286067709246175,1.243727311658896,0.8118250282885437,0.18846631317319928,1.561596117028735,62.5,3.3333333333333335,0.7,3.161056015884108,2.3978952727983707,562.5,0.7,22.5955,43940.54,13.0
1001000396,Dr. Linda Hill,Anesthesiology,Columbus,OH,Abstral,REP-H261,Helen Mercer,TERR-H05,1,9.0,16,14,7,-0.9029549195657287,0.968905664888964,-0.03524221467393256,10.9326,0.09936557136138369,23.8667,hybrid,1.146211196388396,2.689481422776846,-0.256238760042948,1.0089584236826772,1.849478788176087,1.8207321870091095,-0.256238760042948,1.3729195001140027,87.5,4.666666666666667,0.5,3.114163987661897,2.70805020110221,787.5,0.5,21.5146,25376.47,14.0
1001000398,Dr. Jessica Martin,Neurology,Phoenix,AZ,Actiq,REP-H140,Hattie Finch,TERR-H04,2,6.0,8,6,0,-0.3954174358855578,-0.06327856159211714,-0.616030988864925,1.8322,0.01702920985572698,15.2037,hybrid,0.3600644616507129,0.1361285566738009,-1.3680014430833163,0.12623322726856892,0.36097281999740366,0.3073714489282609,-1.3680014430833163,0.925677693214239,75.0,2.0,0.0,2.7682104013661584,1.9459101490553132,450.0,0.0,14.9301,17621.81,17.0
1001000400,Dr. Charles Gonzalez,Oncology,Jacksonville,FL,Abstral,REP-H310,Hope Kensington,TERR-H06,2,6.0,12,9,10,-0.9029549195657287,-0.05194483548161788,0.5356521212104965,9.3723,0.08421413735981353,16.4084,hybrid,0.3600644616507129,1.0936358814624427,1.1025822970063912,0.13778753154889012,1.057580722084056,0.3073714489282609,1.1025822970063912,0.969226427791003,75.0,3.0,1.1111111111111112,2.772738710990906,2.302585092994046,450.0,1.1111111111111112,15.0024,32999.02,14.0
1001000401,Dr. Richard White,Palliative Care,Portland,OR,Abstral,REP-H198,Hilda Monroe,TERR-H02,1,10.0,8,5,0,-0.9029549195657287,1.6109777088169548,0.44626964063974883,5.7037,0.053438264985545825,27.0712,hybrid,-0.4260822730869703,-0.18304055158907967,-1.3680014430833163,1.435432843795756,0.05990714800519574,1.0920770168220342,-1.3680014430833163,1.6676070844533275,62.5,1.6666666666666667,0.0,3.2813058747416677,1.791759469228055,625.0,0.0,25.6105,31805.59,14.0
1001000402,Dr. Kathleen Brown,Pain Management,Miami,FL,Actiq,REP-H251,Hugh Conway,TERR-H07,1,9.0,14,9,5,-0.3954174358855578,1.0176579307308071,0.017057280212699418,5.3009,0.049445854306768844,22.9826,hybrid,-0.3137755966958723,1.0936358814624427,-0.13270957303846254,1.043962727982459,1.057580722084056,0.8838898253400131,-0.13270957303846254,1.508387608675283,64.28571428571429,3.0,0.5555555555555556,3.127882713101582,2.302585092994046,578.5714285714287,0.5555555555555556,21.8256,26074.77,17.0
1001000403,Dr. Kimberly Miller,Palliative Care,Houston,TX,Abstral,REP-H193,Hector Monroe,TERR-H09,2,8.0,10,7,6,0.4504783702480605,0.7364780617902473,1.4904500642259468,6.2953,0.058232395086731614,21.293,hybrid,0.04560576775563961,0.4552976649366816,0.5378774421287437,0.8351360699371605,0.6217677674968723,0.8006149487472042,0.5378774421287437,1.3043610376627013,70.0,2.3333333333333335,0.8571428571428571,3.0460403327567103,2.0794415416798357,560.0,0.8571428571428571,20.0319,45747.43,22.0
1001000404,Dr. Linda Torres,Internal Medicine,Charlotte,NC,Abstral,REP-H236,Hayden Sinclair,TERR-H04,2,3.0,2,1,1,-0.22623827465883412,-0.7425340057055915,-0.8033797178840622,3.7237,0.03345996069904089,10.9916,hybrid,-1.2122290078246534,-1.4597169846406022,0.8555239229974204,-0.6837986534338775,-2.085749603670544,-1.0378380960324933,0.8555239229974204,0.63803090086855,50.0,0.3333333333333333,1.0,2.450746443974566,0.6931471805599453,150.0,1.0,10.597,15120.34,18.0
1001000405,Dr. Barbara King,Anesthesiology,Los Angeles,CA,Lazanda,REP-H300,Hattie Gallagher,TERR-H08,2,6.0,11,6,3,-0.05705911343211046,0.040073106798645494,-0.42351222671958966,7.6648,0.06954648547948228,16.7842,hybrid,-0.9263574679200418,0.1361285566738009,-0.256238760042948,0.22970846003766726,0.36097281999740366,-0.2429415467375023,-0.256238760042948,0.9948124183148759,54.54545454545454,2.0,0.5,2.808763937183054,1.9459101490553132,327.27272727272725,0.5,15.5894,20192.31,19.0
1001000406,Dr. Lisa Perez,Internal Medicine,Miami,FL,Abstral,REP-H326,Holly Thornton,TERR-H10,2,8.0,3,2,0,0.28129920902133687,0.6833835523348383,1.4617051893333655,0.2749,0.0026109738412487538,19.7473,hybrid,-0.16403336150774317,-1.1405478763777217,-1.3680014430833163,0.7937108301031887,-1.2938515375785122,0.6810407669729145,-1.3680014430833163,1.185700682927671,66.66666666666666,0.6666666666666666,0.0,3.0298051438871263,1.0986122886681098,533.3333333333333,0.0,19.6932,45363.63,21.0
1001000407,Dr. Dorothy Brown,Pain Management,Houston,TX,Lazanda,REP-H206,Holly Bishop,TERR-H10,3,2.0,7,5,2,0.6196575314747842,-1.0413493405857246,-1.334038718464186,7.6688,0.06650494819710984,9.3572,hybrid,0.13545110886851783,-0.18304055158907967,-0.4785912966510216,-1.1419829157648989,0.05990714800519574,-1.0698668947220351,-0.4785912966510216,0.600629308219483,71.42857142857143,1.6666666666666667,0.4,2.2711769818343654,1.791759469228055,142.85714285714286,0.4,8.6908,8035.01,23.0
1001000408,Dr. Barbara Adams,Neurology,Miami,FL,Subsys,REP-H369,Harrison Whitman,TERR-H05,2,6.0,11,8,1,0.1121200477946132,-0.08370435014257427,0.9197302347471966,7.7314,0.06991650713409392,15.944,hybrid,0.21712869169840726,0.7744667731995619,-1.0900607723232243,0.10527686798904846,0.8518052140972275,0.24622556052095396,-1.0900607723232243,0.917598992909096,72.72727272727273,2.6666666666666665,0.125,2.759997281724957,2.1972245773362196,436.3636363636364,0.125,14.7998,38127.21,20.0
1001000409,Dr. Sharon Wright,Pain Management,Boston,MA,Lazanda,REP-H134,Hazel Finch,TERR-H10,2,3.0,3,2,0,2.142269982515297,-0.631297324543624,0.21152781786533204,-0.7267,-0.006701749431891724,11.2244,hybrid,-0.16403336150774317,-1.1405478763777217,-1.3680014430833163,-0.5322627302615295,-1.2938515375785122,-0.8136365052057011,-1.3680014430833163,0.7814096902833348,66.66666666666666,0.6666666666666666,0.0,2.5101357038337757,1.0986122886681098,199.99999999999997,0.0,11.3066,28671.33,32.0
1001000410,Dr. Jennifer Green,Oncology,Atlanta,GA,Actiq,REP-H320,Hattie Kensington,TERR-H04,3,1.0,3,3,3,-0.5645965971122814,-1.1934846267577783,-0.9174492376994494,4.4259,0.03843620524612579,8.062,hybrid,1.9323579311260792,-0.821378768114841,0.8555239229974204,-1.4112332298394046,-0.7319909180868357,-1.2620396868592858,0.8555239229974204,0.49876811646635744,100.0,1.0,1.0,2.1656536409988205,1.3862943611198906,100.0,1.0,7.7203,13597.29,16.0
1001000411,Dr. Carol Jones,Psychiatry,Philadelphia,PA,Subsys,REP-H282,Harold Gallagher,TERR-H02,2,7.0,4,2,1,0.4504783702480605,0.3426349984428304,-0.22767784286634768,2.0057,0.018796821983265044,17.8709,hybrid,-1.2122290078246534,-1.1405478763777217,-0.256238760042948,0.5105351325663514,-1.2938515375785122,-0.14103173272532382,-0.256238760042948,1.1205996658573216,50.0,0.6666666666666666,0.5,2.9188242310134123,1.0986122886681098,350.0,0.5,17.5195,22807.08,22.0
1001000412,Dr. Carol Jones,Palliative Care,Nashville,TN,Abstral,REP-H122,Harold Finch,TERR-H10,3,1.0,2,2,0,-0.3954174358855578,-1.692544798893122,-1.2855596406392285,3.3094,0.026766628798070125,4.6869,hybrid,1.9323579311260792,-1.1405478763777217,-1.3680014430833163,-2.5702971541961936,-1.2938515375785122,-1.2620396868592858,-1.3680014430833163,0.29540356728839384,100.0,0.6666666666666666,0.0,1.7113986554085674,1.0986122886681098,100.0,0.0,4.5367,8682.3,17.0
1001000414,Dr. Robert Johnson,Internal Medicine,Austin,TX,Subsys,REP-H286,Holly Gallagher,TERR-H06,2,6.0,5,4,5,-0.7337757583390051,-0.13035603604139254,0.1775020645759924,6.4185,0.05830955886196865,15.433,hybrid,0.6745231555457861,-0.5022096598519604,1.4114052645176045,0.056757894109912506,-0.29617796349965275,0.44189240342433633,1.4114052645176045,0.8731576607130213,80.0,1.3333333333333333,1.25,2.740981949337184,1.6094379124341003,480.0,1.25,14.5022,28217.02,15.0
1001000415,Dr. Charles Harris,Anesthesiology,New York,NY,Abstral,REP-H318,Hilda Kensington,TERR-H02,1,10.0,12,10,0,-0.9029549195657287,1.9661951827642752,3.241822565031944,2.0842,0.01992043106070618,28.4575,hybrid,0.8841622848091689,1.4128049897253234,-1.3680014430833163,1.6439529572497853,1.243727311658896,2.0262503119336697,-1.3680014430833163,1.7788938881005452,83.33333333333334,3.3333333333333335,0.0,3.3630281155446524,2.3978952727983707,833.3333333333335,0.0,27.8765,69131.66,14.0
1001000416,Dr. Melissa Hall,Oncology,Miami,FL,Subsys,REP-H304,Hannah Kensington,TERR-H12,1,10.0,10,5,1,-0.3954174358855578,1.592511416482006,-0.002235788501028961,4.8137,0.045277735943694,26.7198,hybrid,-1.2122290078246534,-0.18304055158907967,-0.923296369867169,1.4241124120069564,0.05990714800519574,0.5315730397550533,-0.923296369867169,1.6469497250938319,50.0,1.6666666666666667,0.2,3.2768692233447654,1.791759469228055,500.0,0.2,25.4927,25817.17,17.0
1001000417,Dr. Carol Lee,Anesthesiology,Columbus,OH,Subsys,REP-H382,Harold Carrington,TERR-H06,2,4.0,8,5,2,1.2963741763816787,-0.43382713392957306,0.08437031762399733,5.1581,0.04667379398431004,13.2145,hybrid,-0.4260822730869703,-0.18304055158907967,-0.4785912966510216,-0.2836042800548501,0.05990714800519574,-0.5894349143789086,-0.4785912966510216,0.8018981674901039,62.5,1.6666666666666667,0.4,2.6075887763881758,1.791759469228055,250.0,0.4,12.5663,26973.53,27.0
1001000418,Dr. Joseph Wilson,Oncology,Denver,CO,Actiq,REP-H275,Homer Mercer,TERR-H07,2,5.0,9,7,8,-0.5645965971122814,-0.16081444521525146,0.8037081904699811,8.5824,0.07715869247279938,15.5358,hybrid,0.5347637360368652,0.4552976649366816,1.1731704038660968,0.02457514556281774,0.6217677674968723,0.03334728236218146,1.1731704038660968,0.9243584230650357,77.77777777777779,2.3333333333333335,1.1428571428571428,2.7283690350101093,2.0794415416798357,388.8888888888889,1.1428571428571428,14.3079,36578.09,16.0
1001000419,Dr. Elizabeth Garcia,Palliative Care,Boston,MA,Lazanda,REP-H337,Hunter Thornton,TERR-H09,1,10.0,15,13,7,1.127195015154955,1.4353754959679756,2.7678010039809173,5.5582,0.05202369767615034,25.8515,hybrid,1.0938014140725507,2.370312314513965,-0.1707185536552274,1.3256951590513604,1.7147315055811116,2.175718039151531,-0.1707185536552274,1.594666163502756,86.66666666666667,4.333333333333333,0.5384615384615384,3.2382979876400686,2.6390573296152584,866.6666666666667,0.5384615384615384,24.4903,62802.55,26.0
1001000420,Dr. Amanda Miller,Oncology,Miami,FL,Subsys,REP-H316,Hayden Kensington,TERR-H12,3,2.0,2,1,1,0.28129920902133687,-1.0661330487194718,-0.7418665843593756,4.0582,0.03568329867788034,8.879,hybrid,-1.2122290078246534,-1.4597169846406022,0.8555239229974204,-1.1839536804438549,-2.085749603670544,-1.2620396868592858,0.8555239229974204,0.551253022210599,50.0,0.3333333333333333,1.0,2.2547279933844564,0.6931471805599453,100.0,1.0,8.5327,15941.66,21.0
1001000421,Dr. Carol Robinson,Neurology,Atlanta,GA,Subsys,REP-H294,Hazel Gallagher,TERR-H02,2,7.0,8,5,0,0.28129920902133687,0.21542450413203998,0.43109432393642744,2.5514,0.02378865772655736,17.1343,hybrid,-0.4260822730869703,-0.18304055158907967,-1.3680014430833163,0.3962050559304568,0.05990714800519574,0.25132105122156284,-1.3680014430833163,1.0359088618444285,62.5,1.6666666666666667,0.0,2.8740165148698944,1.791759469228055,437.5,0.0,16.708,31602.97,21.0
1001000422,Dr. Jennifer Scott,Palliative Care,Baltimore,MD,Subsys,REP-H341,Helen Blackwood,TERR-H01,2,8.0,13,11,4,1.9730908212885734,0.693384821018792,0.10406482596624121,9.8044,0.08922143962534967,21.6941,hybrid,0.9647927191412383,1.731974097988204,-0.559446764508503,0.8015655747897842,1.413665833588904,1.3249017457575494,-0.559446764508503,1.2864611455279824,84.61538461538461,3.6666666666666665,0.36363636363636365,3.032883539184784,2.4849066497880004,676.9230769230769,0.36363636363636365,19.757,27236.49,31.0
1001000423,Dr. Jessica Jackson,Internal Medicine,Philadelphia,PA,Abstral,REP-H335,Homer Thornton,TERR-H07,1,9.0,10,7,6,0.28129920902133687,0.9897076767127987,2.1945923985962774,8.8753,0.08142856532716891,23.5686,hybrid,0.04560576775563961,0.4552976649366816,0.5378774421287437,1.0239531191448998,0.6217677674968723,1.1144971759047135,0.5378774421287437,1.3033543758018085,70.0,2.3333333333333335,0.8571428571428571,3.120040639525514,2.0794415416798357,630.0,0.8571428571428571,21.6473,55149.1,21.0
1001000424,Dr. Lisa Baker,Family Practice,New York,NY,Subsys,REP-H174,Hazel Hayes,TERR-H02,3,1.0,2,1,2,-1.241313242019176,-1.6266430221731514,-1.0917998608363368,1.2563,0.010403801100521193,5.0194,hybrid,-1.2122290078246534,-1.4597169846406022,3.079049289078157,-2.3835600863493136,-2.085749603670544,-1.486241277686078,3.079049289078157,0.3395500474123348,50.0,0.3333333333333333,2.0,1.7845837854789595,0.6931471805599453,50.0,2.0,4.9571,11269.37,12.0
1001000425,Dr. Sandra Nguyen,Oncology,Las Vegas,NV,Subsys,REP-H133,Hector Finch,TERR-H09,2,3.0,7,3,3,1.4655533376084025,-0.7171859626617778,-1.051834149163124,6.231,0.05544710528825014,11.4291,hybrid,-1.661455713389044,-0.821378768114841,0.8555239229974204,-0.6484671797179853,-0.7319909180868357,-1.1339244921011187,0.8555239229974204,0.6950632144640233,42.857142857142854,1.0,1.0,2.4645933921423313,1.3862943611198906,128.57142857142856,1.0,10.7587,11802.99,28.0
1001000426,Dr. Charles Clark,Neurology,Portland,OR,Abstral,REP-H379,Holden Whitman,TERR-H03,2,9.0,10,9,6,1.4655533376084025,0.8176012051122851,1.8087886938205857,7.0493,0.06505493347805169,21.9979,hybrid,1.3034405433359326,1.0936358814624427,0.11434880097050806,0.8971587463401435,1.057580722084056,1.921622902881166,0.11434880097050806,1.274078618960133,90.0,3.0,0.6666666666666666,3.0703479739347763,2.302585092994046,810.0,0.6666666666666666,20.5494,49997.87,28.0
1001000427,Dr. Laura Green,Pain Management,Charlotte,NC,Subsys,REP-H181,Helen Monroe,TERR-H09,2,3.0,6,5,4,-0.05705911343211046,-0.5941923042067612,-0.38944303406746306,7.2929,0.06495548951454388,12.3851,hybrid,0.8841622848091689,-0.18304055158907967,0.41081884978127314,-0.48365286365593185,0.05990714800519574,-0.5894349143789085,0.41081884978127314,0.7977682484431765,83.33333333333334,1.6666666666666667,0.8,2.529186658479546,1.791759469228055,250.00000000000003,0.8,11.5433,20647.2,19.0
1001000428,Dr. Joseph Taylor,Anesthesiology,Houston,TX,Actiq,REP-H342,Harold Blackwood,TERR-H02,2,8.0,9,4,4,-0.3954174358855578,0.5359824090194519,1.6274106303210853,7.5287,0.06903910835438154,20.1648,hybrid,-1.5616275565969573,-0.5022096598519604,0.8555239229974204,0.6750504521004779,-0.29617796349965275,-0.1161204448556803,0.8555239229974204,1.19668606870162,44.44444444444444,1.3333333333333333,1.0,2.9833003160109004,1.6094379124341003,355.55555555555554,1.0,18.7529,47576.12,17.0
1001000429,Dr. Amanda Torres,Pain Management,Chicago,IL,Subsys,REP-H123,Howard Finch,TERR-H11,3,2.0,6,4,3,-1.4104924032458996,-1.045816991957083,-0.9534087915873467,5.6432,0.04935035887760453,9.1511,hybrid,-0.16403336150774317,-0.5022096598519604,0.2996425814772362,-1.1494979733906756,-0.29617796349965275,-1.1125719596414243,0.2996425814772362,0.5986596465906048,66.66666666666666,1.3333333333333333,0.75,2.268231715122349,1.6094379124341003,133.33333333333331,0.75,8.6623,13117.16,11.0
1001000430,Dr. Joseph Scott,Pain Management,Seattle,WA,Fentora,REP-H163,Howard Hayes,TERR-H03,2,2.0,3,1,2,-0.05705911343211046,-0.9226665738048259,-1.1718616022711241,2.0928,0.018745659968925743,9.6456,hybrid,-2.2604246541415645,-1.4597169846406022,3.079049289078157,-0.9500434765763948,-2.085749603670544,-1.4115074140771473,3.079049289078157,0.6529531966132984,33.33333333333333,0.3333333333333333,2.0,2.34640100127847,0.6931471805599453,66.66666666666666,2.0,9.4479,10200.39,19.0
1001000431,Dr. Michelle Scott,Pain Management,Atlanta,GA,Abstral,REP-H153,Hector Sterling,TERR-H05,2,7.0,16,9,3,1.4655533376084025,0.19702091567598728,0.5537790677197503,7.2063,0.06575788928390436,17.7862,hybrid,-0.8191556404558119,1.0936358814624427,-0.6268263210564041,0.37923239640804524,1.057580722084056,0.055144659248119496,-0.6268263210564041,1.1465918673708007,56.25,3.0,0.3333333333333333,2.8673646684576615,2.302585092994046,393.75,0.3333333333333333,16.5906,33241.05,28.0
1001000432,Dr. Michelle Gonzalez,Family Practice,Miami,FL,Abstral,REP-H376,Hayden Whitman,TERR-H12,2,5.0,6,4,3,-1.241313242019176,-0.22508592108391928,0.7384435437004554,3.2173,0.029569424650520038,14.345,hybrid,-0.16403336150774317,-0.5022096598519604,0.2996425814772362,-0.04469687728233123,-0.29617796349965275,-0.21576559633425496,0.2996425814772362,0.9519744616674847,66.66666666666666,1.3333333333333333,0.75,2.7012202634211797,1.6094379124341003,333.33333333333326,0.75,13.8979,35706.68,12.0
1001000433,Dr. Thomas Scott,Family Practice,Nashville,TN,Subsys,REP-H366,Holly Whitman,TERR-H02,1,9.0,7,3,2,-0.22623827465883412,1.1543367107549327,1.1340989963744537,2.0393,0.01934537187589136,23.1604,hybrid,-1.661455713389044,-0.821378768114841,0.11434880097050806,1.139613078950295,-0.7319909180868357,0.019112260722384786,0.11434880097050806,1.5547269978700187,42.857142857142854,1.0,0.6666666666666666,3.1653695573450595,1.3862943611198906,385.71428571428567,0.6666666666666666,22.6975,40989.45,18.0
1001000434,Dr. Sandra Mitchell,Pain Management,Denver,CO,Subsys,REP-H136,Hayden Finch,TERR-H12,1,9.0,11,9,9,0.28129920902133687,1.0056658138918968,-0.41738952343019803,8.9174,0.08181601445586972,23.6886,hybrid,0.7888717715076315,1.0936358814624427,0.8555239229974204,1.0353967746042767,1.057580722084056,1.5914351054817086,0.8555239229974204,1.5031006221977674,81.81818181818183,3.0,1.0,3.1245255841748643,2.302585092994046,736.3636363636365,1.0,21.7491,20274.06,21.0
1001000435,Dr. Jessica Martinez,Pain Management,Chicago,IL,Actiq,REP-H245,Henry Conway,TERR-H01,1,9.0,13,10,1,0.7888366927015078,0.938995914655447,0.5679919778509774,3.3119,0.031144339914465746,22.03,hybrid,0.4810101131488187,1.4128049897253234,-1.1456489064752426,0.9872429870282615,1.243727311658896,1.3938868506273319,-1.1456489064752426,1.4737077418201558,76.92307692307693,3.3333333333333335,0.1,3.1056533739181282,2.3978952727983707,692.3076923076924,0.1,21.3238,33430.82,24.0
1001000436,Dr. John Smith,Neurology,Miami,FL,Subsys,REP-H364,Hannah Whitman,TERR-H12,1,9.0,13,11,2,0.28129920902133687,0.9415824496599178,1.0771335147608603,4.2821,0.04008923819449173,22.2541,hybrid,0.9647927191412383,1.731974097988204,-0.9637241037959097,0.9891282114565905,1.413665833588904,1.7043198225413518,-0.9637241037959097,1.3231150277961852,84.61538461538461,3.6666666666666665,0.18181818181818182,3.1063922223781044,2.4849066497880004,761.5384615384615,0.18181818181818182,21.3403,40228.85,21.0
1001000437,Dr. Thomas Wilson,Palliative Care,Charlotte,NC,Lazanda,REP-H252,Hilary Conway,TERR-H08,1,10.0,16,13,1,3.8340615947825336,1.6214492565926306,1.7332453950701898,4.0244,0.03800199494726186,26.7106,hybrid,0.7531378290195545,2.370312314513965,-1.1969610303078748,1.441829994488176,1.7147315055811116,1.9328329824225057,-1.1969610303078748,1.671956712662128,81.25,4.333333333333333,0.07692307692307693,3.283813016526118,2.6390573296152584,812.5,0.07692307692307693,25.6773,48989.22,42.0
1001000438,Dr. Melissa Martin,Psychiatry,Las Vegas,NV,Actiq,REP-H140,Hattie Finch,TERR-H04,2,3.0,5,2,1,0.7888366927015078,-0.7611257057983327,-1.1508998628627458,2.4836,0.022424067374493095,10.7387,hybrid,-1.8411463956148,-1.1405478763777217,-0.256238760042948,-0.7100273649865917,-1.2938515375785122,-1.1723590505285688,-0.256238760042948,0.6702298318284974,40.0,0.6666666666666666,0.5,2.4404670083558266,1.0986122886681098,120.0,0.5,10.4784,10480.27,24.0
1001000439,Dr. Stephanie Walker,Anesthesiology,Denver,CO,Subsys,REP-H151,Hugh Sterling,TERR-H03,2,9.0,13,10,11,-0.5645965971122814,0.874175779846437,0.8461858956395392,8.171,0.07509039309042809,22.6189,hybrid,0.4810101131488187,1.4128049897253234,1.0778764596054942,0.9395374651655134,1.243727311658896,1.3938868506273319,1.0778764596054942,1.33435707023295,76.92307692307693,3.3333333333333335,1.1,3.086956845891545,2.3978952727983707,692.3076923076924,1.1,20.9103,37145.25,16.0
1001000440,Dr. Patricia Thompson,Internal Medicine,New York,NY,Subsys,REP-H263,Howard Mercer,TERR-H07,2,3.0,8,5,4,-0.9029549195657287,-0.5697534674069435,-0.7376866691229115,5.8012,0.05206509235491685,12.3779,hybrid,-0.4260822730869703,-0.18304055158907967,0.41081884978127314,-0.45213498681659897,0.05990714800519574,-0.869686902912399,0.41081884978127314,0.7043928579259545,62.5,1.6666666666666667,0.8,2.541538999354474,1.791759469228055,187.5,0.8,11.6992,15997.47,14.0
1001000441,Dr. Dorothy Taylor,Palliative Care,Houston,TX,Subsys,REP-H343,Howard Blackwood,TERR-H03,2,7.0,9,5,1,2.8189866274221917,0.154444981905426,0.5895678599746221,5.3432,0.049117304294160835,17.1909,hybrid,-0.8628304590523498,-0.18304055158907967,-0.923296369867169,0.33952866377312224,0.05990714800519574,0.03334728236218146,-0.923296369867169,1.062598544003196,55.55555555555556,1.6666666666666667,0.2,2.8518041647469063,1.791759469228055,388.8888888888889,0.2,16.319,33718.9,36.0
1001000442,Dr. Barbara Miller,Orthopedics,Philadelphia,PA,Subsys,REP-H336,Hayden Thornton,TERR-H08,2,2.0,3,2,0,0.6196575314747842,-0.8940892809978548,-1.2790639579934922,1.7558,0.01578231036247857,9.7993,hybrid,-0.16403336150774317,-1.1405478763777217,-1.3680014430833163,-0.9059063842824964,-1.2938515375785122,-1.1125719596414243,-1.3680014430833163,0.6467694913816708,66.66666666666666,0.6666666666666666,0.0,2.36369900685231,1.0986122886681098,133.33333333333331,0.0,9.6302,8769.03,23.0
1001000443,Dr. Susan Williams,Pain Management,Chicago,IL,Subsys,REP-H362,Harold Whitman,TERR-H10,3,1.0,3,2,0,-0.05705911343211046,-1.7093024105281476,-1.4136802964071877,0.9013,0.007321469467931108,4.4697,hybrid,-0.16403336150774317,-1.1405478763777217,-1.3680014430833163,-2.6200434903649787,-1.2938515375785122,-1.4115074140771473,-1.3680014430833163,0.30614761696859505,66.66666666666666,0.6666666666666666,0.0,1.6919023008549912,1.0986122886681098,66.66666666666666,0.0,4.4298,6971.64,19.0
1001000444,Dr. Barbara Jackson,Oncology,Charlotte,NC,Subsys,REP-H233,Hector Sinclair,TERR-H01,2,7.0,15,11,8,0.1121200477946132,0.26654384140221704,-0.05777376277889374,8.6231,0.07830388974658797,18.503,hybrid,0.2552448970190215,1.731974097988204,0.24910791406631042,0.44276585939638696,1.413665833588904,0.5913601306421976,0.24910791406631042,1.1004839154825043,73.33333333333333,3.6666666666666665,0.7272727272727273,2.8922644101438535,2.4849066497880004,513.3333333333333,0.7272727272727273,17.0341,25075.63,20.0
1001000445,Dr. Michelle Smith,Oncology,Miami,FL,Subsys,REP-H105,Henry Vance,TERR-H05,3,1.0,5,3,2,-0.5645965971122814,-1.3707798443369572,-0.6963031865228706,4.3509,0.037080800236442,6.876,hybrid,-0.5833116200345069,-0.821378768114841,0.11434880097050806,-1.7656829027430017,-0.7319909180868357,-1.4414009595207196,0.11434880097050806,0.42570013468800033,60.0,1.0,0.6666666666666666,2.026739360540437,1.3862943611198906,60.0,0.6666666666666666,6.5893,16550.02,16.0
1001000446,Dr. Melissa Moore,Family Practice,Los Angeles,CA,Subsys,REP-H173,Hector Hayes,TERR-H01,2,3.0,4,2,3,-0.3954174358855578,-0.7212303628505865,0.15115609104560349,1.819,0.016500099626675535,10.9281,hybrid,-1.2122290078246534,-1.1405478763777217,1.9672866060377887,-0.6540717841394786,-1.2938515375785122,-1.0378380960324933,1.9672866060377887,0.7351791781226622,50.0,0.6666666666666666,1.5,2.4623968614357636,1.0986122886681098,150.0,1.5,10.7329,27865.25,17.0
1001000447,Dr. Jennifer Moore,Pain Management,Nashville,TN,Abstral,REP-H215,Homer Bishop,TERR-H07,2,4.0,8,6,5,-1.0721340807924524,-0.46873751850506645,-0.14959633721102872,8.5258,0.0759135210688675,13.396,hybrid,0.3600644616507129,0.1361285566738009,0.48493636198396434,-0.32583764935195514,0.36097281999740366,-0.3652333235521162,0.48493636198396434,0.8530777292007653,75.0,2.0,0.8333333333333334,2.5910368691479166,1.9459101490553132,300.0,0.8333333333333334,12.3436,23849.62,13.0
1001000448,Dr. Joseph Mitchell,Oncology,Detroit,MI,Actiq,REP-H193,Hector Monroe,TERR-H09,2,8.0,11,8,1,1.2963741763816787,0.584922786497984,-0.18482416252232226,4.8168,0.04475442709335509,19.9835,hybrid,0.21712869169840726,0.7744667731995619,-1.0900607723232243,0.7150633529683957,0.8518052140972275,0.8984483701988956,-1.0900607723232243,1.2316961798431085,72.72727272727273,2.6666666666666665,0.125,2.9989819875091026,2.1972245773362196,581.8181818181819,0.125,19.0651,23379.26,27.0
1001000449,Dr. Karen Hall,Oncology,Las Vegas,NV,Abstral,REP-H212,Hilary Bishop,TERR-H04,1,10.0,16,12,13,-0.5645965971122814,3.2833215109196914,3.334769320214827,11.2308,0.10372285226380473,40.353,hybrid,0.3600644616507129,2.0511432062510844,1.0408177035041484,2.2956089304199443,1.5699941196581808,1.6525809938890152,1.0408177035041484,2.3437766494628502,75.0,4.0,1.0833333333333333,3.618422117964739,2.5649493574615367,750.0,1.0833333333333333,36.2787,70372.68,16.0
1001000450,Dr. Nancy Garcia,Palliative Care,Columbus,OH,Subsys,REP-H385,Henry Carrington,TERR-H09,2,6.0,6,5,4,0.4504783702480605,-0.1085350861854935,-0.49725428982338177,7.2347,0.06552938953440002,15.7007,hybrid,0.8841622848091689,-0.18304055158907967,0.41081884978127314,0.07956714364234933,0.05990714800519574,0.5315730397550535,0.41081884978127314,0.9533629709031434,83.33333333333334,1.6666666666666667,0.8,2.749921245177516,1.791759469228055,500.00000000000006,0.8,14.6414,19207.71,22.0
1001000451,Dr. Dorothy Walker,Anesthesiology,Austin,TX,Subsys,REP-H208,Harvey Bishop,TERR-H12,2,4.0,6,4,3,-0.3954174358855578,-0.43541040687170357,-0.05264042842470555,7.7309,0.06915809588270916,13.5269,hybrid,-0.16403336150774317,-0.5022096598519604,0.2996425814772362,-0.28550461151342216,-0.29617796349965275,-0.514701050769978,0.2996425814772362,0.8012536522794492,66.66666666666666,1.3333333333333333,0.75,2.606844007250607,1.6094379124341003,266.66666666666663,0.75,12.5562,25144.17,17.0
1001000452,Dr. David Jones,Pain Management,New York,NY,Subsys,REP-H258,Hilda Conway,TERR-H02,2,8.0,9,7,4,0.7888366927015078,0.3934721682579744,0.6645719114628328,7.9238,0.07235102086698486,19.2577,hybrid,0.5347637360368652,0.4552976649366816,-0.09741551960860971,0.5548296841959164,0.6217677674968723,1.0796213728872126,-0.09741551960860971,1.2332016902939673,77.77777777777779,2.3333333333333335,0.5714285714285714,2.936183947323607,2.0794415416798357,622.2222222222223,0.5714285714285714,17.8438,34720.35,24.0
1001000453,Dr. Linda Carter,Anesthesiology,Miami,FL,Abstral,REP-H204,Hannah Bishop,TERR-H08,2,3.0,8,6,2,-0.7337757583390051,-0.6374736566149055,-1.089446645700524,6.8287,0.06083175248210271,12.0366,hybrid,0.3600644616507129,0.1361285566738009,-0.6268263210564041,-0.5404447770090514,0.36097281999740366,-0.7015357097923047,-0.6268263210564041,0.7189981961869841,75.0,2.0,0.3333333333333333,2.506929033822493,1.9459101490553132,225.0,0.3333333333333333,11.2672,11300.79,15.0
1001000454,Dr. Linda Thompson,Internal Medicine,Boston,MA,Abstral,REP-H305,Henry Kensington,TERR-H01,2,4.0,2,2,0,0.28129920902133687,-0.5313159896435353,0.3746680895850188,2.0171,0.01843931048771008,12.1853,hybrid,1.9323579311260792,-1.1405478763777217,-1.3680014430833163,-0.4033380691546353,-1.2938515375785122,0.08316985810146854,-1.3680014430833163,0.7191560151301604,100.0,0.6666666666666666,0.0,2.5606632621872465,1.0986122886681098,400.0,0.0,11.9444,30849.57,21.0
1001000456,Dr. Lisa Allen,Pain Management,Nashville,TN,Abstral,REP-H314,Hazel Kensington,TERR-H10,1,9.0,16,12,11,-0.9029549195657287,1.2224801511454446,-0.3038525102862185,13.9378,0.12539980139641393,26.3563,hybrid,0.3600644616507129,2.0511432062510844,0.6702301424906922,1.1859942407726098,1.5699941196581808,1.3162786076488266,0.6702301424906922,1.5986879554925584,75.0,4.0,0.9166666666666666,3.1835470482948764,2.5649493574615367,675.0,0.9166666666666666,23.1322,21790.0,14.0
1001000457,Dr. Barbara Nguyen,Family Practice,Phoenix,AZ,Subsys,REP-H377,Hunter Whitman,TERR-H01,3,1.0,5,3,1,-0.3954174358855578,-1.5187296465926856,-1.1531122745467657,1.2794,0.010820786102583968,5.7178,hybrid,-0.5833116200345069,-0.821378768114841,-0.6268263210564041,-2.1045300909983844,-0.7319909180868357,-1.4414009595207196,-0.6268263210564041,0.38670387780483273,60.0,1.0,0.3333333333333333,1.8939399338792504,1.3862943611198906,60.0,0.3333333333333333,5.6455,10450.73,17.0
1001000458,Dr. Lisa Gonzalez,Pain Management,Columbus,OH,Actiq,REP-H224,Hannah Sinclair,TERR-H04,2,3.0,4,3,0,-0.7337757583390051,-0.6542469442196556,-0.9566345387515558,3.9189,0.035337995852877224,11.5976,hybrid,0.3600644616507129,-0.821378768114841,-1.3680014430833163,-0.5627983521911186,-0.7319909180868357,-0.7015357097923047,-1.3680014430833163,0.7712918494949917,75.0,1.0,0.0,2.4981683237711856,1.3862943611198906,225.0,0.0,11.1602,13074.09,15.0
1001000459,Dr. Sandra Mitchell,Orthopedics,Nashville,TN,Fentora,REP-H248,Harvey Conway,TERR-H04,2,7.0,8,5,1,-1.0721340807924524,0.1187194469042814,-0.1743320585001709,2.9856,0.02772041116753421,16.5715,hybrid,-0.4260822730869703,-0.18304055158907967,-0.923296369867169,0.3057297749566924,0.05990714800519574,0.25132105122156284,-0.923296369867169,1.0806870639001895,62.5,1.6666666666666667,0.2,2.8385578601819583,1.791759469228055,437.5,0.2,16.0911,23519.35,13.0
1001000460,Dr. Betty Sanchez,Internal Medicine,New York,NY,Abstral,REP-H129,Harrison Finch,TERR-H05,2,7.0,2,1,2,0.28129920902133687,0.11327988541003062,0.41112644719043717,2.3227,0.02163293566547786,16.4294,hybrid,-1.2122290078246534,-1.4597169846406022,3.079049289078157,0.30054406297068087,-2.085749603670544,-0.14103173272532382,3.079049289078157,0.9667339206101526,50.0,0.3333333333333333,2.0,2.836525499866035,0.6931471805599453,350.0,2.0,16.0564,31336.36,21.0
1001000461,Dr. Patricia Hill,Neurology,Seattle,WA,Lazanda,REP-H116,Hayden Vance,TERR-H04,2,7.0,9,7,3,0.9580158539282314,0.3909013092232275,0.6725010930805442,8.3071,0.07571641387984895,19.3083,hybrid,0.5347637360368652,0.4552976649366816,-0.41506200047728636,0.5526080522964173,0.6217677674968723,0.7308633427122021,-0.41506200047728636,1.1053125235602925,77.77777777777779,2.3333333333333335,0.42857142857142855,2.9353132555996333,2.0794415416798357,544.4444444444445,0.42857142857142855,17.8274,34826.22,25.0
1001000462,Dr. Margaret Allen,Anesthesiology,Portland,OR,Subsys,REP-H200,Hattie Monroe,TERR-H04,1,10.0,16,5,1,-1.241313242019176,2.1619880446178508,2.4387013956875654,7.2636,0.06787004697962828,31.2411,hybrid,-2.391449109931178,-0.18304055158907967,-0.923296369867169,1.7519963643870473,0.05990714800519574,-0.3091829258454181,-0.923296369867169,1.8585968087052689,31.25,1.6666666666666667,0.2,3.4053719891834553,1.791759469228055,312.5,0.2,29.1255,58408.43,12.0
1001000463,Dr. Stephanie Davis,Anesthesiology,Baltimore,MD,Subsys,REP-H108,Harvey Vance,TERR-H08,1,10.0,16,12,8,0.9580158539282314,2.025434672351518,1.7849906636040207,9.0782,0.08404617695126149,30.8194,hybrid,0.3600644616507129,2.0511432062510844,0.11434880097050806,1.677128164519256,1.5699941196581808,1.6525809938890152,0.11434880097050806,1.8030089671209817,75.0,4.0,0.6666666666666666,3.3760299897152337,2.5649493574615367,750.0,0.6666666666666666,28.2544,49680.12,25.0
1001000464,Dr. Karen White,Oncology,Phoenix,AZ,Abstral,REP-H215,Homer Bishop,TERR-H07,2,6.0,13,10,11,-0.22623827465883412,0.03988499516195687,-0.5911806775325685,7.6533,0.0694501201518003,16.7812,hybrid,0.4810101131488187,1.4128049897253234,1.0778764596054942,0.2295238845769054,1.243727311658896,0.35911027758059794,1.0778764596054942,1.0070718952762034,76.92307692307693,3.3333333333333335,1.1,2.8086915992200594,2.3978952727983707,461.5384615384616,1.1,15.5882,17953.61,18.0
1001000465,Dr. Deborah Moore,Pain Management,Boston,MA,Abstral,REP-H194,Hazel Monroe,TERR-H10,2,3.0,5,2,3,0.6196575314747842,-0.5882824636207887,0.2465496806806519,7.7432,0.0688561480480483,12.4778,hybrid,-1.8411463956148,-1.1405478763777217,1.9672866060377887,-0.47599539218423026,-1.2938515375785122,-1.1723590505285688,1.9672866060377887,0.8003737306680435,40.0,0.6666666666666666,1.5,2.532187739368994,1.0986122886681098,120.0,1.5,11.581,29138.94,23.0
1001000466,Dr. Thomas Garcia,Neurology,Philadelphia,PA,Subsys,REP-H103,Howard Vance,TERR-H03,2,4.0,9,6,2,-0.05705911343211046,-0.48420970062271906,-0.3445634317175898,5.4891,0.0495057271918804,12.9171,hybrid,-0.16403336150774317,0.1361285566738009,-0.6268263210564041,-0.3447812701740485,0.36097281999740366,-0.514701050769978,-0.6268263210564041,0.7591932261430958,66.66666666666666,2.0,0.3333333333333333,2.5836125726766563,1.9459101490553132,266.66666666666663,0.3333333333333333,12.2449,21246.43,19.0
1001000467,Dr. Jessica Johnson,Oncology,Chicago,IL,Lazanda,REP-H361,Helen Whitman,TERR-H09,2,7.0,9,4,0,0.7888366927015078,0.33717976097885555,-0.49292907740793995,1.6808,0.015774560728752274,17.7786,hybrid,-1.5616275565969573,-0.5022096598519604,-1.3680014430833163,0.5057359636698906,-0.29617796349965275,-0.31541074781282913,-1.3680014430833163,1.1295948196286827,44.44444444444444,1.3333333333333333,0.0,2.9169433628817285,1.6094379124341003,311.1111111111111,0.0,17.4847,19265.46,24.0
1001000468,Dr. Linda Lopez,Pain Management,Las Vegas,NV,Fentora,REP-H216,Hayden Bishop,TERR-H08,2,3.0,5,3,3,-0.3954174358855578,-0.5704275341050782,-0.08636285512906594,6.4164,0.05742926459080877,12.4453,hybrid,-0.5833116200345069,-0.821378768114841,0.8555239229974204,-0.4529991053424925,-0.7319909180868357,-0.903317141536418,0.8555239229974204,0.8082454660901219,60.0,1.0,1.0,2.541200338008642,1.3862943611198906,180.0,1.0,11.6949,24693.91,17.0
1001000469,Dr. Sandra Wright,Oncology,Las Vegas,NV,Fentora,REP-H236,Hayden Sinclair,TERR-H04,2,7.0,11,6,6,-0.22623827465883412,0.17322479363485646,-0.5873887207430651,5.4511,0.050108738684733645,17.3349,hybrid,-0.9263574679200418,0.1361285566738009,0.8555239229974204,0.35711777680410767,0.36097281999740366,0.0016420068917255804,0.8555239229974204,1.0620247027922693,54.54545454545454,2.0,1.0,2.8586976087740505,1.9459101490553132,381.81818181818176,1.0,16.4388,18004.24,18.0
1001000470,Dr. Linda Rodriguez,Pain Management,Nashville,TN,Fentora,REP-H126,Holly Finch,TERR-H02,3,1.0,6,5,6,0.1121200477946132,-1.556038454535961,-1.185055185285916,10.2247,0.08276776470319702,5.9604,hybrid,0.8841622848091689,-0.18304055158907967,1.3002289962135676,-2.1975878169864598,0.05990714800519574,-1.3367735504682166,1.3002289962135676,0.3737173774792717,83.33333333333334,1.6666666666666667,1.2,1.8574691792560891,1.791759469228055,83.33333333333334,1.2,5.4075,10024.23,20.0
1001000471,Dr. Laura Martin,Oncology,Baltimore,MD,Abstral,REP-H301,Helen Kensington,TERR-H09,2,5.0,6,3,3,0.7888366927015078,-0.29558075693304103,-0.8557720831325151,4.1093,0.03754035997706184,14.0009,hybrid,-1.2122290078246534,-0.821378768114841,0.8555239229974204,-0.12290361570634811,-0.7319909180868357,-0.5894349143789086,0.8555239229974204,0.8688177122473049,50.0,1.0,1.0,2.6705698393252204,1.3862943611198906,250.0,1.0,13.4482,14420.8,24.0
1001000472,Dr. John Adams,Neurology,Houston,TX,Subsys,REP-H298,Hilda Gallagher,TERR-H06,2,2.0,6,4,0,-0.5645965971122814,-0.9602105212939624,-1.2634430133443373,3.4288,0.030456954435659878,9.5241,hybrid,-0.16403336150774317,-0.5022096598519604,-1.3680014430833163,-1.009214642866387,-0.29617796349965275,-1.1125719596414243,-1.3680014430833163,0.5709278886406653,66.66666666666666,1.3333333333333333,0.0,2.3232109107877017,1.6094379124341003,133.33333333333331,0.0,9.2084,8977.6,16.0
1001000473,Dr. Linda Anderson,Oncology,Austin,TX,Abstral,REP-H306,Holly Kensington,TERR-H02,2,3.0,9,7,8,0.28129920902133687,-0.6385239465864179,-0.8406813982911753,6.4088,0.057188772844238844,11.9821,hybrid,0.5347637360368652,0.4552976649366816,1.1731704038660968,-0.5418387542065729,0.6217677674968723,-0.6641687779878392,1.1731704038660968,0.7274818822415473,77.77777777777779,2.3333333333333335,1.1428571428571428,2.506382712710718,2.0794415416798357,233.33333333333337,1.1428571428571428,11.2605,14622.29,21.0
1001000474,Dr. Dorothy Allen,Neurology,Baltimore,MD,Subsys,REP-H266,Holly Mercer,TERR-H10,2,8.0,7,5,0,-0.5645965971122814,0.6237051355953214,0.5809121924620229,1.2156,0.01148821852763593,19.5472,hybrid,0.13545110886851783,-0.18304055158907967,-1.3680014430833163,0.7463315118902635,0.05990714800519574,0.851861026650471,-1.3680014430833163,1.1973898667925862,71.42857142857143,1.6666666666666667,0.0,3.011236460089956,1.791759469228055,571.4285714285714,0.0,19.3125,33603.33,16.0
1001000475,Dr. Betty Sanchez,Oncology,Denver,CO,Actiq,REP-H139,Holden Finch,TERR-H03,1,9.0,14,8,8,-1.4104924032458996,1.2277472769727305,1.189751560695533,7.0844,0.0657073624765081,24.807,hybrid,-0.7630023022602633,0.7744667731995619,0.8555239229974204,1.189544400410305,0.8518052140972275,0.5956306371341366,0.8555239229974204,1.4966209127153534,57.14285714285714,2.6666666666666665,1.0,3.1849384104804948,2.1972245773362196,514.2857142857142,1.0,23.1658,41732.52,11.0
1001000476,Dr. Margaret Hill,Palliative Care,Chicago,IL,Subsys,REP-H192,Hilary Monroe,TERR-H08,1,9.0,7,4,4,0.28129920902133687,1.1605600707353865,1.0659718453881626,6.8687,0.0637214314327208,24.299,hybrid,-0.7630023022602633,-0.5022096598519604,0.8555239229974204,1.1438841041297256,-0.29617796349965275,0.5956306371341366,0.8555239229974204,1.4805144686996428,57.14285714285714,1.3333333333333333,1.0,3.1670434378278935,1.6094379124341003,514.2857142857142,1.0,22.7372,40079.82,21.0
1001000477,Dr. Stephanie Martin,Neurology,Nashville,TN,Lazanda,REP-H221,Helen Sinclair,TERR-H01,2,8.0,8,6,2,-1.241313242019176,0.6848257415494522,0.6733331815642768,7.5517,0.06940562087698732,21.1903,hybrid,0.3600644616507129,0.1361285566738009,-0.6268263210564041,0.7948449822901956,0.36097281999740366,0.979976221408638,-0.6268263210564041,1.2215639669382137,75.0,2.0,0.3333333333333333,3.030249635579551,1.9459101490553132,600.0,0.3333333333333333,19.7024,34837.33,12.0
1001000478,Dr. Emily Taylor,Pain Management,Detroit,MI,Fentora,REP-H252,Hilary Conway,TERR-H08,2,4.0,6,4,2,-0.05705911343211046,-0.5212363411109614,-0.7785503772785685,3.2625,0.02967365529785715,12.4005,hybrid,-0.16403336150774317,-0.5022096598519604,-0.256238760042948,-0.3906947732227824,-0.29617796349965275,-0.514701050769978,-0.256238760042948,0.8299324772880868,66.66666666666666,1.3333333333333333,0.5,2.5656183643957156,1.6094379124341003,266.66666666666663,0.5,12.0087,15451.86,19.0
1001000479,Dr. Robert Carter,Oncology,Denver,CO,Subsys,REP-H384,Hannah Carrington,TERR-H08,2,8.0,10,9,3,0.1121200477946132,0.4235543541584552,-0.12494075405668344,8.249,0.07524953506364529,19.5234,hybrid,1.3034405433359326,1.0936358814624427,-0.6268263210564041,0.5806827549184936,1.057580722084056,1.5180600393929398,-0.6268263210564041,1.1651920415207029,90.0,3.0,0.3333333333333333,2.946316163521316,2.302585092994046,720.0,0.3333333333333333,18.0357,24178.82,20.0
1001000480,Dr. Lisa Wright,Oncology,Jacksonville,FL,Subsys,REP-H131,Hugh Finch,TERR-H07,2,5.0,6,3,1,0.4504783702480605,-0.34590061974729064,-0.8121544691670606,4.9923,0.04534203159607042,13.7825,hybrid,-1.2122290078246534,-0.821378768114841,-0.6268263210564041,-0.18023186307127306,-0.7319909180868357,-0.5894349143789086,-0.6268263210564041,0.8480795847929701,50.0,1.0,0.3333333333333333,2.6481020171167775,1.3862943611198906,250.0,0.3333333333333333,13.1272,15003.18,22.0
1001000481,Dr. James Jones,Oncology,Austin,TX,Abstral,REP-H254,Hazel Conway,TERR-H10,2,7.0,4,4,2,1.6347324988351262,0.23401620422478156,0.6737376170109156,3.9389,0.03650046253774697,17.4893,hybrid,1.9323579311260792,-0.5022096598519604,-0.256238760042948,0.4132373266892504,-0.29617796349965275,1.4283794030622228,-0.256238760042948,1.0870784281093753,100.0,1.3333333333333333,0.5,2.880691723842858,1.6094379124341003,700.0,0.5,16.8266,34842.73,29.0
1001000482,Dr. Joseph Johnson,Oncology,Miami,FL,Lazanda,REP-H293,Hector Gallagher,TERR-H01,2,3.0,9,6,4,-0.05705911343211046,-0.8066330459072943,-0.01046604984012672,8.2836,0.0727190537597,11.032,hybrid,-0.16403336150774317,0.1361285566738009,0.11434880097050806,-0.7753891645164678,0.36097281999740366,-0.8136365052057011,0.11434880097050806,0.6581997393068788,66.66666666666666,2.0,0.6666666666666666,2.414850713447784,1.9459101490553132,199.99999999999997,0.6666666666666666,10.1881,25707.28,19.0
1001000483,Dr. Donna Nelson,Pain Management,Chicago,IL,Actiq,REP-H258,Hilda Conway,TERR-H02,2,5.0,11,6,4,-0.22623827465883412,-0.1917588094505564,-1.0098297832570395,9.2192,0.08258634889041438,15.4114,hybrid,-0.9263574679200418,0.1361285566738009,0.11434880097050806,-0.008542126838911248,0.36097281999740366,-0.4875251003667304,0.11434880097050806,0.9751898390977833,54.54545454545454,2.0,0.6666666666666666,2.7153898664055958,1.9459101490553132,272.7272727272727,0.6666666666666666,14.1105,12363.83,18.0
1001000484,Dr. Joseph Martin,Pain Management,Atlanta,GA,Subsys,REP-H149,Harrison Sterling,TERR-H01,2,8.0,11,8,7,-0.7337757583390051,0.7336720632096395,0.34470766148892923,9.5396,0.0869606158903875,21.9232,hybrid,0.21712869169840726,0.7744667731995619,0.5775832522373283,0.83296353341519,0.8518052140972275,0.8984483701988956,0.5775832522373283,1.3831862400129715,72.72727272727273,2.6666666666666665,0.875,3.0451888822665834,2.1972245773362196,581.8181818181819,0.875,20.014,30449.54,15.0
1001000485,Dr. Dorothy Hernandez,Oncology,Miami,FL,Abstral,REP-H267,Heather Mercer,TERR-H11,2,5.0,5,4,4,-1.4104924032458996,-0.2105386211799866,0.6460457721886564,7.055,0.06376399124410392,14.9777,hybrid,0.6745231555457861,-0.5022096598519604,0.8555239229974204,-0.028852269952318748,-0.29617796349965275,0.08316985810146854,0.8555239229974204,0.9038657936927149,80.0,1.3333333333333333,1.0,2.7074300088227305,1.6094379124341003,400.0,1.0,13.9907,34472.99,11.0
1001000486,Dr. Joseph Nguyen,Anesthesiology,Los Angeles,CA,Fentora,REP-H177,Hunter Hayes,TERR-H05,2,7.0,6,4,4,-0.05705911343211046,0.28101276145752957,0.4086511524661022,3.6985,0.0343468434033527,17.7598,hybrid,-0.16403336150774317,-0.5022096598519604,0.8555239229974204,0.4557917041896232,-0.29617796349965275,0.38210531253719154,0.8555239229974204,1.0928935944313374,66.66666666666666,1.3333333333333333,1.0,2.897369439137087,1.6094379124341003,466.66666666666663,1.0,17.1264,31303.31,19.0
1001000487,Dr. Rebecca Thomas,Internal Medicine,Charlotte,NC,Abstral,REP-H337,Hunter Thornton,TERR-H09,1,10.0,10,5,5,1.6347324988351262,3.130214314624745,3.613687477034685,4.1607,0.0396634811596166,36.7708,hybrid,-1.2122290078246534,-0.18304055158907967,0.8555239229974204,2.227866548453989,0.05990714800519574,0.5315730397550533,0.8555239229974204,2.1254852186903417,50.0,1.6666666666666667,1.0,3.591872836171786,1.791759469228055,500.0,1.0,35.302,74096.78,29.0
1001000488,Dr. Laura Campbell,Internal Medicine,Las Vegas,NV,Fentora,REP-H171,Hugh Hayes,TERR-H11,3,1.0,3,1,1,-0.3954174358855578,-1.5175853008028286,-1.0693214885030633,1.5795,0.013333630414261721,5.7421,hybrid,-2.2604246541415645,-1.4597169846406022,0.8555239229974204,-2.10172875979054,-2.085749603670544,-1.560975141295009,0.8555239229974204,0.3403473696734679,33.33333333333333,0.3333333333333333,1.0,1.8950378186815569,0.6931471805599453,33.33333333333333,1.0,5.6528,11569.5,17.0
1001000489,Dr. Mary Lewis,Palliative Care,Detroit,MI,Actiq,REP-H232,Hilary Sinclair,TERR-H12,2,8.0,7,4,3,0.6196575314747842,0.3942716427139015,0.4274716308708875,6.2582,0.05757126163360704,18.9659,hybrid,-0.7630023022602633,-0.5022096598519604,0.2996425814772362,0.5555201634154213,-0.29617796349965275,0.3394002476178025,0.2996425814772362,1.1622167505397787,57.14285714285714,1.3333333333333333,0.75,2.9364545567536093,1.6094379124341003,457.1428571428571,0.75,17.8489,31554.6,23.0
1001000490,Dr. Melissa Johnson,Oncology,Jacksonville,FL,Subsys,REP-H120,Hattie Vance,TERR-H08,2,3.0,8,5,0,0.1121200477946132,-0.774857855276614,-0.46895953660381884,4.6693,0.04171354485888479,10.876,hybrid,-0.4260822730869703,-0.18304055158907967,-1.3680014430833163,-0.7295749423009504,0.05990714800519574,-0.869686902912399,-1.3680014430833163,0.6712951238395694,62.5,1.6666666666666667,0.0,2.4328060120426285,1.791759469228055,187.5,0.0,10.3908,19585.5,20.0
1001000491,Dr. Nancy Clark,Pain Management,Los Angeles,CA,Abstral,REP-H263,Howard Mercer,TERR-H07,2,8.0,8,4,3,-0.5645965971122814,0.6362302354048494,-0.31778755828651467,5.2225,0.0484716007476278,20.4052,hybrid,-1.2122290078246534,-0.5022096598519604,0.2996425814772362,0.7563485269522433,-0.29617796349965275,0.08316985810146854,0.2996425814772362,1.3402268832231212,50.0,1.3333333333333333,0.75,3.015162282416936,1.6094379124341003,400.0,0.75,19.3924,21603.94,16.0
1001000492,Dr. Linda Martin,Palliative Care,Baltimore,MD,Fentora,REP-H117,Hunter Vance,TERR-H05,2,7.0,7,5,3,1.6347324988351262,0.26500759636925886,1.1109503097361035,6.4012,0.05870543513213278,18.1141,hybrid,0.13545110886851783,-0.18304055158907967,-0.03388622343487435,0.44137892053795347,0.05990714800519574,0.5315730397550533,-0.03388622343487435,1.108523585555096,71.42857142857143,1.6666666666666667,0.6,2.8917208474654603,1.791759469228055,500.0,0.6,17.0243,40680.37,29.0
1001000493,Dr. Betty Green,Oncology,Nashville,TN,Abstral,REP-H278,Hilda Mercer,TERR-H10,1,10.0,7,5,3,-0.5645965971122814,1.3942574273817523,1.885829901632606,5.6833,0.05314092054788899,25.6049,hybrid,0.13545110886851783,-0.18304055158907967,-0.03388622343487435,1.2993029856337288,0.05990714800519574,1.4924370004413066,-0.03388622343487435,1.5652440871140898,71.42857142857143,1.6666666666666667,0.6,3.2279544888014047,1.791759469228055,714.2857142857143,0.6,24.228,51026.52,16.0
1001000494,Dr. Betty Young,Pain Management,Charlotte,NC,Actiq,REP-H387,Heather Carrington,TERR-H11,2,8.0,12,10,8,-1.4104924032458996,0.49133724724531386,0.2500480472940769,13.3819,0.11950687856979947,20.9394,hybrid,0.8841622848091689,1.4128049897253234,0.41081884978127314,0.6379937609667878,1.243727311658896,1.2789116758443615,0.41081884978127314,1.2763476466065533,83.33333333333334,3.3333333333333335,0.8,2.9687772285924923,2.3978952727983707,666.6666666666667,0.8,18.4681,29185.65,11.0
1001000495,Dr. John Hill,Family Practice,New York,NY,Fentora,REP-H135,Homer Finch,TERR-H11,2,3.0,4,1,0,-1.4104924032458996,-0.7137999532013796,-0.15803855268234626,3.7926,0.03411346496630907,11.1891,hybrid,-2.78452247730002,-1.4597169846406022,-1.3680014430833163,-0.6437844019697483,-2.085749603670544,-1.374140482272682,-1.3680014430833163,0.7384259700468405,25.0,0.3333333333333333,0.0,2.466428644792204,0.6931471805599453,75.0,0.0,10.7803,23736.9,11.0
1001000496,Dr. Lisa Hernandez,Palliative Care,Denver,CO,Lazanda,REP-H147,Heather Sterling,TERR-H11,2,9.0,9,5,4,-0.3954174358855578,0.7707143796676058,0.6822389998901671,5.4259,0.050415038874574325,21.3491,hybrid,-0.8628304590523498,-0.18304055158907967,0.41081884978127314,0.861495535586757,0.05990714800519574,0.5315730397550533,0.41081884978127314,1.3185819777944678,55.55555555555556,1.6666666666666667,0.8,3.0563710129178316,1.791759469228055,500.0,0.8,20.2503,34956.24,17.0
1001000497,Dr. David Perez,Palliative Care,Jacksonville,FL,Actiq,REP-H212,Hilary Bishop,TERR-H04,2,5.0,6,6,5,1.8039116600618497,-0.3303343818112939,-0.8604927435402256,9.1609,0.08173853488195038,14.4382,hybrid,1.9323579311260792,0.1361285566738009,0.48493636198396434,-0.1623596239682823,0.36097281999740366,0.5315730397550533,0.48493636198396434,0.8612328967619507,100.0,2.0,0.8333333333333334,2.655106422607786,1.9459101490553132,500.0,0.8333333333333334,13.2265,14357.77,30.0
1001000498,Dr. William Flores,Oncology,Baltimore,MD,Subsys,REP-H192,Hilary Monroe,TERR-H08,2,5.0,5,4,0,1.127195015154955,-0.2081715497516527,-0.8037729190127387,3.2007,0.029437547274487663,14.4541,hybrid,0.6745231555457861,-0.5022096598519604,-1.3680014430833163,-0.02628338838960052,-0.29617796349965275,0.08316985810146854,-1.3680014430833163,0.9048413255449281,80.0,1.3333333333333333,0.0,2.708436793032586,1.6094379124341003,400.0,0.0,14.0058,15115.09,26.0
1001000499,Dr. David Hall,Anesthesiology,Nashville,TN,Lazanda,REP-H164,Hannah Hayes,TERR-H04,2,6.0,4,2,2,-0.05705911343211046,0.002842678703990532,0.8476725703832018,2.0086,0.018684545236737904,15.6603,hybrid,-1.2122290078246534,-1.1405478763777217,0.8555239229974204,0.19291521550926785,-1.2938515375785122,-0.3652333235521162,0.8555239229974204,0.9796567388564117,50.0,0.6666666666666666,1.0,2.794344098542712,1.0986122886681098,300.0,1.0,15.3519,37165.1,19.0
1001000500,Dr. Karen Smith,Pain Management,Chicago,IL,Lazanda,REP-H308,Harvey Kensington,TERR-H04,3,2.0,3,3,1,-0.9029549195657287,-1.0973125525006375,-0.4805585954225109,2.3933,0.021148712390952173,8.5333,hybrid,1.9323579311260792,-0.821378768114841,-0.6268263210564041,-1.2377555312200053,-0.7319909180868357,-0.813636505205701,-0.6268263210564041,0.5759567046577447,100.0,1.0,0.3333333333333333,2.2336422202571358,1.3862943611198906,200.0,0.3333333333333333,8.3338,19430.63,14.0
1001000501,Dr. Barbara Miller,Anesthesiology,Houston,TX,Subsys,REP-H340,Hattie Thornton,TERR-H12,2,8.0,13,6,7,-0.05705911343211046,0.523504337119096,1.2217880907510346,4.5021,0.041845193380872114,19.514,hybrid,-1.4541203108208638,0.1361285566738009,1.2261114840108767,0.6647473875913226,0.36097281999740366,-0.05480035163809602,1.2261114840108767,1.191606523081015,46.15384615384615,2.0,1.1666666666666667,2.979262386504347,1.9459101490553132,369.2307692307692,1.1666666666666667,18.6733,42160.27,19.0
1001000502,Dr. Margaret Baker,Orthopedics,Houston,TX,Abstral,REP-H157,Hunter Sterling,TERR-H09,2,8.0,9,8,6,0.4504783702480605,0.7419646511936703,1.4437729710021234,5.2771,0.04904126005966081,21.1258,hybrid,1.2335608335814718,0.7744667731995619,0.2996425814772362,0.8393787092271779,0.8518052140972275,1.47820197880151,0.2996425814772362,1.3477039632205823,88.88888888888889,2.6666666666666665,0.75,3.047703088372731,2.1972245773362196,711.1111111111111,0.75,20.0669,45124.2,22.0
1001000503,Dr. John Miller,Pain Management,Houston,TX,Abstral,REP-H222,Harold Sinclair,TERR-H02,2,2.0,10,9,8,-0.3954174358855578,-0.8364330643527427,-0.029640783737986603,7.9152,0.06947890235160026,10.7893,hybrid,1.3034405433359326,1.0936358814624427,0.6084655489884495,-0.8191161422363474,1.057580722084056,-0.903317141536418,0.6084655489884495,0.6909711215973663,90.0,3.0,0.8888888888888888,2.397713438085623,2.302585092994046,180.0,0.8888888888888888,9.998,25451.26,17.0
1001000504,Dr. Thomas Smith,Anesthesiology,Houston,TX,Subsys,REP-H280,Hattie Mercer,TERR-H12,2,5.0,9,6,3,0.9580158539282314,-0.31668061218163307,0.3282344065837097,5.982,0.05414664202825614,14.11,hybrid,-0.16403336150774317,0.1361285566738009,-0.256238760042948,-0.14678556930516695,0.36097281999740366,-0.21576559633425496,-0.256238760042948,0.8495859117398317,66.66666666666666,2.0,0.5,2.661210134256392,1.9459101490553132,333.33333333333326,0.5,13.3136,30229.59,25.0
1001000505,Dr. Stephanie Adams,Neurology,Atlanta,GA,Actiq,REP-H155,Homer Sterling,TERR-H07,2,5.0,4,3,3,-0.3954174358855578,-0.23121522524602875,-0.7235209431271251,5.5185,0.05019030928049917,14.6236,hybrid,0.3600644616507129,-0.821378768114841,0.8555239229974204,-0.05140235807182308,-0.7319909180868357,-0.028930937311927647,0.8555239229974204,0.85925626852583,75.0,1.0,1.0,2.6985922823276463,1.3862943611198906,375.0,1.0,13.8588,16186.61,17.0
1001000506,Dr. Sarah Nguyen,Pain Management,Baltimore,MD,Actiq,REP-H156,Hayden Sterling,TERR-H08,2,7.0,12,9,5,1.2963741763816787,0.1037332198480748,-0.003967371376267225,9.5327,0.08591882465786194,17.5203,hybrid,0.3600644616507129,1.0936358814624427,-0.13270957303846254,0.29141735639434224,1.057580722084056,0.6436738351684494,-0.13270957303846254,1.1054639503411354,75.0,3.0,0.5555555555555556,2.8329486031330773,2.302585092994046,525.0,0.5555555555555556,15.9955,25794.05,27.0
1001000507,Dr. Betty Harris,Oncology,Atlanta,GA,Fentora,REP-H246,Holly Conway,TERR-H02,1,10.0,16,10,9,-0.22623827465883412,2.0198226751903023,1.3699260542640177,8.5673,0.07949338082210478,30.6361,hybrid,-0.4260822730869703,1.4128049897253234,0.6331713863893468,1.6740037734586233,1.243727311658896,1.0920770168220342,0.6331713863893468,1.823055836083773,62.5,3.3333333333333335,0.9,3.3748054927859434,2.3978952727983707,625.0,0.9,28.2186,44138.2,18.0
1001000508,Dr. Betty Smith,Neurology,Miami,FL,Abstral,REP-H230,Hope Sinclair,TERR-H10,2,6.0,6,5,2,0.1121200477946132,-0.10798642724515138,-0.7331959377561601,3.1589,0.029140016748714803,15.1075,hybrid,0.8841622848091689,-0.18304055158907967,-0.4785912966510216,0.08013803244203735,0.05990714800519574,0.5315730397550535,-0.4785912966510216,0.9079950736668346,83.33333333333334,1.6666666666666667,0.4,2.7501449852819455,1.791759469228055,500.00000000000006,0.4,14.6449,16057.43,20.0
1001000509,Dr. Michael Gonzalez,Internal Medicine,Columbus,OH,Subsys,REP-H234,Hazel Sinclair,TERR-H02,1,10.0,10,8,0,-0.5645965971122814,4.051271591731926,3.6528518073599283,0.9653,0.009380300914684003,41.5751,hybrid,0.6745231555457861,0.7744667731995619,-1.3680014430833163,2.610644167100969,0.8518052140972275,1.8767825847158075,-1.3680014430833163,2.4792470721529494,80.0,2.6666666666666665,0.0,3.7418892744275514,2.1972245773362196,800.0,0.0,41.1776,74619.7,16.0
1001000510,Dr. Nancy Wilson,Oncology,Phoenix,AZ,Abstral,REP-H124,Hannah Finch,TERR-H12,2,5.0,5,5,6,0.9580158539282314,-0.3101594087764218,-0.8029063786205888,7.5567,0.06794740765886464,14.3645,hybrid,1.9323579311260792,-0.18304055158907967,1.3002289962135676,-0.1393806248982795,0.05990714800519574,0.5315730397550533,1.3002289962135676,0.862809469713806,100.0,1.6666666666666667,1.2,2.664112245903697,1.791759469228055,500.0,1.2,13.3552,15126.66,25.0
1001000511,Dr. Patricia Anderson,Oncology,Charlotte,NC,Actiq,REP-H313,Hector Kensington,TERR-H09,2,5.0,11,9,2,-0.7337757583390051,-0.20265360840878174,-0.7418875550862384,4.7164,0.04308470756842553,14.7032,hybrid,0.7888717715076315,1.0936358814624427,-0.8738846950653749,-0.020305024888811685,1.057580722084056,0.12393378370634002,-0.8738846950653749,0.9071154130414782,81.81818181818183,3.0,0.2222222222222222,2.7107798056730763,2.302585092994046,409.0909090909091,0.2222222222222222,14.041,15941.38,15.0
1001000512,Dr. Dorothy Robinson,Emergency Medicine,Detroit,MI,Actiq,REP-H143,Howard Sterling,TERR-H07,2,4.0,7,6,0,-0.7337757583390051,-0.4942423212461209,0.43419050196680603,1.6097,0.014768002289693438,12.377,hybrid,1.033904519997298,0.1361285566738009,-1.3680014430833163,-0.357140470202862,0.36097281999740366,-0.17306053141486571,-1.3680014430833163,0.6792794025946374,85.71428571428571,2.0,0.0,2.578768812023756,1.9459101490553132,342.85714285714283,0.0,12.1809,31644.31,15.0
1001000513,Dr. Charles Lopez,Palliative Care,Charlotte,NC,Subsys,REP-H242,Harold Conway,TERR-H10,2,4.0,7,5,6,-1.241313242019176,-0.5445621840603705,-0.5276730780923284,6.5139,0.05833536965000263,12.6324,hybrid,0.13545110886851783,-0.18304055158907967,1.3002289962135676,-0.4200491238560597,0.05990714800519574,-0.4292909209311997,1.3002289962135676,0.7722478382268217,71.42857142857143,1.6666666666666667,1.2,2.554113942729473,1.791759469228055,285.7142857142857,1.2,11.8599,18801.56,12.0
1001000514,Dr. Donna Torres,Pain Management,Seattle,WA,Subsys,REP-H103,Howard Vance,TERR-H03,2,7.0,13,9,3,-0.3954174358855578,0.30874355189940106,0.08347606591420738,8.5153,0.07742310562985866,18.7767,hybrid,-0.002772492843602703,1.0936358814624427,-0.6268263210564041,0.48057239069244095,1.057580722084056,0.4625879348852709,-0.6268263210564041,1.1958472302796268,69.23076923076923,3.0,0.3333333333333333,2.907081371459112,2.302585092994046,484.6153846153846,0.3333333333333333,17.3033,26961.59,17.0
1001000515,Dr. Barbara Wilson,Internal Medicine,Phoenix,AZ,Lazanda,REP-H155,Homer Sterling,TERR-H07,2,7.0,7,3,4,0.1121200477946132,0.2307399265524523,-0.6564745335287963,5.5262,0.050842775356175096,17.7344,hybrid,-1.661455713389044,-0.821378768114841,1.5966990450243326,0.4102440961912931,-0.7319909180868357,-0.3652333235521162,1.5966990450243326,1.0118482505168058,42.857142857142854,1.0,1.3333333333333333,2.8795186307561482,1.3862943611198906,300.0,1.3333333333333333,16.8057,17081.81,20.0
1001000516,Dr. Elizabeth Mitchell,Family Practice,New York,NY,Lazanda,REP-H188,Harvey Monroe,TERR-H04,1,9.0,7,6,5,0.6196575314747842,0.9875600688606017,1.1213472965328415,5.4417,0.050707931168879394,22.8109,hybrid,1.033904519997298,0.1361285566738009,0.48493636198396434,1.022409133664292,0.36097281999740366,1.74866738995764,0.48493636198396434,1.4818522736477955,85.71428571428571,2.0,0.8333333333333334,3.1194355278595336,1.9459101490553132,771.4285714285713,0.8333333333333334,21.6336,40819.19,23.0
1001000517,Dr. Emily Brown,Orthopedics,Philadelphia,PA,Subsys,REP-H369,Harrison Whitman,TERR-H05,3,1.0,2,2,2,-1.241313242019176,-1.5313644781902822,-0.9243538495190092,2.0778,0.017455559700524814,5.6805,hybrid,1.9323579311260792,-1.1405478763777217,0.8555239229974204,-2.1356660426895355,-1.2938515375785122,-1.2620396868592858,0.8555239229974204,0.37374172318226623,100.0,0.6666666666666666,1.0,1.8817372753462869,1.0986122886681098,100.0,1.0,5.5649,13505.1,12.0
1001000518,Dr. Emily Martin,Pain Management,Denver,CO,Subsys,REP-H135,Homer Finch,TERR-H11,2,4.0,7,5,0,1.127195015154955,-0.39808592295870415,-0.29300839763458525,4.1758,0.038002076569590315,13.3286,hybrid,0.13545110886851783,-0.18304055158907967,-1.3680014430833163,-0.24107804210665473,0.05990714800519574,-0.4292909209311997,-1.3680014430833163,0.8842260273107805,71.42857142857143,1.6666666666666667,0.0,2.6242554633589443,1.791759469228055,285.7142857142857,0.0,12.7943,21934.79,26.0
1001000519,Dr. Elizabeth Davis,Pain Management,Charlotte,NC,Subsys,REP-H285,Henry Gallagher,TERR-H05,3,1.0,6,5,1,1.4655533376084025,-1.3869887970316408,-1.3868078078416377,7.2585,0.060993089908635056,6.9567,hybrid,0.8841622848091689,-0.18304055158907967,-0.923296369867169,-1.8006856352149971,0.05990714800519574,-1.3367735504682166,-0.923296369867169,0.44824660907865155,83.33333333333334,1.6666666666666667,0.2,2.0130212511242465,1.791759469228055,83.33333333333334,0.2,6.4859,7330.44,28.0
1001000520,Dr. Sharon Hill,Emergency Medicine,Chicago,IL,Fentora,REP-H270,Hope Mercer,TERR-H02,2,5.0,3,2,1,-1.4104924032458996,-0.32182233025112644,-0.30755234566843204,1.5244,0.014080283793465043,13.4833,hybrid,-0.16403336150774317,-1.1405478763777217,-0.256238760042948,-0.15263927289971327,-1.2938515375785122,-0.21576559633425496,-0.256238760042948,0.7406163657840439,66.66666666666666,0.6666666666666666,0.5,2.6589159777512053,1.0986122886681098,333.33333333333326,0.5,13.2808,21740.6,11.0
1001000521,Dr. Susan Harris,Orthopedics,Nashville,TN,Subsys,REP-H168,Harvey Hayes,TERR-H08,2,3.0,3,2,0,-1.241313242019176,-0.7322035416574322,0.13507528831452986,-1.2413,-0.0114084924605109,10.5306,hybrid,-0.16403336150774317,-1.1405478763777217,-1.3680014430833163,-0.6693403806197709,-1.2938515375785122,-0.8136365052057011,-1.3680014430833163,0.7161261873744698,66.66666666666666,0.6666666666666666,0.0,2.456412863548859,1.0986122886681098,199.99999999999997,0.0,10.6629,27650.54,12.0
1001000522,Dr. Carol Moore,Oncology,Las Vegas,NV,Abstral,REP-H374,Hazel Whitman,TERR-H10,2,5.0,8,7,3,-0.22623827465883412,-0.2310114376396161,0.503471791885079,7.8697,0.07083548522916505,14.9509,hybrid,1.146211196388396,0.4552976649366816,-0.41506200047728636,-0.0511791302591454,0.6217677674968723,0.25132105122156284,-0.41506200047728636,0.8954284122424465,87.5,2.3333333333333335,0.42857142857142855,2.698679768742071,2.0794415416798357,437.5,0.42857142857142855,13.8601,32569.35,18.0
1001000523,Dr. John Adams,Anesthesiology,Nashville,TN,Abstral,REP-H335,Homer Thornton,TERR-H07,2,5.0,6,5,3,0.4504783702480605,-0.14426062118663835,0.21825567641561996,4.8118,0.04401021132220251,15.107,hybrid,0.8841622848091689,-0.18304055158907967,-0.03388622343487435,0.04211646702559367,0.05990714800519574,0.15790372171039968,-0.03388622343487435,0.9197742563139996,83.33333333333334,1.6666666666666667,0.6,2.7352437487863397,1.791759469228055,416.66666666666674,0.6,14.4135,28761.16,22.0
1001000524,Dr. Richard Wright,Oncology,Charlotte,NC,Abstral,REP-H169,Harrison Hayes,TERR-H09,2,6.0,12,8,5,1.6347324988351262,0.05327227330630864,-0.38267922569969615,10.2446,0.09194264182014367,17.2793,hybrid,-0.16403336150774317,0.7744667731995619,0.02170191071714412,0.24262628171737455,0.8518052140972275,0.08316985810146829,0.02170191071714412,1.0125891416456743,66.66666666666666,2.6666666666666665,0.625,2.813826630256026,2.1972245773362196,399.99999999999994,0.625,15.6736,20737.51,29.0
1001000525,Dr. William Wilson,Neurology,New York,NY,Subsys,REP-H247,Heather Conway,TERR-H03,3,2.0,3,2,0,0.4504783702480605,-1.0355492317878203,-0.6094559170389229,1.2181,0.010878340585230184,8.8342,hybrid,-0.16403336150774317,-1.1405478763777217,-1.3680014430833163,-1.1322594292640404,-1.2938515375785122,-1.1125719596414243,-1.3680014430833163,0.5411303186740367,66.66666666666666,0.6666666666666666,0.0,2.2749877658019413,1.0986122886681098,133.33333333333331,0.0,8.7278,17709.6,22.0
1001000526,Dr. Jennifer Hill,Pain Management,Nashville,TN,Fentora,REP-H347,Heather Blackwood,TERR-H07,1,10.0,12,7,7,0.7888366927015078,2.1474877726230908,0.1499263077060096,9.3405,0.08644739374319022,31.7448,hybrid,-0.6881311846661978,0.4552976649366816,0.8555239229974204,1.7441497419119554,0.6217677674968723,0.9052423577997074,0.8555239229974204,2.0064977568850106,58.333333333333336,2.3333333333333335,1.0,3.402296777105456,2.0794415416798357,583.3333333333334,1.0,29.033,27848.83,24.0
1001000527,Dr. Lisa Allen,Oncology,New York,NY,Subsys,REP-H340,Hattie Thornton,TERR-H12,2,7.0,13,10,3,0.28129920902133687,0.3695663144287742,-0.7357244082521829,5.8924,0.054269659169481343,18.7337,hybrid,0.4810101131488187,1.4128049897253234,-0.7009438332590954,0.5340961977136504,1.243727311658896,0.7040358019295094,-0.7009438332590954,1.1429421627192295,76.92307692307693,3.3333333333333335,0.3,2.9280581749608237,2.3978952727983707,538.4615384615386,0.3,17.6913,16023.67,21.0
1001000528,Dr. Elizabeth Young,Pain Management,Denver,CO,Subsys,REP-H304,Hannah Kensington,TERR-H12,2,3.0,9,8,9,-0.7337757583390051,-0.5738762474443726,-0.11187973599384551,11.5793,0.10133994487202713,13.0245,hybrid,1.2335608335814718,0.7744667731995619,1.1334645937575125,-0.45742476147183553,0.8518052140972275,-0.514701050769978,1.1334645937575125,0.8067250255344967,88.88888888888889,2.6666666666666665,1.125,2.5394658552773484,2.1972245773362196,266.66666666666663,1.125,11.6729,24353.21,15.0
1001000529,Dr. Lisa Scott,Oncology,Boston,MA,Abstral,REP-H324,Hannah Thornton,TERR-H08,2,2.0,3,2,1,0.6196575314747842,-0.9910138018017506,-1.1998305602697834,3.4578,0.030658150927901584,9.3236,hybrid,-0.16403336150774317,-1.1405478763777217,-0.256238760042948,-1.0588083203919048,-1.2938515375785122,-1.1125719596414243,-0.256238760042948,0.5822116224477244,66.66666666666666,0.6666666666666666,0.5,2.3037743855052644,1.0986122886681098,133.33333333333331,0.5,9.0119,9826.95,23.0
1001000530,Dr. Lisa Moore,Oncology,Baltimore,MD,Abstral,REP-H204,Hannah Bishop,TERR-H08,3,1.0,8,5,5,-0.3954174358855578,-1.2774764725393204,-1.206149489646248,7.1451,0.06083949561124635,7.6979,hybrid,-0.4260822730869703,-0.18304055158907967,0.8555239229974204,-1.5730322344792491,0.05990714800519574,-1.43019087997938,0.8555239229974204,0.46415288690239304,62.5,1.6666666666666667,1.0,2.102242121602272,1.791759469228055,62.5,1.0,7.1845,9742.58,17.0
1001000531,Dr. Sarah Green,Family Practice,Columbus,OH,Actiq,REP-H164,Hannah Hayes,TERR-H04,2,8.0,7,5,0,0.28129920902133687,0.7113651582922947,1.0476614050188602,2.9208,0.027428368271813053,20.4521,hybrid,0.13545110886851783,-0.18304055158907967,-1.3680014430833163,0.8156263527452327,0.05990714800519574,0.851861026650471,-1.3680014430833163,1.3611661409218483,71.42857142857143,1.6666666666666667,0.0,3.0383941744080176,1.791759469228055,571.4285714285714,0.0,19.8717,39835.34,21.0
1001000532,Dr. Richard Rivera,Anesthesiology,Philadelphia,PA,Fentora,REP-H223,Howard Sinclair,TERR-H03,2,7.0,10,9,7,-1.0721340807924524,0.3857595911537338,0.976852996812261,6.3502,0.05838555465870732,18.9246,hybrid,1.3034405433359326,1.0936358814624427,0.36140717497947894,0.5481589769931653,1.057580722084056,1.1144971759047135,0.36140717497947894,1.1355336997540566,90.0,3.0,0.7777777777777778,2.933569594533752,2.302585092994046,630.0,0.7777777777777778,17.7946,38889.91,13.0
1001000533,Dr. Donna Ramirez,Orthopedics,Philadelphia,PA,Abstral,REP-H286,Holly Gallagher,TERR-H06,2,5.0,5,3,3,-1.0721340807924524,-0.2607017242969957,-0.2676899897204711,4.9816,0.0453804235574049,14.3518,hybrid,-0.5833116200345069,-0.821378768114841,0.8555239229974204,-0.08390931067022686,-0.7319909180868357,-0.3652333235521162,0.8555239229974204,0.9181316780369471,60.0,1.0,1.0,2.6858523074445824,1.3862943611198906,300.0,1.0,13.6707,22272.84,13.0
1001000535,Dr. Patricia Anderson,Oncology,Phoenix,AZ,Fentora,REP-H108,Harvey Vance,TERR-H08,3,1.0,3,2,1,-1.0721340807924524,-1.3719555420662621,-0.9135082389583145,4.3896,0.03739636535412183,6.8707,hybrid,-0.16403336150774317,-1.1405478763777217,-0.256238760042948,-1.768205697441123,-1.2938515375785122,-1.4115074140771473,-0.256238760042948,0.425215598999815,66.66666666666666,0.6666666666666666,0.5,2.0257506384819206,1.0986122886681098,66.66666666666666,0.5,6.5818,13649.91,13.0
1001000536,Dr. Richard Martinez,Pain Management,Columbus,OH,Subsys,REP-H155,Homer Sterling,TERR-H07,1,9.0,16,14,11,2.142269982515297,1.1600741156739405,2.179447789028719,14.791,0.13249911665436187,26.0967,hybrid,1.146211196388396,2.689481422776846,0.37905420169440535,1.1435508555928862,1.849478788176087,1.8207321870091095,0.37905420169440535,1.5711748925291744,87.5,4.666666666666667,0.7857142857142857,3.1669128325988645,2.70805020110221,787.5,0.7857142857142857,22.7341,54946.89,32.0
1001000537,Dr. James Davis,Anesthesiology,Chicago,IL,Subsys,REP-H312,Hilary Kensington,TERR-H08,2,5.0,7,6,5,-0.5645965971122814,-0.2804847980887662,-1.0246725641486802,8.9462,0.08002102332310512,14.7562,hybrid,1.033904519997298,0.1361285566738009,0.48493636198396434,-0.10595333462509923,0.36097281999740366,0.21128505285963553,0.48493636198396434,0.8643204228428186,85.71428571428571,2.0,0.8333333333333334,2.6772129152820416,1.9459101490553132,428.57142857142856,0.8333333333333334,13.5445,12165.65,16.0
1001000538,Dr. Sarah Baker,Oncology,Los Angeles,CA,Abstral,REP-H356,Hayden Blackwood,TERR-H04,2,4.0,4,3,4,-1.241313242019176,-0.3661696486005072,-0.7432843552862036,7.553,0.06778195709873502,13.9796,hybrid,0.3600644616507129,-0.821378768114841,1.5966990450243326,-0.20369279131110354,-0.7319909180868357,-0.3652333235521162,1.5966990450243326,0.839726189528654,75.0,1.0,1.3333333333333333,2.6389073183641334,1.3862943611198906,300.0,1.3333333333333333,12.9979,15922.73,12.0
1001000539,Dr. Donna Davis,Pain Management,Las Vegas,NV,Actiq,REP-H297,Hunter Gallagher,TERR-H05,1,10.0,16,12,4,-0.3954174358855578,1.5475840872528348,0.5217080857558306,8.9386,0.08247927454394466,27.4592,hybrid,0.3600644616507129,2.0511432062510844,-0.6268263210564041,1.396358933497198,1.5699941196581808,1.6525809938890152,-0.6268263210564041,1.7420171222339842,75.0,4.0,0.3333333333333333,3.265992208095131,2.5649493574615367,750.0,0.3333333333333333,25.2061,32812.84,17.0
1001000540,Dr. Carol Martinez,Orthopedics,Houston,TX,Fentora,REP-H300,Hattie Gallagher,TERR-H08,3,1.0,5,4,2,1.4655533376084025,-1.2517678821918532,-0.8283281422599551,5.1316,0.044179351625521335,7.7256,hybrid,0.6745231555457861,-0.5022096598519604,-0.256238760042948,-1.5224096738419082,-0.29617796349965275,-1.3517203231900026,-0.256238760042948,0.49352927326724344,80.0,1.3333333333333333,0.5,2.1220818820068748,1.6094379124341003,80.0,0.5,7.3485,14787.23,28.0
1001000541,Dr. Stephanie Nelson,Pain Management,Denver,CO,Abstral,REP-H161,Helen Hayes,TERR-H01,2,6.0,11,7,7,1.2963741763816787,0.00574273310294254,-0.681215497499654,12.4428,0.1104913707430395,17.2829,hybrid,-0.35461438811081747,0.4552976649366816,0.8555239229974204,0.19580034715623051,0.6217677674968723,0.0016420068917258354,0.8555239229974204,1.062262705281072,63.63636363636363,2.3333333333333335,1.0,2.7954748260264823,2.0794415416798357,381.8181818181818,1.0,15.3704,16751.47,27.0
1001000542,Dr. Betty Anderson,Anesthesiology,Miami,FL,Lazanda,REP-H167,Heather Hayes,TERR-H07,2,9.0,9,8,5,-0.7337757583390051,0.8399864898782505,0.3864012112647263,7.5449,0.06950290941287518,22.2535,hybrid,1.2335608335814718,0.7744667731995619,0.02170191071714412,0.9140112997799263,0.8518052140972275,1.8767825847158075,0.02170191071714412,1.3204393704860402,88.88888888888889,2.6666666666666665,0.625,3.076952748925246,2.1972245773362196,800.0,0.625,20.6922,31006.23,15.0
1001000543,Dr. Emily Wilson,Anesthesiology,Phoenix,AZ,Fentora,REP-H208,Harvey Bishop,TERR-H12,1,9.0,10,9,10,-0.9029549195657287,1.1310892476541434,-0.14679599622032108,10.8708,0.0990200729091093,25.0004,hybrid,1.3034405433359326,1.0936358814624427,1.1025822970063912,1.1235950608880694,1.057580722084056,1.921622902881166,1.1025822970063912,1.4389408305044324,90.0,3.0,1.1111111111111112,3.1590918496094154,2.302585092994046,810.0,1.1111111111111112,22.5492,23887.01,14.0
1001000544,Dr. Emily Garcia,Pain Management,Nashville,TN,Subsys,REP-H191,Hugh Monroe,TERR-H07,1,9.0,16,10,10,-0.05705911343211046,0.9793301847554671,-0.20500549130959395,12.9353,0.11655657839553513,24.3726,hybrid,-0.4260822730869703,1.4128049897253234,0.8555239229974204,1.0164837356612157,1.243727311658896,0.8118250282885437,0.8555239229974204,1.4914899852275376,62.5,3.3333333333333335,1.0,3.117113273212537,2.3978952727983707,562.5,1.0,21.5811,23109.8,19.0
1001000545,Dr. Joseph Lee,Neurology,Los Angeles,CA,Abstral,REP-H311,Hugh Kensington,TERR-H07,2,8.0,4,4,2,-0.5645965971122814,0.5720998432636983,0.5835702320918761,4.1108,0.038309345030078656,19.7637,hybrid,1.9323579311260792,-0.5022096598519604,-0.256238760042948,0.7046400246040924,-0.29617796349965275,1.8767825847158075,-0.256238760042948,1.1769792133739132,100.0,1.3333333333333333,0.5,2.9948969247473083,1.6094379124341003,800.0,0.5,18.9833,33638.82,16.0
1001000546,Dr. Lisa Garcia,Oncology,Atlanta,GA,Abstral,REP-H139,Holden Finch,TERR-H03,1,9.0,16,13,7,1.9730908212885734,1.256669441113631,-0.39517028936458576,8.5949,0.07919731266335228,25.3572,hybrid,0.7531378290195545,2.370312314513965,-0.1707185536552274,1.2089510365562735,1.7147315055811116,1.568505397328968,-0.1707185536552274,1.508540490644714,81.25,4.333333333333333,0.5384615384615384,3.192544169781246,2.6390573296152584,731.25,0.5384615384615384,23.3503,20570.73,31.0
1001000548,Dr. Karen Wright,Pain Management,Portland,OR,Actiq,REP-H136,Hayden Finch,TERR-H12,2,4.0,12,7,4,0.1121200477946132,-0.4645990624979134,-0.1196493902964935,10.4828,0.09256622686099014,13.6667,hybrid,-0.6881311846661978,0.4552976649366816,-0.09741551960860971,-0.32079441288986743,0.6217677674968723,-0.6641687779878394,-0.09741551960860971,0.8549022578675156,58.333333333333336,2.3333333333333335,0.5714285714285714,2.5930133911138515,2.0794415416798357,233.33333333333334,0.5714285714285714,12.37,24249.47,20.0
1001000549,Dr. Jennifer Perez,Emergency Medicine,Portland,OR,Fentora,REP-H306,Holly Kensington,TERR-H02,1,10.0,8,4,1,-0.5645965971122814,1.307083359746225,1.7442700057637486,3.0881,0.029198396540556892,24.4029,hybrid,-1.2122290078246534,-0.5022096598519604,-0.8121201015631322,1.242429626258179,-0.29617796349965275,0.5315730397550533,-0.8121201015631322,1.3200858795556978,50.0,1.3333333333333333,0.25,3.2056649441950134,1.6094379124341003,500.0,0.25,23.6719,49136.42,16.0
1001000550,Dr. Robert Adams,Neurology,Miami,FL,Actiq,REP-H344,Hannah Blackwood,TERR-H04,2,4.0,4,3,3,0.28129920902133687,-0.46880022238396285,-0.9856258196847743,5.846,0.052668330365616356,13.0648,hybrid,0.3600644616507129,-0.821378768114841,0.8555239229974204,-0.32591413873752917,-0.7319909180868357,-0.3652333235521162,0.8555239229974204,0.7652879018145889,75.0,1.0,1.0,2.591006891780826,1.3862943611198906,300.0,1.0,12.3432,12687.0,21.0
1001000551,Dr. James Robinson,Pain Management,Austin,TX,Subsys,REP-H124,Hannah Finch,TERR-H12,2,7.0,5,2,1,0.1121200477946132,0.07224019667242775,0.6476769951567658,2.0767,0.0193418221729722,16.1226,hybrid,-1.8411463956148,-1.1405478763777217,-0.256238760042948,0.26107612106129136,-1.2938515375785122,-0.4549139598828332,-0.256238760042948,1.0915795636309025,40.0,0.6666666666666666,0.5,2.821057406168549,1.0986122886681098,280.0,0.5,15.7946,34494.77,20.0
1001000552,Dr. Richard Mitchell,Psychiatry,Austin,TX,Subsys,REP-H372,Hilary Whitman,TERR-H08,2,8.0,2,1,0,0.28129920902133687,0.39853550647884733,-0.6547571807896433,-0.2385,-0.002259372580028174,17.8335,hybrid,-1.2122290078246534,-1.4597169846406022,-1.3680014430833163,0.5591995668777524,-2.085749603670544,0.08316985810146854,-1.3680014430833163,1.1434088693645406,50.0,0.3333333333333333,0.0,2.937896571582679,0.6931471805599453,400.0,0.0,17.8761,17104.74,21.0
1001000553,Dr. Mary Thompson,Internal Medicine,Nashville,TN,Lazanda,REP-H365,Henry Whitman,TERR-H01,1,9.0,4,4,1,-0.5645965971122814,1.103374133181996,2.299875932810704,2.4313,0.023004395801929256,22.9163,hybrid,1.9323579311260792,-0.5022096598519604,-0.8121201015631322,1.1043663935983967,-0.29617796349965275,2.3251857663693922,-0.8121201015631322,1.3470116567511132,100.0,1.3333333333333333,0.25,3.1515558390417175,1.6094379124341003,900.0,0.25,22.3724,56554.84,16.0
1001000554,Dr. Sharon King,Pain Management,Denver,CO,Subsys,REP-H203,Howard Bishop,TERR-H07,2,2.0,6,5,0,0.4504783702480605,-0.8651044129780582,-0.1431822906091511,2.2261,0.020001856827839948,10.0336,hybrid,0.8841622848091689,-0.18304055158907967,-1.3680014430833163,-0.8619063283202858,0.05990714800519574,-0.9631042324235625,-1.3680014430833163,0.6783307317053721,83.33333333333334,1.6666666666666667,0.0,2.3809433057792875,1.791759469228055,166.66666666666669,0.0,9.8151,23935.26,22.0
1001000556,Dr. Laura Mitchell,Pain Management,Austin,TX,Actiq,REP-H169,Harrison Hayes,TERR-H09,2,5.0,9,7,6,3.3265241111023625,-0.30062841918419,-0.45945006092609336,10.359,0.09203193360255035,14.8057,hybrid,0.5347637360368652,0.4552976649366816,0.5378774421287437,-0.12859652427176088,0.6217677674968723,0.03334728236218146,0.5378774421287437,0.9271922951940654,77.77777777777779,2.3333333333333335,0.8571428571428571,2.668338700865982,2.0794415416798357,388.8888888888889,0.8571428571428571,13.416,19712.47,39.0
1001000557,Dr. Amanda Nguyen,Palliative Care,Austin,TX,Fentora,REP-H145,Henry Sterling,TERR-H09,2,7.0,11,9,9,-0.22623827465883412,0.09851312192996096,0.5494149096687059,9.1094,0.0822488030969244,17.4163,hybrid,0.7888717715076315,1.0936358814624427,0.8555239229974204,0.2864130512061011,1.057580722084056,0.8576844445940242,0.8555239229974204,1.0393657993190646,81.81818181818183,3.0,1.0,2.8309873389323688,2.302585092994046,572.7272727272727,1.0,15.9622,33182.78,18.0
1001000558,Dr. Kathleen Hernandez,Anesthesiology,Jacksonville,FL,Subsys,REP-H122,Harold Finch,TERR-H10,2,4.0,8,6,0,0.9580158539282314,-0.39422963440658415,-0.7362052370609644,3.4765,0.03173671284594359,13.2645,hybrid,0.3600644616507129,0.1361285566738009,-1.3680014430833163,-0.2365317622586392,0.36097281999740366,-0.3652333235521162,-1.3680014430833163,0.8180174290951905,75.0,2.0,0.0,2.626037220381531,1.9459101490553132,300.0,0.0,12.8189,16017.25,25.0
1001000559,Dr. Betty Taylor,Pain Management,Boston,MA,Subsys,REP-H283,Howard Gallagher,TERR-H03,1,10.0,14,13,3,-0.9029549195657287,1.43269490514516,0.41172261499696383,11.8802,0.10808241757986847,27.3807,hybrid,1.483131225561689,2.370312314513965,-0.8548802047569924,1.3239828799254014,1.7147315055811116,2.4533009611275594,-0.8548802047569924,1.6913657184513566,92.85714285714286,4.333333333333333,0.23076923076923078,3.237626919105069,2.6390573296152584,928.5714285714287,0.23076923076923078,24.4732,31344.32,14.0
1001000560,Dr. Sarah Hill,Pain Management,Miami,FL,Subsys,REP-H328,Harvey Thornton,TERR-H12,2,7.0,16,11,7,-0.5645965971122814,0.2805895102749797,0.9625681870460753,10.9554,0.09849179932347996,18.9996,hybrid,-0.03300890571812871,1.731974097988204,0.04696924442260701,0.45541160911857254,1.413665833588904,0.4474974431950062,0.04696924442260701,1.1834349064709764,68.75,3.6666666666666665,0.6363636363636364,2.8972204740305085,2.4849066497880004,481.25,0.6363636363636364,17.1237,38699.18,16.0
1001000561,Dr. Jessica Allen,Orthopedics,Philadelphia,PA,Subsys,REP-H211,Hugh Bishop,TERR-H03,2,5.0,12,8,7,-0.22623827465883412,-0.187589001503955,0.445609811698103,5.5998,0.05097382947369278,14.9287,hybrid,-0.16403336150774317,0.7744667731995619,0.5775832522373283,-0.0040543783512815915,0.8518052140972275,-0.21576559633425496,0.5775832522373283,0.9494553567539428,66.66666666666666,2.6666666666666665,0.875,2.7171486840874697,2.1972245773362196,333.33333333333326,0.875,14.1371,31796.78,18.0
1001000562,Dr. Lisa Carter,Palliative Care,Los Angeles,CA,Actiq,REP-H175,Homer Hayes,TERR-H03,1,9.0,15,12,9,-0.05705911343211046,1.0801423460509312,1.438349791244511,9.1782,0.08418561904712218,24.264,hybrid,0.6745231555457861,2.0511432062510844,0.2996425814772362,1.0881358479273202,1.5699941196581808,1.5180600393929398,0.2996425814772362,1.4471108867967295,80.0,4.0,0.75,3.145194838466164,2.5649493574615367,720.0,0.75,22.2242,45051.79,19.0
1001000563,Dr. Kimberly Carter,Pain Management,Las Vegas,NV,Fentora,REP-H255,Homer Conway,TERR-H11,2,3.0,6,4,3,0.4504783702480605,-0.598895095123981,-1.0332323654813356,7.9072,0.07022972278030437,12.4237,hybrid,-0.16403336150774317,-0.5022096598519604,0.2996425814772362,-0.48976280448033344,-0.29617796349965275,-0.8136365052057011,0.2996425814772362,0.7956949204127782,66.66666666666666,1.3333333333333333,0.75,2.526792078661452,1.6094379124341003,199.99999999999997,0.75,11.5133,12051.36,22.0
1001000564,Dr. Kimberly Carter,Family Practice,Portland,OR,Lazanda,REP-H226,Holly Sinclair,TERR-H06,2,4.0,3,1,1,0.7888366927015078,-0.5601911258752637,-0.7766967148148076,3.1103,0.028256425780346373,12.1259,hybrid,-2.2604246541415645,-1.4597169846406022,0.8555239229974204,-0.43990797917980146,-2.085749603670544,-1.1125719596414243,0.8555239229974204,0.8055468857958362,33.33333333333333,0.3333333333333333,1.0,2.5463309517749995,0.6931471805599453,133.33333333333331,1.0,11.7602,15476.61,24.0
1001000565,Dr. Donna Jackson,Psychiatry,Boston,MA,Subsys,REP-H161,Helen Hayes,TERR-H01,3,1.0,2,2,1,0.7888366927015078,-1.2744196584431278,-1.0059007677883975,2.8314,0.024561793364515694,7.408,hybrid,1.9323579311260792,-1.1405478763777217,-0.256238760042948,-1.5669602130904043,-1.2938515375785122,-1.2620396868592858,-0.256238760042948,0.46078940568144894,100.0,0.6666666666666666,0.5,2.104621840210134,1.0986122886681098,100.0,0.5,7.204,12416.29,24.0
1001000566,Dr. Laura Rivera,Anesthesiology,Detroit,MI,Subsys,REP-H177,Hunter Hayes,TERR-H05,2,3.0,5,2,1,-0.5645965971122814,-0.5764784584185675,-0.5133897662352046,1.7191,0.015709961320990562,11.8567,hybrid,-1.8411463956148,-1.1405478763777217,-0.256238760042948,-0.460769208786428,-1.2938515375785122,-1.1723590505285688,-0.256238760042948,0.7438279851439881,40.0,0.6666666666666666,0.5,2.538155114916293,1.0986122886681098,120.0,0.5,11.6563,18992.27,16.0
1001000568,Dr. Kimberly Sanchez,Anesthesiology,Seattle,WA,Abstral,REP-H269,Harrison Mercer,TERR-H01,3,1.0,2,2,0,1.8039116600618497,-1.5600358268155978,-1.234965515219256,1.0129,0.008503386261500268,5.4365,hybrid,1.9323579311260792,-1.1405478763777217,-1.3680014430833163,-2.2077625933286247,-1.2938515375785122,-1.2620396868592858,-1.3680014430833163,0.34344364987559894,100.0,0.6666666666666666,0.0,1.8534815278560517,1.0986122886681098,100.0,0.0,5.382,9357.83,30.0
1001000569,Dr. Mary Ramirez,Oncology,New York,NY,Subsys,REP-H150,Hope Sterling,TERR-H02,2,8.0,13,12,9,0.4504783702480605,0.7077283333163117,0.9805251208768343,10.8748,0.09851651424004615,22.007,hybrid,1.4485753251336588,2.0511432062510844,0.2996425814772362,0.812788568783995,1.5699941196581808,1.6008421652366784,0.2996425814772362,1.2823075475930334,92.3076923076923,4.0,0.75,3.0372820032107857,2.5649493574615367,738.4615384615385,0.75,19.8485,38938.94,22.0
1001000570,Dr. Susan Torres,Palliative Care,Boston,MA,Subsys,REP-H281,Helen Gallagher,TERR-H01,2,2.0,11,8,1,-0.7337757583390051,-0.8978201617921823,-1.1156315940067885,7.4917,0.06565220439009645,10.3261,hybrid,0.21712869169840726,0.7744667731995619,-1.0900607723232243,-0.9116255125076678,0.8518052140972275,-1.0582200588349289,-1.0900607723232243,0.6255130003745514,72.72727272727273,2.6666666666666665,0.125,2.36145759250499,2.1972245773362196,145.45454545454547,0.125,9.6064,10951.17,15.0
1001000571,Dr. Jessica Torres,Family Practice,Atlanta,GA,Actiq,REP-H144,Hannah Sterling,TERR-H08,2,2.0,7,5,0,0.1121200477946132,-0.9666690208202774,-0.9922525693734026,3.7817,0.03353133863828184,9.5139,hybrid,0.13545110886851783,-0.18304055158907967,-1.3680014430833163,-1.0195333451780888,0.05990714800519574,-1.0698668947220351,-1.3680014430833163,0.6279322980448964,71.42857142857143,1.6666666666666667,0.0,2.3191668525857234,1.791759469228055,142.85714285714286,0.0,9.1672,12598.52,20.0
1001000572,Dr. Donna Baker,Anesthesiology,Columbus,OH,Subsys,REP-H235,Homer Sinclair,TERR-H03,2,5.0,9,5,6,-0.9029549195657287,-0.329440851537022,0.24394706368607869,6.6856,0.06029970503732951,14.1168,hybrid,-0.8628304590523498,-0.18304055158907967,1.3002289962135676,-0.16133751432485857,0.05990714800519574,-0.46487847503069063,1.3002289962135676,0.8443915020222781,55.55555555555556,1.6666666666666667,1.2,2.6555070031034673,1.791759469228055,277.77777777777777,1.2,13.2322,29104.19,14.0
1001000573,Dr. Laura Brown,Pain Management,Philadelphia,PA,Subsys,REP-H218,Hilda Bishop,TERR-H10,1,10.0,11,10,11,0.1121200477946132,1.473624862094695,2.865481151798536,10.207,0.0935837198002969,27.2589,hybrid,1.360614851316855,1.4128049897253234,1.0778764596054942,1.3500033263710227,1.243727311658896,2.365949691974263,1.0778764596054942,1.7094105834092557,90.9090909090909,3.3333333333333335,1.1,3.247824732423922,2.3978952727983707,909.090909090909,1.1,24.7343,64106.77,20.0
1001000574,Dr. Margaret Clark,Internal Medicine,Philadelphia,PA,Subsys,REP-H324,Hannah Thornton,TERR-H08,1,9.0,8,4,5,0.1121200477946132,1.1672850617470105,-0.1454059366111331,5.5779,0.0520566666804112,24.0508,hybrid,-1.2122290078246534,-0.5022096598519604,1.4114052645176045,1.148491370656547,-0.29617796349965275,0.3073714489282609,1.4114052645176045,1.3715587170780086,50.0,1.3333333333333333,1.25,3.16884909646826,1.6094379124341003,450.0,1.25,22.7801,23905.57,20.0
1001000575,Dr. Joseph Hall,Internal Medicine,Boston,MA,Subsys,REP-H358,Hilda Blackwood,TERR-H06,1,9.0,6,4,5,1.4655533376084025,1.1819891213481835,2.4116648860797674,4.712,0.04415614414194513,23.9517,hybrid,-0.16403336150774317,-0.5022096598519604,1.4114052645176045,1.158536180523477,-0.29617796349965275,0.9799762214086375,1.4114052645176045,1.3772062870035977,66.66666666666666,1.3333333333333333,1.25,3.1727858120069574,1.6094379124341003,599.9999999999999,1.25,22.8739,58047.44,28.0
1001000576,Dr. Melissa Hall,Pain Management,Atlanta,GA,Actiq,REP-H116,Hayden Vance,TERR-H04,2,9.0,15,13,0,0.9580158539282314,0.7715295300932576,1.8116961353091996,6.9455,0.06409147808458693,21.6624,hybrid,1.0938014140725507,2.370312314513965,-1.3680014430833163,0.8621198348655436,1.7147315055811116,1.7871019483850905,-1.3680014430833163,1.399876530657677,86.66666666666667,4.333333333333333,0.0,3.056615685410806,2.6390573296152584,780.0,0.0,20.2555,50036.69,25.0
1001000578,Dr. Patricia Lewis,Pain Management,Seattle,WA,Lazanda,REP-H120,Hattie Vance,TERR-H08,2,9.0,12,10,0,0.7888366927015078,0.8614939203396682,-0.05627360685367653,4.8153,0.04492727451179812,21.8325,hybrid,0.8841622848091689,1.4128049897253234,-1.3680014430833163,0.9300987930706441,1.243727311658896,1.6525809938890157,-1.3680014430833163,1.439539295879194,83.33333333333334,3.3333333333333335,0.0,3.083257685071899,2.3978952727983707,750.0000000000001,0.0,20.8294,25095.66,24.0
1001000579,Dr. Laura Lewis,Palliative Care,Philadelphia,PA,Subsys,REP-H170,Hope Hayes,TERR-H10,2,7.0,11,7,5,-1.0721340807924524,0.08100306374818016,-0.5812667664082045,6.8512,0.06245741288825668,16.9365,hybrid,-0.35461438811081747,0.4552976649366816,0.22023096126006708,0.2695547975734842,0.6217677674968723,0.2869894861258252,0.22023096126006708,1.032092543766325,63.63636363636363,2.3333333333333335,0.7142857142857143,2.8243803299486228,2.0794415416798357,445.45454545454544,0.7142857142857143,15.8505,18085.98,13.0
1001000580,Dr. Jessica Wilson,Oncology,Seattle,WA,Abstral,REP-H291,Hugh Gallagher,TERR-H11,3,1.0,3,2,3,-1.0721340807924524,-1.8631777293395728,-1.715182428149163,7.9003,0.059457573719891244,3.7207,hybrid,-0.16403336150774317,-1.1405478763777217,1.9672866060377887,-3.128833876989567,-1.2938515375785122,-1.4115074140771473,1.9672866060377887,0.22277012800011575,66.66666666666666,0.6666666666666666,1.5,1.4924995199662066,1.0986122886681098,66.66666666666666,1.5,3.4482,2946.0,13.0
1001000581,Dr. Michelle Rivera,Oncology,Detroit,MI,Lazanda,REP-H314,Hazel Kensington,TERR-H10,2,4.0,7,6,0,0.28129920902133687,-0.4524658619314867,-0.5372125119512866,4.5755,0.04148509986976423,13.017,hybrid,1.033904519997298,0.1361285566738009,-1.3680014430833163,-0.3060657548683086,0.36097281999740366,-0.17306053141486571,-1.3680014430833163,0.8041612700158461,85.71428571428571,2.0,0.0,2.5987857788111564,1.9459101490553132,342.85714285714283,0.0,12.4474,18674.19,21.0
1001000582,Dr. Laura Nguyen,Pain Management,Seattle,WA,Subsys,REP-H291,Hugh Gallagher,TERR-H11,2,8.0,16,12,13,0.1121200477946132,0.4925599728837909,-0.2849466510649203,8.852,0.08063537515843544,20.1114,hybrid,0.3600644616507129,2.0511432062510844,1.0408177035041484,0.6390158570729946,1.5699941196581808,0.979976221408638,1.0408177035041484,1.276886711894457,75.0,4.0,1.0833333333333333,2.96917780378273,2.5649493574615367,600.0,1.0833333333333333,18.4759,22042.43,20.0
1001000583,Dr. Charles Robinson,Oncology,Columbus,OH,Abstral,REP-H123,Howard Finch,TERR-H11,1,9.0,14,6,3,-0.5645965971122814,1.0185984889142512,0.5089608796414032,6.0244,0.05600632483319368,23.1468,hybrid,-1.661455713389044,0.1361285566738009,-0.256238760042948,1.0446333528608505,0.36097281999740366,0.019112260722384786,-0.256238760042948,1.4104252440250935,42.857142857142854,2.0,0.5,3.1281455413098183,1.9459101490553132,385.71428571428567,0.5,21.8316,32642.64,16.0
1001000584,Dr. Jessica Robinson,Pain Management,Philadelphia,PA,Lazanda,REP-H217,Hunter Bishop,TERR-H09,2,7.0,10,7,6,-1.4104924032458996,0.3802102978714148,0.8323938979546281,9.27,0.08412017361008495,19.4055,hybrid,0.04560576775563961,0.4552976649366816,0.5378774421287437,0.5433485106160135,0.6217677674968723,0.48673272158969483,0.5378774421287437,1.2273549052482444,70.0,2.3333333333333335,0.8571428571428571,2.9316842987455596,2.0794415416798357,490.0,0.8571428571428571,17.7592,36961.1,11.0
1001000585,Dr. Kimberly Anderson,Internal Medicine,Phoenix,AZ,Abstral,REP-H381,Helen Carrington,TERR-H05,3,1.0,2,2,0,2.3114491437420206,-1.4338912984460441,-1.467479947219037,1.4563,0.012459109553170977,6.2768,hybrid,1.9323579311260792,-1.1405478763777217,-1.3680014430833163,-1.9047620684849422,-1.2938515375785122,-1.2620396868592858,-1.3680014430833163,0.37249275968703016,100.0,0.6666666666666666,0.0,1.972232095580854,1.0986122886681098,100.0,0.0,6.1867,6253.31,33.0
1001000586,Dr. Nancy Young,Oncology,Baltimore,MD,Abstral,REP-H302,Harold Kensington,TERR-H10,3,2.0,2,1,2,2.4806283049687443,-1.0159542696327386,-1.3010173132006662,5.423,0.04756762283377469,9.3328,hybrid,-1.2122290078246534,-1.4597169846406022,3.079049289078157,-1.0996811907094841,-2.085749603670544,-1.2620396868592858,3.079049289078157,0.5719330053823516,50.0,0.3333333333333333,2.0,2.287755678748044,0.6931471805599453,100.0,2.0,8.8528,8475.91,34.0
1001000587,Dr. James White,Pain Management,Boston,MA,Subsys,REP-H152,Hilary Sterling,TERR-H04,1,10.0,16,10,1,-0.7337757583390051,2.138223274516168,2.277375840796037,7.5478,0.0704213166307519,31.1608,hybrid,-0.4260822730869703,1.4128049897253234,-1.1456489064752426,1.7391237230770051,1.243727311658896,1.0920770168220342,-1.1456489064752426,2.0024133006651263,62.5,3.3333333333333335,0.1,3.400327002992511,2.3978952727983707,625.0,0.1,28.9739,56254.42,15.0
1001000588,Dr. John Young,Anesthesiology,Nashville,TN,Subsys,REP-H113,Hector Vance,TERR-H01,3,1.0,7,5,0,0.4504783702480605,-1.2007112488005725,-0.6527889282826683,3.7909,0.03298615892425261,7.9651,hybrid,0.13545110886851783,-0.18304055158907967,-1.3680014430833163,-1.4247579308963574,0.05990714800519574,-1.3901548816174527,-1.3680014430833163,0.4897166960006171,71.42857142857143,1.6666666666666667,0.0,2.1603531025603147,1.791759469228055,71.42857142857143,0.0,7.6742,17131.02,22.0
1001000589,Dr. Kimberly Hill,Pain Management,Nashville,TN,Subsys,REP-H274,Hazel Mercer,TERR-H06,2,2.0,9,7,1,-0.22623827465883412,-0.9885369985853485,-0.9469063683508332,7.8776,0.06852139936472934,9.7389,hybrid,0.5347637360368652,0.4552976649366816,-1.0503549622146398,-1.054784803673484,0.6217677674968723,-1.0129268081628497,-1.0503549622146398,0.6239127820008545,77.77777777777779,2.3333333333333335,0.14285714285714285,2.3053512636140043,2.0794415416798357,155.55555555555557,0.14285714285714285,9.0277,13203.98,18.0
1001000590,Dr. Linda Anderson,Pain Management,Houston,TX,Subsys,REP-H107,Heather Vance,TERR-H07,2,5.0,9,6,7,-1.0721340807924524,-0.3194239068833445,-0.9010284096113869,10.9608,0.09706944219399993,14.7534,hybrid,-0.16403336150774317,0.1361285566738009,1.2261114840108767,-0.14990706313536029,0.36097281999740366,-0.21576559633425496,1.2261114840108767,0.9189058941659073,66.66666666666666,2.0,1.1666666666666667,2.6599867727962883,1.9459101490553132,333.33333333333326,1.1666666666666667,13.2961,13816.54,13.0
1001000591,Dr. Mary Lopez,Neurology,Miami,FL,Lazanda,REP-H231,Hugh Sinclair,TERR-H11,2,9.0,9,6,4,-0.9029549195657287,0.8831267585588786,1.019527677023422,6.8004,0.0628901203804193,22.3933,hybrid,-0.16403336150774317,0.1361285566738009,0.11434880097050806,0.9461784147122358,0.36097281999740366,0.9799762214086375,0.11434880097050806,1.2999949407371842,66.66666666666666,2.0,0.6666666666666666,3.089559536198144,1.9459101490553132,599.9999999999999,0.6666666666666666,20.9674,39459.7,14.0
1001000593,Dr. James Jones,Internal Medicine,Chicago,IL,Abstral,REP-H372,Hilary Whitman,TERR-H08,2,3.0,3,2,1,0.7888366927015078,-0.7031246178192911,-0.9412472679160143,3.1665,0.028578959442990826,11.1919,hybrid,-0.16403336150774317,-1.1405478763777217,-0.256238760042948,-0.6290766543841452,-1.2938515375785122,-0.8136365052057011,-0.256238760042948,0.653167351607283,66.66666666666666,0.6666666666666666,0.5,2.472192837367925,1.0986122886681098,199.99999999999997,0.5,10.8484,13279.54,24.0
1001000594,Dr. Kimberly Anderson,Oncology,Austin,TX,Actiq,REP-H335,Homer Thornton,TERR-H07,3,2.0,2,1,1,0.4504783702480605,-1.091637851460526,-0.5296031339182321,1.1231,0.009982030425755184,8.464,hybrid,-1.2122290078246534,-1.4597169846406022,0.8555239229974204,-1.2278787156391235,-2.085749603670544,-1.2620396868592858,0.8555239229974204,0.5407418280148972,50.0,0.3333333333333333,1.0,2.2375130962503307,0.6931471805599453,100.0,1.0,8.37,18775.79,22.0
1001000595,Dr. Melissa Clark,Oncology,Los Angeles,CA,Abstral,REP-H108,Harvey Vance,TERR-H08,2,5.0,11,8,4,-0.22623827465883412,-0.20138385486113264,0.511178534007139,8.6263,0.07745141410128387,15.261,hybrid,0.21712869169840726,0.7744667731995619,-0.256238760042948,-0.018931302171794555,0.8518052140972275,-0.07988584431801661,-0.256238760042948,0.9076387115847184,72.72727272727273,2.6666666666666665,0.5,2.7113181887423017,2.1972245773362196,363.6363636363637,0.5,14.0491,32672.25,18.0
1001000596,Dr. Barbara Johnson,Pain Management,Jacksonville,FL,Subsys,REP-H281,Helen Gallagher,TERR-H01,3,1.0,5,2,2,-0.9029549195657287,-1.5764642430864184,-1.218907181124107,3.4977,0.02898389557068559,5.4618,hybrid,-1.8411463956148,-1.1405478763777217,0.8555239229974204,-2.2500102499784607,-1.2938515375785122,-1.5310815958514365,0.8555239229974204,0.3647122227339089,40.0,0.6666666666666666,1.0,1.8369240211824287,1.0986122886681098,40.0,1.0,5.2772,9572.24,14.0
1001000597,Dr. Betty Perez,Internal Medicine,Charlotte,NC,Fentora,REP-H238,Hilda Sinclair,TERR-H06,2,8.0,10,5,5,1.9730908212885734,0.6807343134514713,0.9656411474859986,4.9034,0.045606167674514975,20.6411,hybrid,-1.2122290078246534,-0.18304055158907967,0.8555239229974204,0.7916261273562103,0.05990714800519574,0.08316985810146854,0.8555239229974204,1.1846831570029113,50.0,1.6666666666666667,1.0,3.0289881168048503,1.791759469228055,400.0,1.0,19.6763,38740.21,31.0
1001000598,Dr. Kimberly Rivera,Anesthesiology,Houston,TX,Abstral,REP-H195,Homer Monroe,TERR-H11,2,7.0,8,4,4,0.1121200477946132,0.2609318442410019,0.5118016641767749,6.3162,0.057943981891376506,18.072,hybrid,-1.2122290078246534,-0.5022096598519604,0.8555239229974204,0.4376956293874081,-0.29617796349965275,-0.14103173272532382,0.8555239229974204,1.0847190995318456,50.0,1.3333333333333333,1.0,2.8902773089915628,1.6094379124341003,350.0,1.0,16.9983,32680.57,20.0
1001000599,Dr. Michael Taylor,Palliative Care,Miami,FL,Fentora,REP-H127,Heather Finch,TERR-H03,2,2.0,8,6,7,-0.7337757583390051,-0.9740367265905879,-0.5835256132731348,6.0321,0.05294012638601808,9.6704,hybrid,0.3600644616507129,0.1361285566738009,1.2261114840108767,-1.031355861564338,0.36097281999740366,-1.0378380960324933,1.2261114840108767,0.5938544788907377,75.0,2.0,1.1666666666666667,2.314533426509887,1.9459101490553132,150.0,1.1666666666666667,9.1202,18055.82,15.0
1001000600,Dr. Karen Torres,Anesthesiology,Portland,OR,Lazanda,REP-H150,Hope Sterling,TERR-H02,2,8.0,8,6,1,2.4806283049687443,0.5594963636055497,-0.2986952093870441,9.9048,0.08990166539424838,20.7751,hybrid,0.3600644616507129,0.1361285566738009,-0.9974138820698603,0.694353429250646,0.36097281999740366,0.979976221408638,-0.9974138820698603,1.2062580767806501,75.0,2.0,0.16666666666666666,2.9908654497562757,1.9459101490553132,600.0,0.16666666666666666,18.9029,21858.86,34.0
1001000601,Dr. Charles Davis,Pain Management,New York,NY,Subsys,REP-H266,Holly Mercer,TERR-H10,2,9.0,11,6,3,0.1121200477946132,0.8434822311267174,-0.03619263797353372,9.5527,0.08721206758852462,22.6933,hybrid,-0.9263574679200418,0.1361285566738009,-0.256238760042948,0.9166330167988387,0.36097281999740366,0.4908091141501818,-0.256238760042948,1.4315984495227692,54.54545454545454,2.0,0.5,3.077980240163323,1.9459101490553132,490.9090909090909,0.5,20.7145,25363.78,20.0
1001000602,Dr. Michael Taylor,Palliative Care,Las Vegas,NV,Abstral,REP-H295,Homer Gallagher,TERR-H03,2,3.0,7,5,1,-1.241313242019176,-0.8267453150632703,-0.5483382315065052,5.0809,0.045176412813416,10.5709,hybrid,0.13545110886851783,-0.18304055158907967,-0.923296369867169,-0.8048184778445686,0.05990714800519574,-0.7495789078266175,-0.923296369867169,0.6550357762708101,71.42857142857143,1.6666666666666667,0.2,2.403316912748046,1.791759469228055,214.28571428571428,0.2,10.0598,18525.64,12.0
1001000603,Dr. Jessica Davis,Pain Management,Philadelphia,PA,Actiq,REP-H306,Holly Kensington,TERR-H02,2,3.0,7,6,7,-0.3954174358855578,-0.7855018387192543,-0.11778748933289376,7.1688,0.06331569287207905,11.063,hybrid,1.033904519997298,0.1361285566738009,1.2261114840108767,-0.7448302462297715,0.36097281999740366,-0.5574061156893669,1.2261114840108767,0.7134252641665786,85.71428571428571,2.0,1.1666666666666667,2.4268272237111677,1.9459101490553132,257.1428571428571,1.1666666666666667,10.3229,24274.33,17.0
1001000604,Dr. Ashley Rivera,Palliative Care,Denver,CO,Fentora,REP-H295,Homer Gallagher,TERR-H03,1,9.0,12,10,3,0.7888366927015078,1.033929587304387,2.3274666687713035,7.4594,0.06891087731895906,23.5652,hybrid,0.8841622848091689,1.4128049897253234,-0.7009438332590954,1.055539759635737,1.243727311658896,1.6525809938890157,-0.7009438332590954,1.4279152221866345,83.33333333333334,3.3333333333333335,0.3,3.13241992993348,2.3978952727983707,750.0000000000001,0.3,21.9294,56923.23,24.0
1001000605,Dr. Susan Smith,Pain Management,Chicago,IL,Subsys,REP-H268,Harvey Mercer,TERR-H12,3,1.0,4,3,2,0.4504783702480605,-1.6672437837584804,-1.5162061800391629,6.395,0.051393322728997326,4.9986,hybrid,0.3600644616507129,-0.821378768114841,0.11434880097050806,-2.49697997518358,-0.7319909180868357,-1.374140482272682,0.11434880097050806,0.32469008065378946,75.0,1.0,0.6666666666666666,1.7401327859392668,1.3862943611198906,75.0,0.6666666666666666,4.6981,5602.72,22.0
1001000606,Dr. Linda Hill,Orthopedics,Austin,TX,Subsys,REP-H338,Hilda Thornton,TERR-H10,1,10.0,13,12,10,-0.22623827465883412,2.984255360523973,1.3668403615970708,8.1698,0.07639355880051868,37.1789,hybrid,1.4485753251336588,2.0511432062510844,0.48493636198396434,2.16156808481153,1.5699941196581808,2.4286634236740654,0.48493636198396434,2.3083684151243244,92.3076923076923,4.0,0.8333333333333334,3.565889448186284,2.5649493574615367,923.0769230769231,0.8333333333333334,34.3709,44097.0,18.0
1001000607,Dr. Kimberly Campbell,Anesthesiology,Philadelphia,PA,Abstral,REP-H260,Hattie Conway,TERR-H04,2,6.0,10,8,5,0.28129920902133687,-0.07784153746577385,-0.14612493296071294,7.7502,0.07009262939023486,15.9871,hybrid,0.6745231555457861,0.7744667731995619,0.02170191071714412,0.11130960220240964,0.8518052140972275,0.44189240342433633,0.02170191071714412,0.9468119884678997,80.0,2.6666666666666665,0.625,2.762361603084265,2.1972245773362196,480.0,0.625,14.8372,23895.97,21.0
1001000608,Dr. Jessica Rodriguez,Family Practice,Los Angeles,CA,Fentora,REP-H329,Harrison Thornton,TERR-H01,2,4.0,3,2,3,-0.7337757583390051,-0.44404786618966374,-0.34875533022654703,3.8193,0.0347564251230672,12.9786,hybrid,-0.16403336150774317,-1.1405478763777217,1.9672866060377887,-0.29589676192951053,-1.2938515375785122,-0.514701050769978,1.9672866060377887,0.8562968464841013,66.66666666666666,0.6666666666666666,1.5,2.6027711636064295,1.0986122886681098,266.66666666666663,1.5,12.5011,21190.46,15.0
1001000609,Dr. Jennifer Garcia,Pain Management,Columbus,OH,Abstral,REP-H142,Harold Sterling,TERR-H06,2,8.0,11,3,1,-1.241313242019176,0.6460120405126661,1.5595718268291565,5.9413,0.054970988632030426,20.6107,hybrid,-2.6415867073477144,-0.821378768114841,-0.6268263210564041,0.7641443202877495,-0.7319909180868357,-0.7321086539959584,-0.6268263210564041,1.3445394055263493,27.27272727272727,1.0,0.3333333333333333,3.0182175737730623,1.3862943611198906,218.18181818181816,0.3333333333333333,19.4548,46670.34,12.0
1001000611,Dr. Laura White,Neurology,Nashville,TN,Subsys,REP-H117,Hunter Vance,TERR-H05,2,6.0,5,3,2,-1.241313242019176,-0.014636027538342495,-0.7703448314389875,2.1927,0.020363404732330004,15.5745,hybrid,-0.5833116200345069,-0.821378768114841,0.11434880097050806,0.1754570247597518,-0.7319909180868357,-0.09619141455996535,0.11434880097050806,0.9449165320836623,60.0,1.0,0.6666666666666666,2.787501964972077,1.3862943611198906,360.0,0.6666666666666666,15.2404,15561.42,12.0
1001000612,Dr. Nancy Rodriguez,Pain Management,Los Angeles,CA,Subsys,REP-H157,Hunter Sterling,TERR-H09,2,6.0,12,9,6,-0.7337757583390051,-0.025922725739669396,-0.8747678168975106,4.9353,0.04526031347025938,15.917,hybrid,0.3600644616507129,1.0936358814624427,0.11434880097050806,0.16411976905305872,1.057580722084056,0.3073714489282609,0.11434880097050806,1.0483022965430577,75.0,3.0,0.6666666666666666,2.7830587200228956,2.302585092994046,450.0,0.6666666666666666,15.1684,14167.17,15.0
1001000613,Dr. Sarah Lewis,Internal Medicine,Portland,OR,Fentora,REP-H119,Holden Vance,TERR-H07,2,6.0,10,8,2,-0.22623827465883412,-0.029857394140409808,-0.2574195762394402,3.8843,0.03578806736520779,15.7315,hybrid,0.6745231555457861,0.7744667731995619,-0.8121201015631322,0.16015560441856166,0.8518052140972275,0.44189240342433633,-0.8121201015631322,0.9117574163558284,80.0,2.6666666666666665,0.25,2.7815051029090507,2.1972245773362196,480.0,0.25,15.1433,22409.97,18.0
1001000614,Dr. William Martin,Oncology,Nashville,TN,Subsys,REP-H114,Hazel Vance,TERR-H02,1,10.0,16,12,0,-1.241313242019176,4.583925366985942,2.489338211515794,5.0713,0.04840820267497126,46.836,hybrid,0.3600644616507129,2.0511432062510844,-1.3680014430833163,2.8083424961906625,1.5699941196581808,1.6525809938890152,-1.3680014430833163,2.8797894091610576,75.0,4.0,0.0,3.8193702914315897,2.5649493574615367,750.0,0.0,44.5755,59084.53,12.0
1001000615,Dr. Betty White,Oncology,Baltimore,MD,Lazanda,REP-H264,Hannah Mercer,TERR-H08,2,3.0,9,8,2,0.7888366927015078,-0.8149256338913251,-1.256447778026549,6.7273,0.05942791072582487,10.817,hybrid,1.2335608335814718,0.7744667731995619,-0.8121201015631322,-0.787482212360823,0.8518052140972275,-0.514701050769978,-0.8121201015631322,0.6547821475862111,88.88888888888889,2.6666666666666665,0.25,2.410111261931054,2.1972245773362196,266.66666666666663,0.25,10.1352,9071.0,24.0
1001000616,Dr. Michelle Green,Anesthesiology,Philadelphia,PA,Subsys,REP-H322,Harold Thornton,TERR-H06,2,8.0,12,9,2,3.1573449498756387,0.5735263565085883,1.2787573171372824,5.6942,0.05268310664674347,20.0739,hybrid,0.3600644616507129,1.0936358814624427,-0.8738846950653749,0.7058016952206908,1.057580722084056,0.979976221408638,-0.8738846950653749,1.2119693749344715,75.0,3.0,0.2222222222222222,2.9953522013356952,2.302585092994046,600.0,0.2222222222222222,18.9924,42920.92,38.0
1001000617,Dr. John Smith,Palliative Care,Nashville,TN,Abstral,REP-H351,Hugh Blackwood,TERR-H11,2,2.0,10,8,8,-0.9029549195657287,-0.9699766504320549,-0.5607633871726833,10.0962,0.0871041833852888,10.0695,hybrid,0.6745231555457861,0.7744667731995619,0.8555239229974204,-1.0248341255552125,0.8518052140972275,-0.9929977778671348,0.8555239229974204,0.5955409365345691,80.0,2.6666666666666665,1.0,2.3170893951968536,2.1972245773362196,160.0,1.0,9.1461,18359.74,14.0
1001000619,Dr. Kimberly Taylor,Pain Management,Baltimore,MD,Subsys,REP-H380,Hattie Whitman,TERR-H04,2,4.0,5,3,0,0.1121200477946132,-0.5448443515154036,-0.3523630442014704,4.0721,0.036860541530051805,12.3409,hybrid,-0.5833116200345069,-0.821378768114841,-1.3680014430833163,-0.4204062922292377,-0.7319909180868357,-0.6342752325442671,-1.3680014430833163,0.8195243705754881,60.0,1.0,0.0,2.5539739629485463,1.3862943611198906,240.0,0.0,11.8581,21142.29,20.0
1001000621,Dr. Dorothy Wright,Neurology,Seattle,WA,Lazanda,REP-H320,Hattie Kensington,TERR-H04,2,3.0,4,2,3,-0.9029549195657287,-0.8056454598146784,-1.0237858019841983,2.0019,0.018068114536445634,10.3985,hybrid,-1.2122290078246534,-1.1405478763777217,1.9672866060377887,-0.7739527835236606,-1.2938515375785122,-1.0378380960324933,1.9672866060377887,0.6320606476650015,50.0,0.6666666666666666,1.5,2.4154136532593666,1.0986122886681098,150.0,1.5,10.1944,12177.49,14.0
1001000622,Dr. Barbara Lee,Palliative Care,Los Angeles,CA,Abstral,REP-H242,Harold Conway,TERR-H10,2,3.0,5,3,2,0.9580158539282314,-0.7907376126070922,-1.1114097373165985,2.9852,0.026838861499586475,10.5966,hybrid,-0.5833116200345069,-0.821378768114841,0.11434880097050806,-0.752367928121441,-0.7319909180868357,-0.903317141536418,0.11434880097050806,0.6699925068031672,60.0,1.0,0.6666666666666666,2.4238730902012455,1.3862943611198906,180.0,0.6666666666666666,10.2895,11007.54,25.0
1001000623,Dr. Sandra Perez,Internal Medicine,Los Angeles,CA,Lazanda,REP-H383,Howard Carrington,TERR-H07,2,4.0,6,4,2,-0.9029549195657287,-0.4842880804713392,-0.2799968105707809,2.7281,0.02490547328048276,12.5784,hybrid,-0.16403336150774317,-0.5022096598519604,-0.256238760042948,-0.34487759477185764,-0.29617796349965275,-0.514701050769978,-0.256238760042948,0.73721860551051,66.66666666666666,1.3333333333333333,0.5,2.5835748215847016,1.6094379124341003,266.66666666666663,0.5,12.2444,22108.52,14.0
1001000624,Dr. William Martin,Palliative Care,Austin,TX,Subsys,REP-H339,Holden Thornton,TERR-H11,3,2.0,6,3,4,-0.9029549195657287,-1.0162207611180476,-1.0313607281088353,3.9306,0.034706552192682594,9.199,hybrid,-1.2122290078246534,-0.821378768114841,1.5966990450243326,-1.100121476236423,-0.7319909180868357,-1.2620396868592858,1.5966990450243326,0.5763322490855254,50.0,1.0,1.3333333333333333,2.2875831240756983,1.3862943611198906,100.0,1.3333333333333333,8.8511,12076.35,14.0
1001000625,Dr. Kathleen Flores,Pain Management,Jacksonville,FL,Abstral,REP-H229,Harrison Sinclair,TERR-H09,2,7.0,11,10,7,-0.9029549195657287,0.08393447008658023,1.1186158593589686,9.1682,0.08272765935809856,17.3241,hybrid,1.360614851316855,1.4128049897253234,0.18846631317319928,0.2723848574934449,1.243727311658896,1.1430319238281235,0.18846631317319928,1.096735239333159,90.9090909090909,3.3333333333333335,0.7,2.8254894739752343,2.3978952727983707,636.3636363636364,0.7,15.8692,40782.72,14.0
1001000626,Dr. Amanda Thompson,Pain Management,Seattle,WA,Subsys,REP-H192,Hilary Monroe,TERR-H08,2,6.0,12,5,2,-0.22623827465883412,-0.13755130614473846,-0.2584928280820945,7.1936,0.0651133641327366,15.4962,hybrid,-1.7363268309831086,-0.18304055158907967,-0.4785912966510216,0.04919181678399147,0.05990714800519574,-0.5894349143789085,-0.4785912966510216,0.9990884001948397,41.66666666666667,1.6666666666666667,0.4,2.73801668721968,1.791759469228055,250.00000000000003,0.4,14.4563,22395.64,18.0
1001000627,Dr. Donna Allen,Anesthesiology,Las Vegas,NV,Subsys,REP-H207,Heather Bishop,TERR-H11,2,4.0,12,8,8,-0.22623827465883412,-0.39970054784028275,0.3879612835524088,7.9637,0.07126056337063025,13.8021,hybrid,-0.16403336150774317,0.7744667731995619,0.8555239229974204,-0.2429839742530895,0.8518052140972275,-0.514701050769978,0.8555239229974204,0.8157903418821363,66.66666666666666,2.6666666666666665,1.0,2.6235084992256286,2.1972245773362196,266.66666666666663,1.0,12.784,31027.06,18.0
1001000628,Dr. Sandra Nguyen,Internal Medicine,Los Angeles,CA,Actiq,REP-H221,Helen Sinclair,TERR-H01,3,1.0,2,1,1,-0.22623827465883412,-1.6060291219860054,-1.3295135351890175,3.6534,0.030075630331511505,5.2745,hybrid,-1.2122290078246534,-1.4597169846406022,0.8555239229974204,-2.327848099720581,-2.085749603670544,-1.486241277686078,0.8555239229974204,0.30637765803149036,50.0,0.3333333333333333,1.0,1.8064181702367141,0.6931471805599453,50.0,1.0,5.0886,8095.43,18.0
1001000629,Dr. Joseph Rodriguez,Pain Management,Miami,FL,Lazanda,REP-H105,Henry Vance,TERR-H05,3,1.0,6,3,2,-0.5645965971122814,-1.2922118840799417,-0.8534862739044754,5.4937,0.04703170832938586,7.4801,hybrid,-1.2122290078246534,-0.821378768114841,0.11434880097050806,-1.6025069327180557,-0.7319909180868357,-1.486241277686078,0.11434880097050806,0.4900310799846095,50.0,1.0,0.6666666666666666,2.0906905338577255,1.3862943611198906,50.0,0.6666666666666666,7.0905,14451.32,16.0
1001000630,Dr. Margaret Johnson,Pain Management,Philadelphia,PA,Actiq,REP-H180,Hattie Hayes,TERR-H08,2,7.0,7,6,7,-1.0721340807924524,0.2657600429160139,0.17913104068050942,8.0488,0.07327048286817295,18.3997,hybrid,1.033904519997298,0.1361285566738009,1.2261114840108767,0.4420583317269631,0.36097281999740366,0.979976221408638,1.2261114840108767,1.1768970120817874,85.71428571428571,2.0,1.1666666666666667,2.8919871191640163,1.9459101490553132,600.0,1.1666666666666667,17.0291,28238.77,13.0
1001000631,Dr. Robert White,Internal Medicine,Charlotte,NC,Subsys,REP-H279,Holden Mercer,TERR-H11,2,7.0,2,1,0,1.127195015154955,0.13895712381804934,-0.19272338595880079,2.7724,0.025779513672030685,16.6699,hybrid,-1.2122290078246534,-1.4597169846406022,-1.3680014430833163,0.32493099393471997,-2.085749603670544,-0.14103173272532382,-1.3680014430833163,0.9765960949578234,50.0,0.3333333333333333,0.0,2.846083113333996,0.6931471805599453,350.0,0.0,16.2202,23273.79,26.0
1001000632,Dr. Robert White,Palliative Care,Charlotte,NC,Abstral,REP-H311,Hugh Kensington,TERR-H07,2,7.0,7,4,1,0.6196575314747842,0.3627472675988061,1.299977445858791,4.2095,0.039065393020746964,18.3907,hybrid,-0.7630023022602633,-0.5022096598519604,-0.8121201015631322,0.5281510412400438,-0.29617796349965275,0.08316985810146854,-0.8121201015631322,1.1491222859770576,57.14285714285714,1.3333333333333333,0.25,2.9257281766652175,1.6094379124341003,400.0,0.25,17.6478,43204.25,23.0
1001000633,Dr. Nancy White,Pain Management,Denver,CO,Actiq,REP-H327,Heather Thornton,TERR-H11,2,7.0,13,7,1,2.649807466195468,0.28723612143798344,-0.47227815412984886,8.907,0.0808126539867624,18.6951,hybrid,-0.9703377048284432,0.4552976649366816,-1.0503549622146398,0.46137398238988364,0.6217677674968723,-0.02030779920320494,-1.0503549622146398,1.1863652100872724,53.84615384615385,2.3333333333333335,0.14285714285714285,2.899557219854037,2.0794415416798357,376.9230769230769,0.14285714285714285,17.1661,19541.19,35.0
1001000634,Dr. Amanda Lee,Internal Medicine,Columbus,OH,Abstral,REP-H220,Hattie Bishop,TERR-H12,2,7.0,7,5,1,-1.0721340807924524,0.13041372031843418,-0.6142042887642735,0.6007,0.005640690559018058,16.2628,hybrid,0.13545110886851783,-0.18304055158907967,-0.923296369867169,0.3168427516537756,0.05990714800519574,0.5315730397550533,-0.923296369867169,0.97331472437206,71.42857142857143,1.6666666666666667,0.2,2.8429132067364633,1.791759469228055,500.0,0.2,16.1657,17646.2,13.0
1001000635,Dr. Charles Johnson,Orthopedics,Philadelphia,PA,Subsys,REP-H246,Holly Conway,TERR-H02,3,1.0,7,6,4,1.6347324988351262,-1.2497456820974489,-1.4539103890297775,4.0233,0.034800120103546384,7.6575,hybrid,1.033904519997298,0.1361285566738009,0.11434880097050806,-1.5184700602461405,0.36097281999740366,-1.3260972842383691,0.11434880097050806,0.49439564431237476,85.71428571428571,2.0,0.6666666666666666,2.1236258771908934,1.9459101490553132,85.71428571428571,0.6666666666666666,7.3614,6434.49,29.0
1001000636,Dr. Rebecca Carter,Oncology,Baltimore,MD,Subsys,REP-H318,Hilda Kensington,TERR-H02,2,4.0,7,6,6,-0.7337757583390051,-0.40520281321342966,-0.7533682790890621,5.4757,0.049527959634834584,13.447,hybrid,1.033904519997298,0.1361285566738009,0.8555239229974204,-0.24948965992592168,0.36097281999740366,-0.17306053141486571,0.8555239229974204,0.823639604680899,85.71428571428571,2.0,1.0,2.6209588209124095,1.9459101490553132,342.85714285714283,1.0,12.7489,15788.09,15.0
1001000637,Dr. Karen Lewis,Internal Medicine,Atlanta,GA,Actiq,REP-H191,Hugh Monroe,TERR-H07,2,8.0,10,7,1,1.6347324988351262,0.5288811947344502,0.34823074360187095,2.1814,0.020496256547442027,19.1157,hybrid,0.04560576775563961,0.4552976649366816,-1.0503549622146398,0.669192126701331,0.6217677674968723,0.8006149487472042,-1.0503549622146398,1.1263590526647622,70.0,2.3333333333333335,0.14285714285714285,2.9810043481493786,2.0794415416798357,560.0,0.14285714285714285,18.7076,30496.58,29.0
1001000638,Dr. Nancy Thomas,Pain Management,Boston,MA,Abstral,REP-H341,Helen Blackwood,TERR-H01,3,1.0,6,5,4,0.7888366927015078,-1.3047526598591939,-1.4859484169943407,7.905,0.06689592378831488,7.5647,hybrid,0.8841622848091689,-0.18304055158907967,0.41081884978127314,-1.6278627954935674,0.05990714800519574,-1.3367735504682166,0.41081884978127314,0.48450220523688103,83.33333333333334,1.6666666666666667,0.8,2.080753181104632,1.791759469228055,83.33333333333334,0.8,7.0105,6006.72,24.0
1001000639,Dr. Margaret Lopez,Internal Medicine,Detroit,MI,Abstral,REP-H329,Harrison Thornton,TERR-H01,1,10.0,15,12,6,-0.5645965971122814,3.6784656797542055,2.5360100620579016,8.5983,0.08049448717649943,42.1355,hybrid,0.6745231555457861,2.0511432062510844,-0.256238760042948,2.462557514559465,1.5699941196581808,1.8767825847158075,-0.256238760042948,2.336058897344458,80.0,4.0,0.5,3.6838518367998727,2.5649493574615367,800.0,0.5,38.7994,59707.69,16.0
1001000640,Dr. Robert Perez,Internal Medicine,Denver,CO,Subsys,REP-H141,Helen Sterling,TERR-H05,2,3.0,5,3,4,0.28129920902133687,-0.6422548273807454,-0.08391302485877854,3.2944,0.02980465022614487,11.6069,hybrid,-0.5833116200345069,-0.821378768114841,1.5966990450243326,-0.5467966606543114,-0.7319909180868357,-0.903317141536418,1.5966990450243326,0.6765463644229156,60.0,1.0,1.3333333333333333,2.5044396328903145,1.3862943611198906,180.0,1.3333333333333333,11.2367,24726.62,21.0
1001000642,Dr. Margaret Allen,Palliative Care,Portland,OR,Actiq,REP-H250,Hope Conway,TERR-H06,1,10.0,14,10,3,0.1121200477946132,1.8210200271497061,1.0120695878055923,8.4517,0.07834375274991956,29.2282,hybrid,0.13545110886851783,1.4128049897253234,-0.7009438332590954,1.56078040031443,1.243727311658896,1.4924370004413066,-0.7009438332590954,1.754853593988831,71.42857142857143,3.3333333333333335,0.3,3.330431510768828,2.3978952727983707,714.2857142857143,0.3,26.9504,39360.12,20.0
1001000643,Dr. Amanda Sanchez,Palliative Care,Philadelphia,PA,Abstral,REP-H325,Henry Thornton,TERR-H09,2,7.0,6,3,3,0.1121200477946132,0.14217069761148304,0.3981710317164438,4.7944,0.04417608762893632,17.0194,hybrid,-1.2122290078246534,-0.821378768114841,0.8555239229974204,0.32796673676925875,-0.7319909180868357,-0.14103173272532382,0.8555239229974204,1.0575001025548567,50.0,1.0,1.0,2.8472728676595174,1.3862943611198906,350.0,1.0,16.2407,31163.38,20.0
1001000644,Dr. Betty Miller,Anesthesiology,Nashville,TN,Fentora,REP-H260,Hattie Conway,TERR-H04,1,10.0,16,13,8,-0.7337757583390051,1.8438912669771175,0.9918245978832011,9.6734,0.08919137420878798,29.7174,hybrid,0.7531378290195545,2.370312314513965,0.00032185912021403325,1.5740648603948815,1.7147315055811116,1.9328329824225057,0.00032185912021403325,1.72910668341215,81.25,4.333333333333333,0.6153846153846154,3.335637895072238,2.6390573296152584,812.5,0.6153846153846154,27.0963,39089.81,15.0
1001000645,Dr. Barbara Thomas,Pain Management,Chicago,IL,Fentora,REP-H168,Harvey Hayes,TERR-H08,2,9.0,15,8,7,-0.22623827465883412,0.8297344056787118,0.7822057058903563,8.547,0.07836246817166348,22.3897,hybrid,-1.0025898785612712,0.7744667731995619,0.5775832522373283,0.9063069261240094,0.8518052140972275,0.44189240342433633,0.5775832522373283,1.4255374205805715,53.333333333333336,2.6666666666666665,0.875,3.073933286348156,2.1972245773362196,480.0,0.875,20.6268,36290.99,18.0
1001000648,Dr. Charles Ramirez,Neurology,Seattle,WA,Subsys,REP-H205,Henry Bishop,TERR-H09,2,3.0,6,5,3,0.1121200477946132,-0.6187722247340957,-1.1467641359435996,6.7219,0.05995906501989756,12.1519,hybrid,0.8841622848091689,-0.18304055158907967,-0.03388622343487435,-0.5157503241347432,0.05990714800519574,-0.5894349143789085,-0.03388622343487435,0.7059717653454386,83.33333333333334,1.6666666666666667,0.6,2.5166071698586943,1.791759469228055,250.00000000000003,0.6,11.3865,10535.49,20.0
1001000649,Dr. William Allen,Neurology,Portland,OR,Fentora,REP-H161,Helen Hayes,TERR-H01,2,7.0,7,6,6,-0.9029549195657287,0.09964179175009383,0.09807543658333412,5.3364,0.048999482658939275,16.8216,hybrid,1.033904519997298,0.1361285566738009,0.8555239229974204,0.28749589508546847,0.36097281999740366,0.979976221408638,0.8555239229974204,0.990115093268998,85.71428571428571,2.0,1.0,2.831411722109588,1.9459101490553132,600.0,1.0,15.9694,27156.52,14.0
1001000650,Dr. Kimberly Hall,Pain Management,Phoenix,AZ,Subsys,REP-H183,Howard Monroe,TERR-H11,2,6.0,8,7,4,-1.0721340807924524,-0.026377328861667344,0.2534557904092735,6.7306,0.06122739447972059,16.1862,hybrid,1.146211196388396,0.4552976649366816,-0.09741551960860971,0.16366207255444043,0.6217677674968723,0.6436738351684494,-0.09741551960860971,1.0481018748334525,87.5,2.3333333333333335,0.5714285714285714,2.7828793417228592,2.0794415416798357,525.0,0.5714285714285714,15.1655,29231.15,13.0
1001000651,Dr. Donna Sanchez,Pain Management,Baltimore,MD,Subsys,REP-H210,Hope Bishop,TERR-H02,2,6.0,11,6,5,-0.05705911343211046,-0.016736607481367086,-0.775521605155963,8.2922,0.07492989700003472,16.4896,hybrid,-0.9263574679200418,0.1361285566738009,0.48493636198396434,0.17335084714167318,0.36097281999740366,-0.2429415467375023,0.48493636198396434,1.0523521972957688,54.54545454545454,2.0,0.8333333333333334,2.7866765215573994,1.9459101490553132,327.27272727272725,0.8333333333333334,15.227,15492.3,19.0
1001000652,Dr. Thomas Rodriguez,Neurology,Denver,CO,Actiq,REP-H258,Hilda Conway,TERR-H02,2,6.0,8,7,7,1.127195015154955,0.043396412380147395,-0.2751683007106331,5.8134,0.05319358634843674,16.5181,hybrid,1.146211196388396,0.4552976649366816,0.8555239229974204,0.2329670935390742,0.6217677674968723,0.6436738351684494,0.8555239229974204,0.9678692170641991,87.5,2.3333333333333335,1.0,2.81004104579037,2.0794415416798357,525.0,1.0,15.6106,22172.99,26.0
1001000653,Dr. Margaret Garcia,Pain Management,Miami,FL,Abstral,REP-H115,Homer Vance,TERR-H03,2,5.0,3,2,0,0.1121200477946132,-0.1528667285651505,0.27868057900703613,2.4881,0.022990997998630913,14.7158,hybrid,-0.16403336150774317,-1.1405478763777217,-1.3680014430833163,0.03301202463964721,-1.2938515375785122,-0.21576559633425496,-1.3680014430833163,0.9923362619091761,66.66666666666666,0.6666666666666666,0.0,2.7316755777321586,1.0986122886681098,333.33333333333326,0.0,14.3586,29567.95,20.0
1001000655,Dr. Susan Green,Pain Management,Las Vegas,NV,Fentora,REP-H167,Heather Hayes,TERR-H07,2,4.0,9,5,4,1.6347324988351262,-0.38596839836200153,0.32095831331686686,9.5943,0.08528814986028221,14.1066,hybrid,-0.8628304590523498,-0.18304055158907967,0.41081884978127314,-0.22681955316676083,0.05990714800519574,-0.7139913537271265,0.41081884978127314,0.8895683025357732,55.55555555555556,1.6666666666666667,0.8,2.6298435845590107,1.791759469228055,222.22222222222223,0.8,12.8716,30132.44,29.0
1001000656,Dr. Ashley Jackson,Anesthesiology,Denver,CO,Fentora,REP-H159,Holden Sterling,TERR-H11,2,5.0,10,9,9,-0.3954174358855578,-0.1767255544851777,-0.7800640143853405,9.9622,0.08898666248241449,15.6216,hybrid,1.3034405433359326,1.0936358814624427,0.8555239229974204,0.007600453122384655,1.057580722084056,0.3073714489282609,0.8555239229974204,0.9065585038262187,90.0,3.0,1.0,2.7217163918660248,2.302585092994046,450.0,1.0,14.2064,15431.65,17.0
1001000657,Dr. Robert Jackson,Anesthesiology,New York,NY,Fentora,REP-H114,Hazel Vance,TERR-H02,2,6.0,10,7,8,0.9580158539282314,0.059950236408760495,-0.10534435875797608,8.4516,0.07646262010542992,17.0445,hybrid,0.04560576775563961,0.4552976649366816,1.1731704038660968,0.24913707188405335,0.6217677674968723,0.1728504944321855,1.1731704038660968,1.002903955811016,70.0,2.3333333333333335,1.1428571428571428,2.8163783090989227,2.0794415416798357,420.0,1.1428571428571428,15.7162,24440.47,25.0
1001000658,Dr. Susan Adams,Palliative Care,Portland,OR,Subsys,REP-H137,Hunter Finch,TERR-H01,3,2.0,4,4,2,-0.7337757583390051,-1.1304045245881396,-0.7902527918225126,4.9462,0.043101613293729635,8.5245,hybrid,1.9323579311260792,-0.5022096598519604,-0.256238760042948,-1.2961263126628275,-0.29617796349965275,-0.813636505205701,-0.256238760042948,0.5289030696350733,100.0,1.3333333333333333,0.5,2.210765812902886,1.6094379124341003,200.0,0.5,8.1227,15295.61,15.0
1001000659,Dr. Ashley Jones,Emergency Medicine,New York,NY,Lazanda,REP-H218,Hilda Bishop,TERR-H10,2,4.0,4,3,2,3.1573449498756387,-0.44306028009704745,0.37486506462662256,2.6524,0.02426023575910552,12.8391,hybrid,0.3600644616507129,-0.821378768114841,0.11434880097050806,-0.29470640343845855,-0.7319909180868357,-0.3652333235521162,0.11434880097050806,0.6974869837214137,75.0,1.0,0.6666666666666666,2.6032376834142132,1.3862943611198906,300.0,0.6666666666666666,12.5074,30852.2,38.0
1001000660,Dr. Kathleen Green,Orthopedics,Jacksonville,FL,Subsys,REP-H281,Helen Gallagher,TERR-H01,2,2.0,3,2,3,0.9580158539282314,-0.8368092876261203,-0.08542366614742708,2.4786,0.022286097050506992,10.2434,hybrid,-0.16403336150774317,-1.1405478763777217,1.9672866060377887,-0.8196730106734001,-1.2938515375785122,-1.1125719596414243,1.9672866060377887,0.6713099549391113,66.66666666666666,0.6666666666666666,1.5,2.397495192777031,1.0986122886681098,133.33333333333331,1.5,9.9956,24706.45,25.0
1001000661,Dr. Richard Taylor,Oncology,Austin,TX,Fentora,REP-H326,Holly Thornton,TERR-H10,3,1.0,5,4,4,-1.4104924032458996,-1.186446116351673,-0.9698236280391628,6.1041,0.052665965679629334,8.2392,hybrid,0.6745231555457861,-0.5022096598519604,0.8555239229974204,-1.3981291381894896,-0.29617796349965275,-1.3517203231900026,0.8555239229974204,0.5016688701196274,80.0,1.3333333333333333,1.0,2.1707893361391113,1.6094379124341003,80.0,1.0,7.7652,12897.99,11.0
1001000662,Dr. Sandra Lee,Oncology,Chicago,IL,Subsys,REP-H251,Hugh Conway,TERR-H07,2,7.0,10,9,6,-0.3954174358855578,0.27678024963203174,0.3722332384053477,8.2158,0.07475103844208641,18.5042,hybrid,1.3034405433359326,1.0936358814624427,0.11434880097050806,0.4519882031320919,1.057580722084056,1.1144971759047135,0.11434880097050806,1.1047026062076386,90.0,3.0,0.6666666666666666,2.8958787885510633,2.302585092994046,630.0,0.6666666666666666,17.0994,30817.06,17.0
1001000663,Dr. Donna Lee,Palliative Care,Las Vegas,NV,Subsys,REP-H142,Harold Sterling,TERR-H06,2,5.0,12,11,7,0.7888366927015078,-0.17743097312276068,-0.5860256234969867,9.518,0.08518318078667697,15.5536,hybrid,1.4082601079676231,1.731974097988204,0.04696924442260701,0.006845259945400436,1.413665833588904,0.34473838073272595,0.04696924442260701,0.9247452823138054,91.66666666666666,3.6666666666666665,0.6363636363636364,2.7214204200403818,2.4849066497880004,458.33333333333326,0.6363636363636364,14.2019,18022.44,24.0
1001000664,Dr. Deborah Brown,Family Practice,Nashville,TN,Lazanda,REP-H102,Harold Vance,TERR-H02,2,5.0,2,1,0,-0.5645965971122814,-0.20481689223070274,-0.8108093468297215,-0.3037,-0.0028388852791505492,13.9846,hybrid,-1.2122290078246534,-1.4597169846406022,-1.3680014430833163,-0.022647146106373806,-2.085749603670544,-0.5894349143789086,-1.3680014430833163,0.9608312168530598,50.0,0.3333333333333333,0.0,2.7098618923314763,0.6931471805599453,250.0,0.0,14.0272,15021.14,16.0
1001000666,Dr. Carol Allen,Oncology,Austin,TX,Actiq,REP-H361,Helen Whitman,TERR-H09,1,10.0,15,13,4,0.7888366927015078,2.0568336397088207,1.2887176634425572,7.9487,0.07398356030572195,30.7165,hybrid,1.0938014140725507,2.370312314513965,-0.6838397919815512,1.694538810842733,1.7147315055811116,2.175718039151531,-0.6838397919815512,1.838309019547849,86.66666666666667,4.333333333333333,0.3076923076923077,3.382853489893774,2.6390573296152584,866.6666666666667,0.3076923076923077,28.4547,43053.91,24.0
1001000667,Dr. Linda Lewis,Oncology,Charlotte,NC,Abstral,REP-H244,Hannah Conway,TERR-H12,2,8.0,11,8,4,0.28129920902133687,0.5281914520665912,1.3526259535567815,9.5256,0.08656464926274543,20.4848,hybrid,0.21712869169840726,0.7744667731995619,-0.256238760042948,0.668622388802692,0.8518052140972275,0.8984483701988956,-0.256238760042948,1.2083157177692028,72.72727272727273,2.6666666666666665,0.5,2.9807810591007784,2.1972245773362196,581.8181818181819,0.5,18.7032,43907.21,21.0
1001000668,Dr. Jennifer Taylor,Internal Medicine,Columbus,OH,Subsys,REP-H290,Hope Gallagher,TERR-H10,2,6.0,4,3,3,0.6196575314747842,0.019662994217912403,-0.7749374206219293,2.6037,0.024166117046307,15.8618,hybrid,0.3600644616507129,-0.821378768114841,0.8555239229974204,0.2096037484976714,-0.7319909180868357,0.3073714489282609,0.8555239229974204,0.9307773240263365,75.0,1.0,1.0,2.8008845913946283,1.3862943611198906,450.0,1.0,15.4592,15500.1,23.0
1001000669,Dr. Laura Jones,Family Practice,Nashville,TN,Actiq,REP-H194,Hazel Monroe,TERR-H10,1,10.0,5,4,4,-0.9029549195657287,1.7152699353911618,1.797543141540437,3.9963,0.03777671828239226,27.3259,hybrid,0.6745231555457861,-0.5022096598519604,0.8555239229974204,1.498441310172586,-0.29617796349965275,1.8767825847158075,0.8555239229974204,1.799832389057519,80.0,1.3333333333333333,1.0,3.305999862178085,1.6094379124341003,800.0,1.0,26.2758,49847.72,14.0
1001000670,Dr. Amanda Wright,Internal Medicine,Philadelphia,PA,Actiq,REP-H195,Homer Monroe,TERR-H11,1,10.0,11,8,0,-0.9029549195657287,2.2290028151882306,3.497562825986748,5.4214,0.051111298970976105,31.1552,hybrid,0.21712869169840726,0.7744667731995619,-1.3680014430833163,1.7879502763290067,0.8518052140972275,1.5506711798768373,-1.3680014430833163,1.7793457783682418,72.72727272727273,2.6666666666666665,0.0,3.4194628804689997,2.1972245773362196,727.2727272727274,0.0,29.553,72546.29,14.0
1001000671,Dr. Carol Ramirez,Pain Management,Las Vegas,NV,Subsys,REP-H284,Hannah Gallagher,TERR-H04,2,2.0,5,4,4,-0.22623827465883412,-0.9432020941433514,-0.7858137383183875,5.2867,0.04663279861676539,9.8094,hybrid,0.6745231555457861,-0.5022096598519604,0.8555239229974204,-0.9822383696333407,-0.29617796349965275,-0.9929977778671348,0.8555239229974204,0.643899664213893,80.0,1.3333333333333333,1.0,2.333783327331126,1.6094379124341003,160.0,1.0,9.3169,15354.88,18.0
1001000672,Dr. Joseph Nelson,Pain Management,Miami,FL,Fentora,REP-H241,Helen Conway,TERR-H09,3,1.0,2,1,2,0.4504783702480605,-1.4930367322149425,-1.0919361705609447,4.1867,0.03509233260949496,6.0526,hybrid,-1.2122290078246534,-1.4597169846406022,3.079049289078157,-2.04236341541171,-2.085749603670544,-1.486241277686078,3.079049289078157,0.40149306199317264,50.0,0.3333333333333333,2.0,1.9183040105530111,0.6931471805599453,50.0,2.0,5.8094,11267.55,22.0
1001000673,Dr. Susan Wilson,Oncology,Philadelphia,PA,Fentora,REP-H141,Helen Sterling,TERR-H05,2,6.0,10,6,7,-0.3954174358855578,-0.07194737284952511,-0.3167764696699179,6.3956,0.05819830601993248,15.8261,hybrid,-0.5833116200345069,0.1361285566738009,1.2261114840108767,0.11736025311634206,0.36097281999740366,-0.09619141455996535,1.2261114840108767,0.9609828606160089,60.0,2.0,1.1666666666666667,2.7647329462741976,1.9459101490553132,360.0,1.1666666666666667,14.8748,21617.44,17.0
1001000674,Dr. Ashley Hill,Palliative Care,Charlotte,NC,Fentora,REP-H144,Hannah Sterling,TERR-H08,2,2.0,4,3,2,3.8340615947825336,-0.9819530913012411,-0.9869619545677436,5.278,0.046443274826034386,9.5484,hybrid,0.3600644616507129,-0.821378768114841,0.11434880097050806,-1.0441201261444444,-0.7319909180868357,-1.0378380960324933,0.11434880097050806,0.5905662120562404,75.0,1.0,0.6666666666666666,2.3095309148269147,1.3862943611198906,150.0,0.6666666666666666,9.0697,12669.16,42.0
1001000675,Dr. Donna Rodriguez,Internal Medicine,Miami,FL,Fentora,REP-H145,Henry Sterling,TERR-H09,2,8.0,3,2,0,-0.22623827465883412,0.4648135064721953,-0.43949416745259634,3.1371,0.029308895112665656,18.8729,hybrid,-0.16403336150774317,-1.1405478763777217,-1.3680014430833163,0.615720766766853,-1.2938515375785122,0.6810407669729145,-1.3680014430833163,1.101751783703266,66.66666666666666,0.6666666666666666,0.0,2.9600480994679206,1.0986122886681098,533.3333333333333,0.0,18.2989,19978.92,18.0
1001000676,Dr. Rebecca Johnson,Neurology,Atlanta,GA,Subsys,REP-H162,Harold Hayes,TERR-H02,1,9.0,13,9,2,0.7888366927015078,1.1135164855934665,0.3037922754706462,6.7289,0.06242532054060623,23.9468,hybrid,-0.002772492843602703,1.0936358814624427,-0.8738846950653749,1.1114199515184744,1.057580722084056,1.0834538787133114,-0.8738846950653749,1.3911174721145338,69.23076923076923,3.0,0.2222222222222222,3.1543202369183256,2.302585092994046,623.0769230769231,0.2222222222222222,22.4371,29903.24,24.0
1001000677,Dr. Joseph Thompson,Oncology,Los Angeles,CA,Actiq,REP-H268,Harvey Mercer,TERR-H12,2,8.0,11,5,3,-0.7337757583390051,0.40029121508794246,0.22034825537470978,6.6165,0.060776283973233536,19.0708,hybrid,-1.4981005477292657,-0.18304055158907967,-0.03388622343487435,0.5607130745557977,0.05990714800519574,-0.07988584431801687,-0.03388622343487435,1.1556046953704746,45.45454545454545,1.6666666666666667,0.6,2.938489738528896,1.791759469228055,363.6363636363636,0.6,17.8873,28789.1,15.0
1001000678,Dr. William Young,Oncology,Jacksonville,FL,Fentora,REP-H138,Hilda Finch,TERR-H02,2,3.0,7,5,1,-1.0721340807924524,-0.6383358349497292,-0.8687162642885462,4.2018,0.037857820345601034,11.7348,hybrid,0.13545110886851783,-0.18304055158907967,-0.923296369867169,-0.5415890306577417,0.05990714800519574,-0.7495789078266175,-0.923296369867169,0.727559407951657,71.42857142857143,1.6666666666666667,0.2,2.506480583211811,1.791759469228055,214.28571428571428,0.2,11.2617,14247.97,13.0
1001000679,Dr. Betty Carter,Anesthesiology,Miami,FL,Abstral,REP-H153,Hector Sterling,TERR-H05,1,10.0,15,6,4,0.4504783702480605,1.3832528966354585,0.9039272941470543,5.1951,0.048684539544485705,25.4129,hybrid,-1.8411463956148,0.1361285566738009,0.11434880097050806,1.2921930295776662,0.36097281999740366,0.08316985810146854,0.11434880097050806,1.5415910451439512,40.0,2.0,0.6666666666666666,3.225167987627549,1.9459101490553132,400.0,0.6666666666666666,24.1578,37916.21,22.0
1001000680,Dr. Sandra King,Family Practice,Charlotte,NC,Actiq,REP-H289,Harrison Gallagher,TERR-H09,2,2.0,4,3,0,0.1121200477946132,-0.8786798027590986,-1.17299177465812,-0.8597,-0.00782284768340924,9.6449,hybrid,0.3600644616507129,-0.821378768114841,-1.3680014430833163,-0.8824198221982246,-0.7319909180868357,-1.0378380960324933,-1.3680014430833163,0.6663800682356417,75.0,1.0,0.0,2.372903751902999,1.3862943611198906,150.0,0.0,9.7285,10185.3,20.0
1001000681,Dr. Amanda Green,Pain Management,Nashville,TN,Actiq,REP-H242,Harold Conway,TERR-H10,2,5.0,13,9,8,-0.9029549195657287,-0.27921504454111684,-0.8747820470335961,9.7179,0.08663565762008396,14.8696,hybrid,-0.002772492843602703,1.0936358814624427,0.6084655489884495,-0.10453273071623301,1.057580722084056,-0.1582780089427695,0.6084655489884495,0.9366328488258119,69.23076923076923,3.0,0.8888888888888888,2.677769671811678,2.302585092994046,346.15384615384613,0.8888888888888888,13.5526,14166.98,14.0
1001000683,Dr. Linda Miller,Anesthesiology,Seattle,WA,Actiq,REP-H357,Hunter Blackwood,TERR-H05,3,1.0,9,7,8,-0.22623827465883412,-1.3054267265573287,-0.7316575851498714,9.5934,0.08060941543367717,7.6783,hybrid,0.5347637360368652,0.4552976649366816,1.1731704038660968,-1.6292328350507719,0.6217677674968723,-1.3616848383378601,1.1731704038660968,0.44708935335533656,77.77777777777779,2.3333333333333335,1.1428571428571428,2.080216241522407,2.0794415416798357,77.77777777777779,1.1428571428571428,7.0062,16077.97,18.0
1001000684,Dr. Thomas Jackson,Pain Management,Baltimore,MD,Abstral,REP-H137,Hunter Finch,TERR-H01,2,7.0,7,6,2,0.28129920902133687,0.18034168388958224,-0.23090059421243375,10.1572,0.09144886541221942,18.1585,hybrid,1.033904519997298,0.1361285566738009,-0.6268263210564041,0.36375188019186167,0.36097281999740366,0.979976221408638,-0.6268263210564041,1.139238463956322,85.71428571428571,2.0,0.3333333333333333,2.861297615965613,1.9459101490553132,600.0,0.3333333333333333,16.4842,22764.05,21.0
1001000685,Dr. Mary Smith,Neurology,Columbus,OH,Abstral,REP-H348,Harvey Blackwood,TERR-H08,2,4.0,2,1,1,-1.241313242019176,-0.3609181987429453,-0.6229498308205703,2.2686,0.020848193602687193,13.327,hybrid,-1.2122290078246534,-1.4597169846406022,0.8555239229974204,-0.1975936254494309,-2.085749603670544,-0.813636505205701,0.8555239229974204,0.807956831592021,50.0,0.3333333333333333,1.0,2.641297675308548,0.6931471805599453,200.0,1.0,13.0314,17529.43,12.0
1001000686,Dr. Barbara Baker,Family Practice,Baltimore,MD,Subsys,REP-H226,Holly Sinclair,TERR-H06,2,5.0,7,4,3,-1.4104924032458996,-0.23761102089344752,0.6607926869003533,3.8736,0.03548126336746149,14.3532,hybrid,-0.7630023022602633,-0.5022096598519604,0.2996425814772362,-0.05841822024443713,-0.29617796349965275,-0.42929092093119997,0.2996425814772362,0.9465014938459265,57.14285714285714,1.3333333333333333,0.75,2.695842657994465,1.6094379124341003,285.71428571428567,0.75,13.818,34669.89,11.0
1001000687,Dr. Susan Robinson,Orthopedics,New York,NY,Fentora,REP-H214,Hazel Bishop,TERR-H06,1,9.0,9,5,1,-1.241313242019176,1.0304808739650921,1.283083278507255,3.5031,0.032955412733198575,22.6749,hybrid,-0.8628304590523498,-0.18304055158907967,-0.923296369867169,1.0530904363838356,0.05990714800519574,0.5315730397550533,-0.923296369867169,1.471312948380596,55.55555555555556,1.6666666666666667,0.2,3.1314600024651864,1.791759469228055,500.0,0.2,21.9074,42978.68,12.0
1001000688,Dr. Emily Carter,Oncology,Denver,CO,Fentora,REP-H150,Hope Sterling,TERR-H02,2,5.0,9,6,1,-1.0721340807924524,-0.272301941892804,0.5189039999924693,6.8193,0.06158529607817087,14.5239,hybrid,-0.16403336150774317,0.1361285566738009,-0.9974138820698603,-0.09681217657737728,0.36097281999740366,-0.21576559633425496,-0.9974138820698603,0.8784115188733757,66.66666666666666,2.0,0.16666666666666666,2.6807954757689885,1.9459101490553132,333.33333333333326,0.16666666666666666,13.5967,32775.4,13.0
1001000689,Dr. Sarah Green,Pain Management,Jacksonville,FL,Subsys,REP-H200,Hattie Monroe,TERR-H04,2,4.0,13,11,11,-1.241313242019176,-0.47224893572325727,-0.104546722182661,14.8617,0.12879558446967287,14.1523,hybrid,0.9647927191412383,1.731974097988204,0.8555239229974204,-0.33012459000915667,1.413665833588904,-0.19277056137766058,0.8555239229974204,0.8515296442714012,84.61538461538461,3.6666666666666665,1.0,2.589356751144465,2.4849066497880004,338.46153846153845,1.0,12.3212,24451.12,12.0
1001000690,Dr. Ashley Nelson,Anesthesiology,Los Angeles,CA,Abstral,REP-H367,Heather Whitman,TERR-H03,1,9.0,12,8,1,-1.0721340807924524,1.0645917840846584,-0.3364724759212232,7.2669,0.0672160145319256,23.7328,hybrid,-0.16403336150774317,0.7744667731995619,-1.0900607723232243,1.0772137070316778,0.8518052140972275,0.9799762214086375,-1.0900607723232243,1.4118711916569355,66.66666666666666,2.6666666666666665,0.125,3.140914283398489,2.1972245773362196,599.9999999999999,0.125,22.125,21354.46,13.0
1001000691,Dr. Sarah Robinson,Palliative Care,Denver,CO,Actiq,REP-H318,Hilda Kensington,TERR-H02,1,10.0,16,10,4,-0.9029549195657287,1.470505344119606,1.1118917455813346,6.2098,0.05796934677143151,26.2491,hybrid,-0.4260822730869703,1.4128049897253234,-0.4785912966510216,1.3480294662429977,1.243727311658896,1.0920770168220342,-0.4785912966510216,1.6092582545445548,62.5,3.3333333333333335,0.4,3.247051146269465,2.3978952727983707,625.0,0.4,24.7144,40692.94,14.0
1001000692,Dr. Betty Harris,Internal Medicine,Charlotte,NC,Subsys,REP-H288,Harvey Gallagher,TERR-H08,1,10.0,15,13,8,-0.7337757583390051,3.0649395766937366,0.36974820727211205,9.9529,0.09235553469703106,38.3577,hybrid,1.0938014140725507,2.370312314513965,0.00032185912021403325,2.198429747153056,1.7147315055811116,2.175718039151531,0.00032185912021403325,2.1004143432424165,86.66666666666667,4.333333333333333,0.6153846153846154,3.580336100820283,2.6390573296152584,866.6666666666667,0.6153846153846154,34.8856,30783.88,15.0
1001000693,Dr. Carol Nguyen,Neurology,Portland,OR,Lazanda,REP-H263,Howard Mercer,TERR-H07,2,6.0,5,4,5,-0.3954174358855578,-0.033353135388876305,-0.10129476160987329,7.0228,0.06379193334828903,16.1829,hybrid,0.6745231555457861,-0.5022096598519604,1.4114052645176045,0.15662848335180826,-0.29617796349965275,0.44189240342433633,1.4114052645176045,0.9375136401693565,80.0,1.3333333333333333,1.25,2.7801227698938615,1.6094379124341003,480.0,1.25,15.121,24494.54,17.0
1001000694,Dr. Betty Torres,Pain Management,Houston,TX,Actiq,REP-H132,Hilary Finch,TERR-H08,1,9.0,11,7,6,-0.5645965971122814,1.1346163408420582,1.6391737101820252,5.4231,0.050627444059593074,23.7958,hybrid,-0.35461438811081747,0.4552976649366816,0.5378774421287437,1.1260317866574563,0.6217677674968723,0.8576844445940242,0.5378774421287437,1.5599512767912855,63.63636363636363,2.3333333333333335,0.8571428571428571,3.1600468399304837,2.0794415416798357,572.7272727272727,0.8571428571428571,22.5717,47733.18,16.0
1001000695,Dr. Elizabeth Martin,Family Practice,Jacksonville,FL,Lazanda,REP-H203,Howard Bishop,TERR-H07,2,7.0,7,5,4,-1.4104924032458996,0.13521056705399812,-0.49901133715266766,3.1901,0.029604588870947524,16.713,hybrid,0.13545110886851783,-0.18304055158907967,0.41081884978127314,0.321387196004735,0.05990714800519574,0.5315730397550533,0.41081884978127314,1.1094096211301767,71.42857142857143,1.6666666666666667,0.8,2.8446942443995122,1.791759469228055,500.0,0.8,16.1963,19184.25,11.0
1001000696,Dr. David Hall,Pain Management,Chicago,IL,Subsys,REP-H146,Holly Sterling,TERR-H10,2,6.0,8,6,3,-0.05705911343211046,-0.09361156300818357,-0.514486235668314,7.4379,0.0673342136525199,15.8327,hybrid,0.3600644616507129,0.1361285566738009,-0.256238760042948,0.09504998643458615,0.36097281999740366,0.3073714489282609,-0.256238760042948,1.0184601950921932,75.0,2.0,0.5,2.755989209490517,1.9459101490553132,450.0,0.5,14.7366,18977.63,19.0
1001000697,Dr. Linda Rivera,Anesthesiology,Columbus,OH,Actiq,REP-H244,Hannah Conway,TERR-H12,2,3.0,5,2,2,-0.9029549195657287,-0.6361882270975323,-0.7152637194249181,2.8218,0.02559148869835015,11.5936,hybrid,-1.8411463956148,-1.1405478763777217,0.8555239229974204,-0.5387397511063495,-1.2938515375785122,-1.1723590505285688,0.8555239229974204,0.7195214659619711,40.0,0.6666666666666666,1.0,2.5075972597076985,1.0986122886681098,120.0,1.0,11.2754,16296.86,14.0
1001000699,Dr. John Thompson,Neurology,Los Angeles,CA,Fentora,REP-H145,Henry Sterling,TERR-H09,2,6.0,9,5,3,0.7888366927015078,-0.04294682886000448,0.09914269678974183,4.072,0.037477387140253615,15.6731,hybrid,-0.8628304590523498,-0.18304055158907967,-0.03388622343487435,0.14692354476949937,0.05990714800519574,-0.21576559633425446,-0.03388622343487435,0.933719193057501,55.55555555555556,1.6666666666666667,0.6,2.776319255140948,1.791759469228055,333.33333333333337,0.6,15.0598,27170.77,24.0
1001000700,Dr. Elizabeth Hall,Palliative Care,Denver,CO,Subsys,REP-H223,Howard Sinclair,TERR-H03,2,6.0,4,3,2,-0.3954174358855578,-0.06831054787354209,0.010488200022943654,4.7522,0.043570760688917964,15.606,hybrid,0.3600644616507129,-0.821378768114841,0.11434880097050806,0.12108648823749074,-0.7319909180868357,0.3073714489282609,0.11434880097050806,0.970071273274074,75.0,1.0,0.6666666666666666,2.766193315150921,1.3862943611198906,450.0,0.6666666666666666,14.898,25987.06,17.0
1001000701,Dr. Patricia Mitchell,Pain Management,Los Angeles,CA,Subsys,REP-H287,Heather Gallagher,TERR-H07,2,8.0,13,9,3,2.4806283049687443,0.6884782424951593,0.13850924483830473,7.7898,0.07152018877414523,21.2623,hybrid,-0.002772492843602703,1.0936358814624427,-0.6268263210564041,0.797715092891136,1.057580722084056,0.773020906799291,-0.6268263210564041,1.3632615576408451,69.23076923076923,3.0,0.3333333333333333,3.031374476084268,2.302585092994046,553.8461538461538,0.3333333333333333,19.7257,27696.39,34.0
1001000702,Dr. Charles Davis,Internal Medicine,Houston,TX,Actiq,REP-H340,Hattie Thornton,TERR-H12,2,5.0,6,5,0,-1.241313242019176,-0.26264554454277966,-0.16785809553582806,1.4524,0.01344421401589635,13.8567,hybrid,0.8841622848091689,-0.18304055158907967,-1.3680014430833163,-0.0860668669710882,0.05990714800519574,0.15790372171039968,-1.3680014430833163,0.8223475939730978,83.33333333333334,1.6666666666666667,0.0,2.6850067279335974,1.791759469228055,416.66666666666674,0.0,13.6583,23605.79,12.0
1001000703,Dr. Richard Sanchez,Pain Management,Houston,TX,Actiq,REP-H272,Hilary Mercer,TERR-H04,2,8.0,12,8,4,0.6196575314747842,0.5245703030603323,1.4859406089959253,9.5285,0.08658742411193066,20.4601,hybrid,-0.16403336150774317,0.7744667731995619,-0.256238760042948,0.6656291759053252,0.8518052140972275,0.6810407669729145,-0.256238760042948,1.2909991646880339,66.66666666666666,2.6666666666666665,0.5,2.9796079729120106,2.1972245773362196,533.3333333333333,0.5,18.6801,45687.22,23.0
1001000704,Dr. Kimberly Allen,Orthopedics,Phoenix,AZ,Fentora,REP-H334,Hazel Thornton,TERR-H06,1,10.0,6,5,6,0.6196575314747842,1.2971604709108915,-0.37482568848959696,5.6058,0.05238560820402505,24.9321,hybrid,0.8841622848091689,-0.18304055158907967,1.3002289962135676,1.235874719396826,0.05990714800519574,2.0262503119336697,1.3002289962135676,1.5855664694641143,83.33333333333334,1.6666666666666667,1.2,3.203095975340684,1.791759469228055,833.3333333333335,1.2,23.6086,20842.37,23.0
1001000705,Dr. Ashley Clark,Pain Management,Phoenix,AZ,Fentora,REP-H120,Hattie Vance,TERR-H08,2,4.0,14,9,0,0.1121200477946132,-0.4245156079134782,-1.0384705534698377,4.3196,0.03924696410646744,13.1711,hybrid,-0.3137755966958723,1.0936358814624427,-1.3680014430833163,-0.272456621295811,1.057580722084056,-0.5574061156893667,-1.3680014430833163,0.8725739237799428,64.28571428571429,3.0,0.0,2.6119577153763878,2.302585092994046,257.14285714285717,0.0,12.6257,11981.42,20.0
1001000706,Dr. Barbara Hill,Internal Medicine,Phoenix,AZ,Abstral,REP-H141,Helen Sterling,TERR-H05,2,5.0,4,3,3,-0.7337757583390051,-0.15863548542360645,-0.3755978606108644,4.8543,0.04438025064987938,15.0171,hybrid,0.3600644616507129,-0.821378768114841,0.8555239229974204,0.026890992056656,-0.7319909180868357,-0.028930937311927647,0.8555239229974204,0.862296023030971,75.0,1.0,1.0,2.7292766508832127,1.3862943611198906,375.0,1.0,14.3218,20832.06,15.0
1001000707,Dr. William Martin,Palliative Care,Charlotte,NC,Actiq,REP-H214,Hazel Bishop,TERR-H06,3,2.0,3,2,0,-1.0721340807924524,-1.0480743315973484,-0.9411566444177861,2.3161,0.020548422279393908,8.8482,hybrid,-0.16403336150774317,-1.1405478763777217,-1.3680014430833163,-1.1533034887801092,-1.2938515375785122,-1.1125719596414243,-1.3680014430833163,0.5631010447138451,66.66666666666666,0.6666666666666666,0.0,2.26674027508866,1.0986122886681098,133.33333333333331,0.0,8.6479,13280.75,13.0
1001000708,Dr. Sharon Robinson,Pain Management,Nashville,TN,Fentora,REP-H333,Hector Thornton,TERR-H05,2,4.0,8,6,3,-0.3954174358855578,-0.3978664593825672,0.03848187352111991,6.7938,0.0611067530247138,13.665,hybrid,0.3600644616507129,0.1361285566738009,-0.256238760042948,-0.24081909323830372,0.36097281999740366,-0.3652333235521162,-0.256238760042948,0.8843227826188658,75.0,2.0,0.5,2.6243569494047003,1.9459101490553132,300.0,0.5,12.7957,26360.83,17.0
1001000710,Dr. Kimberly Hernandez,Anesthesiology,Nashville,TN,Subsys,REP-H181,Helen Monroe,TERR-H09,2,7.0,7,6,1,-0.05705911343211046,0.2876280206810853,0.7765076598199357,4.6779,0.043258836751604246,17.9718,hybrid,1.033904519997298,0.1361285566738009,-0.9974138820698603,0.46172510283019025,0.36097281999740366,0.979976221408638,-0.9974138820698603,1.0955865193709047,85.71428571428571,2.0,0.16666666666666666,2.899694829357016,1.9459101490553132,600.0,0.16666666666666666,17.1686,36214.91,19.0
1001000711,Dr. Linda Young,Pain Management,Detroit,MI,Actiq,REP-H187,Heather Monroe,TERR-H03,2,8.0,4,3,3,-0.9029549195657287,0.5156820282267873,0.17826674715195182,8.0947,0.07401369250748102,20.1309,hybrid,0.3600644616507129,-0.821378768114841,0.8555239229974204,0.6582672775698525,-0.7319909180868357,0.979976221408638,0.8555239229974204,1.2870805747105813,75.0,1.0,1.0,2.97672273168241,1.3862943611198906,600.0,1.0,18.6234,28227.23,14.0
1001000712,Dr. Jessica Williams,Neurology,Charlotte,NC,Actiq,REP-H332,Hilary Thornton,TERR-H04,3,2.0,3,2,1,0.6196575314747842,-1.113960432347595,-0.339914670944837,5.402,0.04704645934749241,8.6721,hybrid,-0.16403336150774317,-1.1405478763777217,-0.256238760042948,-1.2669537398745576,-1.2938515375785122,-1.1125719596414243,-0.256238760042948,0.5101175336192975,66.66666666666666,0.6666666666666666,0.5,2.222198993034793,1.0986122886681098,133.33333333333331,0.5,8.2276,21308.5,23.0
1001000713,Dr. Dorothy Ramirez,Neurology,Atlanta,GA,Subsys,REP-H354,Hazel Blackwood,TERR-H02,1,10.0,11,8,7,-0.3954174358855578,2.2743690715696756,3.635330016111572,7.8618,0.07331306369604107,32.1885,hybrid,0.21712869169840726,0.7744667731995619,0.5775832522373283,1.8120051783331594,0.8518052140972275,1.5506711798768373,0.5775832522373283,1.8502517727260104,72.72727272727273,2.6666666666666665,0.875,3.428890366678904,2.1972245773362196,727.2727272727274,0.875,29.8424,74385.75,17.0
1001000714,Dr. Linda Lewis,Palliative Care,Miami,FL,Subsys,REP-H385,Henry Carrington,TERR-H09,2,3.0,6,3,2,-0.9029549195657287,-0.7786827918892859,-0.987570854601294,5.1606,0.0459944053208301,10.9014,hybrid,-1.2122290078246534,-0.821378768114841,0.11434880097050806,-0.7350464731015166,-0.7319909180868357,-1.0378380960324933,0.11434880097050806,0.6749997883788671,50.0,1.0,0.6666666666666666,2.4306616349356047,1.3862943611198906,150.0,0.6666666666666666,10.3664,12661.03,14.0
1001000715,Dr. Sarah Flores,Emergency Medicine,New York,NY,Abstral,REP-H254,Hazel Conway,TERR-H10,2,4.0,7,5,4,1.2963741763816787,-0.44404786618966374,0.2729877756183307,2.6594,0.024322023082305577,12.8335,hybrid,0.13545110886851783,-0.18304055158907967,0.41081884978127314,-0.29589676192951053,0.05990714800519574,-0.4292909209311997,0.41081884978127314,0.6971356582662875,71.42857142857143,1.6666666666666667,0.8,2.6027711636064295,1.791759469228055,285.7142857142857,0.8,12.5011,29491.94,27.0
1001000716,Dr. Joseph Nguyen,Internal Medicine,Boston,MA,Subsys,REP-H282,Harold Gallagher,TERR-H02,2,4.0,6,5,1,-0.22623827465883412,-0.47369112493787124,0.2138143760479023,3.3058,0.03011584926517541,12.719,hybrid,0.8841622848091689,-0.18304055158907967,-0.923296369867169,-0.33188738649500465,0.05990714800519574,-0.21576559633425446,-0.923296369867169,0.7412887092095487,83.33333333333334,1.6666666666666667,0.2,2.5886658840788526,1.791759469228055,333.33333333333337,0.2,12.312,28701.86,18.0
1001000717,Dr. Michael Gonzalez,Palliative Care,Los Angeles,CA,Fentora,REP-H112,Hilary Vance,TERR-H12,2,5.0,5,4,5,-0.5645965971122814,-0.1559392186310671,-0.7399305368972254,7.3299,0.06627278798976644,15.39,hybrid,0.6745231555457861,-0.5022096598519604,1.4114052645176045,0.029753737236235422,-0.29617796349965275,0.08316985810146854,1.4114052645176045,0.9336724384130051,80.0,1.3333333333333333,1.25,2.730398604765972,1.6094379124341003,400.0,1.25,14.339,15967.51,16.0
1001000718,Dr. Ashley Hernandez,Orthopedics,Las Vegas,NV,Fentora,REP-H126,Holly Finch,TERR-H02,3,1.0,2,1,2,-0.9029549195657287,-1.1632927090692287,-0.6890278422105587,3.2308,0.02828493733841375,8.1686,hybrid,-1.2122290078246534,-1.4597169846406022,3.079049289078157,-1.3554915435291872,-2.085749603670544,-1.486241277686078,3.079049289078157,0.5314346855053917,50.0,0.3333333333333333,2.0,2.1874996655187156,0.6931471805599453,50.0,2.0,7.9129,16647.16,14.0
1001000719,Dr. Laura Robinson,Pain Management,New York,NY,Lazanda,REP-H205,Henry Bishop,TERR-H09,2,6.0,10,7,7,-0.9029549195657287,0.03938336413078684,-0.5166379820353381,7.7839,0.07059303762870295,16.7981,hybrid,0.04560576775563961,0.4552976649366816,0.8555239229974204,0.2290316180627097,0.6217677674968723,0.1728504944321855,0.8555239229974204,1.0770939117918539,70.0,2.3333333333333335,1.0,2.8084986723990157,2.0794415416798357,420.0,1.0,15.585,18948.9,14.0
1001000720,Dr. Amanda Gonzalez,Oncology,Baltimore,MD,Subsys,REP-H182,Harold Monroe,TERR-H10,2,4.0,3,2,3,0.6196575314747842,-0.48834815662987213,0.009674086447950345,5.9397,0.05344628766333459,12.9442,hybrid,-0.16403336150774317,-1.1405478763777217,1.9672866060377887,-0.3498721882868727,-1.2938515375785122,-0.514701050769978,1.9672866060377887,0.7893732408124281,66.66666666666666,0.6666666666666666,1.5,2.5816173635381565,1.0986122886681098,266.66666666666663,1.5,12.2185,25976.19,23.0
1001000721,Dr. Jennifer Thompson,Pain Management,Boston,MA,Abstral,REP-H357,Hunter Blackwood,TERR-H05,2,7.0,6,5,5,-0.3954174358855578,0.23150804906893138,1.300764597070675,10.5419,0.09485784426984312,18.5828,hybrid,0.8841622848091689,-0.18304055158907967,0.8555239229974204,0.41094617354375773,0.05990714800519574,0.9052423577997074,0.8555239229974204,1.1617962729270541,83.33333333333334,1.6666666666666667,1.0,2.8797937856729092,1.791759469228055,583.3333333333334,1.0,16.8106,43214.76,17.0
1001000722,Dr. Sandra Garcia,Pain Management,Las Vegas,NV,Abstral,REP-H158,Hilda Sterling,TERR-H10,1,9.0,9,4,1,-0.22623827465883412,1.2784590390300816,0.2571930735180274,4.6913,0.04401616251511209,24.5913,hybrid,-1.5616275565969573,-0.5022096598519604,-0.8121201015631322,1.2234748799139066,-0.29617796349965275,0.08316985810146854,-0.8121201015631322,1.6233674701477312,44.44444444444444,1.3333333333333333,0.25,3.198236287460431,1.6094379124341003,400.0,0.25,23.4893,29281.05,18.0
1001000723,Dr. Barbara Green,Neurology,Miami,FL,Subsys,REP-H296,Hayden Gallagher,TERR-H04,1,10.0,16,10,7,-0.7337757583390051,2.5003538511118006,3.332808557253161,6.7987,0.06379871713251495,33.4108,hybrid,-0.4260822730869703,1.4128049897253234,0.18846631317319928,1.9285644826809016,1.243727311658896,1.0920770168220342,0.18846631317319928,1.939632082471936,62.5,3.3333333333333335,0.7,3.474571751462126,2.3978952727983707,625.0,0.7,31.284,70346.5,15.0
1001000724,Dr. Jessica Hill,Neurology,Los Angeles,CA,Fentora,REP-H280,Hattie Mercer,TERR-H12,3,1.0,2,1,1,-0.05705911343211046,-1.3850763287253047,-1.0334046250234226,2.6896,0.023044985283872332,6.6729,hybrid,-1.2122290078246534,-1.4597169846406022,0.8555239229974204,-1.796530646542566,-2.085749603670544,-1.486241277686078,0.8555239229974204,0.40288720224750313,50.0,0.3333333333333333,1.0,2.014649655114622,0.6931471805599453,50.0,1.0,6.4981,12049.06,19.0
1001000725,Dr. Sarah Brown,Emergency Medicine,Miami,FL,Subsys,REP-H325,Henry Thornton,TERR-H09,2,8.0,12,9,4,1.127195015154955,0.47426611621580694,1.271958307906567,5.4013,0.04995737827429636,19.3509,hybrid,0.3600644616507129,1.0936358814624427,-0.3797679470474334,0.6236807992692928,1.057580722084056,0.979976221408638,-0.3797679470474334,1.023818142182882,75.0,3.0,0.4444444444444444,2.963167758680591,2.302585092994046,600.0,0.4444444444444444,18.3592,42830.14,26.0
1001000726,Dr. Donna Nelson,Neurology,Boston,MA,Abstral,REP-H240,Hattie Sinclair,TERR-H08,2,4.0,4,2,1,-0.3954174358855578,-0.40037461453841766,-0.7110201430533348,4.5112,0.04099237558648339,13.3563,hybrid,-1.2122290078246534,-1.1405478763777217,-0.256238760042948,-0.24378007609089328,-1.2938515375785122,-0.813636505205701,-0.256238760042948,0.792351237832969,50.0,0.6666666666666666,0.5,2.62319649466638,1.0986122886681098,200.0,0.5,12.7797,16353.52,17.0
1001000728,Dr. Lisa Lopez,Palliative Care,New York,NY,Actiq,REP-H163,Howard Hayes,TERR-H03,2,6.0,8,6,4,0.1121200477946132,-0.050126422993626366,0.802624453263896,9.0584,0.081517251897671,16.3741,hybrid,0.3600644616507129,0.1361285566738009,0.11434880097050806,0.13963647314439462,0.36097281999740366,0.3073714489282609,0.11434880097050806,0.9776245198642064,75.0,2.0,0.6666666666666666,2.773463339650442,1.9459101490553132,450.0,0.6666666666666666,15.014,36563.62,20.0
1001000729,Dr. Nancy Torres,Orthopedics,New York,NY,Abstral,REP-H198,Hilda Monroe,TERR-H02,1,10.0,12,7,3,-0.5645965971122814,1.6084068497822086,0.8825536297467294,6.6331,0.06188262333848904,27.2918,hybrid,-0.6881311846661978,0.4552976649366816,-0.41506200047728636,1.4338598306168988,0.6217677674968723,0.9052423577997074,-0.41506200047728636,1.7189137338135887,58.333333333333336,2.3333333333333335,0.42857142857142855,3.2806893866741165,2.0794415416798357,583.3333333333334,0.42857142857142855,25.5941,37630.83,16.0
1001000730,Dr. Michael Thompson,Palliative Care,Austin,TX,Subsys,REP-H189,Harrison Monroe,TERR-H05,3,1.0,2,1,0,-0.22623827465883412,-1.5472285595510362,-1.0369614100902507,0.946,0.007966696218086211,5.5154,hybrid,-1.2122290078246534,-1.4597169846406022,-1.3680014430833163,-2.175305634910386,-2.085749603670544,-1.486241277686078,-1.3680014430833163,0.3557644258147106,50.0,0.3333333333333333,0.0,1.8662019092506865,0.6931471805599453,50.0,0.0,5.4637,12001.57,18.0
1001000731,Dr. Richard Baker,Orthopedics,Nashville,TN,Subsys,REP-H309,Harrison Kensington,TERR-H05,2,9.0,7,5,5,-1.4104924032458996,0.8420870698212755,1.2916071300224312,4.3336,0.04050792486056265,21.6029,hybrid,0.13545110886851783,-0.18304055158907967,0.8555239229974204,0.9155870042969216,0.05990714800519574,1.1721490135458887,0.8555239229974204,1.3905994040365024,71.42857142857143,1.6666666666666667,1.0,3.0775702917696233,1.791759469228055,642.8571428571429,1.0,20.7056,43092.49,11.0
1001000732,Dr. Betty Lopez,Neurology,Phoenix,AZ,Subsys,REP-H248,Harvey Conway,TERR-H04,1,10.0,10,7,4,0.7888366927015078,1.5044438185722073,-0.13347284407169852,4.5066,0.04241804227192336,26.0545,hybrid,0.04560576775563961,0.4552976649366816,-0.09741551960860971,1.3694222510241545,0.6217677674968723,1.4283794030622228,-0.09741551960860971,1.5457349918456589,70.0,2.3333333333333335,0.5714285714285714,3.2554353077797047,2.0794415416798357,700.0,0.5714285714285714,24.9309,24064.9,24.0
1001000733,Dr. Joseph Hernandez,Neurology,Phoenix,AZ,Subsys,REP-H349,Harrison Blackwood,TERR-H09,2,7.0,6,2,3,-1.4104924032458996,0.24070984329695744,1.090121135279679,4.2389,0.039232981648657184,17.5843,hybrid,-2.2604246541415645,-1.1405478763777217,1.9672866060377887,0.4193417891547182,-1.2938515375785122,-0.6641687779878395,1.9672866060377887,1.04590958601342,33.33333333333333,0.6666666666666666,1.5,2.883084156607795,1.0986122886681098,233.33333333333331,1.5,16.8693,40402.26,11.0
1001000734,Dr. Joseph Rodriguez,Pain Management,Jacksonville,FL,Subsys,REP-H249,Harrison Conway,TERR-H05,2,3.0,6,4,2,0.28129920902133687,-0.7770995189471553,-0.0961202347564902,7.1507,0.06318338633069143,11.1185,hybrid,-0.16403336150774317,-0.5022096598519604,-0.256238760042948,-0.732780194790877,-0.29617796349965275,-0.8136365052057011,-0.256238760042948,0.7171296102475566,66.66666666666666,1.3333333333333333,0.5,2.4315498242750446,1.6094379124341003,199.99999999999997,0.5,10.3765,24563.63,21.0
1001000735,Dr. John Perez,Oncology,Jacksonville,FL,Actiq,REP-H114,Hazel Vance,TERR-H02,2,7.0,4,3,1,0.28129920902133687,0.3066899998655483,-0.7127891736551139,5.224,0.04820107265804907,18.1934,hybrid,0.3600644616507129,-0.821378768114841,-0.6268263210564041,0.47874553161995054,-0.7319909180868357,0.6436738351684494,-0.6268263210564041,1.117029194115075,75.0,1.0,0.3333333333333333,2.9063653972801125,1.3862943611198906,525.0,0.3333333333333333,17.2902,16329.9,21.0
1001000736,Dr. Sandra Gonzalez,Palliative Care,Boston,MA,Subsys,REP-H346,Holly Blackwood,TERR-H06,2,3.0,3,2,1,0.7888366927015078,-0.660830851503763,-0.6005216384408613,1.9712,0.017918739128329086,11.3373,hybrid,-0.16403336150774317,-1.1405478763777217,-0.256238760042948,-0.5716264542060083,-1.2938515375785122,-0.8136365052057011,-0.256238760042948,0.7239526399862941,66.66666666666666,0.6666666666666666,0.5,2.4947084547602607,1.0986122886681098,199.99999999999997,0.5,11.1182,17828.89,24.0
1001000737,Dr. John Scott,Neurology,Portland,OR,Lazanda,REP-H205,Henry Bishop,TERR-H09,1,10.0,10,7,8,0.4504783702480605,1.427129935893117,2.5865427732063466,8.6592,0.07990813154202847,26.5538,hybrid,0.04560576775563961,0.4552976649366816,1.1731704038660968,1.3204244752945344,0.6217677674968723,1.4283794030622228,1.1731704038660968,1.5151562121795306,70.0,2.3333333333333335,1.1428571428571428,3.2362323255797674,2.0794415416798357,700.0,1.1428571428571428,24.4377,60382.4,22.0
1001000738,Dr. Sandra Johnson,Oncology,Austin,TX,Actiq,REP-H321,Helen Thornton,TERR-H05,2,7.0,6,3,1,-1.241313242019176,0.22633497905998962,0.8341981294193557,4.2422,0.03925294853299821,17.4893,hybrid,-1.2122290078246534,-0.821378768114841,-0.6268263210564041,0.40621416278220474,-0.7319909180868357,-0.14103173272532382,-0.6268263210564041,1.083912794946564,50.0,1.0,0.3333333333333333,2.877939237847607,1.3862943611198906,350.0,0.3333333333333333,16.7776,36985.19,12.0
1001000739,Dr. Rebecca White,Pain Management,Seattle,WA,Actiq,REP-H187,Heather Monroe,TERR-H03,3,2.0,4,3,0,-0.7337757583390051,-1.0620572965912147,-0.8784833803248712,3.7999,0.03346555357321401,8.884,hybrid,0.3600644616507129,-0.821378768114841,-1.3680014430833163,-1.177003861007497,-0.7319909180868357,-1.0378380960324933,-1.3680014430833163,0.5914997537922964,75.0,1.0,0.0,2.2574517345531495,1.3862943611198906,150.0,0.0,8.5587,14117.56,15.0
1001000740,Dr. Dorothy King,Pain Management,Atlanta,GA,Actiq,REP-H327,Heather Thornton,TERR-H11,2,7.0,11,6,7,-0.3954174358855578,0.1755291611842937,0.598512623936115,9.8801,0.08905329349403868,18.0791,hybrid,-0.9263574679200418,0.1361285566738009,1.2261114840108767,0.35926771237128524,0.36097281999740366,0.0016420068917255804,1.2261114840108767,1.1371167582718809,54.54545454545454,2.0,1.1666666666666667,2.8595402016022504,1.9459101490553132,381.81818181818176,1.1666666666666667,16.4535,33838.33,17.0
1001000741,Dr. Laura Nguyen,Anesthesiology,Denver,CO,Subsys,REP-H333,Hector Thornton,TERR-H05,2,2.0,4,3,4,-0.9029549195657287,-0.9777989593243637,-1.270339386664058,2.3962,0.021362471131310734,9.3142,hybrid,0.3600644616507129,-0.821378768114841,1.5966990450243326,-1.0374140852649987,-0.7319909180868357,-1.0378380960324933,1.5966990450243326,0.5804593325898222,75.0,1.0,1.3333333333333333,2.3121591154283188,1.3862943611198906,150.0,1.3333333333333333,9.0962,8885.52,14.0
1001000742,Dr. Emily Lee,Oncology,Baltimore,MD,Fentora,REP-H153,Hector Sterling,TERR-H05,2,8.0,16,4,1,0.4504783702480605,0.489268019241737,1.5246076335127092,3.6984,0.034484782146606996,19.1375,hybrid,-2.78452247730002,-0.5022096598519604,-0.8121201015631322,0.6362631266007454,-0.29617796349965275,-0.813636505205701,-0.8121201015631322,1.192274356252345,25.0,1.3333333333333333,0.25,2.968098966356486,1.6094379124341003,200.0,0.25,18.4549,46203.5,22.0
1001000743,Dr. Thomas Jackson,Oncology,Jacksonville,FL,Subsys,REP-H121,Helen Finch,TERR-H09,2,6.0,13,6,6,-1.241313242019176,0.05096790575687084,0.43161484733534183,9.0251,0.08142470442396776,17.0721,hybrid,-1.4541203108208638,0.1361285566738009,0.8555239229974204,0.24037573953734684,0.36097281999740366,-0.4687109808567897,0.8555239229974204,1.011639451696831,46.15384615384615,2.0,1.0,2.812944608148293,1.9459101490553132,276.9230769230769,1.0,15.6589,31609.92,12.0
1001000744,Dr. Laura Miller,Pain Management,Boston,MA,Subsys,REP-H303,Howard Kensington,TERR-H11,2,5.0,13,11,3,-0.9029549195657287,-0.1970729631870147,-0.04050137338929754,5.4298,0.049457642738756746,14.841,hybrid,0.9647927191412383,1.731974097988204,-0.7615854341522064,-0.014272938938919205,1.413665833588904,0.18664751540614202,-0.7615854341522064,0.9728469784234333,84.61538461538461,3.6666666666666665,0.2727272727272727,2.7131438729679567,2.4849066497880004,423.0769230769231,0.2727272727272727,14.0766,25306.25,14.0
1001000745,Dr. Michelle Wilson,Anesthesiology,Austin,TX,Abstral,REP-H216,Hayden Bishop,TERR-H08,1,9.0,9,7,4,-0.7337757583390051,0.9096504993319972,1.8755819567875,4.8172,0.04496975516675761,22.1548,hybrid,0.5347637360368652,0.4552976649366816,-0.09741551960860971,0.9657561382632845,0.6217677674968723,1.4283794030622232,-0.09741551960860971,1.3487980397548467,77.77777777777779,2.3333333333333335,0.5714285714285714,3.0972323472853382,2.0794415416798357,700.0000000000001,0.5714285714285714,21.1366,50889.69,15.0
1001000746,Dr. Carol Baker,Pain Management,Los Angeles,CA,Subsys,REP-H262,Harold Mercer,TERR-H06,3,1.0,2,1,0,-1.241313242019176,-1.3540535846413795,-1.3795759028921128,1.6503,0.014256006636032659,6.8065,hybrid,-1.2122290078246534,-1.4597169846406022,-1.3680014430833163,-1.730059517407357,-2.085749603670544,-1.486241277686078,-1.3680014430833163,0.46276681638487344,50.0,0.3333333333333333,0.0,2.0407007133634054,0.6931471805599453,50.0,0.0,6.696,7427.0,12.0
1001000747,Dr. John King,Pain Management,New York,NY,Abstral,REP-H310,Hope Kensington,TERR-H06,2,6.0,11,7,0,-0.9029549195657287,-0.11472709422649935,-0.7386730422399915,2.2398,0.020748645601608384,14.929,hybrid,-0.35461438811081747,0.4552976649366816,-1.3680014430833163,0.07311538503474099,0.6217677674968723,0.0016420068917258354,-1.3680014430833163,1.0091509522357054,63.63636363636363,2.3333333333333335,0.0,2.747392701710893,2.0794415416798357,381.8181818181818,0.0,14.6019,15984.3,14.0
1001000748,Dr. Melissa Miller,Anesthesiology,New York,NY,Abstral,REP-H283,Howard Gallagher,TERR-H03,3,1.0,4,3,3,-0.7337757583390051,-1.2302447757607116,-1.3576749745020957,6.544,0.05611560623513823,7.9756,hybrid,0.3600644616507129,-0.821378768114841,0.8555239229974204,-1.480787688999649,-0.7319909180868357,-1.374140482272682,0.8555239229974204,0.4776942538533554,75.0,1.0,1.0,2.1383941782723723,1.3862943611198906,75.0,1.0,7.4858,7719.42,15.0
1001000749,Dr. Joseph Campbell,Oncology,Seattle,WA,Fentora,REP-H259,Holden Conway,TERR-H03,2,8.0,12,9,0,1.127195015154955,0.6324993546105222,0.6376305190804479,4.652,0.04328432385104186,20.2696,hybrid,0.3600644616507129,1.0936358814624427,-1.3680014430833163,0.7533688453590368,1.057580722084056,0.979976221408638,-1.3680014430833163,1.2513037240250107,75.0,3.0,0.0,3.0139944993544647,2.302585092994046,600.0,0.0,19.3686,34360.63,26.0
1001000750,Dr. Dorothy Sanchez,Orthopedics,Portland,OR,Subsys,REP-H163,Howard Hayes,TERR-H03,2,4.0,5,1,1,1.6347324988351262,-0.4838334773493415,-0.2035375404292014,2.6889,0.024553964512022297,12.5766,hybrid,-3.098981171195093,-1.4597169846406022,0.8555239229974204,-0.3443189627159259,-2.085749603670544,-1.3517203231900026,0.8555239229974204,0.8225353566695123,20.0,0.3333333333333333,1.0,2.5837937580826678,0.6931471805599453,80.0,1.0,12.2473,23129.4,29.0
1001000751,Dr. Thomas Flores,Internal Medicine,Denver,CO,Abstral,REP-H387,Heather Carrington,TERR-H11,1,9.0,12,11,3,0.28129920902133687,1.028458673870688,0.16614117329809874,5.2566,0.04904700302525944,23.0454,hybrid,1.4082601079676231,1.731974097988204,-0.7615854341522064,1.051653148020543,1.413665833588904,1.9888833801292032,-0.7615854341522064,1.3182379502752164,91.66666666666666,3.6666666666666665,0.2727272727272727,3.1308967070411495,2.4849066497880004,824.9999999999999,0.2727272727272727,21.8945,28065.33,21.0
1001000752,Dr. Kimberly Rodriguez,Palliative Care,New York,NY,Actiq,REP-H355,Homer Blackwood,TERR-H03,2,3.0,9,6,5,-1.241313242019176,-0.8148002261335325,-0.47607310673747527,3.9614,0.03541949623690677,10.5375,hybrid,-0.16403336150774317,0.1361285566738009,0.48493636198396434,-0.7872989032498966,0.36097281999740366,-0.8136365052057011,0.48493636198396434,0.6599974779101903,66.66666666666666,2.0,0.8333333333333334,2.410183103592064,1.9459101490553132,199.99999999999997,0.8333333333333334,10.136,19490.52,12.0
1001000753,Dr. Sandra Davis,Oncology,Nashville,TN,Actiq,REP-H338,Hilda Thornton,TERR-H10,2,6.0,11,8,1,0.9580158539282314,-0.11126270491748091,-0.2889535578047668,8.7627,0.07882490394410802,15.9054,hybrid,0.21712869169840726,0.7744667731995619,-1.0900607723232243,0.07672711326278439,0.8518052140972275,0.24622556052095396,-1.0900607723232243,0.9447799872030894,72.72727272727273,2.6666666666666665,0.125,2.748808193574378,2.1972245773362196,436.3636363636364,0.125,14.624,21988.93,25.0
1001000754,Dr. Sarah Miller,Neurology,Austin,TX,Actiq,REP-H118,Hilda Vance,TERR-H06,2,4.0,3,3,4,0.9580158539282314,-0.4448630166153149,-0.7188160107645615,4.5092,0.040898162901018775,13.0593,hybrid,1.9323579311260792,-0.821378768114841,1.5966990450243326,-0.29687969856987906,-0.7319909180868357,0.08316985810146854,1.5966990450243326,0.7747554193632868,100.0,1.0,1.3333333333333333,2.6023859356133707,1.3862943611198906,400.0,1.3333333333333333,12.4959,16249.43,25.0
1001000756,Dr. Karen Johnson,Family Practice,Miami,FL,Fentora,REP-H123,Howard Finch,TERR-H11,1,10.0,7,4,5,-0.9029549195657287,1.4514276889654185,0.9362589122876963,4.3861,0.041284675683768146,25.6714,hybrid,-0.7630023022602633,-0.5022096598519604,1.4114052645176045,1.3359248338011718,-0.29617796349965275,0.8518610266504706,1.4114052645176045,1.6845438766612186,57.14285714285714,1.3333333333333333,1.25,3.2423071545707427,1.6094379124341003,571.4285714285713,1.25,24.5927,38347.9,14.0
1001000757,Dr. Patricia Rodriguez,Pain Management,Las Vegas,NV,Subsys,REP-H238,Hilda Sinclair,TERR-H06,2,6.0,15,11,7,1.2963741763816787,-0.06809108429740512,-0.3577967093225145,9.5065,0.08534378189216962,16.3159,hybrid,0.2552448970190215,1.731974097988204,0.04696924442260701,0.12131117325187167,1.413665833588904,0.26253113076290246,0.04696924442260701,1.0297114552038207,73.33333333333333,3.6666666666666665,0.6363636363636364,2.766281372665114,2.4849066497880004,440.0,0.6363636363636364,14.8994,21069.74,27.0
1001000758,Dr. Thomas Walker,Pain Management,Portland,OR,Lazanda,REP-H254,Hazel Conway,TERR-H10,1,10.0,12,9,10,-1.0721340807924524,1.6624889453302338,0.3535662956793786,7.4635,0.06940086918763466,27.8751,hybrid,0.3600644616507129,1.0936358814624427,1.1025822970063912,1.466747991251156,1.057580722084056,1.6525809938890152,1.1025822970063912,1.7926754371100464,75.0,3.0,1.1111111111111112,3.2935787628517894,2.302585092994046,750.0,1.1111111111111112,25.9391,30567.82,13.0
1001000759,Dr. Rebecca Ramirez,Pain Management,Detroit,MI,Fentora,REP-H104,Hannah Vance,TERR-H04,2,6.0,9,4,1,-1.0721340807924524,0.01260880784208302,0.48840956731591034,1.0876,0.010164925186566087,15.5819,hybrid,-1.5616275565969573,-0.5022096598519604,-0.8121201015631322,0.20261811425847492,-0.29617796349965275,-0.514701050769978,-0.8121201015631322,1.0652897642054535,44.44444444444444,1.3333333333333333,0.25,2.7981468138536476,1.6094379124341003,266.66666666666663,0.25,15.4142,32368.24,13.0
1001000760,Dr. Joseph Hall,Pain Management,Atlanta,GA,Subsys,REP-H244,Hannah Conway,TERR-H12,2,3.0,5,4,5,-1.4104924032458996,-0.5764627824488434,-0.33865867419666457,9.0512,0.08006458751673184,12.7114,hybrid,0.6745231555457861,-0.5022096598519604,1.4114052645176045,-0.46074904838340175,-0.29617796349965275,-0.6342752325442671,1.4114052645176045,0.8055846951177776,80.0,1.3333333333333333,1.25,2.538163016088432,1.6094379124341003,240.0,1.25,11.6564,21325.27,11.0
1001000761,Dr. Richard Walker,Pain Management,Chicago,IL,Fentora,REP-H180,Hattie Hayes,TERR-H08,2,8.0,15,8,7,-0.9029549195657287,0.46384159634930333,1.5045393968595904,7.84,0.0717055875195367,19.7269,hybrid,-1.0025898785612712,0.7744667731995619,0.5775832522373283,0.614900912633804,0.8518052140972275,0.2027440398757579,0.5775832522373283,1.2642255887221587,53.333333333333336,2.6666666666666665,0.875,2.959726786018707,2.1972245773362196,426.6666666666667,0.875,18.2927,45935.55,14.0
1001000762,Dr. Sandra Wright,Pain Management,Columbus,OH,Abstral,REP-H256,Hayden Conway,TERR-H12,2,3.0,6,4,0,-0.5645965971122814,-0.6312189446950035,0.14004759744459352,5.2258,0.046895928973940126,11.898,hybrid,-0.16403336150774317,-0.5022096598519604,-1.3680014430833163,-0.5321590655882451,-0.29617796349965275,-0.8136365052057011,-1.3680014430833163,0.7814442457505082,66.66666666666666,1.3333333333333333,0.0,2.5101763316142454,1.6094379124341003,199.99999999999997,0.0,11.3071,27716.93,16.0
1001000763,Dr. James Carter,Orthopedics,Boston,MA,Actiq,REP-H148,Harvey Sterling,TERR-H12,1,9.0,4,2,0,-1.0721340807924524,0.9835470206112409,0.7960696032102254,1.1498,0.010927339708205697,21.8564,hybrid,-1.2122290078246534,-1.1405478763777217,-1.3680014430833163,1.0195215156806714,-1.2938515375785122,0.3073714489282609,-1.3680014430833163,1.4512050808680135,50.0,0.6666666666666666,0.0,3.1183038259421716,1.0986122886681098,450.0,0.0,21.608,36476.1,13.0
1001000764,Dr. Barbara Sanchez,Internal Medicine,Philadelphia,PA,Fentora,REP-H212,Hilary Bishop,TERR-H04,2,5.0,6,4,2,0.4504783702480605,-0.13828807672176974,-0.2264548001175311,3.2202,0.029675162595365734,14.917,hybrid,-0.16403336150774317,-0.5022096598519604,-0.256238760042948,0.04841580905883771,-0.29617796349965275,-0.21576559633425496,-0.256238760042948,0.8701111038022022,66.66666666666666,1.3333333333333333,0.5,2.7377125578523516,1.6094379124341003,333.33333333333326,0.5,14.4516,22823.41,22.0
1001000765,Dr. Michael Flores,Pain Management,Nashville,TN,Subsys,REP-H210,Hope Bishop,TERR-H02,2,5.0,8,6,3,-1.0721340807924524,-0.17771314057779375,-0.657793442457557,3.8779,0.03558280195050356,14.7507,hybrid,0.3600644616507129,0.1361285566738009,-0.256238760042948,0.006543120079037502,0.36097281999740366,-0.028930937311927647,-0.256238760042948,0.9813821788152393,75.0,2.0,0.5,2.721302006777958,1.9459101490553132,375.0,0.5,14.2001,17064.2,13.0
1001000766,Dr. William Martinez,Anesthesiology,Chicago,IL,Actiq,REP-H213,Hector Bishop,TERR-H05,2,8.0,6,4,4,-0.22623827465883412,0.5642618584016657,0.9068759281348631,6.4271,0.05925766166607671,20.1502,hybrid,-0.16403336150774317,-0.5022096598519604,0.8555239229974204,0.6982477654864485,-0.29617796349965275,0.6810407669729145,0.8555239229974204,1.2081980037513336,66.66666666666666,1.3333333333333333,1.0,2.9923917000462756,1.6094379124341003,533.3333333333333,1.0,18.9333,37955.58,18.0
1001000767,Dr. Charles Lopez,Orthopedics,Philadelphia,PA,Actiq,REP-H330,Hope Thornton,TERR-H02,2,9.0,6,5,0,-0.05705911343211046,0.8559916549665213,-0.1743552760906259,5.2597,0.0489686571235306,21.8881,hybrid,0.8841622848091689,-0.18304055158907967,-1.3680014430833163,0.9259927604627032,0.05990714800519574,1.6525809938890157,-1.3680014430833163,1.3965565444786068,83.33333333333334,1.6666666666666667,0.0,3.081648467716447,1.791759469228055,750.0000000000001,0.0,20.7943,23519.04,19.0
1001000768,Dr. Jennifer Green,Pain Management,Baltimore,MD,Abstral,REP-H346,Holly Blackwood,TERR-H06,2,5.0,12,9,1,-0.5645965971122814,-0.2625985166336076,0.5961429318006245,6.393,0.05786234120007405,14.5318,hybrid,0.3600644616507129,1.0936358814624427,-1.1209430690743458,-0.08601464648730123,1.057580722084056,-0.028930937311927647,-1.1209430690743458,0.9439586078665521,75.0,3.0,0.1111111111111111,2.6850271939446704,2.302585092994046,375.0,0.1111111111111111,13.6586,33806.69,16.0
1001000769,Dr. Jennifer Sanchez,Oncology,Detroit,MI,Abstral,REP-H257,Hunter Conway,TERR-H01,1,9.0,9,4,0,0.28129920902133687,1.1922725574871704,1.978405924322738,5.2724,0.04928831995931082,24.149,hybrid,-1.5616275565969573,-0.5022096598519604,-1.3680014430833163,1.1655376978251912,-0.29617796349965275,0.08316985810146854,-1.3680014430833163,1.4820008558838393,44.44444444444444,1.3333333333333333,0.0,3.1755298143645194,1.6094379124341003,400.0,0.0,22.9395,52262.59,21.0
1001000770,Dr. Robert Williams,Internal Medicine,Atlanta,GA,Subsys,REP-H373,Hector Whitman,TERR-H09,2,7.0,9,4,3,-0.05705911343211046,0.3764010372284669,1.4421409990794836,2.4401,0.02283325897378452,18.1676,hybrid,-1.5616275565969573,-0.5022096598519604,0.2996425814772362,0.5400411535611959,-0.29617796349965275,-0.31541074781282913,0.2996425814772362,1.0677941137882088,44.44444444444444,1.3333333333333333,0.75,2.9303880946279897,1.6094379124341003,311.1111111111111,0.75,17.7349,45102.41,19.0
1001000771,Dr. Linda Ramirez,Palliative Care,Baltimore,MD,Abstral,REP-H235,Homer Sinclair,TERR-H03,1,9.0,15,7,7,-0.5645965971122814,0.9125348777612251,-0.03301332599023489,8.5928,0.0788566496552896,22.9728,hybrid,-1.4218681370880357,0.4552976649366816,0.8555239229974204,0.967876129963757,0.6217677674968723,0.1728504944321855,0.8555239229974204,1.3774907897780264,46.666666666666664,2.3333333333333335,1.0,3.098063204651453,2.0794415416798357,420.0,1.0,21.155,25406.23,16.0
1001000772,Dr. Richard Hall,Oncology,Detroit,MI,Subsys,REP-H158,Hilda Sterling,TERR-H10,2,9.0,10,8,7,-0.5645965971122814,0.8817159212837127,0.39907876460778835,8.0234,0.07378620816856829,22.6399,hybrid,0.6745231555457861,0.7744667731995619,0.5775832522373283,0.945132826887432,0.8518052140972275,1.5180600393929398,0.5775832522373283,1.354012368968629,80.0,2.6666666666666665,0.875,3.089149754241939,2.1972245773362196,720.0,0.875,20.9584,31175.5,16.0
1001000773,Dr. Emily Green,Family Practice,Houston,TX,Subsys,REP-H184,Hannah Monroe,TERR-H12,1,9.0,7,4,3,1.127195015154955,1.0690124075468446,-0.11240325521088325,3.2315,0.03045173548747604,22.8691,hybrid,-0.7630023022602633,-0.5022096598519604,0.2996425814772362,1.0803233489735096,-0.29617796349965275,0.5956306371341366,0.2996425814772362,1.5174436889179026,57.14285714285714,1.3333333333333333,0.75,3.1421329999211878,1.6094379124341003,514.2857142857142,0.75,22.1532,24346.22,26.0
1001000775,Dr. Sharon Sanchez,Oncology,Miami,FL,Subsys,REP-H154,Hazel Sterling,TERR-H06,2,8.0,14,9,1,0.4504783702480605,0.41791100505779205,1.536790876865435,6.6046,0.060689945791641886,19.1885,hybrid,-0.3137755966958723,1.0936358814624427,-1.1209430690743458,0.575852697156844,1.057580722084056,0.595630637134137,-1.1209430690743458,1.162866270217413,64.28571428571429,3.0,0.1111111111111111,2.9444231895681012,2.302585092994046,514.2857142857143,0.1111111111111111,17.9997,46366.17,22.0
1001000776,Dr. Joseph Lee,Anesthesiology,Portland,OR,Actiq,REP-H292,Hilary Gallagher,TERR-H12,2,3.0,2,1,1,-0.3954174358855578,-0.7044884271852847,-0.44168111468256843,1.5537,0.014123130780950621,11.0081,hybrid,-1.2122290078246534,-1.4597169846406022,0.8555239229974204,-0.6309509009605815,-2.085749603670544,-1.0378380960324933,0.8555239229974204,0.6917179731617484,50.0,0.3333333333333333,1.0,2.4714582912970133,0.6931471805599453,150.0,1.0,10.8397,19949.72,17.0
1001000777,Dr. Michael Hill,Palliative Care,Baltimore,MD,Subsys,REP-H339,Holden Thornton,TERR-H11,2,6.0,5,3,2,-1.0721340807924524,-0.07556852185578439,-0.8163635936302265,3.7215,0.03427284143670173,15.4044,hybrid,-0.5833116200345069,-0.821378768114841,0.11434880097050806,0.11364466492308686,-0.7319909180868357,-0.09619141455996535,0.11434880097050806,0.9670564860574953,60.0,1.0,0.6666666666666666,2.763276750092332,1.3862943611198906,360.0,0.6666666666666666,14.8517,14946.98,13.0
1001000778,Dr. Michael Wright,Neurology,Miami,FL,Abstral,REP-H231,Hugh Sinclair,TERR-H11,3,2.0,4,2,1,1.2963741763816787,-1.024434969253458,-1.2936326215268554,3.5992,0.03180929125156684,9.1154,hybrid,-1.2122290078246534,-1.1405478763777217,-0.256238760042948,-1.113730026568602,-1.2938515375785122,-1.2620396868592858,-0.256238760042948,0.5455261732529672,50.0,0.6666666666666666,0.5,2.2822497238161064,1.0986122886681098,100.0,0.5,8.7987,8574.51,27.0
1001000779,Dr. Ashley Walker,Orthopedics,Seattle,WA,Abstral,REP-H217,Hunter Bishop,TERR-H09,2,3.0,4,3,4,-0.7337757583390051,-0.5869029782850709,-1.1228537625474126,4.8451,0.04363365074653558,12.1513,hybrid,0.3600644616507129,-0.821378768114841,1.5966990450243326,-0.4742112750963993,-0.7319909180868357,-0.7015357097923047,1.5966990450243326,0.7783772975862692,75.0,1.0,1.3333333333333333,2.5328869623065673,1.3862943611198906,225.0,1.3333333333333333,11.5898,10854.74,15.0
1001000780,Dr. Charles Nguyen,Anesthesiology,New York,NY,Actiq,REP-H265,Henry Mercer,TERR-H09,2,8.0,10,9,10,-0.22623827465883412,0.49999038253299777,-0.49855147907074887,6.8201,0.06269992425882309,19.7866,hybrid,1.3034405433359326,1.0936358814624427,1.1025822970063912,0.6452182680423707,1.057580722084056,1.5180600393929398,1.1025822970063912,1.1820345150019846,90.0,3.0,1.1111111111111112,2.9716086240734074,2.302585092994046,720.0,1.1111111111111112,18.5233,19190.39,18.0
1001000781,Dr. Melissa Anderson,Neurology,Philadelphia,PA,Fentora,REP-H219,Holden Bishop,TERR-H11,2,6.0,12,6,2,-1.4104924032458996,0.06004429222710467,0.009118362186087652,4.5368,0.04176718321698081,16.4298,hybrid,-1.2122290078246534,0.1361285566738009,-0.6268263210564041,0.24922865461376525,0.36097281999740366,-0.3652333235521162,-0.6268263210564041,0.9744536988171245,50.0,2.0,0.3333333333333333,2.8164142017798106,1.9459101490553132,300.0,0.3333333333333333,15.7168,25968.77,11.0
1001000782,Dr. Deborah Flores,Anesthesiology,New York,NY,Fentora,REP-H134,Hazel Finch,TERR-H10,1,10.0,16,11,11,0.1121200477946132,2.1532095015723747,1.07564908688079,11.1591,0.10244834945278125,32.3134,hybrid,-0.03300890571812871,1.731974097988204,0.8555239229974204,1.7472488595559064,1.413665833588904,1.3723290053555246,0.8555239229974204,1.8550232590224311,68.75,3.6666666666666665,1.0,3.403511368993886,2.4849066497880004,687.5,1.0,29.0695,40209.03,20.0
1001000783,Dr. Sharon Robinson,Internal Medicine,Austin,TX,Subsys,REP-H175,Homer Hayes,TERR-H03,2,2.0,2,1,0,1.127195015154955,-0.8924746561162762,-0.5959799781660148,2.135,0.01916575240397478,9.8464,hybrid,-1.2122290078246534,-1.4597169846406022,-1.3680014430833163,-0.9034352681378284,-2.085749603670544,-1.2620396868592858,-1.3680014430833163,0.5804413418725353,50.0,0.3333333333333333,0.0,2.3646674752905894,0.6931471805599453,100.0,0.0,9.6405,17889.53,26.0
1001000784,Dr. Jessica Lopez,Neurology,Columbus,OH,Lazanda,REP-H229,Harrison Sinclair,TERR-H09,1,10.0,15,7,6,-0.05705911343211046,2.1200077976968044,2.0156431946402016,5.2715,0.049692929493363014,30.3789,hybrid,-1.4218681370880357,0.4552976649366816,0.5378774421287437,1.7292128083581277,0.6217677674968723,0.38210531253719154,0.5378774421287437,1.7891996147024163,46.666666666666664,2.3333333333333335,0.8571428571428571,3.396442763022478,2.0794415416798357,466.66666666666663,0.8571428571428571,28.8577,52759.78,19.0
1001000785,Dr. Linda Campbell,Anesthesiology,Houston,TX,Fentora,REP-H196,Hayden Monroe,TERR-H12,2,6.0,9,8,7,-0.7337757583390051,0.03673412524741956,0.1184177905947306,3.8839,0.035841753759359385,16.1727,hybrid,1.2335608335814718,0.7744667731995619,0.5775832522373283,0.2264302591260271,0.8518052140972275,0.6810407669729145,0.5775832522373283,0.9934531931676537,88.88888888888889,2.6666666666666665,0.875,2.807479159806599,2.1972245773362196,533.3333333333333,0.875,15.5681,27428.13,15.0
1001000786,Dr. John Adams,Palliative Care,Los Angeles,CA,Abstral,REP-H130,Hope Finch,TERR-H06,2,8.0,11,11,8,0.1121200477946132,0.6219964548953983,-0.5006200914848528,8.8139,0.08047456217710325,21.0029,hybrid,1.9323579311260792,1.731974097988204,0.24910791406631042,0.7449619320446514,1.413665833588904,1.8767825847158075,0.24910791406631042,1.2568081412422385,100.0,3.6666666666666665,0.7272727272727273,3.0106997006757776,2.4849066497880004,800.0,0.7272727272727273,19.3016,19162.77,20.0
1001000788,Dr. Laura Martin,Oncology,Los Angeles,CA,Actiq,REP-H284,Hannah Gallagher,TERR-H04,2,8.0,10,6,6,-0.7337757583390051,0.7413376124047074,1.4427940874303515,5.3047,0.04928990261388844,21.1271,hybrid,-0.5833116200345069,0.1361285566738009,0.8555239229974204,0.8388941930555143,0.36097281999740366,0.44189240342433633,0.8555239229974204,1.296158807799293,60.0,2.0,1.0,3.0475131990301745,1.9459101490553132,480.0,1.0,20.0629,45111.13,15.0
1001000789,Dr. James King,Oncology,Austin,TX,Lazanda,REP-H331,Hugh Thornton,TERR-H03,3,1.0,5,2,1,-1.4104924032458996,-1.433358315475426,-1.4724926998937644,3.8878,0.032914987101269055,6.4307,hybrid,-1.8411463956148,-1.1405478763777217,-0.256238760042948,-1.903555215480871,-1.2938515375785122,-1.5310815958514365,-0.256238760042948,0.3999099151248525,40.0,0.6666666666666666,0.5,1.9727050798420787,1.0986122886681098,40.0,0.5,6.1901,6186.38,11.0
1001000791,Dr. Deborah Lee,Neurology,Jacksonville,FL,Subsys,REP-H265,Henry Mercer,TERR-H09,2,9.0,11,9,9,-1.0721340807924524,0.8003419624460894,1.5291530385602101,7.2018,0.0664045522196739,21.9113,hybrid,0.7888717715076315,1.0936358814624427,0.8555239229974204,0.8840888651903944,1.057580722084056,1.5914351054817086,0.8555239229974204,1.2672523342049815,81.81818181818183,3.0,1.0,3.0652256864158716,2.302585092994046,736.3636363636365,1.0,20.4393,46264.19,13.0
1001000792,Dr. Jennifer Thompson,Pain Management,New York,NY,Fentora,REP-H256,Hayden Conway,TERR-H12,3,2.0,9,8,2,-0.05705911343211046,-1.019653798487618,-1.1538035595787055,9.7322,0.08381084980977871,9.6885,hybrid,1.2335608335814718,0.7744667731995619,-0.8121201015631322,-1.1058001937005038,0.8518052140972275,-0.9132816566842754,-0.8121201015631322,0.6101942615330533,88.88888888888889,2.6666666666666665,0.25,2.2853575473274197,2.1972245773362196,177.77777777777777,0.25,8.8292,10441.5,19.0
1001000793,Dr. John Garcia,Family Practice,Columbus,OH,Subsys,REP-H336,Hayden Thornton,TERR-H08,2,5.0,4,2,0,-0.05705911343211046,-0.19164907766248793,-0.5790693338148009,2.0362,0.01883391134276735,14.3985,hybrid,-1.2122290078246534,-1.1405478763777217,-1.3680014430833163,-0.008423927014399464,-1.2938515375785122,-0.5894349143789086,-1.3680014430833163,0.9665850253262874,50.0,0.6666666666666666,0.0,2.7154361907354727,1.0986122886681098,250.0,0.0,14.1112,18115.32,19.0
1001000794,Dr. Elizabeth Taylor,Internal Medicine,Houston,TX,Abstral,REP-H106,Holly Vance,TERR-H06,2,7.0,6,4,2,1.6347324988351262,0.2926756829322343,0.5327746379031153,5.9461,0.05467314173284743,18.2236,hybrid,-0.16403336150774317,-0.5022096598519604,-0.256238760042948,0.4662432204285896,-0.29617796349965275,0.38210531253719154,-0.256238760042948,1.0356366820477263,66.66666666666666,1.3333333333333333,0.5,2.901465549160667,1.6094379124341003,466.66666666666663,0.5,17.2008,32960.6,29.0
1001000796,Dr. Robert Green,Oncology,Austin,TX,Subsys,REP-H142,Harold Sterling,TERR-H06,2,4.0,6,4,4,-0.5645965971122814,-0.41010939173706235,0.5154842736047798,6.9875,0.06276641622454093,13.6062,hybrid,-0.16403336150774317,-0.5022096598519604,0.8555239229974204,-0.2553050504666594,-0.29617796349965275,-0.514701050769978,0.8555239229974204,0.8216174757422052,66.66666666666666,1.3333333333333333,1.0,2.6186796798825043,1.6094379124341003,266.66666666666663,1.0,12.7176,32729.74,16.0
1001000797,Dr. William Ramirez,Oncology,Charlotte,NC,Subsys,REP-H219,Holden Bishop,TERR-H11,2,2.0,6,4,4,1.2963741763816787,-0.9725788614062498,-1.2500382251518563,6.2434,0.05474505270319607,9.6995,hybrid,-0.16403336150774317,-0.5022096598519604,0.8555239229974204,-1.0290121613085341,-0.29617796349965275,-1.1125719596414243,0.8555239229974204,0.5898091420384713,66.66666666666666,1.3333333333333333,1.0,2.3154519587008693,1.6094379124341003,133.33333333333331,1.0,9.1295,9156.58,27.0
1001000798,Dr. Kathleen Martinez,Pain Management,Seattle,WA,Abstral,REP-H198,Hilda Monroe,TERR-H02,3,1.0,6,5,6,-0.3954174358855578,-1.161239157035376,-1.3175197773325873,8.1721,0.0700618346348687,8.5738,hybrid,0.8841622848091689,-0.18304055158907967,1.3002289962135676,-1.3517440491976787,0.05990714800519574,-1.3367735504682166,1.3002289962135676,0.5477732656311988,83.33333333333334,1.6666666666666667,1.2,2.188968366207078,1.791759469228055,83.33333333333334,1.2,7.926,8255.57,17.0
1001000799,Dr. Elizabeth Martin,Anesthesiology,Denver,CO,Abstral,REP-H307,Heather Kensington,TERR-H03,2,2.0,5,3,3,2.142269982515297,-0.9731118443768683,-0.5156433704184192,6.01,0.05274147054344214,9.6745,hybrid,-0.5833116200345069,-0.821378768114841,0.8555239229974204,-1.0298687483317979,-0.7319909180868357,-1.1723590505285688,0.8555239229974204,0.5823673528669089,60.0,1.0,1.0,2.3151162490667994,1.3862943611198906,120.0,1.0,9.1261,18962.18,32.0
1001000800,Dr. Sarah Wright,Pain Management,Chicago,IL,Subsys,REP-H268,Harvey Mercer,TERR-H12,2,3.0,8,5,0,-0.05705911343211046,-0.8129504617060928,-0.5984852310715821,6.2458,0.05529682340879161,10.7816,hybrid,-0.4260822730869703,-0.18304055158907967,-1.3680014430833163,-0.7845966224358607,0.05990714800519574,-0.869686902912399,-1.3680014430833163,0.7013239395624878,62.5,1.6666666666666667,0.0,2.4112421690210235,1.791759469228055,187.5,0.0,10.1478,17856.08,19.0
1001000801,Dr. Betty Nelson,Family Practice,Austin,TX,Subsys,REP-H232,Hilary Sinclair,TERR-H12,2,5.0,3,2,0,-0.5645965971122814,-0.25488593952936733,-0.10647677800856467,3.5146,0.032233017842378864,14.1896,hybrid,-0.16403336150774317,-1.1405478763777217,-1.3680014430833163,-0.07746491489300814,-1.2938515375785122,-0.21576559633425496,-1.3680014430833163,0.9389530451108115,66.66666666666666,0.6666666666666666,0.0,2.6883779653046895,1.0986122886681098,333.33333333333326,0.0,13.7078,24425.35,16.0
1001000803,Dr. Mary Robinson,Internal Medicine,Los Angeles,CA,Subsys,REP-H203,Howard Bishop,TERR-H07,2,4.0,4,2,3,0.28129920902133687,-0.35798679240454495,-0.501190045882801,2.9232,0.026790733557766178,13.4316,hybrid,-1.2122290078246534,-1.1405478763777217,1.9672866060377887,-0.19419534630458696,-1.2938515375785122,-0.813636505205701,1.9672866060377887,0.785728702408669,50.0,0.6666666666666666,1.5,2.6426295131921482,1.0986122886681098,200.0,1.5,13.0501,19155.16,21.0
1001000804,Dr. Joseph Rodriguez,Internal Medicine,Nashville,TN,Actiq,REP-H208,Harvey Bishop,TERR-H12,2,5.0,5,5,1,-1.241313242019176,-0.32512995986290405,-0.20218792436467767,5.3912,0.04891805556276596,13.9746,hybrid,1.9323579311260792,-0.18304055158907967,-0.923296369867169,-0.1564120282097442,0.05990714800519574,0.5315730397550533,-0.923296369867169,0.7983484322210732,100.0,1.6666666666666667,0.2,2.6574373768966884,1.791759469228055,500.0,0.2,13.2597,23147.42,12.0
1001000805,Dr. Jennifer White,Anesthesiology,Los Angeles,CA,Abstral,REP-H249,Harrison Conway,TERR-H05,3,1.0,4,2,2,-0.7337757583390051,-1.2110730647881796,-0.6706604812969145,3.5934,0.03126684120548129,7.8815,hybrid,-1.2122290078246534,-1.1405478763777217,0.8555239229974204,-1.4442761288966854,-1.2938515375785122,-1.486241277686078,0.8555239229974204,0.4854986311071246,50.0,0.6666666666666666,1.0,2.152703620452322,1.0986122886681098,50.0,1.0,7.6081,16892.4,15.0
1001000806,Dr. Michael Nguyen,Anesthesiology,New York,NY,Subsys,REP-H127,Heather Finch,TERR-H03,2,7.0,14,11,3,-1.0721340807924524,0.0913492037660631,-0.7651268652228173,6.6552,0.06073136883670349,16.9757,hybrid,0.5846778144329079,1.731974097988204,-0.7615854341522064,0.2795292644536796,1.413665833588904,0.7557746305818457,-0.7615854341522064,1.0156857772658807,78.57142857142857,3.6666666666666665,0.2727272727272727,2.828289476988505,2.4849066497880004,550.0,0.2727272727272727,15.9165,15631.09,13.0
1001000807,Dr. Linda Allen,Internal Medicine,Denver,CO,Abstral,REP-H334,Hazel Thornton,TERR-H06,2,3.0,6,4,5,-0.3954174358855578,-0.6143045733627371,-0.5719992030439314,4.5621,0.041093242465410906,11.9358,hybrid,-0.16403336150774317,-0.5022096598519604,1.4114052645176045,-0.5098861779896039,-0.29617796349965275,-0.8136365052057011,1.4114052645176045,0.6872815639723033,66.66666666666666,1.3333333333333333,1.25,2.51890541896013,1.6094379124341003,199.99999999999997,1.25,11.415,18209.72,17.0
1001000808,Dr. James Carter,Pain Management,New York,NY,Subsys,REP-H147,Heather Sterling,TERR-H11,2,4.0,7,5,1,0.4504783702480605,-0.4839275331676857,-0.058860495803102736,4.2014,0.038104573196302116,12.7612,hybrid,0.13545110886851783,-0.18304055158907967,-0.923296369867169,-0.3444345317278786,0.05990714800519574,-0.4292909209311997,-0.923296369867169,0.8463808796625791,71.42857142857143,1.6666666666666667,0.2,2.583748464808711,1.791759469228055,285.7142857142857,0.2,12.2467,25061.12,22.0
1001000809,Dr. Karen Moore,Palliative Care,Nashville,TN,Abstral,REP-H240,Hattie Sinclair,TERR-H08,2,9.0,13,8,2,-1.4104924032458996,0.7854341152385034,0.9713571684651591,5.5348,0.0514099469100362,21.4702,hybrid,-0.4865550988360227,0.7744667731995619,-0.8121201015631322,0.8727454819811337,0.8518052140972275,0.773020906799291,-0.8121201015631322,1.3246962006807905,61.53846153846154,2.6666666666666665,0.25,3.0607800400041545,2.1972245773362196,553.8461538461538,0.25,20.3442,38816.53,11.0
1001000810,Dr. Michael Martin,Orthopedics,Charlotte,NC,Fentora,REP-H225,Henry Sinclair,TERR-H05,1,10.0,13,10,4,-0.05705911343211046,2.5709113908398193,1.160999196257644,8.19,0.07640285364194366,34.3331,hybrid,0.4810101131488187,1.4128049897253234,-0.4785912966510216,1.963892507633835,1.243727311658896,1.7388123749762432,-0.4785912966510216,2.1312794870776393,76.92307692307693,3.3333333333333335,0.4,3.488417348006624,2.3978952727983707,769.2307692307693,0.4,31.7341,41348.62,19.0
1001000811,Dr. Michelle Anderson,Oncology,Miami,FL,Actiq,REP-H359,Holden Blackwood,TERR-H07,2,5.0,10,5,6,1.127195015154955,-0.3003619276988809,0.12299614964158678,6.9225,0.062430816563233904,14.3465,hybrid,-1.2122290078246534,-0.18304055158907967,1.3002289962135676,-0.12829564918522032,0.05990714800519574,-0.5894349143789086,1.3002289962135676,0.866847267115351,50.0,1.6666666666666667,1.2,2.6684566184417333,1.791759469228055,250.0,1.2,13.4177,27489.26,26.0
1001000812,Dr. Michael Robinson,Palliative Care,Atlanta,GA,Abstral,REP-H202,Harold Bishop,TERR-H06,2,6.0,8,7,2,-1.241313242019176,0.00552326952680558,-0.26997879476663394,4.5162,0.04152893499985755,16.0631,hybrid,1.146211196388396,0.4552976649366816,-0.732708481345963,0.19558212692995813,0.6217677674968723,0.6436738351684494,-0.732708481345963,1.0007400589978013,87.5,2.3333333333333335,0.2857142857142857,2.7953893021622176,2.0794415416798357,525.0,0.2857142857142857,15.369,22242.28,12.0
1001000813,Dr. Joseph King,Anesthesiology,Austin,TX,Abstral,REP-H273,Hector Mercer,TERR-H05,2,3.0,5,3,3,-1.0721340807924524,-0.7766449158251574,-0.560376926634784,3.6044,0.032346365344542605,10.7535,hybrid,-0.5833116200345069,-0.821378768114841,0.8555239229974204,-0.7321298529956892,-0.7319909180868357,-0.903317141536418,0.8555239229974204,0.6623446710365648,60.0,1.0,1.0,2.431804703230893,1.3862943611198906,180.0,1.0,10.3794,18364.9,13.0
1001000814,Dr. Ashley Ramirez,Anesthesiology,New York,NY,Abstral,REP-H344,Hannah Blackwood,TERR-H04,3,2.0,7,5,2,3.1573449498756387,-1.1218297691490757,-0.46486350427480577,5.9232,0.05143602615394549,8.6618,hybrid,0.13545110886851783,-0.18304055158907967,-0.4785912966510216,-1.2808726956247172,0.05990714800519574,-1.0698668947220351,-0.4785912966510216,0.5218275924364034,71.42857142857143,1.6666666666666667,0.4,2.2167439401159226,1.791759469228055,142.85714285714286,0.4,8.1774,19640.19,38.0
1001000815,Dr. Donna Smith,Anesthesiology,Houston,TX,Fentora,REP-H271,Hugh Mercer,TERR-H03,1,10.0,11,8,9,0.6196575314747842,1.884539056471619,0.22263106878462632,9.3062,0.08597371268483656,29.9013,hybrid,0.21712869169840726,0.7744667731995619,1.1334645937575125,1.5975052426345837,0.8518052140972275,1.5506711798768373,1.1334645937575125,1.7456534947114333,72.72727272727273,2.6666666666666665,1.125,3.344824541531306,2.1972245773362196,727.2727272727274,1.125,27.3556,28819.58,23.0
1001000817,Dr. David Nelson,Palliative Care,Boston,MA,Lazanda,REP-H186,Holly Monroe,TERR-H02,1,9.0,12,10,3,-0.22623827465883412,1.0791861118977633,1.5711117182399146,9.3823,0.08597501034199162,24.3026,hybrid,0.8841622848091689,1.4128049897253234,-0.7009438332590954,1.0874655717257946,1.243727311658896,1.6525809938890157,-0.7009438332590954,1.4467136902088003,83.33333333333334,3.3333333333333335,0.3,3.144932146909756,2.3978952727983707,750.0000000000001,0.3,22.2181,46824.42,18.0
1001000818,Dr. Charles Jackson,Palliative Care,Philadelphia,PA,Abstral,REP-H344,Hannah Blackwood,TERR-H04,2,4.0,5,3,1,0.6196575314747842,-0.34989799202692745,0.058508917675044146,5.7344,0.05190650755504844,13.853,hybrid,-0.5833116200345069,-0.821378768114841,-0.6268263210564041,-0.18484168368017245,-0.7319909180868357,-0.6342752325442671,-0.6268263210564041,0.853106645258084,60.0,1.0,0.3333333333333333,2.646295357492347,1.3862943611198906,240.0,0.3333333333333333,13.1017,26628.23,23.0
1001000819,Dr. William Wright,Oncology,Boston,MA,Abstral,REP-H380,Hattie Whitman,TERR-H04,3,1.0,11,10,0,-0.5645965971122814,-1.1490432525900531,-0.8837560202217907,4.195,0.036616714323484345,8.3396,hybrid,1.360614851316855,1.4128049897253234,-1.3680014430833163,-1.3296006362433688,1.243727311658896,-1.3028036124641569,-1.3680014430833163,0.5170835654797652,90.9090909090909,3.3333333333333335,0.0,2.1976467104477213,2.3978952727983707,90.9090909090909,0.0,8.0038,14047.16,16.0
1001000820,Dr. James Rodriguez,Oncology,Columbus,OH,Actiq,REP-H241,Helen Conway,TERR-H09,2,5.0,9,8,2,0.28129920902133687,-0.20914345987454497,0.13736259545163107,8.1649,0.0734444010163906,15.1427,hybrid,1.2335608335814718,0.7744667731995619,-0.8121201015631322,-0.02733784801817052,0.8518052140972275,0.2824601610586174,-0.8121201015631322,0.9044407760426948,88.88888888888889,2.6666666666666665,0.25,2.7080235340799814,2.1972245773362196,444.44444444444446,0.25,13.9996,27681.08,21.0
