Prscrbr_NPI,Physician_Name,Specialty,City,State,Brand_Name,Sales_Rep,Sales_Rep_Name,Territory,HCP_Tier,CMS_Volume_Decile,Target_Calls,Actual_Calls,Samples_Dropped,Tot_Clms,Tot_30day_Fills,Tot_Drug_Cst,Rx_Lift_Pct,Delta_Log_Fills,Post_Campaign_Fills,dataset_mode,Compliance_Pct,Monthly_Call_Frequency,Sample_Velocity,Log_Baseline_Fills,Diminishing_Call_Log,Tier_Compliance_Interaction,Sample_Call_Ratio,Baseline_Volume_Saturation,Compliance_Pct_raw,Monthly_Call_Frequency_raw,Sample_Velocity_raw,Log_Baseline_Fills_raw,Diminishing_Call_Log_raw,Tier_Compliance_Interaction_raw,Sample_Call_Ratio_raw,Tot_30day_Fills_raw,Tot_Drug_Cst_raw,Tot_Clms_raw
2001000001,Dr. Kathleen Garcia,Pain Management,Baltimore,MD,Abstral,REP-S664,Sarah Kowalski,TERR-S10,3,8.0,2,1,1,-1.3249302756901973,0.7072543354487678,0.5958924287063215,5.0307,0.04670448897867985,20.1174,synthetic,-1.1244163254332475,-1.198329681137286,0.5937505349345118,0.7861950254901966,-1.6863788313340304,0.06644076750610772,0.5937505349345118,1.2935781529418853,50.0,0.3333333333333333,1.0,3.003392856220602,0.6931471805599453,400.0,1.0,19.1538,34260.76,12.0
2001000002,Dr. Karen Jones,Oncology,Chicago,IL,Abstral,REP-S698,Summer Larsson,TERR-S02,2,8.0,5,5,1,-1.4998504413930756,0.5846208472636415,1.2682723979029527,5.7287,0.05291306233500004,19.4841,synthetic,1.7318818569804533,0.5843095139429743,-0.9441108074114024,0.6912021965958984,0.7827514065628568,1.7927478369067211,-0.9441108074114024,1.2304517118189864,100.0,1.6666666666666667,0.2,2.9667359131123994,1.791759469228055,800.0,0.2,18.4284,43311.68,11.0
2001000003,Dr. Donna Martin,Orthopedics,Columbus,OH,Subsys,REP-S672,Sienna Kowalski,TERR-S04,3,2.0,3,2,1,-0.10048911577004885,-0.8998969173506823,-1.246968705417867,2.6913,0.024089501140379,9.9068,synthetic,-0.1723169312953478,-0.752669882367221,-0.3674128040316846,-0.8673671759119597,-0.77509632596926,-1.0844306120943012,-0.3674128040316846,0.6299097720156586,66.66666666666666,0.6666666666666666,0.5,2.365296946790209,1.0986122886681098,133.33333333333331,0.5,9.6472,9453.97,19.0
2001000004,Dr. Jessica Wilson,Neurology,Jacksonville,FL,Actiq,REP-S514,Selena Brooks,TERR-S14,3,6.0,2,1,0,1.298872209852978,0.02115597805902919,0.40622254781527617,2.0681,0.019211125240298887,15.4076,synthetic,-1.1244163254332475,-1.198329681137286,-1.328576142997881,0.20349437082403876,-1.6863788313340304,-0.36513599984404566,-1.328576142997881,1.03317762183387,50.0,0.3333333333333333,0.0,2.7785335168806005,0.6931471805599453,300.0,0.0,15.0954,31707.61,27.0
2001000005,Dr. Sharon Allen,Oncology,New York,NY,Actiq,REP-S592,Sienna Nakamura,TERR-S08,2,3.0,9,5,2,-0.9750899442844405,-0.7277637250842147,-0.19153528846466553,8.1194,0.07160231902539183,11.5313,synthetic,-0.807049860720614,0.5843095139429743,-0.5596454718249239,-0.6306939033260565,0.7827514065628568,-0.9405716896442501,-0.5596454718249239,0.7121214911351077,55.55555555555556,1.6666666666666667,0.4,2.4566271954984282,1.791759469228055,166.66666666666669,0.4,10.6654,23661.18,14.0
2001000006,Dr. Deborah Gonzalez,Anesthesiology,Detroit,MI,Lazanda,REP-S611,Silas O'Connor,TERR-S13,3,6.0,5,4,5,-0.2754092814729272,-0.11968488078716416,-0.5997458200059503,8.7061,0.07821704043109001,15.504,synthetic,0.589362584014973,0.13864971517290903,1.07433220441761,0.06576717127827718,0.37298385385674826,0.41170218138623044,1.07433220441761,0.957169447903714,80.0,1.3333333333333333,1.25,2.7253857353378605,1.6094379124341003,480.0,1.25,14.2623,18166.25,18.0
2001000007,Dr. Michael Martin,Oncology,Jacksonville,FL,Abstral,REP-S811,Silas Vargas,TERR-S03,2,4.0,9,6,3,-0.9750899442844405,-0.5695100604990251,0.15655349754458128,6.2647,0.056073739683889734,12.3283,synthetic,-0.1723169312953478,1.0299693127130392,-0.3674128040316846,-0.430667156561974,1.1292049358741694,-0.5089949222940969,-0.3674128040316846,0.7746242503238464,66.66666666666666,2.0,0.5,2.5338158544908747,1.9459101490553132,266.66666666666663,0.5,11.6015,28346.81,14.0
2001000008,Dr. Laura King,Pain Management,Atlanta,GA,Subsys,REP-S517,Stanley Brooks,TERR-S03,2,4.0,5,2,0,-1.3249302756901973,-0.46991895505394937,-1.1169072359903733,3.3285,0.030300597117414618,12.5964,synthetic,-1.6956759619159878,-0.752669882367221,-1.328576142997881,-0.3122696849175829,-0.77509632596926,-0.9693434741342604,-1.328576142997881,0.8233088907294295,40.0,0.6666666666666666,0.0,2.579504454701453,1.0986122886681098,160.0,0.0,12.1906,11204.73,12.0
2001000009,Dr. Elizabeth Johnson,Palliative Care,Seattle,WA,Subsys,REP-S528,Serena Patel,TERR-S14,3,5.0,4,2,3,1.4737923755558562,-0.3678258153861831,-0.9460241933887102,4.7279,0.04291657705113616,13.3994,synthetic,-1.1244163254332475,-0.752669882367221,1.5549138739007082,-0.19626431692352544,-0.77509632596926,-0.5809243835191223,1.5549138739007082,0.8162842295040973,50.0,0.6666666666666666,1.5,2.6242699619960725,1.0986122886681098,250.0,1.5,12.7945,13504.99,28.0
2001000010,Dr. Lisa Flores,Pain Management,Nashville,TN,Subsys,REP-S548,Serena Chen,TERR-S06,2,7.0,7,5,1,-0.8001697785815622,0.30249958301861973,0.6329104267275921,6.0946,0.055919505710934736,17.781,synthetic,0.09971146702976721,0.5843095139429743,-0.9441108074114024,0.4584692793744957,0.7827514065628568,0.4980175348562611,-0.9441108074114024,1.1318825722334378,71.42857142857143,1.6666666666666667,0.2,2.876926214787866,1.791759469228055,500.0,0.2,16.7596,34759.06,15.0
2001000011,Dr. Lisa Lee,Pain Management,Portland,OR,Actiq,REP-S829,Seth Alvarez,TERR-S07,1,9.0,13,11,9,0.24935121563570783,1.1093718085631061,2.0837366241111215,10.3211,0.0940610965714388,23.7547,synthetic,0.8530208777762376,3.258268306563364,0.24423659349225868,1.0752953627028854,2.340599139094974,1.6267567725412777,0.24423659349225868,1.4542201662545213,84.61538461538461,3.6666666666666665,0.8181818181818182,3.1149542734046287,2.4849066497880004,761.5384615384615,0.8181818181818182,21.5324,54288.66,21.0
2001000012,Dr. Stephanie Martinez,Pain Management,Baltimore,MD,Fentora,REP-S702,Sophia Rossi,TERR-S06,2,4.0,9,4,2,-1.1500101099873188,-0.5286660423772626,-1.1346889498301713,4.6457,0.04194787977182335,12.3933,synthetic,-1.441782790145881,0.13864971517290903,-0.3674128040316846,-0.38145426021419915,0.37298385385674826,-0.8926187154942331,-0.3674128040316846,0.7998400016240141,44.44444444444444,1.3333333333333333,0.5,2.5528067021433603,1.6094379124341003,177.77777777777777,0.5,11.8431,10965.37,13.0
2001000013,Dr. Sharon Lopez,Anesthesiology,Miami,FL,Abstral,REP-S729,Seth Santos,TERR-S05,3,6.0,5,4,0,1.298872209852978,0.02178148661470192,0.34924840929941564,3.5575,0.03281767412230119,15.6362,synthetic,0.589362584014973,0.13864971517290903,-1.328576142997881,0.20409001186330922,0.37298385385674826,0.41170218138623044,-1.328576142997881,1.0133286504170413,80.0,1.3333333333333333,0.0,2.7787633698068013,1.6094379124341003,480.0,0.0,15.0991,30940.68,27.0
2001000014,Dr. Elizabeth Jones,Palliative Care,Atlanta,GA,Subsys,REP-S755,Stephen Tanaka,TERR-S03,3,4.0,4,2,3,-0.45032944717580553,-0.4514072829333657,-0.35000470981536647,2.1249,0.019455968024191694,12.5614,synthetic,-1.1244163254332475,-0.752669882367221,1.5549138739007082,-0.2908463178227791,-0.77509632596926,-0.796712767194199,1.5549138739007082,0.7847416977078705,50.0,0.6666666666666666,1.5,2.5877715539964345,1.0986122886681098,200.0,1.5,12.3001,21528.02,17.0
2001000015,Dr. Sandra Torres,Palliative Care,Atlanta,GA,Actiq,REP-S551,Silas Chen,TERR-S09,3,2.0,4,3,2,-1.4998504413930756,-1.0338571820844762,-0.5136527878830306,3.7371,0.03302612970752694,9.1857,synthetic,0.30373276577360286,-0.3070100835971559,-0.04702502437628586,-1.0677817041972801,-0.12853109880191332,-1.0125011508692756,-0.04702502437628586,0.5649328692338802,75.0,1.0,0.6666666666666666,2.2879586461318824,1.3862943611198906,150.0,0.6666666666666666,8.8548,19325.15,11.0
2001000016,Dr. Ashley Anderson,Pain Management,Houston,TX,Actiq,REP-S661,Samuel Kowalski,TERR-S07,1,2.0,13,8,7,-0.6252496128786839,-0.9622110940049936,-0.6971790034392191,11.2086,0.09638332623267276,10.3186,synthetic,-0.4652705910300857,1.9212889102531692,0.3534597001929627,-0.9586696939135974,1.6940339119276273,-1.1286948959250862,0.3534597001929627,0.626642976844625,61.53846153846154,2.6666666666666665,0.875,2.3300640639823307,2.1972245773362196,123.07692307692308,0.875,9.2786,16854.7,16.0
2001000017,Dr. Elizabeth Baker,Pain Management,Baltimore,MD,Subsys,REP-S530,Sadie Patel,TERR-S02,2,7.0,6,4,4,0.7741117127443429,0.1756734969468226,0.6911667860860118,7.0233,0.06401146773971433,17.1338,synthetic,-0.1723169312953478,0.13864971517290903,0.5937505349345118,0.3466242106895975,0.37298385385674826,0.3541586124062098,0.5937505349345118,1.0812167863143511,66.66666666666666,1.3333333333333333,1.0,2.833766132417044,1.6094379124341003,466.66666666666663,1.0,16.0094,35543.25,24.0
2001000018,Dr. Michael Taylor,Neurology,Detroit,MI,Lazanda,REP-S790,Sadie Gomez,TERR-S10,3,2.0,2,1,2,0.7741117127443429,-0.9877216996944553,-0.9516456100258156,3.1538,0.02803043816102946,9.4156,synthetic,-1.1244163254332475,-1.198329681137286,2.5160772128669047,-0.9969960438320726,-1.6863788313340304,-1.2282895345443523,2.5160772128669047,0.6247290816283779,50.0,0.3333333333333333,2.0,2.3152742441100336,0.6931471805599453,100.0,2.0,9.1277,13429.32,24.0
2001000019,Dr. Sandra Allen,Pain Management,Atlanta,GA,Lazanda,REP-S518,Summer Brooks,TERR-S04,1,2.0,10,9,9,-1.1500101099873188,-0.869990846134872,-0.5880914280140237,8.6631,0.07569180447465751,10.6752,synthetic,1.1606222204977132,2.3669487090232346,0.5937505349345118,-0.8246656011733724,1.930831586388866,-0.8830281206642296,0.5937505349345118,0.6634840675122625,90.0,3.0,1.0,2.381775129554561,2.302585092994046,180.0,1.0,9.8241,18323.13,13.0
2001000020,Dr. Kimberly King,Neurology,Seattle,WA,Lazanda,REP-S690,Sadie Larsson,TERR-S08,3,8.0,4,3,4,-0.6252496128786839,0.5805296831968092,-0.08195963708723307,5.2914,0.04896635006907735,19.378,synthetic,0.30373276577360286,-0.3070100835971559,1.2345260942453093,0.6879723378880802,-0.12853109880191332,0.9295943022064145,1.2345260942453093,1.2596425128022384,75.0,1.0,1.3333333333333333,2.965489537483016,1.3862943611198906,600.0,1.3333333333333333,18.4042,25136.18,16.0
2001000021,Dr. Dorothy Thomas,Emergency Medicine,Baltimore,MD,Lazanda,REP-S754,Selena Tanaka,TERR-S02,3,5.0,2,2,2,-0.45032944717580553,-0.24923277435796942,-0.11984309703294274,3.5772,0.03276311877064941,13.9788,synthetic,1.7318818569804533,-0.752669882367221,0.5937505349345118,-0.06772361801164234,-0.77509632596926,0.4980175348562611,0.5937505349345118,0.9235408983486203,100.0,0.6666666666666666,1.0,2.6738727493006236,1.0986122886681098,500.0,1.0,13.496,24626.23,17.0
2001000022,Dr. Karen Rodriguez,Oncology,Seattle,WA,Abstral,REP-S560,Sloan Chen,TERR-S04,1,3.0,13,5,4,0.7741117127443429,-0.830465467671014,-0.4722621642074711,7.8233,0.06873540549952928,10.8447,synthetic,-1.783562059836409,0.5843095139429743,0.20928519934803333,-0.7692874322530662,0.7827514065628568,-1.1618931087981748,0.20928519934803333,0.6715591300549253,38.46153846153847,1.6666666666666667,0.8,2.4031451046482277,1.791759469228055,115.3846153846154,0.8,10.0579,19882.31,24.0
2001000023,Dr. Michelle Allen,Pain Management,Houston,TX,Abstral,REP-S521,Samuel Patel,TERR-S07,1,6.0,11,8,5,0.9490318784472211,-0.02513165506074957,0.16705047350365324,8.3803,0.07557730511681449,16.0637,synthetic,0.1739010302093441,1.9212889102531692,-0.1271219692901355,0.1590326154146735,1.6940339119276273,0.22337777381525445,-0.1271219692901355,1.0009970842153226,72.72727272727273,2.6666666666666665,0.625,2.7613760950256783,2.1972245773362196,436.3636363636364,0.625,14.8216,28488.11,25.0
2001000025,Dr. Michelle Green,Palliative Care,Seattle,WA,Abstral,REP-S678,Summer Kowalski,TERR-S10,3,1.0,5,3,2,1.1239520441500994,-1.1861600625724553,-1.1498809638686018,5.3512,0.04644792662219199,8.3796,synthetic,-0.5531566889505074,-0.3070100835971559,-0.04702502437628586,-1.3162178781338243,-0.12853109880191332,-1.4009202414844137,-0.04702502437628586,0.50745579218044,60.0,1.0,0.6666666666666666,2.1920891915634226,1.3862943611198906,60.0,0.6666666666666666,7.9539,10760.87,26.0
2001000026,Dr. Charles Brown,Pain Management,Boston,MA,Actiq,REP-S801,Samuel Vargas,TERR-S07,1,9.0,10,6,3,0.42427138133858616,1.2415231701764413,-0.42218720585664266,9.7586,0.08929458122817824,24.4917,synthetic,-0.5531566889505074,1.0299693127130392,-0.3674128040316846,1.1636726338273435,1.1292049358741694,0.6706482417963224,-0.3674128040316846,1.5070133478766887,60.0,2.0,0.5,3.1490583277566926,1.9459101490553132,540.0,0.5,22.3141,20556.37,22.0
2001000027,Dr. Kathleen Mitchell,Oncology,Charlotte,NC,Actiq,REP-S545,Simon Chen,TERR-S03,3,4.0,4,3,0,0.0744310499328295,-0.4749737404092502,-0.6128339815379341,3.5341,0.0321285451648996,12.5904,synthetic,0.30373276577360286,-0.3070100835971559,-1.328576142997881,-0.31815045094332145,-0.12853109880191332,-0.36513599984404566,-1.328576142997881,0.8119616533132095,75.0,1.0,0.0,2.5772351159719156,1.3862943611198906,300.0,0.0,12.1607,17990.07,20.0
2001000028,Dr. Ashley Rivera,Family Practice,Jacksonville,FL,Subsys,REP-S772,Sienna Muller,TERR-S06,3,8.0,3,2,2,0.9490318784472211,0.7043634715833617,-0.34606370079463916,1.857,0.017495425181957902,19.4921,synthetic,-0.1723169312953478,-0.752669882367221,0.5937505349345118,0.783995352860983,-0.77509632596926,0.6418764573063119,0.5937505349345118,1.3398552761202642,66.66666666666666,0.6666666666666666,1.0,3.0025440208362437,1.0986122886681098,533.3333333333333,1.0,19.1367,21581.07,25.0
2001000029,Dr. Amanda Rivera,Oncology,Atlanta,GA,Subsys,REP-S705,Simon Rossi,TERR-S09,3,1.0,5,4,5,0.5991915470414645,-1.459710169041097,-1.290769250537958,6.9664,0.058429904470529204,6.7772,synthetic,0.589362584014973,0.13864971517290903,1.07433220441761,-1.8327429184321398,0.37298385385674826,-1.314604888014383,1.07433220441761,0.42303704910587653,80.0,1.3333333333333333,1.25,1.9927664717690041,1.6094379124341003,80.0,1.25,6.3358,8864.37,23.0
2001000030,Dr. Joseph Martin,Pain Management,Charlotte,NC,Subsys,REP-S718,Summer Rossi,TERR-S08,3,3.0,3,2,1,-0.8001697785815622,-0.7409670272999003,-0.040299345876419194,5.2275,0.04665377383047842,11.1407,synthetic,-0.1723169312953478,-0.752669882367221,-0.3674128040316846,-0.6481017017818854,-0.77509632596926,-0.7967127671941991,-0.3674128040316846,0.7150278262611922,66.66666666666666,0.6666666666666666,0.5,2.4499096707645935,1.0986122886681098,199.99999999999997,0.5,10.5873,25696.97,15.0
2001000031,Dr. Dorothy Robinson,Pain Management,Los Angeles,CA,Abstral,REP-S752,Sienna Tanaka,TERR-S14,3,4.0,4,3,1,0.0744310499328295,-0.5136707426777577,0.06758326882651038,3.9605,0.03588615677161133,12.4043,synthetic,0.30373276577360286,-0.3070100835971559,-0.6878005836870834,-0.36361844695643253,-0.12853109880191332,-0.36513599984404566,-0.6878005836870834,0.8058304777784037,75.0,1.0,0.3333333333333333,2.559689394231686,1.3862943611198906,300.0,0.3333333333333333,11.9318,27149.18,20.0
2001000032,Dr. Mary Davis,Internal Medicine,New York,NY,Fentora,REP-S758,Summer Tanaka,TERR-S06,3,6.0,5,4,0,2.1734730383673697,0.048576920688788654,0.9546802556046381,1.459,0.013599168580536336,15.4802,synthetic,0.589362584014973,0.13864971517290903,-1.328576142997881,0.2294782807544264,0.37298385385674826,0.41170218138623044,-1.328576142997881,1.0098428182511647,80.0,1.3333333333333333,0.0,2.7885604917494797,1.6094379124341003,480.0,0.0,15.2576,39090.41,32.0
2001000033,Dr. Kathleen Nelson,Pain Management,Charlotte,NC,Abstral,REP-S526,Stella Patel,TERR-S12,1,6.0,12,5,0,-0.45032944717580553,-0.024201845045560506,0.31758513192308385,4.8714,0.04462618674146679,15.5494,synthetic,-1.6004660225021974,0.5843095139429743,-1.328576142997881,0.15993329721980834,0.7827514065628568,-0.5809243835191222,-1.328576142997881,1.0013685342587177,41.66666666666667,1.6666666666666667,0.0,2.761723660647986,1.791759469228055,250.00000000000003,0.0,14.8271,30514.46,17.0
2001000034,Dr. Sandra Sanchez,Anesthesiology,Chicago,IL,Subsys,REP-S569,Seth Kapoor,TERR-S13,3,6.0,2,1,1,-1.4998504413930756,-0.11638828164240257,-0.20341774638861157,0.6095,0.005676902484599733,14.3688,synthetic,-1.1244163254332475,-1.198329681137286,0.5937505349345118,0.06907598188162634,-1.6863788313340304,-0.36513599984404566,0.5937505349345118,0.9584781291286303,50.0,0.3333333333333333,1.0,2.726662577847496,0.6931471805599453,300.0,1.0,14.2818,23501.23,11.0
2001000035,Dr. William Green,Oncology,Chicago,IL,Subsys,REP-S764,Sarah Muller,TERR-S12,2,3.0,8,5,2,-0.2754092814729272,-0.6398544145572426,-0.6383283354631594,3.8965,0.03514734911630901,11.6213,synthetic,-0.41034177982982234,0.5843095139429743,-0.5596454718249239,-0.5176795015626321,0.7827514065628568,-0.8506598631129682,-0.5596454718249239,0.7468415368333708,62.5,1.6666666666666667,0.4,2.500238513784982,1.791759469228055,187.5,0.4,11.1854,17646.89,18.0
2001000037,Dr. Margaret Lewis,Oncology,Baltimore,MD,Subsys,REP-S776,Sasha Muller,TERR-S10,3,2.0,4,2,3,0.24935121563570783,-0.8522230220264396,-1.1414826402155722,5.2471,0.046569090633561405,10.4502,synthetic,-1.1244163254332475,-0.752669882367221,1.5549138739007082,-0.7996249558209296,-0.77509632596926,-1.2282895345443523,1.5549138739007082,0.6629659187446051,50.0,0.6666666666666666,1.5,2.391438106463045,1.0986122886681098,100.0,1.5,9.9292,10873.92,21.0
2001000038,Dr. Betty Young,Palliative Care,Houston,TX,Abstral,REP-S785,Simon Gomez,TERR-S05,3,10.0,2,2,1,0.24935121563570783,1.3680956716986414,-0.16241490908606246,3.2149,0.030345914167982713,23.8042,synthetic,1.7318818569804533,-0.752669882367221,-0.3674128040316846,1.2455835759730858,-0.77509632596926,2.6559013716070283,-0.3674128040316846,1.4713978606594316,100.0,0.6666666666666666,0.5,3.1806670795027516,1.0986122886681098,1000.0,0.5,23.0628,24053.17,21.0
2001000039,Dr. Kathleen Hill,Pain Management,Las Vegas,NV,Subsys,REP-S546,Stella Chen,TERR-S04,1,10.0,13,9,9,0.9490318784472211,2.1311315814361205,1.7968950555785692,11.6512,0.10655205221803987,30.7893,synthetic,-0.025840101427978244,2.3669487090232346,0.5937505349345118,1.691072889986867,1.930831586388866,1.327972856683479,0.5937505349345118,1.8624032421227803,69.23076923076923,3.0,1.0,3.3525777029592505,2.302585092994046,692.3076923076923,1.0,27.5763,50427.48,25.0
2001000040,Dr. Jennifer Garcia,Pain Management,Los Angeles,CA,Subsys,REP-S559,Solomon Chen,TERR-S03,3,3.0,5,2,2,-1.1500101099873188,-0.7829437230765296,-0.8924851586828108,5.599,0.04979336063030715,10.9179,synthetic,-1.6956759619159878,-0.752669882367221,0.5937505349345118,-0.7042354834560965,-0.77509632596926,-1.1419741810743218,0.5937505349345118,0.6982585452111932,40.0,0.6666666666666666,1.0,2.4282481109897027,1.0986122886681098,120.0,1.0,10.339,14225.68,13.0
2001000041,Dr. Stephanie King,Oncology,Houston,TX,Fentora,REP-S734,Selena Santos,TERR-S10,3,10.0,4,4,1,-1.3249302756901973,1.6559817580378355,1.692219478753581,4.3321,0.04079327375479069,25.8385,synthetic,1.7318818569804533,0.13864971517290903,-0.8479944735147827,1.422775966066474,0.37298385385674826,2.6559013716070283,-0.8479944735147827,1.6535889149028387,100.0,1.3333333333333333,0.25,3.249044150050754,1.6094379124341003,1000.0,0.25,24.7657,49018.44,12.0
2001000042,Dr. Susan Nelson,Pain Management,Detroit,MI,Abstral,REP-S774,Selena Muller,TERR-S08,2,4.0,5,4,0,0.7741117127443429,-0.4774419633586613,-0.8554441312026062,3.9499,0.03584725672457223,12.6259,synthetic,0.589362584014973,0.13864971517290903,-1.328576142997881,-0.32102685206003356,0.37298385385674826,-0.278820646374015,-1.328576142997881,0.8203035221965058,80.0,1.3333333333333333,0.0,2.5761251366890687,1.6094379124341003,320.0,0.0,12.1461,14724.29,24.0
2001000043,Dr. Charles Lewis,Family Practice,Atlanta,GA,Subsys,REP-S502,Sophia Brooks,TERR-S02,3,8.0,2,2,3,-0.9750899442844405,0.46435414820808735,0.9579170089134617,2.5208,0.0235804445370702,18.1636,synthetic,1.7318818569804533,-0.752669882367221,1.5549138739007082,0.5945333321008668,-0.77509632596926,1.7927478369067211,1.5549138739007082,1.2404550380694017,100.0,0.6666666666666666,1.5,2.929432201796759,1.0986122886681098,800.0,1.5,17.717,39133.98,14.0
2001000044,Dr. Lisa Flores,Neurology,Houston,TX,Abstral,REP-S630,Sadie Novak,TERR-S04,2,7.0,9,8,5,0.5991915470414645,0.3795723804594786,1.366645331837865,3.3702,0.03135524028275061,17.7957,synthetic,1.0971489275551862,1.9212889102531692,-0.1271219692901355,0.5241526459133482,1.6940339119276273,1.0255002505064483,-0.1271219692901355,1.1782840698942054,88.88888888888889,2.6666666666666665,0.625,2.9022728799877107,2.1972245773362196,622.2222222222222,0.625,17.2155,44635.88,23.0
2001000045,Dr. Michael Sanchez,Pain Management,Houston,TX,Lazanda,REP-S527,Scott Patel,TERR-S13,3,5.0,5,4,0,0.0744310499328295,-0.1870369371601368,-0.11256875955302519,2.0359,0.018814221026301148,14.1462,synthetic,0.589362584014973,0.13864971517290903,-1.328576142997881,-0.002776105922264707,0.37298385385674826,0.06644076750610772,-1.328576142997881,0.9363175012045131,80.0,1.3333333333333333,0.0,2.6989354543846966,1.6094379124341003,400.0,0.0,13.8639,24724.15,20.0
2001000046,Dr. Margaret Hall,Oncology,Phoenix,AZ,Lazanda,REP-S759,Solomon Tanaka,TERR-S07,1,5.0,11,8,6,0.9490318784472211,-0.22186254863812954,0.5983944679865872,7.3602,0.06632818828184517,14.6631,synthetic,0.1739010302093441,1.9212889102531692,0.11316886545141361,-0.038941733595679505,1.6940339119276273,-0.09049623880303875,0.11316886545141361,0.9119286771967472,72.72727272727273,2.6666666666666665,0.75,2.684979439267261,2.1972245773362196,363.6363636363637,0.75,13.6579,34294.44,25.0
2001000047,Dr. Barbara Smith,Pain Management,Miami,FL,Actiq,REP-S580,Sloan Kapoor,TERR-S10,3,10.0,4,3,1,1.1239520441500994,1.5246249613465717,1.6542929314330925,5.062,0.04745400169299829,25.2031,synthetic,0.30373276577360286,-0.3070100835971559,-0.6878005836870834,1.34342616843603,-0.12853109880191332,1.5769594532316444,-0.6878005836870834,1.6201097556347568,75.0,1.0,0.3333333333333333,3.2184237226854084,1.3862943611198906,750.0,0.3333333333333333,23.9887,48507.91,26.0
2001000048,Dr. Linda Clark,Palliative Care,Portland,OR,Subsys,REP-S703,Sean Rossi,TERR-S07,1,6.0,14,12,10,1.298872209852978,-0.0651303913505218,-0.2944301680940488,6.4901,0.058964787637832305,15.5316,synthetic,0.9157966620051099,3.70392810533343,0.2733627552791131,0.11998750957953226,2.5204950604117395,0.5596713587634256,0.2733627552791131,0.930517447912561,85.71428571428571,4.0,0.8333333333333334,2.7463089132193006,2.5649493574615367,514.2857142857142,0.8333333333333334,14.585,22276.11,27.0
2001000049,Dr. John Wilson,Pain Management,Atlanta,GA,Subsys,REP-S606,Stella O'Connor,TERR-S08,2,8.0,7,5,1,0.5991915470414645,0.8139119970092809,0.30130924754323185,7.9659,0.0730878145855276,21.3607,synthetic,0.09971146702976721,0.5843095139429743,-0.9441108074114024,0.8660730944854832,0.7827514065628568,0.806286654392085,-0.9441108074114024,1.3361868497378755,71.42857142857143,1.6666666666666667,0.2,3.0342171391147503,1.791759469228055,571.4285714285714,0.2,19.7847,30295.37,23.0
2001000050,Dr. Lisa Miller,Family Practice,Charlotte,NC,Actiq,REP-S560,Sloan Chen,TERR-S04,3,8.0,2,2,1,-0.9750899442844405,0.7921375370172151,1.1879619886296735,2.9963,0.028115873681614723,20.2449,synthetic,1.7318818569804533,-0.752669882367221,-0.3674128040316846,0.8499645686458519,-0.77509632596926,1.7927478369067211,-0.3674128040316846,1.3762070431104787,100.0,0.6666666666666666,0.5,3.0280009928842024,1.0986122886681098,800.0,0.5,19.6559,42230.62,14.0
2001000051,Dr. Dorothy Adams,Oncology,Austin,TX,Actiq,REP-S512,Sienna Brooks,TERR-S12,1,2.0,12,11,3,0.42427138133858616,-1.1211747953290552,-0.656425775756079,8.0534,0.06944039028110893,9.0098,synthetic,1.2558321599115025,3.258268306563364,-0.8043052308345011,-1.2072882677037475,2.340599139094974,-0.8686422284192247,-0.8043052308345011,0.556742609703515,91.66666666666666,3.6666666666666665,0.2727272727272727,2.234124222826437,2.4849066497880004,183.33333333333331,0.2727272727272727,8.3383,17403.28,22.0
2001000053,Dr. Sarah Carter,Pain Management,Philadelphia,PA,Lazanda,REP-S563,Sean Kapoor,TERR-S07,1,8.0,10,9,9,-0.6252496128786839,0.787201091118393,1.328622952252782,12.4703,0.11212875716563886,22.0742,synthetic,1.1606222204977132,2.3669487090232346,0.5937505349345118,0.8462986699986157,1.930831586388866,1.4474864230265985,0.5937505349345118,1.3255161030367082,90.0,3.0,1.0,3.026586353066478,2.302585092994046,720.0,1.0,19.6267,44124.06,16.0
2001000054,Dr. William Rodriguez,Internal Medicine,Seattle,WA,Actiq,REP-S565,Simon Kapoor,TERR-S09,3,10.0,5,3,0,-0.9750899442844405,1.376666829475021,1.4184341276648142,1.3027,0.012409464371216927,23.4146,synthetic,-0.5531566889505074,-0.3070100835971559,-1.328576142997881,1.2510378788227439,-0.12853109880191332,0.9295943022064145,-1.328576142997881,1.5297951171644488,60.0,1.0,0.0,3.1827718496373194,1.3862943611198906,600.0,0.0,23.1135,45333.01,14.0
2001000055,Dr. Melissa Rodriguez,Oncology,Denver,CO,Abstral,REP-S555,Stephen Chen,TERR-S13,3,9.0,2,2,2,1.1239520441500994,1.2914793264470572,0.5478121186534484,5.2448,0.04900474311554337,23.7954,synthetic,1.7318818569804533,-0.752669882367221,0.5937505349345118,1.1963115364232164,-0.77509632596926,2.224324604256875,0.5937505349345118,1.5096275869604827,100.0,0.6666666666666666,1.0,3.1616534089801647,1.0986122886681098,900.0,1.0,22.6096,33613.55,26.0
2001000056,Dr. Emily Carter,Neurology,Seattle,WA,Fentora,REP-S697,Stanley Larsson,TERR-S01,2,8.0,9,5,6,-0.2754092814729272,0.5103881967782694,1.3654351709151948,9.0088,0.08190073226363115,19.61,synthetic,-0.807049860720614,0.5843095139429743,0.9782158705209902,0.6319621269775583,0.7827514065628568,0.2582526641061759,0.9782158705209902,1.231245425259088,55.55555555555556,1.6666666666666667,1.2,2.9438756626387366,1.791759469228055,444.44444444444446,1.2,17.9893,44619.59,18.0
2001000058,Dr. Richard Martinez,Internal Medicine,Detroit,MI,Actiq,REP-S519,Solomon Brooks,TERR-S05,3,2.0,3,3,4,0.7741117127443429,-1.0182532794659385,-1.1847252781208533,3.712,0.03285111292120524,9.2793,synthetic,1.7318818569804533,-0.3070100835971559,1.2345260942453093,-1.0436236164345636,-0.12853109880191332,-0.796712767194199,1.2345260942453093,0.5921746984568345,100.0,1.0,1.3333333333333333,2.29728105140214,1.3862943611198906,200.0,1.3333333333333333,8.9471,10291.83,24.0
2001000059,Dr. Lisa Campbell,Pain Management,Portland,OR,Abstral,REP-S694,Selena Larsson,TERR-S12,1,5.0,12,8,5,-1.4998504413930756,-0.267913502844951,-0.8556892835073829,9.1619,0.08181268914025042,14.6119,synthetic,-0.1723169312953478,1.9212889102531692,-0.1271219692901355,-0.0875530020237599,1.6940339119276273,-0.22127707739399485,-0.1271219692901355,0.9040081010662953,66.66666666666666,2.6666666666666665,0.625,2.66622075482837,2.1972245773362196,333.33333333333326,0.625,13.3855,14720.99,11.0
2001000060,Dr. Kimberly Green,Pain Management,Portland,OR,Subsys,REP-S612,Sienna O'Connor,TERR-S14,3,4.0,2,1,2,0.5991915470414645,-0.4915412643162566,-0.9881205585477176,4.6362,0.04191795111365604,12.6219,synthetic,-1.1244163254332475,-1.198329681137286,2.5160772128669047,-0.3375192935175744,-1.6863788313340304,-0.796712767194199,2.5160772128669047,0.814670988811206,50.0,0.3333333333333333,2.0,2.5697608406126022,0.6931471805599453,200.0,2.0,12.0627,12938.33,23.0
2001000061,Dr. Patricia Jones,Emergency Medicine,Philadelphia,PA,Subsys,REP-S510,Sadie Brooks,TERR-S10,3,2.0,3,2,0,0.0744310499328295,-1.1011078046376097,-1.055766251179082,3.2983,0.029064876440515697,8.7359,synthetic,-0.1723169312953478,-0.752669882367221,-1.328576142997881,-1.1745563234991412,-0.77509632596926,-1.0844306120943012,-1.328576142997881,0.5787185371468793,66.66666666666666,0.6666666666666666,0.0,2.2467552080333753,1.0986122886681098,133.33333333333331,0.0,8.457,12027.75,20.0
2001000062,Dr. Lisa Perez,Pain Management,New York,NY,Subsys,REP-S627,Scott Novak,TERR-S01,1,6.0,9,6,7,-0.8001697785815622,-0.040059332213695086,-0.2556619311938272,11.2383,0.10006408786828436,16.3891,synthetic,-0.1723169312953478,1.0299693127130392,0.9141383145899108,0.14452955686266206,1.1292049358741694,0.06644076750610747,0.9141383145899108,0.9950336226095438,66.66666666666666,2.0,1.1666666666666667,2.755779485277088,1.9459101490553132,399.99999999999994,1.1666666666666667,14.7333,22797.97,15.0
2001000063,Dr. Ashley Wright,Palliative Care,Houston,TX,Fentora,REP-S688,Serena Larsson,TERR-S06,2,9.0,8,5,6,0.9490318784472211,1.320590832740797,0.5063902937754625,11.4286,0.10389024461319174,25.3854,synthetic,-0.41034177982982234,0.5843095139429743,0.9782158705209902,1.2151436945146776,0.7827514065628568,0.7677530144501069,0.9782158705209902,1.453470167628,62.5,1.6666666666666667,1.2,3.168920582258387,1.791759469228055,562.5,1.2,22.7818,33055.97,25.0
2001000064,Dr. Lisa Hill,Family Practice,Jacksonville,FL,Subsys,REP-S837,Stanley Alvarez,TERR-S01,3,3.0,3,2,2,-0.45032944717580553,-0.6501837585441618,-0.18601341852101513,3.2671,0.029532456664202567,11.4877,synthetic,-0.1723169312953478,-0.752669882367221,0.5937505349345118,-0.530705982154368,-0.77509632596926,-0.7967127671941991,0.5937505349345118,0.7788674143475445,66.66666666666666,0.6666666666666666,1.0,2.49521170319823,1.0986122886681098,199.99999999999997,1.0,11.1243,23735.51,17.0
2001000066,Dr. Dorothy Campbell,Internal Medicine,Nashville,TN,Fentora,REP-S800,Sloan Gomez,TERR-S06,3,2.0,2,2,0,0.42427138133858616,-0.8772602698899868,-0.4211293365172428,-1.3646,-0.012460086444212148,9.6476,synthetic,1.7318818569804533,-0.752669882367221,-1.328576142997881,-0.8349807455130654,-0.77509632596926,-0.796712767194199,-1.328576142997881,0.6473740030933088,100.0,0.6666666666666666,0.0,2.3777946010913675,1.0986122886681098,200.0,0.0,9.7811,20570.61,22.0
2001000067,Dr. Kathleen Campbell,Palliative Care,Detroit,MI,Abstral,REP-S668,Serena Kowalski,TERR-S14,3,4.0,2,2,0,0.5991915470414645,-0.5926876883321941,-0.9473227577182544,3.6376,0.03291559248301201,11.8815,synthetic,1.7318818569804533,-0.752669882367221,-1.328576142997881,-0.4590151976988138,-0.77509632596926,0.06644076750610772,-1.328576142997881,0.7314243558346769,100.0,0.6666666666666666,0.0,2.522876581039629,1.0986122886681098,400.0,0.0,11.4644,13487.51,23.0
2001000068,Dr. James Adams,Oncology,Houston,TX,Abstral,REP-S635,Stephen Novak,TERR-S09,3,10.0,3,2,1,0.7741117127443429,1.7508561908604061,1.2808033951058986,3.6489,0.03450265711259659,26.2511,synthetic,-0.1723169312953478,-0.752669882367221,-0.3674128040316846,1.4786130850378119,-0.77509632596926,1.217312147106516,-0.3674128040316846,1.6910598565295027,66.66666666666666,0.6666666666666666,0.5,3.2705912301544093,1.0986122886681098,666.6666666666665,0.5,25.3269,43480.36,24.0
2001000069,Dr. Thomas Rivera,Internal Medicine,Austin,TX,Lazanda,REP-S579,Solomon Kapoor,TERR-S09,3,6.0,3,2,2,-0.2754092814729272,-0.06467393916124729,0.575220146327475,2.8602,0.026412783637075776,15.0049,synthetic,-0.1723169312953478,-0.752669882367221,0.5937505349345118,0.12043641403574662,-0.77509632596926,0.06644076750610747,0.5937505349345118,0.9655046717571909,66.66666666666666,0.6666666666666666,1.0,2.7464821417177463,1.0986122886681098,399.99999999999994,1.0,14.5877,33982.49,18.0
2001000070,Dr. Kathleen Harris,Oncology,Nashville,TN,Lazanda,REP-S690,Sadie Larsson,TERR-S08,3,7.0,2,2,0,0.24935121563570783,0.13985045290708142,0.9318409754287207,2.13,0.019834727729683976,16.134,synthetic,1.7318818569804533,-0.752669882367221,-1.328576142997881,0.31413823861905626,-0.77509632596926,1.3611710695565677,-1.328576142997881,1.05478831138137,100.0,0.6666666666666666,0.0,2.821230065812168,1.0986122886681098,700.0,0.0,15.7975,38782.97,21.0
2001000071,Dr. Rebecca Flores,Palliative Care,Phoenix,AZ,Lazanda,REP-S698,Summer Larsson,TERR-S02,2,4.0,6,5,4,-0.6252496128786839,-0.4786253579234477,-0.6112419773284301,7.0271,0.06290036707185465,12.9921,synthetic,0.7797824628425536,0.5843095139429743,0.20928519934803333,-0.3224070816564444,0.7827514065628568,-0.22127707739399435,0.20928519934803333,0.7744699589959113,83.33333333333334,1.6666666666666667,0.8,2.5755925175600165,1.791759469228055,333.33333333333337,0.8,12.1391,18011.5,16.0
2001000072,Dr. Thomas Allen,Neurology,Houston,TX,Fentora,REP-S665,Simon Kowalski,TERR-S11,3,1.0,4,3,0,0.0744310499328295,-1.2903325955469176,-1.4757403789207846,1.7508,0.015282555022636757,7.4661,synthetic,0.30373276577360286,-0.3070100835971559,-1.328576142997881,-1.5009893950777746,-0.12853109880191332,-1.3361837263818908,-1.328576142997881,0.5022157369616166,75.0,1.0,0.0,2.1207873989600317,1.3862943611198906,75.0,0.0,7.3377,6374.47,20.0
2001000073,Dr. Deborah Davis,Oncology,Austin,TX,Subsys,REP-S636,Sasha Novak,TERR-S10,3,10.0,4,3,0,-0.2754092814729272,1.5799232987953649,2.156784582076836,4.1608,0.03918911183550389,25.3276,synthetic,0.30373276577360286,-0.3070100835971559,-1.328576142997881,1.3771272935241508,-0.12853109880191332,1.5769594532316444,-1.328576142997881,1.623549398441976,75.0,1.0,0.0,3.23142870673965,1.3862943611198906,750.0,0.0,24.3158,55271.96,18.0
2001000074,Dr. Joseph Smith,Pain Management,Atlanta,GA,Fentora,REP-S792,Sienna Gomez,TERR-S12,1,10.0,10,6,0,-1.3249302756901973,1.9773410049238382,0.8203256493004646,6.2197,0.05822130514860335,28.3252,synthetic,-0.5531566889505074,1.0299693127130392,-1.328576142997881,1.6072364289743126,1.1292049358741694,0.9295943022064145,-1.328576142997881,1.8009654049452368,60.0,2.0,0.0,3.320225909487031,1.9459101490553132,600.0,0.0,26.6666,37281.86,12.0
2001000075,Dr. Joseph Gonzalez,Palliative Care,Philadelphia,PA,Actiq,REP-S759,Solomon Tanaka,TERR-S07,2,10.0,7,5,4,-0.8001697785815622,2.205922117930606,2.9596115784166557,8.215,0.07633238547457388,30.3205,synthetic,0.09971146702976721,0.5843095139429743,0.20928519934803333,1.7308839231641064,0.7827514065628568,1.4228248934637329,0.20928519934803333,1.7875823940917153,71.42857142857143,1.6666666666666667,0.8,3.3679404497607033,1.791759469228055,714.2857142857143,0.8,28.0187,66078.83,15.0
2001000076,Dr. Amanda Smith,Anesthesiology,Austin,TX,Abstral,REP-S610,Sadie O'Connor,TERR-S12,2,5.0,8,6,0,1.298872209852978,-0.15094340293415853,-0.23785941655241166,2.9677,0.0273333646241527,14.4952,synthetic,0.30373276577360286,1.0299693127130392,-1.328576142997881,0.03418110246914492,1.1292049358741694,-0.04145342433143062,-1.328576142997881,0.9447604654172009,75.0,2.0,0.0,2.71319693392174,1.9459101490553132,375.0,0.0,14.0774,23037.61,27.0
2001000077,Dr. Nancy Clark,Pain Management,Phoenix,AZ,Abstral,REP-S661,Samuel Kowalski,TERR-S07,1,8.0,13,7,2,-0.6252496128786839,0.7945212317834277,0.7582374851298089,7.724,0.07093132367840971,21.1894,synthetic,-0.9047010806321937,1.4756291114831046,-0.7793399493029116,0.8517328907692713,1.4293166337302035,0.19923361899846262,-0.7793399493029116,1.3284404279238002,53.84615384615385,2.3333333333333335,0.2857142857142857,3.028683373693677,2.0794415416798357,430.7692307692308,0.2857142857142857,19.67,36446.09,16.0
2001000078,Dr. Kimberly Jackson,Palliative Care,Chicago,IL,Subsys,REP-S680,Sloan Kowalski,TERR-S12,1,6.0,10,7,0,-1.3249302756901973,-0.1188395989551739,-0.8554456169741503,4.3104,0.039491995295550364,14.8823,synthetic,0.01810294753223279,1.4756291114831046,-1.328576142997881,0.0666159870985745,1.4293166337302035,0.1527561209761384,-1.328576142997881,0.9102483088517573,70.0,2.3333333333333335,0.0,2.7257132863077196,2.0794415416798357,420.0,0.0,14.2673,14724.27,12.0
2001000079,Dr. Sarah Hernandez,Pain Management,Columbus,OH,Fentora,REP-S716,Sasha Rossi,TERR-S06,2,2.0,9,6,4,-0.10048911577004885,-1.0240688184700306,-1.037659896256898,9.3434,0.08066099271642235,9.7454,synthetic,-0.1723169312953478,1.0299693127130392,-0.04702502437628586,-1.0526009751234153,1.1292049358741694,-1.0844306120943012,-0.04702502437628586,0.6019314185031241,66.66666666666666,2.0,0.6666666666666666,2.293816763302189,1.9459101490553132,133.33333333333331,0.6666666666666666,8.9127,12271.48,19.0
2001000081,Dr. Jessica Nguyen,Neurology,Austin,TX,Lazanda,REP-S709,Seth Rossi,TERR-S13,3,9.0,3,2,1,-1.4998504413930756,1.3486880008361484,-0.1592695307272011,2.5965,0.02457446345751002,23.5438,synthetic,-0.1723169312953478,-0.752669882367221,-0.3674128040316846,1.2331908072611037,-0.77509632596926,0.9295943022064139,-0.3674128040316846,1.570634767269741,66.66666666666666,0.6666666666666666,0.5,3.1758848130631057,1.0986122886681098,599.9999999999999,0.5,22.948,24095.51,11.0
2001000082,Dr. Richard Allen,Pain Management,Austin,TX,Subsys,REP-S627,Scott Novak,TERR-S01,1,5.0,12,6,6,-1.1500101099873188,-0.35643141629095615,0.01458134053380334,7.6522,0.06859313499023267,13.8461,synthetic,-1.1244163254332475,1.0299693127130392,0.5937505349345118,-0.18363355120195407,1.1292049358741694,-0.5809243835191223,0.5937505349345118,0.8686460569350852,50.0,2.0,1.0,2.6291440695035337,1.9459101490553132,250.0,1.0,12.8619,26435.72,13.0
2001000083,Dr. Lisa Scott,Orthopedics,Phoenix,AZ,Actiq,REP-S732,Sienna Santos,TERR-S08,3,7.0,5,3,1,0.5991915470414645,0.15281707620980994,0.8508285391008535,2.2473,0.020918455422999305,16.2309,synthetic,-0.5531566889505074,-0.3070100835971559,-0.6878005836870834,0.3259440446383312,-0.12853109880191332,0.1527561209761384,-0.6878005836870834,1.0364990570249364,60.0,1.0,0.3333333333333333,2.8257858282274193,1.3862943611198906,420.0,0.3333333333333333,15.8742,37692.46,23.0
2001000085,Dr. Linda Sanchez,Neurology,Miami,FL,Fentora,REP-S703,Sean Rossi,TERR-S07,2,1.0,6,4,0,-0.6252496128786839,-1.4373609174032784,-1.1059727003115636,-0.9263,-0.008053229506621129,6.4081,synthetic,-0.1723169312953478,0.13864971517290903,-1.328576142997881,-1.7864585478251152,0.37298385385674826,-1.3721484569944034,-1.328576142997881,0.44269067782380533,66.66666666666666,1.3333333333333333,0.0,2.0106272256794764,1.6094379124341003,66.66666666666666,0.0,6.468,11351.92,16.0
2001000086,Dr. James Perez,Pain Management,Charlotte,NC,Fentora,REP-S830,Sadie Alvarez,TERR-S08,3,6.0,4,4,1,0.42427138133858616,0.033513998442724735,-0.8276988333880683,4.9486,0.04538416682874713,15.9192,synthetic,1.7318818569804533,0.13864971517290903,-0.8479944735147827,0.21523701303610665,0.37298385385674826,0.9295943022064145,-0.8479944735147827,1.0244254514978222,100.0,1.3333333333333333,0.25,2.783064904907656,1.6094379124341003,600.0,0.25,15.1685,15097.77,22.0
2001000087,Dr. Robert Lee,Pain Management,Phoenix,AZ,Subsys,REP-S597,Stanley Nakamura,TERR-S13,2,1.0,8,4,1,0.0744310499328295,-1.4287052314436997,-1.226294194381705,3.5393,0.030220190732247243,6.7499,synthetic,-1.1244163254332475,0.13864971517290903,-0.8479944735147827,-1.7687527411090356,0.37298385385674826,-1.444077918219429,-0.8479944735147827,0.4402831132547452,50.0,1.3333333333333333,0.25,2.0174597493239546,1.6094379124341003,50.0,0.25,6.5192,9732.27,20.0
2001000088,Dr. Linda Torres,Neurology,New York,NY,Subsys,REP-S612,Sienna O'Connor,TERR-S14,3,10.0,2,2,3,-1.3249302756901973,2.100008304382244,1.1905130583708943,4.0728,0.03854017561892498,28.5078,synthetic,1.7318818569804533,-0.752669882367221,1.5549138739007082,1.674324036358208,-0.77509632596926,2.6559013716070283,1.5549138739007082,1.874810078089864,100.0,0.6666666666666666,1.5,3.346114459557198,1.0986122886681098,1000.0,1.5,27.3922,42264.96,12.0
2001000089,Dr. Amanda Hernandez,Oncology,Austin,TX,Actiq,REP-S838,Summer Alvarez,TERR-S02,2,10.0,5,3,2,-0.9750899442844405,1.952574247246528,1.8490731235500721,5.3225,0.050017776590076224,27.9316,synthetic,-0.5531566889505074,-0.3070100835971559,-0.04702502437628586,1.5934780017523427,-0.12853109880191332,0.9295943022064145,-0.04702502437628586,1.7707290075432867,60.0,1.0,0.6666666666666666,3.314916646779471,1.3862943611198906,600.0,0.6666666666666666,26.5201,51129.85,14.0
2001000090,Dr. Dorothy Davis,Pain Management,Detroit,MI,Subsys,REP-S782,Sophia Gomez,TERR-S02,2,7.0,6,3,3,-0.45032944717580553,0.20084598990348848,0.852100359542604,6.5771,0.060098241672438935,17.2211,synthetic,-1.1244163254332475,-0.3070100835971559,0.5937505349345118,0.36921057210362734,-0.12853109880191332,-0.14934761616896897,0.5937505349345118,1.0912729520346285,50.0,1.0,1.0,2.84248202155323,1.3862943611198906,350.0,1.0,16.1583,37709.58,17.0
2001000091,Dr. Lisa Anderson,Emergency Medicine,Philadelphia,PA,Subsys,REP-S652,Sienna Dubois,TERR-S12,3,9.0,3,2,0,-0.10048911577004885,0.9901870702525,1.399310019234921,1.8334,0.017345058759492993,21.2093,synthetic,-0.1723169312953478,-0.752669882367221,-1.328576142997881,0.9929193668945917,-0.77509632596926,0.9295943022064139,-1.328576142997881,1.4252338253012786,66.66666666666666,0.6666666666666666,0.0,3.0831660613156275,1.0986122886681098,599.9999999999999,0.0,20.8274,45075.58,19.0
2001000092,Dr. James Gonzalez,Anesthesiology,Nashville,TN,Abstral,REP-S685,Simon Larsson,TERR-S03,3,9.0,4,3,2,-0.45032944717580553,0.8338099313343281,0.6105235639868537,4.0492,0.03783069098170566,20.7083,synthetic,0.30373276577360286,-0.3070100835971559,-0.04702502437628586,0.8807063347752623,-0.12853109880191332,1.2532768777190295,-0.04702502437628586,1.3356870364498628,75.0,1.0,0.6666666666666666,3.0398639849138998,1.3862943611198906,675.0,0.6666666666666666,19.9024,34457.71,17.0
2001000093,Dr. Ashley Robinson,Anesthesiology,Las Vegas,NV,Subsys,REP-S610,Sadie O'Connor,TERR-S12,2,4.0,6,4,4,0.0744310499328295,-0.5333319980898479,-0.04505530058908582,3.9006,0.03532511493812418,12.2763,synthetic,-0.1723169312953478,0.13864971517290903,0.5937505349345118,-0.38702920877378894,0.37298385385674826,-0.5089949222940969,0.5937505349345118,0.7929601545126896,66.66666666666666,1.3333333333333333,1.0,2.5506553758321138,1.6094379124341003,266.66666666666663,1.0,11.8155,25632.95,20.0
2001000094,Dr. Carol Lee,Neurology,Atlanta,GA,Actiq,REP-S621,Samuel Novak,TERR-S09,3,2.0,4,3,2,0.42427138133858616,-0.9268783134278067,-0.30295106789946685,4.6983,0.041628717355602696,9.9334,synthetic,0.30373276577360286,-0.3070100835971559,-0.04702502437628586,-0.9065059818089749,-0.12853109880191332,-1.0125011508692756,-0.04702502437628586,0.6493617926594211,75.0,1.0,0.6666666666666666,2.350193606908771,1.3862943611198906,150.0,0.6666666666666666,9.4876,22161.41,22.0
2001000095,Dr. Jessica Taylor,Palliative Care,Las Vegas,NV,Fentora,REP-S756,Sasha Tanaka,TERR-S04,2,3.0,7,4,2,0.0744310499328295,-0.6698619195928919,-0.02237425508261555,5.144,0.0460743763329603,11.5741,synthetic,-0.7163737279455763,0.13864971517290903,-0.3674128040316846,-0.555705060855467,0.37298385385674826,-0.9200204150085286,-0.3674128040316846,0.7022998296110167,57.14285714285714,1.3333333333333333,0.5,2.485564766515006,1.6094379124341003,171.42857142857142,0.5,11.0079,25938.26,20.0
2001000096,Dr. Robert Wilson,Emergency Medicine,Seattle,WA,Subsys,REP-S540,Sloan Patel,TERR-S12,3,10.0,3,2,0,0.0744310499328295,1.9401993212261925,2.2242868977541947,1.4719,0.014084102923720199,26.8362,synthetic,-0.1723169312953478,-0.752669882367221,-1.328576142997881,1.586576018922628,-0.77509632596926,1.217312147106516,-1.328576142997881,1.8097802152145914,66.66666666666666,0.6666666666666666,0.0,3.3122532289734368,1.0986122886681098,666.6666666666665,0.0,26.4469,56180.61,20.0
2001000097,Dr. Melissa Jackson,Pain Management,Houston,TX,Fentora,REP-S655,Stephen Dubois,TERR-S01,1,3.0,12,7,3,1.1239520441500994,-0.6647733229643111,-0.40375546696630044,10.0798,0.08839907183372331,12.1506,synthetic,-0.6483666283642973,1.4756291114831046,-0.504721852455427,-0.5492173683573476,1.4293166337302035,-0.9046069590317374,-0.504721852455427,0.7454664689081295,58.333333333333336,2.3333333333333335,0.42857142857142855,2.488068313125579,2.0794415416798357,175.0,0.42857142857142855,11.038,20804.48,26.0
2001000098,Dr. Richard Baker,Pain Management,Los Angeles,CA,Subsys,REP-S835,Stephen Alvarez,TERR-S13,3,6.0,2,1,0,1.4737923755558562,0.09266682104539313,0.5403030292695629,0.2918,0.0027386428499469595,15.5637,synthetic,-1.1244163254332475,-1.198329681137286,-1.328576142997881,0.2707189185799404,-1.6863788313340304,-0.36513599984404566,-1.328576142997881,1.048056427894901,50.0,0.3333333333333333,0.0,2.804474911102103,0.6931471805599453,300.0,0.0,15.5184,33512.47,28.0
2001000099,Dr. James Young,Pain Management,New York,NY,Actiq,REP-S609,Seth O'Connor,TERR-S11,3,3.0,2,1,0,-0.2754092814729272,-0.7671707640915941,-0.2998339191999435,1.5999,0.014493447806237736,10.5992,synthetic,-1.1244163254332475,-1.198329681137286,-1.328576142997881,-0.6830000651466492,-1.6863788313340304,-1.0125011508692756,-1.328576142997881,0.704559688674604,50.0,0.3333333333333333,0.0,2.4364426824106094,0.6931471805599453,150.0,0.0,10.4323,22203.37,18.0
2001000100,Dr. Nancy Smith,Palliative Care,Las Vegas,NV,Subsys,REP-S804,Sarah Vargas,TERR-S10,3,6.0,5,4,0,1.4737923755558562,0.07415514892480946,-0.9293278356618778,3.7129,0.03427120140630935,15.981,synthetic,0.589362584014973,0.13864971517290903,-1.328576142997881,0.2534834073011118,0.37298385385674826,0.41170218138623044,-1.328576142997881,0.9830819542776729,80.0,1.3333333333333333,0.0,2.797823870557855,1.6094379124341003,480.0,0.0,15.4089,13729.74,28.0
2001000101,Dr. Charles Wilson,Pain Management,Portland,OR,Subsys,REP-S704,Sarah Rossi,TERR-S08,3,8.0,2,1,2,-0.45032944717580553,0.7289104559843546,0.21977753406070155,3.9467,0.03683434837365418,20.0429,synthetic,-1.1244163254332475,-1.198329681137286,2.5160772128669047,0.8026141572587421,-1.6863788313340304,0.06644076750610772,2.5160772128669047,1.302229562134414,50.0,0.3333333333333333,2.0,3.009728862697421,0.6931471805599453,400.0,2.0,19.2819,29197.87,17.0
2001000102,Dr. Amanda Carter,Oncology,Portland,OR,Lazanda,REP-S695,Stephen Larsson,TERR-S13,3,10.0,5,3,2,0.42427138133858616,1.8480974128125496,0.6363782175115233,6.0417,0.056541171184502304,27.467,synthetic,-0.5531566889505074,-0.3070100835971559,-0.04702502437628586,1.5346213406756932,-0.12853109880191332,0.9295943022064145,-0.04702502437628586,1.729465568617274,60.0,1.0,0.6666666666666666,3.2922043504752287,1.3862943611198906,600.0,0.6666666666666666,25.9021,34805.74,22.0
2001000103,Dr. John Smith,Palliative Care,Seattle,WA,Abstral,REP-S704,Sarah Rossi,TERR-S08,3,2.0,4,2,1,-1.4998504413930756,-1.0973040363936544,-1.2747006312885083,2.7789,0.02454980387725314,8.7151,synthetic,-1.1244163254332475,-0.752669882367221,-0.3674128040316846,-1.1683982115229241,-0.77509632596926,-1.2282895345443523,-0.3674128040316846,0.5409888720997299,50.0,0.6666666666666666,0.5,2.249131572259956,1.0986122886681098,100.0,0.5,8.4795,9080.67,11.0
2001000104,Dr. Linda Harris,Neurology,Las Vegas,NV,Fentora,REP-S746,Stella Tanaka,TERR-S08,3,10.0,5,4,2,3.397914198287518,1.4927747419171837,-0.22943509189736042,4.7266,0.04435971877510392,24.9252,synthetic,0.589362584014973,0.13864971517290903,-0.3674128040316846,1.323814518211347,0.37298385385674826,1.7927478369067211,-0.3674128040316846,1.6289689145655402,80.0,1.3333333333333333,0.5,3.2108557498719645,1.6094379124341003,800.0,0.5,23.8003,23151.01,39.0
2001000105,Dr. Charles Walker,Internal Medicine,Jacksonville,FL,Subsys,REP-S815,Stephen Vargas,TERR-S07,3,8.0,5,4,0,-0.2754092814729272,0.5365750279333235,-0.13288297098974314,0.3288,0.003108378428497094,18.2038,synthetic,0.589362584014973,0.13864971517290903,-1.328576142997881,0.6530150164251186,0.37298385385674826,1.1022250091464758,-1.328576142997881,1.200895951061293,80.0,1.3333333333333333,0.0,2.951999797688986,1.6094379124341003,640.0,0.0,18.1442,24450.7,18.0
2001000106,Dr. Kathleen Rivera,Emergency Medicine,Los Angeles,CA,Lazanda,REP-S648,Serena Dubois,TERR-S08,3,8.0,4,3,4,-1.1500101099873188,0.8042081615780341,0.761415550462641,3.4984,0.032752003821459486,20.4174,synthetic,0.30373276577360286,-0.3070100835971559,1.2345260942453093,0.8589066608599615,-0.12853109880191332,0.9295943022064145,1.2345260942453093,1.349953198280434,75.0,1.0,1.3333333333333333,3.0314516719446782,1.3862943611198906,600.0,1.3333333333333333,19.7273,36488.87,13.0
2001000107,Dr. David Anderson,Palliative Care,Portland,OR,Subsys,REP-S707,Scott Rossi,TERR-S11,2,5.0,7,7,8,-0.6252496128786839,-0.231752346072414,-0.545604304938918,4.6083,0.04203062859615514,14.2261,synthetic,1.7318818569804533,1.4756291114831046,0.8683686317819964,-0.04930476397493319,1.4293166337302035,0.4980175348562611,0.8683686317819964,0.8676365431019595,100.0,2.3333333333333335,1.1428571428571428,2.6809804319794206,2.0794415416798357,500.0,1.1428571428571428,13.5994,18895.05,16.0
2001000108,Dr. Jessica Martinez,Palliative Care,Nashville,TN,Subsys,REP-S653,Spencer Dubois,TERR-S13,2,1.0,9,6,2,-0.10048911577004885,-1.2868500343991183,-0.8387730315920234,3.3294,0.028879169937231275,7.6032,synthetic,-0.1723169312953478,1.0299693127130392,-0.6878005836870834,-1.4945947038949408,1.1292049358741694,-1.3721484569944034,-0.6878005836870834,0.46945673890812456,66.66666666666666,2.0,0.3333333333333333,2.123255057136045,1.9459101490553132,66.66666666666666,0.3333333333333333,7.3583,14948.7,19.0
2001000109,Dr. William Young,Oncology,Columbus,OH,Abstral,REP-S627,Scott Novak,TERR-S01,2,3.0,9,7,6,-1.3249302756901973,-0.8107534953490044,-0.5798929406336756,9.5019,0.08297846714869683,11.1413,synthetic,0.46241599812992007,1.4756291114831046,0.319132438087027,-0.7421054730607248,1.4293166337302035,-0.6528538447441478,0.319132438087027,0.6793444326095742,77.77777777777779,2.3333333333333335,0.8571428571428571,2.41363439676934,2.0794415416798357,233.33333333333337,0.8571428571428571,10.1745,18433.49,12.0
2001000110,Dr. Charles Rodriguez,Orthopedics,Boston,MA,Actiq,REP-S683,Sean Larsson,TERR-S01,2,7.0,5,5,5,-0.2754092814729272,0.3163960163365373,1.233015782047213,5.857,0.05381172703653547,17.8282,synthetic,1.7318818569804533,0.5843095139429743,0.5937505349345118,0.4704358603518357,0.7827514065628568,1.3611710695565677,0.5937505349345118,1.0996780825870012,100.0,1.6666666666666667,1.0,2.881544018923104,1.791759469228055,700.0,1.0,16.8418,42837.09,18.0
2001000111,Dr. Sandra Martin,Palliative Care,Phoenix,AZ,Subsys,REP-S504,Sarah Brooks,TERR-S04,2,10.0,5,5,1,1.1239520441500994,2.277957035652804,2.68018549566071,4.7895,0.04523110484543347,29.8072,synthetic,1.7318818569804533,0.5843095139429743,-0.9441108074114024,1.768658445741587,0.7827514065628568,2.6559013716070283,-0.9441108074114024,1.814767411887776,100.0,1.6666666666666667,0.2,3.382517324048793,1.791759469228055,1000.0,0.2,28.4448,62317.47,26.0
2001000112,Dr. Laura Nelson,Orthopedics,Portland,OR,Subsys,REP-S646,Stella Dubois,TERR-S06,3,8.0,5,4,1,1.9985528726644912,0.7316491691200028,1.1655706685743024,1.2336,0.011661896908107483,19.5362,synthetic,0.589362584014973,0.13864971517290903,-0.8479944735147827,0.8046831909675598,0.37298385385674826,1.1022250091464758,-0.8479944735147827,1.2600611339389027,80.0,1.3333333333333333,0.25,3.010527285608244,1.6094379124341003,640.0,0.25,19.2981,41929.21,31.0
2001000113,Dr. Carol Williams,Oncology,Charlotte,NC,Subsys,REP-S623,Sean Novak,TERR-S11,3,7.0,3,2,3,0.42427138133858616,0.4252852219335045,0.4517280157822227,4.291,0.03978564120446082,18.2362,synthetic,-0.1723169312953478,-0.752669882367221,1.5549138739007082,0.5623379704280674,-0.77509632596926,0.3541586124062098,1.5549138739007082,1.1675216289908845,66.66666666666666,0.6666666666666666,1.5,2.9170082793288743,1.0986122886681098,466.66666666666663,1.5,17.4859,32320.16,22.0
2001000114,Dr. Sandra Ramirez,Oncology,Houston,TX,Subsys,REP-S722,Sophia Santos,TERR-S12,1,2.0,14,10,5,0.9490318784472211,-1.0493427452465351,-0.9369847593144012,8.6335,0.0746389801817875,9.5198,synthetic,0.09971146702976721,2.8126085077932994,-0.3674128040316846,-1.0919813199894983,2.145041139077878,-1.043328062822858,-0.3674128040316846,0.585112893198115,71.42857142857143,3.3333333333333335,0.5,2.2786202155402133,2.3978952727983707,142.85714285714286,0.5,8.7632,13626.67,25.0
2001000115,Dr. Sandra Adams,Palliative Care,Miami,FL,Subsys,REP-S787,Scott Gomez,TERR-S07,1,3.0,11,7,6,-0.45032944717580553,-0.6199564802321951,-1.1142848492150352,9.2399,0.08147783824836763,12.3475,synthetic,-0.34542591204769296,1.4756291114831046,0.319132438087027,-0.4927690159186414,1.4293166337302035,-0.8359470187714857,0.319132438087027,0.7211334772369192,63.63636363636363,2.3333333333333335,0.8571428571428571,2.5098512631438368,2.0794415416798357,190.9090909090909,0.8571428571428571,11.3031,11240.03,17.0
2001000116,Dr. David Mitchell,Neurology,Detroit,MI,Actiq,REP-S830,Sadie Alvarez,TERR-S08,3,2.0,2,2,0,0.7741117127443429,-1.0480917281351896,-1.3753430812570349,2.7362,0.024266654934508303,9.0106,synthetic,1.7318818569804533,-0.752669882367221,-1.328576142997881,-1.090017916425242,-0.77509632596926,-0.796712767194199,-1.328576142997881,0.6002880115834055,100.0,0.6666666666666666,0.0,2.2793778766562274,1.0986122886681098,200.0,0.0,8.7706,7725.92,24.0
2001000118,Dr. John Miller,Anesthesiology,Austin,TX,Actiq,REP-S653,Spencer Dubois,TERR-S13,3,6.0,3,2,2,0.9490318784472211,-0.011759296478665847,-0.5720443524519634,1.9854,0.018432036099252702,15.1965,synthetic,-0.1723169312953478,-0.752669882367221,0.5937505349345118,0.17195603030350007,-0.77509632596926,0.06644076750610747,0.5937505349345118,1.00001365785174,66.66666666666666,0.6666666666666666,1.0,2.7663631334143397,1.0986122886681098,399.99999999999994,1.0,14.9007,18539.14,25.0
2001000119,Dr. Linda Sanchez,Oncology,Denver,CO,Subsys,REP-S796,Sasha Gomez,TERR-S02,3,7.0,5,4,0,-0.9750899442844405,0.3603844828733032,0.8716323122613527,3.1818,0.029614579535695018,17.6461,synthetic,0.589362584014973,0.13864971517290903,-1.328576142997881,0.5079552237506465,0.37298385385674826,0.7569635952663532,-1.328576142997881,1.1418888875609552,80.0,1.3333333333333333,0.0,2.896022429404979,1.6094379124341003,560.0,0.0,17.102,37972.5,14.0
2001000122,Dr. Rebecca Harris,Palliative Care,Portland,OR,Subsys,REP-S651,Silas Dubois,TERR-S11,3,10.0,2,1,2,2.5233133697731263,1.3810115780914503,1.7711681784066917,4.4461,0.04173627121224888,24.168,synthetic,-1.1244163254332475,-1.198329681137286,2.5160772128669047,1.2537983048670134,-1.6863788313340304,0.4980175348562611,2.5160772128669047,1.4762721515761623,50.0,0.3333333333333333,2.0,3.183837075103673,0.6931471805599453,500.0,2.0,23.1392,50081.17,34.0
2001000123,Dr. Linda Wright,Pain Management,Seattle,WA,Abstral,REP-S763,Sean Muller,TERR-S11,3,6.0,2,1,0,0.0744310499328295,-0.13124833624878904,-0.0722211475014245,0.8364,0.00778198738184166,14.3126,synthetic,-1.1244163254332475,-1.198329681137286,-1.328576142997881,0.05412736673914654,-1.6863788313340304,-0.36513599984404566,-1.328576142997881,0.9586045038082169,50.0,0.3333333333333333,0.0,2.7208940315140246,0.6931471805599453,300.0,0.0,14.1939,25267.27,20.0
2001000124,Dr. Mary Walker,Internal Medicine,Chicago,IL,Subsys,REP-S606,Stella O'Connor,TERR-S08,3,2.0,5,3,1,0.7741117127443429,-0.8731014832765955,-0.08047237977158815,3.8812,0.03461604259585549,10.1863,synthetic,-0.5531566889505074,-0.3070100835971559,-0.6878005836870834,-0.829074498603335,-0.12853109880191332,-1.1419741810743218,-0.6878005836870834,0.649002184021435,60.0,1.0,0.3333333333333333,2.380073772682245,1.3862943611198906,120.0,0.3333333333333333,9.8057,25156.2,24.0
2001000125,Dr. Melissa Harris,Palliative Care,Phoenix,AZ,Subsys,REP-S513,Spencer Brooks,TERR-S13,3,1.0,5,3,4,-1.3249302756901973,-1.2195656005727047,-1.0120711958386222,5.2789,0.04570572478629531,8.1658,synthetic,-0.5531566889505074,-0.3070100835971559,1.2345260942453093,-1.374046929529247,-0.12853109880191332,-1.4009202414844137,1.2345260942453093,0.49484898740104194,60.0,1.0,1.3333333333333333,2.169773441293872,1.3862943611198906,60.0,1.3333333333333333,7.7563,12615.93,12.0
2001000127,Dr. Jennifer Carter,Oncology,Phoenix,AZ,Subsys,REP-S849,Seth Kim,TERR-S13,3,3.0,4,2,0,-0.2754092814729272,-0.7540181787858279,-0.5249780814779388,2.9247,0.026356572891897745,10.8175,synthetic,-1.1244163254332475,-0.752669882367221,-1.328576142997881,-0.665424593608211,-0.77509632596926,-1.0125011508692756,-1.328576142997881,0.7017522159486841,50.0,0.6666666666666666,0.0,2.4432249107933566,1.0986122886681098,150.0,0.0,10.5101,19172.7,18.0
2001000128,Dr. Dorothy Walker,Neurology,Austin,TX,Lazanda,REP-S695,Stephen Larsson,TERR-S13,3,3.0,3,2,0,-0.9750899442844405,-0.6238109653860701,-0.05266467955219799,2.4609,0.022353597220754473,11.5579,synthetic,-0.1723169312953478,-0.752669882367221,-1.328576142997881,-0.49757583299342384,-0.77509632596926,-0.7967127671941991,-1.328576142997881,0.7720599339913221,66.66666666666666,0.6666666666666666,0.0,2.5079963523880164,1.0986122886681098,199.99999999999997,0.0,11.2803,25530.52,14.0
2001000129,Dr. Thomas Taylor,Palliative Care,Las Vegas,NV,Abstral,REP-S612,Sienna O'Connor,TERR-S14,3,9.0,5,3,4,0.42427138133858616,0.8311388407452396,1.1880073046617685,8.3312,0.07633453515992672,21.5434,synthetic,-0.5531566889505074,-0.3070100835971559,1.2345260942453093,0.8787467696560511,-0.12853109880191332,0.6706482417963224,1.2345260942453093,1.2687575097468586,60.0,1.0,1.3333333333333333,3.0391078050219242,1.3862943611198906,540.0,1.3333333333333333,19.8866,42231.23,22.0
2001000130,Dr. Richard King,Neurology,Nashville,TN,Fentora,REP-S764,Sarah Muller,TERR-S12,1,1.0,11,10,1,0.0744310499328295,-1.3929836212237972,-1.100170019546078,5.8017,0.049267441909482734,7.1209,synthetic,1.2125549147234167,2.8126085077932994,-1.1363434752046417,-1.6969351946716722,2.145041139077878,-1.2675237861216389,-1.1363434752046417,0.4606570202679533,90.9090909090909,3.3333333333333335,0.1,2.0451735435605123,2.3978952727983707,90.9090909090909,0.1,6.7305,11430.03,20.0
2001000131,Dr. Sarah Walker,Anesthesiology,Houston,TX,Actiq,REP-S774,Selena Muller,TERR-S08,3,1.0,5,3,2,0.5991915470414645,-1.3610657792478504,-1.3069010150780322,3.534,0.030419177893111993,7.1639,synthetic,-0.5531566889505074,-0.3070100835971559,-0.04702502437628586,-1.6344065752179162,-0.12853109880191332,-1.4009202414844137,-0.04702502437628586,0.46436707690065193,60.0,1.0,0.6666666666666666,2.069302818081869,1.3862943611198906,60.0,0.6666666666666666,6.9193,8647.22,23.0
2001000133,Dr. Richard Hall,Anesthesiology,Baltimore,MD,Fentora,REP-S556,Sasha Chen,TERR-S14,3,6.0,3,2,1,1.4737923755558562,-0.04501268374915704,-0.705814307653533,3.3149,0.030564780108360612,15.1914,synthetic,-0.1723169312953478,-0.752669882367221,-0.3674128040316846,0.13969911256970804,-0.77509632596926,0.06644076750610747,-0.3674128040316846,0.9868127554445084,66.66666666666666,0.6666666666666666,0.5,2.75391545697416,1.0986122886681098,399.99999999999994,0.5,14.704,16738.46,28.0
2001000134,Dr. Elizabeth Garcia,Neurology,Detroit,MI,Subsys,REP-S746,Stella Tanaka,TERR-S08,3,5.0,5,3,3,1.6487125412587345,-0.30978876480174145,-0.43070661989051656,4.6684,0.0424655949000976,13.7511,synthetic,-0.5531566889505074,-0.3070100835971559,0.5937505349345118,-0.13256224680298392,-0.12853109880191332,-0.36513599984404566,0.5937505349345118,0.8991931952865785,60.0,1.0,1.0,2.6488520613762456,1.3862943611198906,300.0,1.0,13.1378,20441.69,29.0
2001000136,Dr. Laura Lee,Pain Management,Denver,CO,Abstral,REP-S573,Spencer Kapoor,TERR-S03,3,10.0,2,1,1,0.7741117127443429,1.7457337829585466,0.6255268850391833,2.6876,0.025526463381628783,25.9765,synthetic,-1.1244163254332475,-1.198329681137286,0.5937505349345118,1.475628887840694,-1.6863788313340304,0.4980175348562611,0.5937505349345118,1.708440575954103,50.0,0.3333333333333333,1.0,3.269439653260114,0.6931471805599453,500.0,1.0,25.2966,34659.67,24.0
2001000137,Dr. John Hill,Pain Management,Portland,OR,Abstral,REP-S641,Samuel Dubois,TERR-S01,1,1.0,10,7,1,-0.10048911577004885,-1.3878950245952169,-1.4995208953698898,6.8228,0.05774167511709383,7.2219,synthetic,0.01810294753223279,1.4756291114831046,-1.0539580461503961,-1.6868647335756037,1.4293166337302035,-1.3577625647493985,-1.0539580461503961,0.4565863933412122,70.0,2.3333333333333335,0.14285714285714285,2.049059650793751,2.0794415416798357,70.0,0.14285714285714285,6.7606,6054.36,19.0
2001000138,Dr. Lisa Thompson,Oncology,New York,NY,Abstral,REP-S826,Stella Alvarez,TERR-S04,2,8.0,8,6,2,-1.3249302756901973,0.5163558865121195,0.4745620957577355,7.8444,0.07168749856449086,19.4385,synthetic,0.30373276577360286,1.0299693127130392,-0.6878005836870834,0.6367749176586316,1.1292049358741694,0.9295943022064145,-0.6878005836870834,1.2034902609479121,75.0,2.0,0.3333333333333333,2.945732878559573,1.9459101490553132,600.0,0.3333333333333333,18.0246,32627.53,12.0
2001000139,Dr. Kimberly Jones,Pain Management,Charlotte,NC,Lazanda,REP-S745,Simon Tanaka,TERR-S07,1,1.0,9,6,2,-0.45032944717580553,-1.351598622729561,-0.6516831929873093,6.4802,0.0551271704959122,7.4273,synthetic,-0.1723169312953478,1.0299693127130392,-0.6878005836870834,-1.616146406232725,1.1292049358741694,-1.3721484569944034,-0.6878005836870834,0.4710864523079249,66.66666666666666,2.0,0.3333333333333333,2.0763492655182447,1.9459101490553132,66.66666666666666,0.3333333333333333,6.9753,17467.12,17.0
2001000140,Dr. Amanda Baker,Oncology,Seattle,WA,Actiq,REP-S534,Selena Patel,TERR-S06,2,9.0,8,7,0,-0.10048911577004885,1.3117999016881,0.5225176010009042,6.4391,0.05985041319029705,24.1934,synthetic,1.017807311377028,1.4756291114831046,-1.328576142997881,1.2094712738245468,1.4293166337302035,1.738800740987952,-1.328576142997881,1.5176532590622736,87.5,2.3333333333333335,0.0,3.166731642262134,2.0794415416798357,787.5,0.0,22.7298,33273.06,19.0
2001000141,Dr. Melissa Wilson,Neurology,Phoenix,AZ,Abstral,REP-S693,Spencer Larsson,TERR-S11,3,2.0,5,3,2,-0.8001697785815622,-1.1432028398707177,-1.3902572560167183,4.1383,0.03622761637066674,8.5477,synthetic,-0.5531566889505074,-0.3070100835971559,-0.04702502437628586,-1.2437014681866907,-0.12853109880191332,-1.1419741810743218,-0.04702502437628586,0.5617818620250146,60.0,1.0,0.6666666666666666,2.2200726714195818,1.3862943611198906,120.0,0.6666666666666666,8.208,7525.16,15.0
2001000142,Dr. Emily Wright,Oncology,Baltimore,MD,Subsys,REP-S600,Sloan Nakamura,TERR-S02,2,10.0,9,7,5,1.4737923755558562,1.8433638345534047,0.06524689307341185,6.9582,0.06484174113157914,27.6744,synthetic,0.46241599812992007,1.4756291114831046,0.04451434123954247,1.531922777861032,1.4293166337302035,1.6968418886066874,0.04451434123954247,1.7275960276950597,77.77777777777779,2.3333333333333335,0.7142857142857143,3.2911629975149856,2.0794415416798357,777.7777777777778,0.7142857142857143,25.8741,27117.73,28.0
2001000143,Dr. Richard Allen,Pain Management,Seattle,WA,Actiq,REP-S632,Sienna Novak,TERR-S06,2,1.0,7,4,3,0.9490318784472211,-1.7732082948895922,-1.4656765053668181,7.1723,0.056980016898172225,4.8028,synthetic,-0.7163737279455763,0.13864971517290903,0.11316886545141361,-2.587892453654045,0.37298385385674826,-1.4132510062658465,0.11316886545141361,0.3026574953582978,57.14285714285714,1.3333333333333333,0.75,1.7013605427844378,1.6094379124341003,57.14285714285714,0.75,4.4814,6509.94,25.0
2001000145,Dr. David Walker,Family Practice,Atlanta,GA,Subsys,REP-S783,Sean Gomez,TERR-S03,3,1.0,4,3,4,-0.45032944717580553,-1.8873551534815374,-1.3202157567704917,4.5955,0.03574399908275394,3.9811,synthetic,0.30373276577360286,-0.3070100835971559,1.2345260942453093,-2.928541904548912,-0.12853109880191332,-1.3361837263818908,1.2345260942453093,0.2664909389794975,75.0,1.0,1.3333333333333333,1.569906751096768,1.3862943611198906,75.0,1.3333333333333333,3.8062,8467.99,17.0
2001000146,Dr. Sandra Hill,Internal Medicine,Boston,MA,Lazanda,REP-S638,Summer Novak,TERR-S12,3,6.0,4,3,2,-1.4998504413930756,-0.05835123105796124,-0.7502619062810798,3.1906,0.02942501550789922,15.0917,synthetic,0.30373276577360286,-0.3070100835971559,-0.04702502437628586,0.1266465863653555,-0.12853109880191332,0.2822291511811844,-0.04702502437628586,0.9679800362576755,75.0,1.0,0.6666666666666666,2.7488785956019854,1.3862943611198906,450.0,0.6666666666666666,14.6251,16140.15,11.0
2001000147,Dr. Ashley Williams,Anesthesiology,Austin,TX,Lazanda,REP-S656,Sasha Dubois,TERR-S02,3,6.0,4,4,2,0.42427138133858616,-0.07480041550848902,0.2623218593402555,7.531,0.06808913716455,15.6219,synthetic,1.7318818569804533,0.13864971517290903,-0.3674128040316846,0.11045906544137105,0.37298385385674826,0.9295943022064145,-0.3674128040316846,0.9749876461198808,100.0,1.3333333333333333,0.5,2.7426319658249776,1.6094379124341003,600.0,0.5,14.5278,29770.56,22.0
2001000148,Dr. Kathleen Miller,Family Practice,Detroit,MI,Abstral,REP-S619,Solomon O'Connor,TERR-S07,3,7.0,3,2,0,0.5991915470414645,0.38802519877937985,-0.13660334293617163,2.6333,0.02458377828248537,17.7201,synthetic,-0.1723169312953478,-0.752669882367221,-1.328576142997881,0.5312560760446459,-0.77509632596926,0.3541586124062098,-1.328576142997881,1.2088432838396599,66.66666666666666,0.6666666666666666,0.0,2.9050140346330346,1.0986122886681098,466.66666666666663,0.0,17.2655,24400.62,23.0
2001000149,Dr. Linda Jones,Family Practice,Seattle,WA,Subsys,REP-S563,Sean Kapoor,TERR-S07,3,3.0,5,4,4,-1.1500101099873188,-0.6379947945268641,-0.20360941091780044,3.7414,0.03376953679634642,11.6153,synthetic,0.589362584014973,0.13864971517290903,0.5937505349345118,-0.5153412484481581,0.37298385385674826,-0.6240820602541377,0.5937505349345118,0.7839154929299684,80.0,1.3333333333333333,1.0,2.501140826226748,1.6094379124341003,240.0,1.0,11.1964,23498.65,13.0
2001000150,Dr. Elizabeth Torres,Neurology,Miami,FL,Subsys,REP-S667,Scott Kowalski,TERR-S13,3,3.0,2,2,2,0.42427138133858616,-0.8225536297235866,-0.07358880020776926,5.9892,0.05306619574020166,10.7099,synthetic,1.7318818569804533,-0.752669882367221,0.5937505349345118,-0.7583430724642742,-0.77509632596926,-0.36513599984404566,0.5937505349345118,0.6915980971252637,100.0,0.6666666666666666,1.0,2.407368442123311,1.0986122886681098,300.0,1.0,10.1047,25248.86,22.0
2001000151,Dr. Jennifer Sanchez,Internal Medicine,Portland,OR,Abstral,REP-S751,Silas Tanaka,TERR-S13,3,8.0,4,2,3,-0.10048911577004885,0.7115314615186374,-0.19868704979219468,5.5118,0.0510645662574416,20.2363,synthetic,-1.1244163254332475,-0.752669882367221,1.5549138739007082,0.7894460908440578,-0.77509632596926,0.06644076750610772,1.5549138739007082,1.269392066610798,50.0,0.6666666666666666,1.5,3.0046474153184275,1.0986122886681098,400.0,1.5,19.1791,23564.91,19.0
2001000152,Dr. Linda Rodriguez,Internal Medicine,Chicago,IL,Actiq,REP-S681,Samuel Larsson,TERR-S13,3,10.0,4,3,1,-0.9750899442844405,1.3757370194598322,1.680147584957762,2.1598,0.020491283561568707,23.6071,synthetic,0.30373276577360286,-0.3070100835971559,-0.6878005836870834,1.2504467439952738,-0.12853109880191332,1.5769594532316444,-0.6878005836870834,1.5294310929732013,75.0,1.0,0.3333333333333333,3.1825437356207975,1.3862943611198906,750.0,0.3333333333333333,23.108,48855.94,14.0
2001000153,Dr. Charles Johnson,Neurology,Portland,OR,Actiq,REP-S665,Simon Kowalski,TERR-S11,3,4.0,2,2,3,-0.45032944717580553,-0.43477213647980023,-1.0681806153158162,3.5991,0.03276695047776146,12.8448,synthetic,1.7318818569804533,-0.752669882367221,1.5549138739007082,-0.27174456823426785,-0.77509632596926,0.06644076750610772,1.5549138739007082,0.8485931306429267,100.0,0.6666666666666666,1.5,2.5951427603925756,1.0986122886681098,400.0,1.5,12.3985,11860.64,17.0
2001000154,Dr. Patricia Lopez,Oncology,Phoenix,AZ,Lazanda,REP-S552,Sienna Chen,TERR-S10,3,8.0,3,3,2,-0.6252496128786839,0.5796336844548999,-0.418612439521536,5.1925,0.048075828347947436,19.3543,synthetic,1.7318818569804533,-0.3070100835971559,-0.04702502437628586,0.6872644344514838,-0.12853109880191332,1.7927478369067211,-0.04702502437628586,1.2284820169187967,100.0,1.0,0.6666666666666666,2.9652163634307906,1.3862943611198906,800.0,0.6666666666666666,18.3989,20604.49,16.0
2001000155,Dr. Melissa Hernandez,Orthopedics,Baltimore,MD,Fentora,REP-S682,Sophia Larsson,TERR-S14,3,10.0,5,4,0,1.4737923755558562,1.769604541893947,1.2964611985234045,4.8653,0.04574912770827355,26.6754,synthetic,0.589362584014973,0.13864971517290903,-1.328576142997881,1.489506230016198,0.37298385385674826,1.7927478369067211,-1.328576142997881,1.6609502030205572,80.0,1.3333333333333333,0.0,3.2747948042598445,1.6094379124341003,800.0,0.0,25.4378,43691.13,28.0
2001000156,Dr. David Nguyen,Palliative Care,Detroit,MI,Actiq,REP-S531,Silas Patel,TERR-S03,3,1.0,4,3,3,0.5991915470414645,-1.1991774027851032,-1.1851323795239368,5.2107,0.045195478535983824,8.2873,synthetic,0.30373276577360286,-0.3070100835971559,0.5937505349345118,-1.338599273929554,-0.12853109880191332,-1.3361837263818908,0.5937505349345118,0.5025432214921118,75.0,1.0,1.0,2.183452396955704,1.3862943611198906,75.0,1.0,7.8769,10286.35,23.0
2001000157,Dr. Kimberly Ramirez,Oncology,Chicago,IL,Abstral,REP-S703,Sean Rossi,TERR-S07,2,3.0,6,5,4,0.5991915470414645,-0.7937126136160838,-1.1546970923288045,4.9933,0.04450150453920321,10.7884,synthetic,0.7797824628425536,0.5843095139429743,0.20928519934803333,-0.7188344462959547,0.7827514065628568,-0.5809243835191222,0.20928519934803333,0.6860747799295452,83.33333333333334,1.6666666666666667,0.8,2.42261449257357,1.791759469228055,250.00000000000003,0.8,10.2753,10696.04,23.0
2001000159,Dr. Sarah Perez,Oncology,Philadelphia,PA,Subsys,REP-S638,Summer Novak,TERR-S12,1,8.0,9,5,2,-0.45032944717580553,0.5618827659831075,1.3498278837301885,6.9464,0.06378702990743568,19.5647,synthetic,-0.807049860720614,0.5843095139429743,-0.5596454718249239,0.6731999188882839,0.7827514065628568,0.2582526641061759,-0.5596454718249239,1.2214712384604935,55.55555555555556,1.6666666666666667,0.4,2.9597889837764977,1.791759469228055,444.44444444444446,0.4,18.2939,44409.5,17.0
2001000160,Dr. Elizabeth Campbell,Palliative Care,Boston,MA,Fentora,REP-S711,Silas Rossi,TERR-S01,2,4.0,5,4,3,-1.3249302756901973,-0.48827847644477457,-0.7573289786305951,6.3301,0.056816919467464366,12.8468,synthetic,0.589362584014973,0.13864971517290903,0.11316886545141361,-0.33369335227138125,0.37298385385674826,-0.278820646374015,0.11316886545141361,0.7708270007322291,80.0,1.3333333333333333,0.75,2.571237239539021,1.6094379124341003,320.0,0.75,12.082,16045.02,12.0
2001000161,Dr. Sharon Ramirez,Neurology,Miami,FL,Fentora,REP-S702,Sophia Rossi,TERR-S06,3,4.0,2,1,2,0.5991915470414645,-0.5213289960755884,-1.0341958199018269,2.3262,0.0212296116791868,12.163,synthetic,-1.1244163254332475,-1.198329681137286,2.5160772128669047,-0.372712041286072,-1.6863788313340304,-0.796712767194199,2.5160772128669047,0.8135502074756744,50.0,0.3333333333333333,2.0,2.5561802517640837,0.6931471805599453,200.0,2.0,11.8865,12318.11,23.0
2001000162,Dr. Carol Thompson,Pain Management,Atlanta,GA,Actiq,REP-S600,Sloan Nakamura,TERR-S02,2,10.0,9,5,6,-0.45032944717580553,1.654325005647135,2.1217285453795505,8.7022,0.08032848633498268,26.9102,synthetic,-0.807049860720614,0.5843095139429743,0.9782158705209902,1.4217901376994504,0.7827514065628568,0.7377824056063462,0.9782158705209902,1.6719236598697917,55.55555555555556,1.6666666666666667,1.2,3.2486637270779353,1.791759469228055,555.5555555555555,1.2,24.7559,54800.07,17.0
2001000163,Dr. Kimberly Adams,Palliative Care,Detroit,MI,Abstral,REP-S835,Stephen Alvarez,TERR-S13,3,2.0,5,4,2,0.0744310499328295,-1.0361732543041289,-1.213558903591445,5.5,0.04823306392223703,9.3274,synthetic,0.589362584014973,0.13864971517290903,-0.3674128040316846,-1.071386738304732,0.37298385385674826,-0.9693434741342604,-0.3674128040316846,0.5640588144490739,80.0,1.3333333333333333,0.5,2.286567493434166,1.6094379124341003,160.0,0.5,8.8411,9903.7,20.0
2001000164,Dr. David Hernandez,Orthopedics,Austin,TX,Subsys,REP-S664,Sarah Kowalski,TERR-S10,3,9.0,3,2,3,0.0744310499328295,1.0762536663857336,1.4345220619443373,3.8165,0.03580722545434423,22.1508,synthetic,-0.1723169312953478,-0.752669882367221,1.5549138739007082,1.052666832585284,-0.77509632596926,0.9295943022064139,1.5549138739007082,1.3931575846475766,66.66666666666666,0.6666666666666666,1.5,3.1062221117162325,1.0986122886681098,599.9999999999999,1.5,21.3365,45549.57,20.0
2001000165,Dr. John King,Palliative Care,Los Angeles,CA,Lazanda,REP-S582,Sophia Nakamura,TERR-S12,2,7.0,9,6,5,-0.45032944717580553,0.33384263334881353,0.9483486401694524,6.6071,0.060516442297334994,18.0645,synthetic,-0.1723169312953478,1.0299693127130392,0.2733627552791131,0.48538177873499977,1.1292049358741694,0.3541586124062098,0.2733627552791131,1.0810845495288546,66.66666666666666,2.0,0.8333333333333334,2.8873115245995704,1.9459101490553132,466.66666666666663,0.8333333333333334,16.945,39005.18,17.0
2001000166,Dr. Michael Hill,Pain Management,Boston,MA,Abstral,REP-S778,Summer Muller,TERR-S12,1,2.0,12,10,8,-0.8001697785815622,-0.8416739047632029,-0.505179432767024,7.8356,0.06880483143993343,10.7745,synthetic,0.7797824628425536,2.8126085077932994,0.20928519934803333,-0.7848714940928804,2.145041139077878,-0.9405716896442501,0.20928519934803333,0.6747964097429304,83.33333333333334,3.3333333333333335,0.8,2.3971313447159655,2.3978952727983707,166.66666666666669,0.8,9.9916,19439.21,15.0
2001000167,Dr. Laura Campbell,Pain Management,Phoenix,AZ,Actiq,REP-S805,Simon Vargas,TERR-S11,3,3.0,5,3,3,-1.4998504413930756,-0.6916870964948766,-0.2050780960891441,6.3717,0.05671682020369628,11.572,synthetic,-0.5531566889505074,-0.3070100835971559,0.5937505349345118,-0.5837167234906794,-0.12853109880191332,-0.8830281206642296,0.5937505349345118,0.7347146785611305,60.0,1.0,1.0,2.474755298731625,1.3862943611198906,180.0,1.0,10.8788,23478.88,11.0
2001000168,Dr. Ashley Hernandez,Oncology,Columbus,OH,Abstral,REP-S532,Sienna Patel,TERR-S04,2,5.0,5,4,2,0.9490318784472211,-0.23144804461289736,0.1356784073499653,6.1124,0.05537195816836071,14.4325,synthetic,0.589362584014973,0.13864971517290903,-0.3674128040316846,-0.04898528277877166,0.37298385385674826,0.06644076750610772,-0.3674128040316846,0.9081428568292635,80.0,1.3333333333333333,0.5,2.681103717117553,1.6094379124341003,400.0,0.5,13.6012,28065.81,25.0
2001000169,Dr. Susan Sanchez,Pain Management,Charlotte,NC,Fentora,REP-S680,Sloan Kowalski,TERR-S12,1,6.0,14,7,6,-1.1500101099873188,0.012770782285687248,-0.3526040671317709,11.0813,0.09885734573731142,16.7131,synthetic,-1.1244163254332475,1.4756291114831046,0.319132438087027,0.1954963136313717,1.4293166337302035,-0.36513599984404566,0.319132438087027,1.016138738711536,50.0,2.3333333333333335,0.8571428571428571,2.775447133088262,2.0794415416798357,300.0,0.8571428571428571,15.0458,21493.03,13.0
2001000170,Dr. Deborah Robinson,Family Practice,Denver,CO,Subsys,REP-S530,Sadie Patel,TERR-S02,3,1.0,2,2,1,0.42427138133858616,-1.8377371099437174,-1.5742737761824601,2.488,0.019803780765903056,4.2017,synthetic,1.7318818569804533,-0.752669882367221,-0.3674128040316846,-2.7749367215723892,-0.77509632596926,-1.2282895345443523,-0.3674128040316846,0.287040329602818,100.0,0.6666666666666666,0.5,1.6291817144706968,1.0986122886681098,100.0,0.5,4.0997,5048.11,22.0
2001000171,Dr. Susan Torres,Neurology,Phoenix,AZ,Abstral,REP-S603,Sean O'Connor,TERR-S05,3,8.0,3,2,2,-0.10048911577004885,0.6203593631201838,0.15124037850287686,2.9031,0.027178492968381374,19.1809,synthetic,-0.1723169312953478,-0.752669882367221,0.5937505349345118,0.7192468702538668,-0.77509632596926,0.6418764573063119,0.5937505349345118,1.2757677329159194,66.66666666666666,0.6666666666666666,1.0,2.9775581195750807,1.0986122886681098,533.3333333333333,1.0,18.6398,28275.29,19.0
2001000172,Dr. Richard Wright,Pain Management,Jacksonville,FL,Lazanda,REP-S572,Sienna Kapoor,TERR-S02,2,7.0,8,7,2,-1.4998504413930756,0.25347323676319305,1.1273061082275309,4.2302,0.03910600182113999,17.1663,synthetic,1.017807311377028,1.4756291114831046,-0.7793399493029116,0.4158044907780853,1.4293166337302035,0.9835413981251836,-0.7793399493029116,1.112297024490789,87.5,2.3333333333333335,0.2857142857142857,2.8604622274900207,2.0794415416798357,612.5,0.2857142857142857,16.4696,41414.13,11.0
2001000173,Dr. Emily King,Pain Management,New York,NY,Subsys,REP-S649,Seth Dubois,TERR-S09,3,1.0,5,4,5,0.7741117127443429,-1.2114678006222395,-1.335392170207709,9.026,0.07696777190778636,8.5086,synthetic,0.589362584014973,0.13864971517290903,1.07433220441761,-1.3599097008039727,0.37298385385674826,-1.314604888014383,1.07433220441761,0.5270673506661373,80.0,1.3333333333333333,1.25,2.1752288803530315,1.6094379124341003,80.0,1.25,7.8042,8263.7,24.0
2001000174,Dr. James Allen,Oncology,Phoenix,AZ,Actiq,REP-S549,Seth Chen,TERR-S07,1,5.0,12,8,6,0.0744310499328295,-0.2773975649998803,0.3351655237186564,10.4242,0.09255043923689321,14.7189,synthetic,-0.1723169312953478,1.9212889102531692,0.11316886545141361,-0.09767859992286376,1.6940339119276273,-0.22127707739399485,0.11316886545141361,0.889994956020056,66.66666666666666,2.6666666666666665,0.75,2.6623133707611264,2.1972245773362196,333.33333333333326,0.75,13.3294,30751.11,20.0
2001000175,Dr. Barbara Williams,Internal Medicine,Houston,TX,Subsys,REP-S691,Silas Larsson,TERR-S09,3,6.0,5,2,1,-0.45032944717580553,-0.0733972476673854,-0.6818510413045036,1.7906,0.016615717778845518,14.7964,synthetic,-1.6956759619159878,-0.752669882367221,-0.3674128040316846,0.11184386429260587,-0.77509632596926,-0.6240820602541377,-0.3674128040316846,0.9620894629811213,40.0,0.6666666666666666,0.5,2.7431663481914876,1.0986122886681098,240.0,0.5,14.5361,17061.03,17.0
2001000176,Dr. Thomas Davis,Pain Management,Austin,TX,Fentora,REP-S616,Sasha O'Connor,TERR-S04,2,5.0,8,6,1,-0.2754092814729272,-0.29854651643627295,0.07781503456496036,3.6054,0.03296853510271491,13.6804,synthetic,0.30373276577360286,1.0299693127130392,-1.0081883633424822,-0.12040164724569907,1.1292049358741694,-0.04145342433143062,-1.0081883633424822,0.891770510545716,75.0,2.0,0.16666666666666666,2.6535447356688393,1.9459101490553132,375.0,0.16666666666666666,13.2043,27286.91,18.0
2001000177,Dr. Ashley Robinson,Pain Management,Seattle,WA,Subsys,REP-S708,Serena Rossi,TERR-S12,1,2.0,11,6,1,-1.1500101099873188,-0.8605913121631419,-0.8752613520578224,3.4667,0.03099529178683147,10.2222,synthetic,-0.8647528543047296,1.0299693127130392,-1.0081883633424822,-0.8113884611871096,1.1292049358741694,-1.1890552829670658,-1.0081883633424822,0.667239089769129,54.54545454545454,2.0,0.16666666666666666,2.386898667518228,1.9459101490553132,109.09090909090908,0.16666666666666666,9.8797,14457.53,13.0
2001000178,Dr. David Ramirez,Family Practice,Seattle,WA,Abstral,REP-S725,Simon Santos,TERR-S01,3,8.0,5,4,0,-0.2754092814729272,0.6205284194865814,-0.09459092386940575,1.5464,0.014566922056912457,18.929,synthetic,0.589362584014973,0.13864971517290903,-1.328576142997881,0.7193788132854965,0.37298385385674826,1.1022250091464758,-1.328576142997881,1.3051348576871988,80.0,1.3333333333333333,0.0,2.9776090352943014,1.6094379124341003,640.0,0.0,18.6408,24966.15,18.0
2001000179,Dr. Thomas Martinez,Emergency Medicine,Denver,CO,Actiq,REP-S611,Silas O'Connor,TERR-S13,3,10.0,3,2,0,-0.2754092814729272,2.26799961567196,2.5311195224126233,1.4132,0.013560446416213345,28.7871,synthetic,-0.1723169312953478,-0.752669882367221,-1.328576142997881,1.7634695374465703,-0.77509632596926,1.217312147106516,-1.328576142997881,1.9424673671038901,66.66666666666666,0.6666666666666666,0.0,3.380514967466953,1.0986122886681098,666.6666666666665,0.0,28.3859,60310.89,18.0
2001000180,Dr. Sharon Taylor,Palliative Care,Miami,FL,Subsys,REP-S680,Sloan Kowalski,TERR-S12,2,7.0,5,2,1,0.24935121563570783,0.4442871575166419,0.7686505149966396,3.7653,0.03501214740943048,18.261,synthetic,-1.6956759619159878,-0.752669882367221,-0.3674128040316846,0.5780467808255503,-0.77509632596926,-0.4514513533140763,-0.3674128040316846,1.1227648408364497,40.0,0.6666666666666666,0.5,2.923070178692655,1.0986122886681098,280.0,0.5,17.5983,36586.26,21.0
2001000183,Dr. Nancy Thomas,Oncology,Columbus,OH,Actiq,REP-S586,Stella Nakamura,TERR-S02,2,5.0,8,3,1,2.1734730383673697,-0.31367706122889594,-0.689626083794783,6.3147,0.05701907047760413,13.943,synthetic,-1.8384908710366727,-0.3070100835971559,-0.6878005836870834,-0.13678148537280096,-0.12853109880191332,-0.8506598631129682,-0.6878005836870834,0.8756662602376574,37.5,1.0,0.3333333333333333,2.647223892281652,1.3862943611198906,187.5,0.3333333333333333,13.1148,16956.37,32.0
2001000184,Dr. Thomas Garcia,Neurology,Denver,CO,Abstral,REP-S833,Spencer Alvarez,TERR-S11,3,3.0,3,2,1,-1.1500101099873188,-0.7429111755134777,-0.3337637410668009,2.8254,0.025493374388846135,10.8747,synthetic,-0.1723169312953478,-0.752669882367221,-0.3674128040316846,-0.6506748557007986,-0.77509632596926,-0.7967127671941991,-0.3674128040316846,0.7238416930316945,66.66666666666666,0.6666666666666666,0.5,2.448916712054845,1.0986122886681098,199.99999999999997,0.5,10.5758,21746.64,13.0
2001000185,Dr. Kimberly Rodriguez,Pain Management,Denver,CO,Abstral,REP-S800,Sloan Gomez,TERR-S06,2,2.0,5,3,1,-1.3249302756901973,-0.8398311903694646,-0.2114520560133364,1.8427,0.01661199210788844,10.1868,synthetic,-0.5531566889505074,-0.3070100835971559,-0.6878005836870834,-0.7823029625140157,-0.12853109880191332,-1.1419741810743218,-0.6878005836870834,0.6755325561925679,60.0,1.0,0.3333333333333333,2.3981225197031093,1.3862943611198906,120.0,0.3333333333333333,10.0025,23393.08,12.0
2001000186,Dr. Laura Hernandez,Anesthesiology,New York,NY,Subsys,REP-S729,Seth Santos,TERR-S05,3,6.0,3,2,3,-0.2754092814729272,-0.06203665984543797,-0.7625923243255721,3.7858,0.03482144658042641,15.1562,synthetic,-0.1723169312953478,-0.752669882367221,1.5549138739007082,0.12302856271058187,-0.77509632596926,0.06644076750610747,1.5549138739007082,0.9800545913753257,66.66666666666666,0.6666666666666666,1.5,2.7474824303459244,1.0986122886681098,399.99999999999994,1.5,14.6033,15974.17,18.0
2001000187,Dr. Laura Wright,Palliative Care,Baltimore,MD,Subsys,REP-S824,Sarah Alvarez,TERR-S02,3,2.0,3,2,3,0.24935121563570783,-1.1185037047399662,-0.7002211206757656,3.6914,0.032427314711307886,8.6624,synthetic,-0.1723169312953478,-0.752669882367221,1.5549138739007082,-1.202907434725268,-0.77509632596926,-1.0844306120943012,1.5549138739007082,0.5329883998358811,66.66666666666666,0.6666666666666666,1.5,2.2358147498601917,1.0986122886681098,133.33333333333331,1.5,8.3541,16813.75,21.0
2001000188,Dr. Karen Miller,Internal Medicine,Chicago,IL,Subsys,REP-S832,Sienna Alvarez,TERR-S10,3,5.0,2,2,2,1.823632706961613,-0.17660615935337873,0.7048403416063711,2.6875,0.024768432953666153,14.2999,synthetic,1.7318818569804533,-0.752669882367221,0.5937505349345118,0.007958525627738638,-0.77509632596926,0.4980175348562611,0.5937505349345118,0.921682777752623,100.0,0.6666666666666666,1.0,2.703077859475652,1.0986122886681098,500.0,1.0,13.9256,35727.31,30.0
2001000189,Dr. Lisa Lopez,Internal Medicine,Philadelphia,PA,Subsys,REP-S647,Scott Dubois,TERR-S07,3,3.0,5,4,3,-0.2754092814729272,-0.6639956636788803,-0.9062783188124703,6.6952,0.059579744284321556,11.7819,synthetic,0.589362584014973,0.13864971517290903,0.11316886545141361,-0.5482273229703225,0.37298385385674826,-0.6240820602541377,0.11316886545141361,0.7308679153222206,80.0,1.3333333333333333,0.75,2.4884503634113653,1.6094379124341003,240.0,0.75,11.0426,14040.01,18.0
2001000190,Dr. Carol Johnson,Orthopedics,Miami,FL,Actiq,REP-S628,Serena Novak,TERR-S02,3,8.0,3,2,1,-1.1500101099873188,0.7445819811494514,0.03500029886438039,2.1743,0.020462016208762535,19.7958,synthetic,-0.1723169312953478,-0.752669882367221,-0.3674128040316846,0.8144313704159261,-0.77509632596926,0.6418764573063119,-0.3674128040316846,1.2650561685146549,66.66666666666666,0.6666666666666666,0.5,3.0142890270323774,1.0986122886681098,533.3333333333333,0.5,19.3746,26710.58,13.0
2001000191,Dr. Robert Jackson,Palliative Care,Phoenix,AZ,Subsys,REP-S629,Seth Novak,TERR-S03,3,5.0,2,1,1,0.9490318784472211,-0.1585002225121503,-0.8158408906946,1.3371,0.012402234795999778,14.2203,synthetic,-1.1244163254332475,-1.198329681137286,0.5937505349345118,0.026486960142154972,-1.6863788313340304,-0.5809243835191223,0.5937505349345118,0.8952809181571885,50.0,0.3333333333333333,1.0,2.7102278283499843,0.6931471805599453,250.0,1.0,14.0327,15257.39,25.0
2001000192,Dr. Betty Miller,Anesthesiology,Atlanta,GA,Subsys,REP-S713,Spencer Rossi,TERR-S03,3,9.0,3,2,0,-0.10048911577004885,1.1174019859670121,-0.5103365457965977,3.26,0.030680530295469577,22.2834,synthetic,-0.1723169312953478,-0.752669882367221,-1.328576142997881,1.0807524810434783,-0.77509632596926,0.9295943022064139,-1.328576142997881,1.4482671777215006,66.66666666666666,0.6666666666666666,0.0,3.1170601300137464,1.0986122886681098,599.9999999999999,0.0,21.5799,19369.79,19.0
2001000195,Dr. Betty Brown,Oncology,Phoenix,AZ,Fentora,REP-S845,Simon Kim,TERR-S09,3,9.0,3,2,3,1.1239520441500994,0.93970683924605,-0.2520485347985741,2.9222,0.027479315881378863,21.1286,synthetic,-0.1723169312953478,-0.752669882367221,1.5549138739007082,0.9572241495675095,-0.77509632596926,0.9295943022064139,1.5549138739007082,1.3706939887125096,66.66666666666666,0.6666666666666666,1.5,3.0693915736408814,1.0986122886681098,599.9999999999999,1.5,20.5288,22846.61,26.0
2001000196,Dr. Melissa Scott,Pain Management,Boston,MA,Abstral,REP-S520,Sloan Brooks,TERR-S06,2,8.0,6,5,1,0.0744310499328295,0.6559457282469677,0.9666919756529204,3.9936,0.037222429541511115,19.6031,synthetic,0.7797824628425536,0.5843095139429743,-0.9441108074114024,0.7468737954254735,0.7827514065628568,1.2173121471065171,-0.9441108074114024,1.2730808641836304,83.33333333333334,1.6666666666666667,0.2,2.98821912036912,1.791759469228055,666.6666666666667,0.2,18.8503,39252.1,20.0
2001000197,Dr. Michelle Perez,Palliative Care,Las Vegas,NV,Subsys,REP-S797,Stanley Gomez,TERR-S03,3,3.0,3,2,0,-0.6252496128786839,-0.754947988801017,-0.6676507797717602,3.7772,0.033909084865903605,10.9014,synthetic,-0.1723169312953478,-0.752669882367221,-1.328576142997881,-0.6666631675849248,-0.77509632596926,-0.7967127671941991,-1.328576142997881,0.6701894812027622,66.66666666666666,0.6666666666666666,0.0,2.442746955390531,1.0986122886681098,199.99999999999997,0.0,10.5046,17252.18,16.0
2001000198,Dr. Sandra Williams,Pain Management,Jacksonville,FL,Abstral,REP-S668,Serena Kowalski,TERR-S14,3,6.0,5,2,2,1.823632706961613,-0.12139235008778412,0.30154548521874386,5.1322,0.04684569801759508,14.9837,synthetic,-1.6956759619159878,-0.752669882367221,0.5937505349345118,0.06405171480585871,-0.77509632596926,-0.6240820602541377,0.5937505349345118,0.9625418742682046,40.0,0.6666666666666666,1.0,2.7247237549436982,1.0986122886681098,240.0,1.0,14.2522,30298.55,30.0
2001000199,Dr. Michelle Rivera,Oncology,Chicago,IL,Fentora,REP-S658,Summer Dubois,TERR-S04,1,3.0,12,11,0,-0.45032944717580553,-0.723216108828108,-1.006981685414305,5.6736,0.050579321995095405,11.2989,synthetic,1.2558321599115025,3.258268306563364,-1.328576142997881,-0.6247251041478548,2.340599139094974,-0.473030191681584,-1.328576142997881,0.7139175858068063,91.66666666666666,3.6666666666666665,0.0,2.4589305054897865,2.4849066497880004,275.0,0.0,10.6923,12684.44,17.0
2001000200,Dr. Sharon Mitchell,Neurology,Philadelphia,PA,Abstral,REP-S783,Sean Gomez,TERR-S03,3,5.0,4,3,0,1.1239520441500994,-0.34116562640521475,-0.9436402729462006,1.4351,0.013229005822496198,13.138,synthetic,0.30373276577360286,-0.3070100835971559,-1.328576142997881,-0.16680724314347872,-0.12853109880191332,-0.04145342433143062,-1.328576142997881,0.8864901356384495,75.0,1.0,0.0,2.635637201926266,1.3862943611198906,375.0,0.0,12.9522,13537.08,26.0
2001000201,Dr. Richard Smith,Neurology,Phoenix,AZ,Subsys,REP-S692,Sienna Larsson,TERR-S10,3,6.0,3,3,1,0.0744310499328295,0.03342947025952562,-0.2918738981524235,2.5748,0.023871624219194754,15.5586,synthetic,1.7318818569804533,-0.3070100835971559,-0.6878005836870834,0.215156874470591,-0.12853109880191332,0.9295943022064145,-0.6878005836870834,1.0381465988298515,100.0,1.0,0.3333333333333333,2.7830339801013197,1.3862943611198906,600.0,0.3333333333333333,15.168,22310.52,20.0
2001000202,Dr. Melissa Scott,Oncology,Houston,TX,Abstral,REP-S536,Sasha Patel,TERR-S08,3,3.0,5,4,4,1.9985528726644912,-0.6935805277985345,-0.18940617784196914,6.0807,0.0541860694365619,11.5284,synthetic,0.589362584014973,0.13864971517290903,0.5937505349345118,-0.5861611942530757,0.37298385385674826,-0.6240820602541377,0.5937505349345118,0.72562224736624,80.0,1.3333333333333333,1.0,2.4738119977823865,1.6094379124341003,240.0,1.0,10.8676,23689.84,31.0
2001000204,Dr. Mary Sanchez,Oncology,Phoenix,AZ,Abstral,REP-S773,Spencer Muller,TERR-S07,1,10.0,12,11,11,-0.6252496128786839,1.6703684548183073,0.8645852978276827,9.0141,0.08310413222353308,27.0909,synthetic,1.2558321599115025,3.258268306563364,0.5937505349345118,1.4313208461489784,2.340599139094974,2.2962540654818997,0.5937505349345118,1.6592709839199968,91.66666666666666,3.6666666666666665,1.0,3.252341548251194,2.4849066497880004,916.6666666666665,1.0,24.8508,37877.64,16.0
2001000205,Dr. Patricia Davis,Pain Management,Charlotte,NC,Abstral,REP-S567,Scott Kapoor,TERR-S11,3,1.0,2,1,0,0.42427138133858616,-1.2136486277487741,-1.1163701295771808,0.5663,0.005003783126058092,7.8354,synthetic,-1.1244163254332475,-1.198329681137286,-1.328576142997881,-1.3637094308853388,-1.6863788313340304,-1.444077918219429,-1.328576142997881,0.526196131473447,50.0,0.3333333333333333,0.0,2.1737625960972573,0.6931471805599453,50.0,0.0,7.7913,11211.96,22.0
2001000206,Dr. Michael Hall,Neurology,Austin,TX,Abstral,REP-S707,Scott Rossi,TERR-S11,3,1.0,3,1,0,-0.8001697785815622,-1.2430475298653902,-0.5872957973521579,1.0847,0.009539610612574023,7.7,synthetic,-2.076515719571148,-1.198329681137286,-1.328576142997881,-1.4154834951127246,-1.6863788313340304,-1.5160073794444546,-1.328576142997881,0.5213593026059145,33.33333333333333,0.3333333333333333,0.0,2.1537834150479642,0.6931471805599453,33.33333333333333,0.0,7.6174,18333.84,15.0
2001000207,Dr. Jessica Carter,Oncology,Houston,TX,Subsys,REP-S731,Silas Santos,TERR-S07,1,1.0,11,9,3,-0.6252496128786839,-1.2829448323353239,-1.3547710884574153,7.9067,0.06731314207767314,7.965,synthetic,0.6932279724663808,2.3669487090232346,-0.6878005836870834,-1.4874426767126367,1.930831586388866,-1.3067580376989258,-0.6878005836870834,0.4928510486868457,81.81818181818183,3.0,0.3333333333333333,2.126014964979423,2.302585092994046,81.81818181818183,0.3333333333333333,7.3814,8002.84,16.0
2001000208,Dr. Lisa Adams,Pain Management,Boston,MA,Actiq,REP-S687,Scott Larsson,TERR-S05,3,5.0,3,1,1,0.5991915470414645,-0.21134724264817237,-0.018789088346700216,3.0008,0.02758458290399579,14.1318,synthetic,-2.076515719571148,-1.198329681137286,0.5937505349345118,-0.027968531481665823,-1.6863788313340304,-0.9405716896442503,0.5937505349345118,0.9266057709790204,33.33333333333333,0.3333333333333333,1.0,2.6892139067559153,0.6931471805599453,166.66666666666663,1.0,13.7201,25986.52,23.0
2001000209,Dr. Stephanie Mitchell,Palliative Care,Philadelphia,PA,Abstral,REP-S760,Sloan Tanaka,TERR-S08,3,5.0,2,2,2,-0.45032944717580553,-0.2655974306252981,0.05610642653410379,3.7424,0.0342355422305336,13.9007,synthetic,1.7318818569804533,-0.752669882367221,0.5937505349345118,-0.08508626152665036,-0.77509632596926,0.4980175348562611,0.5937505349345118,0.8548638593123062,100.0,0.6666666666666666,1.0,2.6671726494831325,1.0986122886681098,500.0,1.0,13.3992,26994.69,17.0
2001000210,Dr. John Anderson,Anesthesiology,Portland,OR,Abstral,REP-S681,Samuel Larsson,TERR-S13,3,4.0,3,3,4,0.24935121563570783,-0.5466536397620121,0.252909496608377,5.9264,0.053167219576541136,12.4322,synthetic,1.7318818569804533,-0.3070100835971559,1.2345260942453093,-0.4030124136927409,-0.12853109880191332,0.06644076750610772,1.2345260942453093,0.7876717401268745,100.0,1.0,1.3333333333333333,2.5444875899032127,1.3862943611198906,400.0,1.3333333333333333,11.7367,29643.86,21.0
2001000211,Dr. Betty Clark,Neurology,Houston,TX,Fentora,REP-S635,Stephen Novak,TERR-S09,3,8.0,5,4,0,0.42427138133858616,0.5347830304495044,0.9223766106927986,4.2668,0.03964054679157858,18.9073,synthetic,0.589362584014973,0.13864971517290903,-1.328576142997881,0.6515797798978388,0.37298385385674826,1.1022250091464758,-1.328576142997881,1.241121780362671,80.0,1.3333333333333333,0.0,2.9514459518425182,1.6094379124341003,640.0,0.0,18.1336,38655.57,22.0
2001000213,Dr. Carol Jones,Pain Management,Chicago,IL,Abstral,REP-S803,Sean Vargas,TERR-S09,3,4.0,5,5,5,0.0744310499328295,-0.605180953809008,-0.7826628692290575,8.5896,0.07600106403008056,12.3689,synthetic,1.7318818569804533,0.5843095139429743,0.5937505349345118,-0.47442504266224533,0.7827514065628568,0.06644076750610772,0.5937505349345118,0.7692730398711767,100.0,1.6666666666666667,1.0,2.5169300499519056,1.791759469228055,400.0,1.0,11.3905,15704.0,20.0
2001000214,Dr. Robert Flores,Pain Management,Portland,OR,Abstral,REP-S547,Scott Chen,TERR-S05,3,9.0,5,4,5,-0.2754092814729272,1.0237447589825075,0.41093541515316373,9.055,0.08290551053190853,22.9298,synthetic,0.589362584014973,0.13864971517290903,1.07433220441761,1.016379245935356,0.37298385385674826,1.4474864230265985,1.07433220441761,1.4200129940764123,80.0,1.3333333333333333,1.25,3.09221903364346,1.6094379124341003,720.0,1.25,21.0259,31771.05,18.0
2001000215,Dr. Barbara Jackson,Palliative Care,Nashville,TN,Subsys,REP-S576,Sasha Kapoor,TERR-S06,2,6.0,7,5,0,0.0744310499328295,-0.08010878541338691,0.4515757241989525,1.9823,0.018376358696131412,14.7838,synthetic,0.09971146702976721,0.5843095139429743,-1.328576142997881,0.10521348228342474,0.7827514065628568,0.18974841532043718,-1.328576142997881,0.9248648016400169,71.42857142857143,1.6666666666666667,0.0,2.7406077388846035,1.791759469228055,428.57142857142856,0.0,14.4964,32318.11,20.0
2001000216,Dr. Linda Garcia,Pain Management,Jacksonville,FL,Abstral,REP-S532,Sienna Patel,TERR-S04,2,5.0,5,3,0,-0.2754092814729272,-0.4063706669249324,0.47400790297178597,1.8648,0.0171302887352085,12.8009,synthetic,-0.5531566889505074,-0.3070100835971559,-1.328576142997881,-0.23945375015916698,-0.12853109880191332,-0.36513599984404566,-1.328576142997881,0.8486958127861939,60.0,1.0,0.0,2.6076035186926934,1.3862943611198906,300.0,0.0,12.5665,32620.07,18.0
2001000217,Dr. Ashley Davis,Pain Management,Atlanta,GA,Abstral,REP-S525,Simon Patel,TERR-S11,3,8.0,4,3,3,-0.2754092814729272,0.7343033540724515,1.3216606267971256,4.9614,0.04609119589867472,20.272,synthetic,0.30373276577360286,-0.3070100835971559,0.5937505349345118,0.8066867905719496,-0.12853109880191332,0.9295943022064145,0.5937505349345118,1.3043839723861053,75.0,1.0,1.0,3.0113004580420437,1.3862943611198906,600.0,1.0,19.3138,44030.34,18.0
2001000219,Dr. Sharon Harris,Pain Management,Detroit,MI,Actiq,REP-S724,Sarah Santos,TERR-S14,3,2.0,3,2,3,3.922674695396153,-0.888198216795939,-0.41871867218693926,3.1575,0.02822686435088695,10.0232,synthetic,-0.1723169312953478,-0.752669882367221,1.5549138739007082,-0.8505792228290514,-0.77509632596926,-1.0844306120943012,1.5549138739007082,0.656210400298872,66.66666666666666,0.6666666666666666,1.5,2.3717752783466692,1.0986122886681098,133.33333333333331,1.5,9.7164,20603.06,42.0
2001000220,Dr. Charles Young,Oncology,Columbus,OH,Subsys,REP-S509,Seth Brooks,TERR-S09,3,8.0,3,3,1,-0.6252496128786839,0.7322746776756752,-0.38477399260464074,3.1747,0.029737927613860293,19.9146,synthetic,1.7318818569804533,-0.3070100835971559,-0.6878005836870834,0.805155516402043,-0.12853109880191332,1.7927478369067211,-0.6878005836870834,1.2887680347283386,100.0,1.0,0.3333333333333333,3.010709552067533,1.3862943611198906,800.0,0.3333333333333333,19.3018,21059.99,16.0
2001000221,Dr. Betty Sanchez,Anesthesiology,Austin,TX,Subsys,REP-S828,Serena Alvarez,TERR-S06,2,6.0,8,8,3,-0.6252496128786839,-0.019552794969614883,0.629909168208509,6.5066,0.05917437170417594,15.8211,synthetic,1.7318818569804533,1.9212889102531692,-0.6077036387732336,0.16443201653068173,1.6940339119276273,0.9295943022064145,-0.6077036387732336,0.9969198012123227,100.0,2.6666666666666665,0.375,2.763459679037563,2.1972245773362196,600.0,0.375,14.8546,34718.66,16.0
2001000222,Dr. David Harris,Palliative Care,Portland,OR,Lazanda,REP-S740,Sloan Santos,TERR-S02,3,9.0,5,3,2,-0.6252496128786839,1.3243946009847527,2.1545908403919714,4.442,0.04167475399274423,23.8173,synthetic,-0.5531566889505074,-0.3070100835971559,-0.04702502437628586,1.217594263929921,-0.12853109880191332,0.6706482417963224,-0.04702502437628586,1.4549056590629013,60.0,1.0,0.6666666666666666,3.169866236627068,1.3862943611198906,540.0,0.6666666666666666,22.8043,55242.43,16.0
2001000223,Dr. Michelle Allen,Family Practice,Chicago,IL,Subsys,REP-S518,Summer Brooks,TERR-S04,3,2.0,5,3,3,-0.45032944717580553,-0.9940275021611016,-1.1709358324200538,3.1522,0.02800734183229503,9.377,synthetic,-0.5531566889505074,-0.3070100835971559,0.5937505349345118,-1.0065577095328033,-0.12853109880191332,-1.1419741810743218,0.5937505349345118,0.6364639881507078,60.0,1.0,1.0,2.311584476790846,1.3862943611198906,120.0,1.0,9.0904,10477.45,17.0
2001000224,Dr. Michelle Johnson,Palliative Care,Chicago,IL,Fentora,REP-S661,Samuel Kowalski,TERR-S07,2,9.0,6,3,3,-1.1500101099873188,1.0082422901838088,-0.4831692131127149,5.3894,0.05015652318765662,22.0624,synthetic,-1.1244163254332475,-0.3070100835971559,0.5937505349345118,1.005567997051834,-0.12853109880191332,0.2822291511811844,0.5937505349345118,1.335593990955854,50.0,1.0,1.0,3.0880470625603285,1.3862943611198906,450.0,1.0,20.9342,19735.49,13.0
2001000225,Dr. Sarah Williams,Pain Management,Portland,OR,Actiq,REP-S587,Scott Nakamura,TERR-S03,2,10.0,9,7,1,-0.8001697785815622,1.817515116131147,0.12920935804695038,8.0465,0.07459863382455723,27.7908,synthetic,0.46241599812992007,1.4756291114831046,-1.0539580461503961,1.5171369199379,1.4293166337302035,1.6968418886066874,-1.0539580461503961,1.7371165193042017,77.77777777777779,2.3333333333333335,0.14285714285714285,3.2854572578396537,2.0794415416798357,777.7777777777778,0.14285714285714285,25.7212,27978.73,15.0
2001000226,Dr. William Campbell,Pain Management,Portland,OR,Abstral,REP-S836,Sasha Alvarez,TERR-S14,3,1.0,4,3,0,0.9490318784472211,-1.3039416330419584,-1.0385521020691304,3.1245,0.027096489688138714,7.484,synthetic,0.30373276577360286,-0.3070100835971559,-1.328576142997881,-1.526130781229876,-0.12853109880191332,-1.3361837263818908,-1.328576142997881,0.4901249554412101,75.0,1.0,0.0,2.1110855470142975,1.3862943611198906,75.0,0.0,7.2572,12259.47,25.0
2001000227,Dr. Barbara Brown,Internal Medicine,Columbus,OH,Subsys,REP-S797,Stanley Gomez,TERR-S03,3,6.0,5,3,0,0.9490318784472211,-0.10866240569801289,-0.12415777759701126,-0.5603,-0.005252721016410167,14.2472,synthetic,-0.5531566889505074,-0.3070100835971559,-1.328576142997881,0.07681396354481322,-0.12853109880191332,-0.10618993943395362,-1.328576142997881,0.9482830182003437,60.0,1.0,0.0,2.729648600654706,1.3862943611198906,360.0,0.0,14.3275,24568.15,25.0
2001000228,Dr. Deborah Flores,Oncology,Phoenix,AZ,Actiq,REP-S686,Stella Larsson,TERR-S04,1,8.0,11,8,0,-1.1500101099873188,0.5868016743901757,0.7699646799273964,4.7269,0.04386140594720267,19.313,synthetic,0.1739010302093441,1.9212889102531692,-1.328576142997881,0.6929222546648477,1.6940339119276273,0.8511257990518414,-1.328576142997881,1.2313130360295779,72.72727272727273,2.6666666666666665,0.0,2.9673996692244153,2.1972245773362196,581.8181818181819,0.0,18.4413,36603.95,13.0
2001000229,Dr. Sharon Rodriguez,Oncology,Jacksonville,FL,Actiq,REP-S721,Samuel Santos,TERR-S11,3,1.0,4,2,0,0.24935121563570783,-1.2404440618228607,-1.0611209718240213,2.5633,0.022404895676695347,7.8284,synthetic,-1.1244163254332475,-0.752669882367221,-1.328576142997881,-1.410856582758676,-0.77509632596926,-1.444077918219429,-1.328576142997881,0.5096368553955829,50.0,0.6666666666666666,0.0,2.1555689020673867,1.0986122886681098,50.0,0.0,7.6328,11955.67,21.0
2001000230,Dr. Linda Johnson,Internal Medicine,Phoenix,AZ,Subsys,REP-S615,Stephen O'Connor,TERR-S03,3,6.0,3,3,3,0.7741117127443429,-0.12063159643899299,0.6925968411972088,3.0168,0.02780084355020529,14.6868,synthetic,1.7318818569804533,-0.3070100835971559,0.5937505349345118,0.06481616736498835,-0.12853109880191332,0.9295943022064145,0.5937505349345118,0.9435970340657365,100.0,1.0,1.0,2.725018750832284,1.3862943611198906,600.0,1.0,14.2567,35562.5,24.0
2001000231,Dr. Sharon King,Anesthesiology,Phoenix,AZ,Subsys,REP-S784,Sarah Gomez,TERR-S04,2,7.0,8,7,1,-0.8001697785815622,0.3607902181526581,-0.4421277457500191,7.0288,0.06429718327530587,18.3067,synthetic,1.017807311377028,1.4756291114831046,-1.0539580461503961,0.5082987741586219,1.4293166337302035,0.9835413981251836,-1.0539580461503961,1.1479080586388088,87.5,2.3333333333333335,0.14285714285714285,2.896155002651892,2.0794415416798357,612.5,0.14285714285714285,17.1044,20287.95,15.0
2001000232,Dr. Dorothy Taylor,Pain Management,Baltimore,MD,Subsys,REP-S577,Stanley Kapoor,TERR-S07,1,3.0,9,6,1,-0.10048911577004885,-0.7778551264479492,-0.3318686394623002,5.2435,0.04671430333721238,10.9128,synthetic,-0.1723169312953478,1.0299693127130392,-1.0081883633424822,-0.6973655817503603,1.1292049358741694,-0.7967127671941991,-1.0081883633424822,0.7002913899941371,66.66666666666666,2.0,0.16666666666666666,2.430899148956646,1.9459101490553132,199.99999999999997,0.16666666666666666,10.3691,21772.15,19.0
2001000233,Dr. Richard Nguyen,Family Practice,Las Vegas,NV,Subsys,REP-S815,Stephen Vargas,TERR-S07,3,5.0,5,4,2,-0.8001697785815622,-0.1884570106378802,-0.24839353680008613,0.4526,0.0042117770170713165,13.9182,synthetic,0.589362584014973,0.13864971517290903,-0.3674128040316846,-0.004240991933260792,0.37298385385674826,0.06644076750610772,-0.3674128040316846,0.9700922718276568,80.0,1.3333333333333333,0.5,2.6983701670489038,1.6094379124341003,400.0,0.5,13.8555,22895.81,15.0
2001000234,Dr. Michelle Nelson,Neurology,Austin,TX,Subsys,REP-S719,Solomon Rossi,TERR-S09,3,5.0,4,4,3,-1.1500101099873188,-0.35438583425754,-0.42667126437673886,4.9109,0.044566452861737105,13.5063,synthetic,1.7318818569804533,0.13864971517290903,0.11316886545141361,-0.1813725140086875,0.37298385385674826,0.4980175348562611,0.11316886545141361,0.8811378766703263,100.0,1.3333333333333333,0.75,2.6300165849631094,1.6094379124341003,500.0,0.75,12.874,20496.01,13.0
2001000235,Dr. Melissa Scott,Pain Management,Charlotte,NC,Fentora,REP-S689,Seth Larsson,TERR-S07,1,2.0,14,11,5,-0.2754092814729272,-1.1429830665944,-1.1628822077652556,7.1155,0.06149484637075764,8.7934,synthetic,0.5077540645174385,3.258268306563364,-0.45479128939224794,-1.243335635958706,2.340599139094974,-0.9816742389156934,-0.45479128939224794,0.554426334771472,78.57142857142857,3.6666666666666665,0.45454545454545453,2.220213843035634,2.4849066497880004,157.14285714285714,0.45454545454545453,8.2093,10585.86,18.0
2001000236,Dr. Jessica Robinson,Palliative Care,Seattle,WA,Subsys,REP-S742,Sophia Tanaka,TERR-S04,2,3.0,5,4,2,2.1734730383673697,-0.7601042079761566,-1.2104239256333924,6.3349,0.05622398984140453,11.1377,synthetic,0.589362584014973,0.13864971517290903,-0.3674128040316846,-0.6735423877744207,0.37298385385674826,-0.6240820602541377,-0.3674128040316846,0.6682435928132296,80.0,1.3333333333333333,0.5,2.4400923214981587,1.6094379124341003,240.0,0.5,10.4741,9945.9,32.0
2001000237,Dr. Charles Hill,Oncology,Phoenix,AZ,Subsys,REP-S783,Sean Gomez,TERR-S03,2,4.0,5,5,2,-0.6252496128786839,-0.4777969817280972,-0.9394102813601456,7.812,0.06969155208399158,13.0927,synthetic,1.7318818569804533,0.5843095139429743,-0.5596454718249239,-0.32144084375508625,0.7827514065628568,0.06644076750610772,-0.5596454718249239,0.810846605691746,100.0,1.6666666666666667,0.4,2.575965380734967,1.791759469228055,400.0,0.4,12.144,13594.02,16.0
2001000238,Dr. Nancy Davis,Anesthesiology,Miami,FL,Abstral,REP-S619,Solomon O'Connor,TERR-S07,2,2.0,9,6,0,-0.10048911577004885,-0.8593741063250759,-0.2877315670874706,3.3385,0.029870253073060127,10.217,synthetic,-0.1723169312953478,1.0299693127130392,-1.328576142997881,-0.8096740835727668,1.1292049358741694,-1.0844306120943012,-1.328576142997881,0.6635282257755923,66.66666666666666,2.0,0.0,2.3875602315900264,1.9459101490553132,133.33333333333331,0.0,9.8869,22366.28,19.0
2001000239,Dr. Amanda Carter,Oncology,Detroit,MI,Fentora,REP-S840,Sloan Alvarez,TERR-S04,1,3.0,10,10,9,2.1734730383673697,-0.8016920741100705,-0.7564910034797223,11.5268,0.0998412646950948,11.407,synthetic,1.7318818569804533,2.8126085077932994,0.4015178671412726,-0.7297051852527312,2.145041139077878,-0.36513599984404566,0.4015178671412726,0.6829232680892413,100.0,3.3333333333333335,0.9,2.4184195647656397,2.3978952727983707,300.0,0.9,10.2281,16056.3,32.0
2001000240,Dr. Donna Lopez,Pain Management,Columbus,OH,Subsys,REP-S620,Sloan O'Connor,TERR-S08,3,2.0,5,4,3,0.24935121563570783,-0.8795425308363602,-0.7872279022983072,3.8574,0.03438653132114888,10.1443,synthetic,0.589362584014973,0.13864971517290903,0.11316886545141361,-0.8382277083781144,0.37298385385674826,-0.9693434741342604,0.11316886545141361,0.6596682625210224,80.0,1.3333333333333333,0.75,2.3765416251098754,1.6094379124341003,160.0,0.75,9.7676,15642.55,21.0
2001000241,Dr. Elizabeth Adams,Pain Management,Chicago,IL,Subsys,REP-S683,Sean Larsson,TERR-S01,1,9.0,13,8,1,-1.1500101099873188,1.0552568656790988,1.4933511862330078,9.2011,0.08422187115460522,23.1641,synthetic,-0.4652705910300857,1.9212889102531692,-1.088285308256332,1.0382173837222126,1.6940339119276273,0.730405024967882,-1.088285308256332,1.4326017737289285,61.53846153846154,2.6666666666666665,0.125,3.1006461895010107,2.1972245773362196,553.8461538461538,0.125,21.2123,46341.47,13.0
2001000242,Dr. Charles Anderson,Oncology,Houston,TX,Fentora,REP-S652,Sienna Dubois,TERR-S12,1,5.0,14,10,4,0.5991915470414645,-0.2537634849774364,-0.3311643837503965,5.2378,0.04760731507790483,14.1747,synthetic,0.09971146702976721,2.8126085077932994,-0.5596454718249239,-0.0725189972398046,2.145041139077878,-0.11852070421538648,-0.5596454718249239,0.8993293067673968,71.42857142857143,3.3333333333333335,0.4,2.6720222523147448,2.3978952727983707,357.14285714285717,0.4,13.4692,21781.63,23.0
2001000243,Dr. Deborah Davis,Pain Management,Miami,FL,Lazanda,REP-S695,Stephen Larsson,TERR-S13,2,2.0,6,4,3,-0.45032944717580553,-1.0409406438365532,-0.841315929589752,8.2203,0.0712234967050338,9.5373,synthetic,-0.1723169312953478,0.13864971517290903,0.11316886545141361,-1.0788231431641198,0.37298385385674826,-1.0844306120943012,0.11316886545141361,0.5951912886247921,66.66666666666666,1.3333333333333333,0.75,2.283697846608894,1.6094379124341003,133.33333333333331,0.75,8.8129,14914.47,17.0
2001000244,Dr. Kimberly Jackson,Oncology,Baltimore,MD,Fentora,REP-S761,Samuel Muller,TERR-S09,3,4.0,3,2,0,-0.10048911577004885,-0.46508394297496575,-0.5627159358123267,0.6899,0.0063568402821712056,12.3035,synthetic,-0.1723169312953478,-0.752669882367221,-1.328576142997881,-0.30665706462767706,-0.77509632596926,-0.5089949222940969,-1.328576142997881,0.8158676584542641,66.66666666666666,0.6666666666666666,0.0,2.5816703182203082,1.0986122886681098,266.66666666666663,0.0,12.2192,18664.71,19.0
2001000245,Dr. Sarah Johnson,Family Practice,Chicago,IL,Actiq,REP-S837,Stanley Alvarez,TERR-S01,3,4.0,2,2,0,-0.45032944717580553,-0.5786560099211581,-0.5489361476265638,2.775,0.02521459402504833,11.8678,synthetic,1.7318818569804533,-0.752669882367221,-1.328576142997881,-0.44181635158847493,-0.77509632596926,0.06644076750610772,-1.328576142997881,0.8084907437265118,100.0,0.6666666666666666,0.0,2.5295134728001107,1.0986122886681098,400.0,0.0,11.5474,18850.2,17.0
2001000246,Dr. Margaret Adams,Pain Management,Portland,OR,Subsys,REP-S650,Sadie Dubois,TERR-S10,3,2.0,3,3,3,0.0744310499328295,-1.0932804948733814,-0.6875571469196224,6.8382,0.059390233067602605,9.0848,synthetic,1.7318818569804533,-0.3070100835971559,0.5937505349345118,-1.1619001849370316,-0.12853109880191332,-0.796712767194199,0.5937505349345118,0.5742820280002262,100.0,1.0,1.0,2.251639106709106,1.3862943611198906,200.0,1.0,8.5033,16984.22,20.0
2001000247,Dr. Thomas Hernandez,Palliative Care,Las Vegas,NV,Subsys,REP-S790,Sadie Gomez,TERR-S10,3,3.0,3,2,0,0.7741117127443429,-0.7310772298656161,-0.27230628691661635,2.9044,0.02620400092120123,10.955,synthetic,-0.1723169312953478,-0.752669882367221,-1.328576142997881,-0.6350515911457085,-0.77509632596926,-0.7967127671941991,-1.328576142997881,0.6791979874520082,66.66666666666666,0.6666666666666666,0.0,2.454945599989087,1.0986122886681098,199.99999999999997,0.0,10.6458,22573.92,24.0
2001000248,Dr. Sharon Rivera,Orthopedics,New York,NY,Abstral,REP-S513,Spencer Brooks,TERR-S13,3,6.0,3,2,1,-1.3249302756901973,-0.06354126150638048,-0.4780967890611549,3.7094,0.03412233306100987,15.1357,synthetic,-0.1723169312953478,-0.752669882367221,-0.3674128040316846,0.12155002633992676,-0.77509632596926,0.06644076750610747,-0.3674128040316846,0.9529350668282328,66.66666666666666,0.6666666666666666,0.5,2.7469118754497983,1.0986122886681098,399.99999999999994,0.5,14.5944,19803.77,12.0
2001000249,Dr. Michael White,Palliative Care,Denver,CO,Abstral,REP-S596,Sasha Nakamura,TERR-S12,2,1.0,5,3,0,-1.3249302756901973,-1.334676080453119,-1.1457720626633912,0.2851,0.002498300724325553,7.0956,synthetic,-0.5531566889505074,-0.3070100835971559,-1.328576142997881,-1.5838235074790183,-0.12853109880191332,-1.4009202414844137,-1.328576142997881,0.45140782659996803,60.0,1.0,0.0,2.088822403485588,1.3862943611198906,60.0,0.0,7.0754,10816.18,12.0
2001000251,Dr. Carol Lewis,Neurology,Los Angeles,CA,Subsys,REP-S625,Simon Novak,TERR-S13,3,9.0,5,3,2,0.0744310499328295,0.8597431779397852,0.6596944303530969,3.4019,0.03188582452344235,20.738,synthetic,-0.5531566889505074,-0.3070100835971559,-0.04702502437628586,0.8996548426788721,-0.12853109880191332,0.6706482417963224,-0.04702502437628586,1.3726833173003519,60.0,1.0,0.6666666666666666,3.0471760566175528,1.3862943611198906,540.0,0.6666666666666666,20.0558,35119.6,20.0
2001000252,Dr. Emily Johnson,Internal Medicine,Las Vegas,NV,Lazanda,REP-S803,Sean Vargas,TERR-S09,3,1.0,5,3,0,0.42427138133858616,-1.240258099819823,-1.0070173439313634,2.0827,0.018248262700378604,7.7929,synthetic,-0.5531566889505074,-0.3070100835971559,-1.328576142997881,-1.4105264049250683,-0.12853109880191332,-1.4009202414844137,-1.328576142997881,0.5052589588301939,60.0,1.0,0.0,2.1556963149490014,1.3862943611198906,60.0,0.0,7.6339,12683.96,22.0
2001000253,Dr. Kathleen Thomas,Pain Management,Atlanta,GA,Lazanda,REP-S614,Selena O'Connor,TERR-S02,3,5.0,2,2,2,-0.45032944717580553,-0.36853585212505463,-0.7959493812621787,3.6625,0.03340881350913749,13.2588,synthetic,1.7318818569804533,-0.752669882367221,0.5937505349345118,-0.19705343869515834,-0.77509632596926,0.4980175348562611,0.5937505349345118,0.8638104527337968,100.0,0.6666666666666666,1.0,2.6239654464634277,1.0986122886681098,500.0,1.0,12.7903,15525.15,17.0
2001000254,Dr. Dorothy Sanchez,Palliative Care,Jacksonville,FL,Abstral,REP-S538,Summer Patel,TERR-S10,3,7.0,2,1,2,0.0744310499328295,0.23812291869425228,-0.06136610060022428,3.6088,0.03344706337534431,16.9699,synthetic,-1.1244163254332475,-1.198329681137286,2.5160772128669047,0.40230030015904794,-1.6863788313340304,-0.14934761616896897,2.5160772128669047,1.0449612050648098,50.0,0.3333333333333333,2.0,2.855251072574367,0.6931471805599453,350.0,2.0,16.3788,25413.39,20.0
2001000255,Dr. Charles Lewis,Neurology,Baltimore,MD,Actiq,REP-S714,Selena Rossi,TERR-S04,2,1.0,9,5,2,-0.2754092814729272,-1.6337029813379427,-1.2445350116286302,6.5172,0.0533809877386211,5.6524,synthetic,-0.807049860720614,0.5843095139429743,-0.5596454718249239,-2.224484363815035,0.7827514065628568,-1.4201014311444207,-0.5596454718249239,0.36320073452996376,55.55555555555556,1.6666666666666667,0.4,1.8415967040752268,1.791759469228055,55.55555555555556,0.4,5.3066,9486.73,18.0
2001000256,Dr. Margaret Perez,Palliative Care,Portland,OR,Actiq,REP-S580,Sloan Kapoor,TERR-S10,3,3.0,5,4,4,-1.1500101099873188,-0.819189408032266,-0.6146243362485755,5.386,0.04785400493173375,10.6699,synthetic,0.589362584014973,0.13864971517290903,0.5937505349345118,-0.7537033502800496,0.37298385385674826,-0.6240820602541377,0.5937505349345118,0.6459456258577657,80.0,1.3333333333333333,1.0,2.4091588723497255,1.6094379124341003,240.0,1.0,10.1246,17965.97,13.0
2001000257,Dr. Elizabeth Allen,Pain Management,Jacksonville,FL,Subsys,REP-S586,Stella Nakamura,TERR-S02,2,1.0,5,4,1,-0.2754092814729272,-1.2580090182916153,-1.2817788469246045,5.8617,0.05045872376320659,7.9703,synthetic,0.589362584014973,0.13864971517290903,-0.8479944735147827,-1.442234572680708,0.37298385385674826,-1.314604888014383,-0.8479944735147827,0.5084745875849263,80.0,1.3333333333333333,0.25,2.1434603965642864,1.6094379124341003,80.0,0.25,7.5289,8985.39,18.0
2001000258,Dr. Linda Torres,Pain Management,Columbus,OH,Subsys,REP-S784,Sarah Gomez,TERR-S04,1,4.0,9,5,4,-1.1500101099873188,-0.41592235162642066,-0.33994900800489236,8.8701,0.07893978230314902,13.6197,synthetic,-0.807049860720614,0.5843095139429743,0.20928519934803333,-0.2502686156985983,0.7827514065628568,-0.700806818894165,0.20928519934803333,0.8448800077949538,55.55555555555556,1.6666666666666667,0.8,2.6034301519721073,1.791759469228055,222.22222222222223,0.8,12.51,21663.38,13.0
2001000259,Dr. Rebecca Robinson,Oncology,Portland,OR,Fentora,REP-S528,Serena Patel,TERR-S14,3,4.0,2,1,0,1.4737923755558562,-0.5205513367901574,-0.9439589709424101,2.5357,0.023126495530664926,12.1927,synthetic,-1.1244163254332475,-1.198329681137286,-1.328576142997881,-0.37178717291547647,-1.6863788313340304,-0.796712767194199,-1.328576142997881,0.793960645005033,50.0,0.3333333333333333,0.0,2.5565371507809687,0.6931471805599453,200.0,0.0,11.8911,13532.79,28.0
2001000260,Dr. Melissa Rivera,Oncology,Austin,TX,Subsys,REP-S509,Seth Brooks,TERR-S09,2,7.0,5,3,0,0.42427138133858616,0.41362033265204046,0.4723289811269522,3.8889,0.03612113986157128,18.0943,synthetic,-0.5531566889505074,-0.3070100835971559,-1.328576142997881,0.5526472771310964,-0.12853109880191332,0.1527561209761384,-1.328576142997881,1.1629145460039996,60.0,1.0,0.0,2.9132687213327504,1.3862943611198906,420.0,0.0,17.4169,32597.47,22.0
2001000261,Dr. Margaret Walker,Palliative Care,Austin,TX,Abstral,REP-S618,Summer O'Connor,TERR-S06,2,2.0,6,5,3,2.1734730383673697,-1.0208060305985487,-0.494062890074062,6.6268,0.057886993396520925,9.5239,synthetic,0.7797824628425536,0.5843095139429743,-0.17518013623844536,-1.0475604303196602,0.7827514065628568,-0.9405716896442501,-0.17518013623844536,0.5698581998460743,83.33333333333334,1.6666666666666667,0.6,2.29576186764592,1.791759469228055,166.66666666666669,0.6,8.932,19588.85,32.0
2001000262,Dr. Jennifer Taylor,Internal Medicine,New York,NY,Actiq,REP-S743,Sean Tanaka,TERR-S05,3,6.0,3,3,4,0.0744310499328295,0.09062123901197701,0.6895963255638973,2.9471,0.027310060693763294,15.9633,synthetic,1.7318818569804533,-0.3070100835971559,1.2345260942453093,0.2688199792915736,-0.12853109880191332,0.9295943022064145,1.2345260942453093,1.0263033303172213,100.0,1.0,1.3333333333333333,2.80374212621434,1.3862943611198906,600.0,1.3333333333333333,15.5063,35522.11,20.0
2001000263,Dr. Melissa Sanchez,Oncology,Phoenix,AZ,Fentora,REP-S585,Simon Nakamura,TERR-S01,2,4.0,7,5,3,0.0744310499328295,-0.506739431655439,0.06075466280982306,6.4791,0.05807486941715423,12.7485,synthetic,0.09971146702976721,0.5843095139429743,-0.17518013623844536,-0.355415462283117,0.7827514065628568,-0.4267898237512104,-0.17518013623844536,0.7994156983387793,71.42857142857143,1.6666666666666667,0.6,2.562854857835489,1.791759469228055,285.7142857142857,0.6,11.9728,27057.26,20.0
2001000264,Dr. Patricia Hernandez,Palliative Care,Boston,MA,Fentora,REP-S706,Stella Rossi,TERR-S10,3,4.0,2,1,0,-0.2754092814729272,-0.4908819444873044,0.35220360890063196,0.7527,0.006924981914433026,12.1574,synthetic,-1.1244163254332475,-1.198329681137286,-1.328576142997881,-0.336745720333681,-1.6863788313340304,-0.796712767194199,-1.328576142997881,0.7698444865945634,50.0,0.3333333333333333,0.0,2.5700593560744753,0.6931471805599453,200.0,0.0,12.0666,30980.46,18.0
2001000265,Dr. Betty Sanchez,Pain Management,Columbus,OH,Abstral,REP-S842,Sophia Kim,TERR-S06,1,2.0,9,6,0,-0.8001697785815622,-1.0023619810245243,-1.1205964067343754,6.1488,0.0538937087660627,9.5971,synthetic,-0.1723169312953478,1.0299693127130392,-1.328576142997881,-1.0192498895553028,1.1292049358741694,-1.0844306120943012,-1.328576142997881,0.6106030886071108,66.66666666666666,2.0,0.0,2.3066866700151207,1.9459101490553132,133.33333333333331,0.0,9.0411,11155.07,15.0
2001000266,Dr. Mary Baker,Pain Management,Boston,MA,Lazanda,REP-S744,Sarah Tanaka,TERR-S06,2,2.0,7,6,3,-0.45032944717580553,-1.1468882686581947,-1.0888283824641847,8.1016,0.06970818169437099,8.8494,synthetic,0.9157966620051099,1.0299693127130392,-0.3674128040316846,-1.2498439002819675,1.1292049358741694,-0.9200204150085286,-0.3674128040316846,0.5528662445892126,85.71428571428571,2.0,0.5,2.2177023579287276,1.9459101490553132,171.42857142857142,0.5,8.1862,11582.7,17.0
2001000267,Dr. James Gonzalez,Internal Medicine,Denver,CO,Subsys,REP-S720,Sloan Rossi,TERR-S10,3,8.0,5,3,3,0.7741117127443429,0.6654466960385367,-0.10318759802357295,5.6257,0.05205130205639641,19.9701,synthetic,-0.5531566889505074,-0.3070100835971559,0.5937505349345118,0.7542001807316698,-0.12853109880191332,0.41170218138623044,0.5937505349345118,1.2513497039682289,60.0,1.0,1.0,2.991046311563277,1.3862943611198906,480.0,1.0,18.9065,24850.43,24.0
2001000268,Dr. Charles Hernandez,Pain Management,Los Angeles,CA,Abstral,REP-S568,Serena Kapoor,TERR-S12,1,7.0,10,7,6,0.0744310499328295,0.28704783112984034,-0.4697162946666543,9.3719,0.08472074653242956,18.2303,synthetic,0.01810294753223279,1.4756291114831046,0.319132438087027,0.44509816676660596,1.4293166337302035,0.45485985812124574,0.319132438087027,1.125709747875927,70.0,2.3333333333333335,0.8571428571428571,2.871766413570595,2.0794415416798357,490.0,0.8571428571428571,16.6682,19916.58,20.0
2001000269,Dr. James Clark,Neurology,Phoenix,AZ,Subsys,REP-S847,Scott Kim,TERR-S11,3,10.0,2,2,3,0.9490318784472211,1.6288482112309528,0.8937272208936753,3.3811,0.031972870809969134,25.4371,synthetic,1.7318818569804533,-0.752669882367221,1.5549138739007082,1.406583095415138,-0.77509632596926,2.6559013716070283,1.5549138739007082,1.684058853739996,100.0,0.6666666666666666,1.5,3.242795455858427,1.0986122886681098,1000.0,1.5,24.6052,38269.92,25.0
2001000270,Dr. Laura Hill,Family Practice,Nashville,TN,Subsys,REP-S794,Selena Gomez,TERR-S14,3,6.0,2,1,1,0.24935121563570783,-0.0574552323160517,-0.21645613457386784,1.2727,0.011848607950625034,14.8167,synthetic,-1.1244163254332475,-1.198329681137286,0.5937505349345118,0.1275254348218846,-1.6863788313340304,-0.36513599984404566,0.5937505349345118,1.0243468639707949,50.0,0.3333333333333333,1.0,2.749217735916541,0.6931471805599453,300.0,1.0,14.6304,23325.72,21.0
2001000271,Dr. Barbara Miller,Oncology,Detroit,MI,Actiq,REP-S643,Sean Dubois,TERR-S03,3,5.0,5,2,0,0.7741117127443429,-0.1533270977003708,0.6536376826535701,1.4412,0.013366811502604214,14.266,synthetic,-1.6956759619159878,-0.752669882367221,-1.328576142997881,0.031756556730811965,-0.77509632596926,-0.796712767194199,-1.328576142997881,0.9389969589776623,40.0,0.6666666666666666,0.0,2.7122613218736746,1.0986122886681098,200.0,0.0,14.0633,35038.07,24.0
2001000272,Dr. William Lopez,Internal Medicine,Philadelphia,PA,Abstral,REP-S780,Sloan Muller,TERR-S14,3,9.0,5,4,0,0.7741117127443429,1.0370494950180322,1.3981110015988318,3.3687,0.031654397884793184,21.8155,synthetic,0.589362584014973,0.13864971517290903,-1.328576142997881,1.025621989758657,0.37298385385674826,1.4474864230265985,-1.328576142997881,1.3968336266558,80.0,1.3333333333333333,0.0,3.0957857316609645,1.6094379124341003,720.0,0.0,21.1046,45059.44,24.0
2001000273,Dr. Lisa Allen,Pain Management,Seattle,WA,Abstral,REP-S579,Solomon Kapoor,TERR-S09,3,7.0,2,1,0,0.5991915470414645,0.4241356386419976,-0.4369684040631291,1.2188,0.011460610977282126,17.6921,synthetic,-1.1244163254332475,-1.198329681137286,-1.328576142997881,0.5613845536760566,-1.6863788313340304,-0.14934761616896897,-1.328576142997881,1.1804749915466646,50.0,0.3333333333333333,0.0,2.91664036372889,0.6931471805599453,350.0,0.0,17.4791,20357.4,23.0
2001000274,Dr. Lisa Hill,Pain Management,Philadelphia,PA,Subsys,REP-S744,Sarah Tanaka,TERR-S06,2,1.0,9,5,4,1.298872209852978,-1.8590382121098685,-1.44562676126495,9.7731,0.0751730098823753,4.362,synthetic,-0.807049860720614,0.5843095139429743,0.20928519934803333,-2.8397675673894787,0.7827514065628568,-1.4201014311444207,0.20928519934803333,0.26836927953435713,55.55555555555556,1.6666666666666667,0.8,1.6041640299313922,1.791759469228055,55.55555555555556,0.8,3.9737,6779.83,27.0
2001000275,Dr. Deborah Wilson,Palliative Care,Charlotte,NC,Subsys,REP-S640,Sloan Novak,TERR-S14,3,5.0,5,3,2,0.5991915470414645,-0.37866232847229636,-0.15122259204435104,5.9933,0.05408102075003551,13.4934,synthetic,-0.5531566889505074,-0.3070100835971559,-0.04702502437628586,-0.20833404917818177,-0.12853109880191332,-0.36513599984404566,-0.04702502437628586,0.8121946739051125,60.0,1.0,0.6666666666666666,2.6196123526402917,1.3862943611198906,300.0,0.6666666666666666,12.7304,24203.83,23.0
2001000276,Dr. Thomas Robinson,Anesthesiology,New York,NY,Subsys,REP-S606,Stella O'Connor,TERR-S08,3,1.0,3,2,2,0.0744310499328295,-1.6113537297001244,-0.9892787174663442,2.9595,0.024682006103899035,5.5997,synthetic,-0.1723169312953478,-0.752669882367221,0.5937505349345118,-2.1707245034462326,-0.77509632596926,-1.3721484569944034,0.5937505349345118,0.3650079715935522,66.66666666666666,0.6666666666666666,1.0,1.8623421873499373,1.0986122886681098,66.66666666666666,1.0,5.4388,12922.74,20.0
2001000277,Dr. Michael Flores,Oncology,Charlotte,NC,Abstral,REP-S785,Simon Gomez,TERR-S05,3,3.0,4,3,1,0.0744310499328295,-0.7242135413898562,-0.41907005715711904,4.8269,0.043190490812544446,11.2022,synthetic,0.30373276577360286,-0.3070100835971559,-0.6878005836870834,-0.6260330694832772,-0.12853109880191332,-0.6888185753566607,-0.6878005836870834,0.7135236468267684,75.0,1.0,0.3333333333333333,2.458425772538403,1.3862943611198906,225.0,0.3333333333333333,10.6864,20598.33,20.0
2001000278,Dr. Stephanie Martin,Family Practice,Boston,MA,Subsys,REP-S806,Stella Vargas,TERR-S12,3,3.0,3,2,1,-1.4998504413930756,-0.6638942298590413,-0.46905512632952967,3.2152,0.02905111548561834,11.3982,synthetic,-0.1723169312953478,-0.752669882367221,-0.3674128040316846,-0.5480982144969101,-0.77509632596926,-0.7967127671941991,-0.3674128040316846,0.7731892011293118,66.66666666666666,0.6666666666666666,0.5,2.4885001852981303,1.0986122886681098,199.99999999999997,0.5,11.0432,19925.48,11.0
2001000279,Dr. Thomas Carter,Anesthesiology,Baltimore,MD,Fentora,REP-S617,Stanley O'Connor,TERR-S05,3,2.0,5,5,6,0.0744310499328295,-1.0423438116776567,-0.7854212041006806,7.2725,0.06327173170487255,9.445,synthetic,1.7318818569804533,0.5843095139429743,0.9782158705209902,-1.081015943193582,0.7827514065628568,-0.796712767194199,0.9782158705209902,0.5908930621998585,100.0,1.6666666666666667,1.2,2.2828516633036564,1.791759469228055,200.0,1.2,8.8046,15666.87,20.0
2001000280,Dr. Laura Mitchell,Orthopedics,Phoenix,AZ,Abstral,REP-S529,Seth Patel,TERR-S01,3,7.0,2,2,1,-1.4998504413930756,0.29326910541328755,-0.4246885022511362,3.9158,0.03628372569439797,17.3592,synthetic,1.7318818569804533,-0.752669882367221,-0.3674128040316846,0.45049002167547364,-0.77509632596926,1.3611710695565677,-0.3674128040316846,1.090745785463303,100.0,0.6666666666666666,0.5,2.873847085563867,1.0986122886681098,700.0,0.5,16.705,20522.7,11.0
2001000281,Dr. Margaret Torres,Oncology,Los Angeles,CA,Subsys,REP-S720,Sloan Rossi,TERR-S10,2,4.0,9,7,7,-0.8001697785815622,-0.5897630131935082,-1.0167298325151501,10.0161,0.08814172700465495,12.6318,synthetic,0.46241599812992007,1.4756291114831046,0.5937505349345118,-0.4554209493229424,1.4293166337302035,-0.31718302569402845,0.5937505349345118,0.7666252859495158,77.77777777777779,2.3333333333333335,1.0,2.524263571613177,2.0794415416798357,311.11111111111114,1.0,11.4817,12553.22,15.0
2001000283,Dr. Donna Clark,Internal Medicine,Phoenix,AZ,Subsys,REP-S510,Sadie Brooks,TERR-S10,3,8.0,2,2,3,-1.4998504413930756,0.46727882334677356,0.5000349059955712,4.6925,0.04346285191838417,18.5665,synthetic,1.7318818569804533,-0.752669882367221,1.5549138739007082,0.5969274404873003,-0.77509632596926,1.7927478369067211,1.5549138739007082,1.1737662208808484,100.0,0.6666666666666666,1.5,2.9303560683237158,1.0986122886681098,800.0,1.5,17.7343,32970.42,11.0
2001000284,Dr. Barbara Hernandez,Neurology,Las Vegas,NV,Actiq,REP-S714,Selena Rossi,TERR-S04,2,8.0,6,5,3,-0.10048911577004885,0.5466845986439252,-0.014146795157157483,4.4448,0.04127346518108155,19.0132,synthetic,0.7797824628425536,0.5843095139429743,-0.17518013623844536,0.661097058809386,0.7827514065628568,1.2173121471065171,-0.17518013623844536,1.2459401822981684,83.33333333333334,1.6666666666666667,0.6,2.955118590668694,1.791759469228055,666.6666666666667,0.6,18.204,26049.01,19.0
2001000285,Dr. Sarah Rodriguez,Pain Management,Baltimore,MD,Actiq,REP-S731,Silas Santos,TERR-S07,1,1.0,9,6,3,-1.4998504413930756,-1.1817645970461068,-1.4365234390142447,7.3759,0.06348770697333972,8.5685,synthetic,-0.1723169312953478,1.0299693127130392,-0.3674128040316846,-1.308703969646182,1.1292049358741694,-1.3721484569944034,-0.3674128040316846,0.5389334911433215,66.66666666666666,2.0,0.5,2.194988746394643,1.9459101490553132,66.66666666666666,0.5,7.9799,6902.37,11.0
2001000286,Dr. Dorothy Thomas,Neurology,Austin,TX,Actiq,REP-S547,Scott Chen,TERR-S05,3,2.0,4,3,3,-0.6252496128786839,-1.147446154667308,-1.0299361128848898,2.394,0.021108764179817552,8.3788,synthetic,0.30373276577360286,-0.3070100835971559,0.5937505349345118,-1.2507749880848285,-0.12853109880191332,-1.0125011508692756,0.5937505349345118,0.5600639374713074,75.0,1.0,1.0,2.217343058884626,1.3862943611198906,150.0,1.0,8.1829,12375.45,16.0
2001000287,Dr. Melissa Sanchez,Palliative Care,Portland,OR,Subsys,REP-S798,Summer Gomez,TERR-S04,2,10.0,8,6,4,-0.8001697785815622,1.8536593672670443,-0.21629492836133304,10.259,0.0942025243744995,28.5957,synthetic,0.30373276577360286,1.0299693127130392,-0.04702502437628586,1.5377885653002845,1.1292049358741694,1.5769594532316444,-0.04702502437628586,1.6546431272960072,75.0,2.0,0.6666666666666666,3.293426556132497,1.9459101490553132,750.0,0.6666666666666666,25.935,23327.89,15.0
2001000288,Dr. Karen Lee,Neurology,Detroit,MI,Fentora,REP-S554,Selena Chen,TERR-S12,2,3.0,5,4,5,-0.8001697785815622,-0.7897228833690904,-0.9841201186652263,6.6921,0.059217456818061454,10.9882,synthetic,0.589362584014973,0.13864971517290903,1.07433220441761,-0.7134161298677623,0.37298385385674826,-0.6240820602541377,1.07433220441761,0.7048897683734676,80.0,1.3333333333333333,1.25,2.4247053758472066,1.6094379124341003,240.0,1.25,10.2989,12992.18,15.0
2001000289,Dr. Deborah Johnson,Oncology,Los Angeles,CA,Subsys,REP-S675,Stephen Kowalski,TERR-S07,1,3.0,13,10,3,1.1239520441500994,-0.6961163732945046,-0.05962626212208212,11.0552,0.09641711065292391,12.0523,synthetic,0.41359038817413046,2.8126085077932994,-0.7518781396181632,-0.5894386553229586,2.145041139077878,-0.6639199157018439,-0.7518781396181632,0.7246207075864824,76.92307692307693,3.3333333333333335,0.3,2.472547252797144,2.3978952727983707,230.7692307692308,0.3,10.8526,25436.81,26.0
2001000290,Dr. Deborah Ramirez,Palliative Care,Boston,MA,Subsys,REP-S747,Scott Tanaka,TERR-S09,3,10.0,2,2,2,1.1239520441500994,1.447433824449234,-0.08693325733111047,2.9734,0.028122639682731432,24.2318,synthetic,1.7318818569804533,-0.752669882367221,0.5937505349345118,1.2956374775008555,-0.77509632596926,2.6559013716070283,0.5937505349345118,1.501339022010502,100.0,0.6666666666666666,1.0,3.199982464063924,1.0986122886681098,1000.0,1.0,23.5321,25069.23,26.0
2001000291,Dr. Sharon Rodriguez,Internal Medicine,Detroit,MI,Actiq,REP-S729,Seth Santos,TERR-S05,3,9.0,2,2,2,-0.8001697785815622,1.3236507529726012,0.07786926522632001,1.6765,0.01593131106282808,23.1821,synthetic,1.7318818569804533,-0.752669882367221,0.5937505349345118,1.2171152237101015,-0.77509632596926,2.224324604256875,0.5937505349345118,1.5090391196416693,100.0,0.6666666666666666,1.0,3.1696813789879297,1.0986122886681098,900.0,1.0,22.7999,27287.64,15.0
2001000292,Dr. Lisa Smith,Family Practice,Charlotte,NC,Fentora,REP-S739,Solomon Santos,TERR-S01,3,8.0,4,2,3,1.1239520441500994,0.5601245797725679,-0.4291740465427765,0.8287,0.00782575632761029,18.435,synthetic,-1.1244163254332475,-0.752669882367221,1.5549138739007082,0.6718026983302381,-0.77509632596926,0.06644076750610772,1.5549138739007082,1.2801185126455894,50.0,0.6666666666666666,1.5,2.959249807976576,1.0986122886681098,400.0,1.5,18.2835,20462.32,26.0
2001000293,Dr. Sarah Young,Orthopedics,Detroit,MI,Actiq,REP-S610,Sadie O'Connor,TERR-S12,3,6.0,5,4,3,-0.2754092814729272,0.0539021962303263,0.4951868334471708,3.7557,0.03464349048964088,15.8633,synthetic,0.589362584014973,0.13864971517290903,0.11316886545141361,0.2344944051713451,0.37298385385674826,0.41170218138623044,0.11316886545141361,0.9982952043416333,80.0,1.3333333333333333,0.75,2.790496172468908,1.6094379124341003,480.0,0.75,15.2891,32905.16,18.0
2001000294,Dr. John Brown,Anesthesiology,Houston,TX,Subsys,REP-S831,Silas Alvarez,TERR-S09,3,8.0,5,4,4,-1.3249302756901973,0.6088128132951987,-0.3648193378815955,4.7148,0.043771527397914234,19.4472,synthetic,0.589362584014973,0.13864971517290903,0.5937505349345118,0.710219225242361,0.37298385385674826,1.1022250091464758,0.5937505349345118,1.2463678650528895,80.0,1.3333333333333333,1.0,2.974074426401188,1.6094379124341003,640.0,1.0,18.5715,21328.6,12.0
2001000295,Dr. Sarah Harris,Pain Management,Miami,FL,Subsys,REP-S610,Sadie O'Connor,TERR-S12,1,5.0,10,6,5,0.9490318784472211,-0.30564688382498995,0.4064075263725166,5.3524,0.04855376084812546,13.8669,synthetic,-0.5531566889505074,1.0299693127130392,0.2733627552791131,-0.1280753839587858,1.1292049358741694,-0.36513599984404566,0.2733627552791131,0.8889339829416083,60.0,2.0,0.8333333333333334,2.6505835044538815,1.9459101490553132,300.0,0.8333333333333334,13.1623,31710.1,25.0
2001000296,Dr. Sandra Perez,Palliative Care,Jacksonville,FL,Abstral,REP-S513,Spencer Brooks,TERR-S13,3,7.0,3,2,0,-1.3249302756901973,0.1607289141572373,0.7796838544831318,3.7099,0.034313774877237524,16.5117,synthetic,-0.1723169312953478,-0.752669882367221,-1.328576142997881,0.3331212550935315,-0.77509632596926,0.3541586124062098,-1.328576142997881,1.015753739336022,66.66666666666666,0.6666666666666666,0.0,2.8285554540864895,1.0986122886681098,466.66666666666663,0.0,15.921,36734.78,12.0
2001000297,Dr. Susan White,Pain Management,Los Angeles,CA,Actiq,REP-S654,Selena Dubois,TERR-S14,3,8.0,4,2,3,0.42427138133858616,0.6047047435917267,1.0366220420333399,5.0649,0.04693896021223587,19.4866,synthetic,-1.1244163254332475,-0.752669882367221,1.5549138739007082,0.7069997396417538,-0.77509632596926,0.06644076750610772,1.5549138739007082,1.252610589973986,50.0,0.6666666666666666,1.5,2.9728320536676582,1.0986122886681098,400.0,1.5,18.5472,40193.43,22.0
2001000298,Dr. Dorothy Lewis,Neurology,Denver,CO,Abstral,REP-S708,Serena Rossi,TERR-S12,2,2.0,8,6,7,-0.45032944717580553,-1.0205355404123118,-1.192519635641206,5.6463,0.049530043100726395,9.438,synthetic,0.30373276577360286,1.0299693127130392,0.9141383145899108,-1.0471430010784928,1.1292049358741694,-1.0125011508692756,0.9141383145899108,0.6114442547011051,75.0,2.0,1.1666666666666667,2.295922950120495,1.9459101490553132,150.0,1.1666666666666667,8.9336,10186.91,17.0
2001000299,Dr. Mary Clark,Palliative Care,New York,NY,Subsys,REP-S609,Seth O'Connor,TERR-S11,3,10.0,2,2,2,-1.1500101099873188,1.8813000831731215,2.3160526056324913,3.9524,0.037361801618764456,27.1301,synthetic,1.7318818569804533,-0.752669882367221,0.5937505349345118,1.5534712551661916,-0.77509632596926,2.6559013716070283,0.5937505349345118,1.6650743650562887,100.0,0.6666666666666666,1.0,3.2994783758002515,1.0986122886681098,1000.0,1.0,26.0985,57415.87,13.0
2001000300,Dr. Stephanie Williams,Internal Medicine,Atlanta,GA,Abstral,REP-S631,Silas Novak,TERR-S05,3,4.0,4,3,2,0.0744310499328295,-0.4304273878633709,-0.3842859166524037,4.3617,0.03957391634174012,12.9661,synthetic,0.30373276577360286,-0.3070100835971559,-0.04702502437628586,-0.26677869835720025,-0.12853109880191332,-0.36513599984404566,-0.04702502437628586,0.8223107921636511,75.0,1.0,0.6666666666666666,2.5970590483027816,1.3862943611198906,300.0,0.6666666666666666,12.4242,21066.56,20.0
2001000301,Dr. Michelle Thompson,Oncology,Phoenix,AZ,Actiq,REP-S525,Simon Patel,TERR-S11,3,1.0,5,3,4,-0.6252496128786839,-1.2617451639890116,-0.8776853883320229,4.3282,0.0374816778996947,7.8317,synthetic,-0.5531566889505074,-0.3070100835971559,1.2345260942453093,-1.448958098936492,-0.12853109880191332,-1.4009202414844137,1.2345260942453093,0.5012239212456192,60.0,1.0,1.3333333333333333,2.1408658436668353,1.3862943611198906,60.0,1.3333333333333333,7.5068,14424.9,16.0
2001000303,Dr. Sandra Hall,Anesthesiology,Seattle,WA,Subsys,REP-S754,Selena Tanaka,TERR-S02,3,3.0,2,1,2,1.6487125412587345,-0.6153750527028088,-1.2228271464835456,4.0938,0.036932589516364356,11.7941,synthetic,-1.1244163254332475,-1.198329681137286,2.5160772128669047,-0.4870672229846406,-1.6863788313340304,-1.0125011508692756,2.5160772128669047,0.7603907699766981,50.0,0.3333333333333333,2.0,2.5120515376448624,0.6931471805599453,150.0,2.0,11.3302,9778.94,29.0
2001000304,Dr. Margaret Garcia,Neurology,Portland,OR,Subsys,REP-S562,Sophia Kapoor,TERR-S06,3,9.0,4,2,1,-0.9750899442844405,1.2624185370632368,1.8492432443918716,3.5991,0.033876947138503866,23.2453,synthetic,-1.1244163254332475,-0.752669882367221,-0.3674128040316846,1.177374689177714,-0.77509632596926,0.2822291511811844,-0.3674128040316846,1.5357081975583173,50.0,0.6666666666666666,0.5,3.154345837027554,1.0986122886681098,450.0,0.5,22.4377,51132.14,14.0
2001000305,Dr. Amanda Lopez,Palliative Care,New York,NY,Abstral,REP-S685,Simon Larsson,TERR-S03,3,9.0,4,3,3,-0.2754092814729272,1.113107954260503,1.9395105516679427,5.7871,0.053826605488757284,22.8018,synthetic,0.30373276577360286,-0.3070100835971559,0.5937505349345118,1.0778357884397352,-0.12853109880191332,1.2532768777190295,0.5937505349345118,1.3751688948255945,75.0,1.0,1.0,3.1159346025809493,1.3862943611198906,675.0,1.0,21.5545,52347.23,18.0
2001000306,Dr. Kathleen Moore,Oncology,Las Vegas,NV,Abstral,REP-S671,Silas Kowalski,TERR-S03,3,10.0,3,2,3,1.1239520441500994,2.0629849601410775,2.0129975551249393,2.8752,0.027354460893021848,27.9545,synthetic,-0.1723169312953478,-0.752669882367221,1.5549138739007082,1.654258073982634,-0.77509632596926,1.217312147106516,1.5549138739007082,1.8143360495539322,66.66666666666666,0.6666666666666666,1.5,3.3383711714608806,1.0986122886681098,666.6666666666665,1.5,27.1732,53336.44,26.0
2001000307,Dr. Michael Flores,Pain Management,Denver,CO,Subsys,REP-S776,Sasha Muller,TERR-S10,3,10.0,2,1,0,3.397914198287518,1.3649850345569177,2.4753600021340647,-1.3581,-0.013098841630471814,22.7315,synthetic,-1.1244163254332475,-1.198329681137286,-1.328576142997881,1.243601262488254,-1.6863788313340304,0.4980175348562611,-1.328576142997881,1.5563351600024007,50.0,0.3333333333333333,0.0,3.179902121205563,0.6931471805599453,500.0,0.0,23.0444,59560.31,39.0
2001000308,Dr. Patricia Perez,Oncology,New York,NY,Actiq,REP-S635,Stephen Novak,TERR-S09,3,6.0,5,3,3,-1.4998504413930756,0.10198182683392414,0.6908510596328904,5.0994,0.046807125041590236,16.3677,synthetic,-0.5531566889505074,-0.3070100835971559,0.5937505349345118,0.27934860208698187,-0.12853109880191332,-0.10618993943395362,0.5937505349345118,1.0398319840036565,60.0,1.0,1.0,2.8078050342392022,1.3862943611198906,360.0,1.0,15.5735,35539.0,11.0
2001000309,Dr. Karen King,Orthopedics,Houston,TX,Actiq,REP-S844,Sarah Kim,TERR-S08,3,2.0,3,3,1,0.5991915470414645,-1.139483599809961,-0.39009454050406583,4.6235,0.04039720225028809,8.6105,synthetic,1.7318818569804533,-0.3070100835971559,-0.6878005836870834,-1.2375174088555432,-0.12853109880191332,-0.796712767194199,-0.6878005836870834,0.5373743079534861,100.0,1.0,0.3333333333333333,2.222459048514761,1.3862943611198906,200.0,0.3333333333333333,8.23,20988.37,23.0
2001000310,Dr. Elizabeth Perez,Palliative Care,Phoenix,AZ,Abstral,REP-S639,Solomon Novak,TERR-S13,3,10.0,3,1,0,-0.9750899442844405,1.8715624364685952,0.6673936984946272,2.6092,0.024814462129430837,26.7203,synthetic,-2.076515719571148,-1.198329681137286,-1.328576142997881,1.547957166055625,-1.6863788313340304,-0.22127707739399485,-1.328576142997881,1.661399506982942,33.33333333333333,0.3333333333333333,0.0,3.297350534644531,0.6931471805599453,333.33333333333326,0.0,26.0409,35223.24,14.0
2001000311,Dr. John Baker,Family Practice,Charlotte,NC,Actiq,REP-S613,Spencer O'Connor,TERR-S01,3,2.0,3,2,3,0.5991915470414645,-0.9242748453852773,-1.2727260409063983,2.3338,0.020888561754246027,9.7247,synthetic,-0.1723169312953478,-0.752669882367221,1.5549138739007082,-0.9027035580285099,-0.77509632596926,-1.0844306120943012,1.5549138739007082,0.6653521604545648,66.66666666666666,0.6666666666666666,1.5,2.351660930640638,1.0986122886681098,133.33333333333331,1.5,9.503,9107.25,23.0
2001000312,Dr. David Gonzalez,Oncology,Atlanta,GA,Actiq,REP-S797,Stanley Gomez,TERR-S03,3,4.0,2,1,1,-0.6252496128786839,-0.4351947773957952,0.19170610939223356,2.6717,0.02442311105731587,12.7272,synthetic,-1.1244163254332475,-1.198329681137286,0.5937505349345118,-0.2722281377599332,-1.6863788313340304,-0.796712767194199,0.5937505349345118,0.8276724739916735,50.0,0.3333333333333333,1.0,2.594956154931958,0.6931471805599453,200.0,1.0,12.396,28820.0,16.0
2001000313,Dr. Lisa Brown,Family Practice,Philadelphia,PA,Subsys,REP-S660,Sloan Dubois,TERR-S06,3,6.0,2,1,0,2.873153701178883,-0.014700877253991506,-0.8211629243655689,1.0865,0.01012903176780755,15.045,synthetic,-1.1244163254332475,-1.198329681137286,-1.328576142997881,0.1691187299577596,-1.6863788313340304,-0.36513599984404566,-1.328576142997881,1.0420536472370225,50.0,0.3333333333333333,0.0,2.7652682427940127,0.6931471805599453,300.0,0.0,14.8833,15185.75,36.0
2001000314,Dr. Lisa Lee,Oncology,Portland,OR,Subsys,REP-S626,Stella Novak,TERR-S14,3,8.0,3,2,1,-0.6252496128786839,0.5416636245619035,1.0244134572554635,3.4944,0.032585731798358886,18.8094,synthetic,-0.1723169312953478,-0.752669882367221,-0.3674128040316846,0.6570862184723123,-0.77509632596926,0.6418764573063119,-0.3674128040316846,1.213485627949893,66.66666666666666,0.6666666666666666,0.5,2.95357084071995,1.0986122886681098,533.3333333333333,0.5,18.1743,40029.09,16.0
2001000315,Dr. Kathleen Harris,Internal Medicine,Philadelphia,PA,Subsys,REP-S523,Sean Patel,TERR-S09,3,6.0,5,3,3,-0.8001697785815622,-0.03889284328554874,0.6042446934414841,3.8313,0.035247726745629926,15.3049,synthetic,-0.5531566889505074,-0.3070100835971559,0.5937505349345118,0.1456657930791024,-0.12853109880191332,-0.10618993943395362,0.5937505349345118,0.9755980697872417,60.0,1.0,1.0,2.7562179493888355,1.3862943611198906,360.0,1.0,14.7402,34373.19,15.0
2001000316,Dr. Kathleen Hill,Oncology,Seattle,WA,Fentora,REP-S738,Summer Santos,TERR-S14,3,3.0,4,3,4,0.5991915470414645,-0.7839242500016382,-0.6893400727725434,7.4325,0.06556815006607808,11.1012,synthetic,0.30373276577360286,-0.3070100835971559,1.2345260942453093,-0.7055613472473968,-0.12853109880191332,-0.6888185753566607,1.2345260942453093,0.6899407234794096,75.0,1.0,1.3333333333333333,2.4277364711729645,1.3862943611198906,225.0,1.3333333333333333,10.3332,16960.22,23.0
2001000317,Dr. Jennifer Gonzalez,Anesthesiology,Miami,FL,Fentora,REP-S655,Stephen Dubois,TERR-S01,2,5.0,5,4,1,-0.2754092814729272,-0.32409093339901424,-0.44978095497368226,4.4457,0.040463293015841284,13.6335,synthetic,0.589362584014973,0.13864971517290903,-0.8479944735147827,-0.14811566167544118,0.37298385385674826,0.06644076750610772,-0.8479944735147827,0.8760245007731404,80.0,1.3333333333333333,0.25,2.6428501278539547,1.6094379124341003,400.0,0.25,13.0532,20184.93,18.0
2001000318,Dr. James Young,Oncology,Seattle,WA,Actiq,REP-S645,Simon Dubois,TERR-S05,3,2.0,3,2,3,0.42427138133858616,-1.0666710228023324,-0.5910072546693215,4.8735,0.04276489248072579,9.0828,synthetic,-0.1723169312953478,-0.752669882367221,1.5549138739007082,-1.1193312383629093,-0.77509632596926,-1.0844306120943012,1.5549138739007082,0.5782690380364381,66.66666666666666,0.6666666666666666,1.5,2.2680661093671706,1.0986122886681098,133.33333333333331,1.5,8.6607,18283.88,22.0
2001000319,Dr. Robert Moore,Oncology,Portland,OR,Subsys,REP-S679,Solomon Kowalski,TERR-S11,3,9.0,4,3,3,0.0744310499328295,0.9925707650187119,1.6448820544727583,6.5738,0.060836015676970945,22.2115,synthetic,0.30373276577360286,-0.3070100835971559,0.5937505349345118,0.9945928119079557,-0.12853109880191332,1.2532768777190295,0.5937505349345118,1.3915727546545227,75.0,1.0,1.0,3.083811829836932,1.3862943611198906,675.0,1.0,20.8415,48381.23,20.0
2001000320,Dr. Kathleen Martin,Oncology,Boston,MA,Abstral,REP-S692,Sienna Larsson,TERR-S10,3,5.0,3,2,2,0.9490318784472211,-0.24291006625468337,0.5491002825821835,3.6037,0.03300643050781771,14.0211,synthetic,-0.1723169312953478,-0.752669882367221,0.5937505349345118,-0.061046356980789536,-0.77509632596926,-0.22127707739399485,0.5937505349345118,0.9036158970247592,66.66666666666666,0.6666666666666666,1.0,2.6764494488323214,1.0986122886681098,333.33333333333326,1.0,13.5334,33630.89,25.0
2001000321,Dr. Susan Scott,Internal Medicine,Atlanta,GA,Fentora,REP-S515,Stephen Brooks,TERR-S01,3,2.0,5,2,3,0.24935121563570783,-0.9784743164524836,-0.1784604988765787,3.7043,0.032855081941312925,9.5225,synthetic,-1.6956759619159878,-0.752669882367221,1.5549138739007082,-0.9830374752076163,-0.77509632596926,-1.314604888014383,1.5549138739007082,0.6077483152205783,40.0,0.6666666666666666,1.5,2.320660739721276,1.0986122886681098,80.0,1.5,9.1824,23837.18,21.0
2001000322,Dr. Kimberly Davis,Internal Medicine,Houston,TX,Subsys,REP-S642,Sophia Dubois,TERR-S02,3,5.0,5,4,5,-0.6252496128786839,-0.3549437202666537,0.16724510957593036,1.9496,0.017933919727985526,13.1217,synthetic,0.589362584014973,0.13864971517290903,1.07433220441761,-0.18198896489322303,0.37298385385674826,0.06644076750610772,1.07433220441761,0.8518629378713078,80.0,1.3333333333333333,1.25,2.6297787016905882,1.6094379124341003,400.0,1.25,12.8707,28490.73,16.0
2001000323,Dr. Nancy Adams,Family Practice,Charlotte,NC,Abstral,REP-S574,Selena Kapoor,TERR-S04,3,1.0,2,2,0,0.7741117127443429,-1.1807502588477186,-0.8323418694633832,1.2752,0.01126516870649752,8.0877,synthetic,1.7318818569804533,-0.752669882367221,-1.328576142997881,-1.3069730804100261,-0.77509632596926,-1.2282895345443523,-1.328576142997881,0.5591324653450604,100.0,0.6666666666666666,0.0,2.1956566821640573,1.0986122886681098,100.0,0.0,7.9859,15035.27,24.0
2001000324,Dr. Dorothy Hernandez,Family Practice,Boston,MA,Subsys,REP-S824,Sarah Alvarez,TERR-S02,3,8.0,2,1,1,0.5991915470414645,0.8074371381762366,0.564220236700725,2.1457,0.02021707115219895,20.1701,synthetic,-1.1244163254332475,-1.198329681137286,0.5937505349345118,0.8612935111925479,-1.6863788313340304,0.06644076750610772,0.5937505349345118,1.382543396948334,50.0,0.3333333333333333,1.0,3.032372737648983,0.6931471805599453,400.0,1.0,19.7464,33834.42,23.0
2001000325,Dr. Emily Thompson,Neurology,Denver,CO,Lazanda,REP-S665,Simon Kowalski,TERR-S11,3,3.0,5,3,4,-1.3249302756901973,-0.6826594865292221,0.08688566984169552,4.7826,0.04288152055277017,11.455,synthetic,-0.5531566889505074,-0.3070100835971559,1.2345260942453093,-0.5720934375609987,-0.12853109880191332,-0.8830281206642296,1.2345260942453093,0.7482348528301491,60.0,1.0,1.3333333333333333,2.4792406281613735,1.3862943611198906,180.0,1.3333333333333333,10.9322,27409.01,12.0
2001000326,Dr. Richard Green,Neurology,Portland,OR,Lazanda,REP-S742,Sophia Tanaka,TERR-S04,2,8.0,5,4,1,-0.8001697785815622,0.464895128580561,-0.6678981607338532,5.3251,0.04917622714827008,18.6638,synthetic,0.589362584014973,0.13864971517290903,-0.8479944735147827,0.5949763397155168,0.37298385385674826,1.1022250091464758,-0.8479944735147827,1.2128273576334871,80.0,1.3333333333333333,0.25,2.9296031547530585,1.6094379124341003,640.0,0.25,17.7202,17248.85,15.0
2001000327,Dr. Richard Williams,Pain Management,Los Angeles,CA,Subsys,REP-S539,Solomon Patel,TERR-S11,3,7.0,5,5,0,-1.3249302756901973,0.19398230142772852,-0.10950138420022933,4.8267,0.04444185668060063,16.8956,synthetic,1.7318818569804533,0.5843095139429743,-1.328576142997881,0.36307152912416596,0.7827514065628568,1.3611710695565677,-1.328576142997881,1.0885309753506576,100.0,1.6666666666666667,0.0,2.840113015893999,1.791759469228055,700.0,0.0,16.1177,24765.44,12.0
2001000328,Dr. William Flores,Palliative Care,Los Angeles,CA,Lazanda,REP-S771,Silas Muller,TERR-S05,3,3.0,2,2,3,1.823632706961613,-0.6747138373085149,-1.154855326998251,5.6295,0.05031069278639855,11.5973,synthetic,1.7318818569804533,-0.752669882367221,1.5549138739007082,-0.561906163636225,-0.77509632596926,-0.36513599984404566,1.5549138739007082,0.7004687805362763,100.0,0.6666666666666666,1.5,2.483171812494284,1.0986122886681098,300.0,1.5,10.9792,10693.91,30.0
2001000329,Dr. Sandra Baker,Orthopedics,Columbus,OH,Subsys,REP-S778,Summer Muller,TERR-S12,2,7.0,5,2,1,-0.9750899442844405,0.2269651985119829,0.9526833786493663,0.5237,0.004920640276203869,16.3982,synthetic,-1.6956759619159878,-0.752669882367221,-0.3674128040316846,0.3924401233956832,-0.77509632596926,-0.4514513533140763,-0.3674128040316846,1.0651372552592497,40.0,0.6666666666666666,0.5,2.8514461123172756,1.0986122886681098,280.0,0.5,16.3128,39063.53,14.0
2001000330,Dr. Margaret Torres,Pain Management,Phoenix,AZ,Actiq,REP-S618,Summer O'Connor,TERR-S06,2,5.0,6,4,0,-1.3249302756901973,-0.21276731612591576,0.11273660893750521,2.4018,0.02213671009609497,14.041,synthetic,-0.1723169312953478,0.13864971517290903,-1.328576142997881,-0.029447731983774667,0.37298385385674826,-0.22127707739399485,-1.328576142997881,0.9260384654581988,66.66666666666666,1.3333333333333333,0.0,2.6886430955769813,1.6094379124341003,333.33333333333326,0.0,13.7117,27756.99,12.0
2001000331,Dr. Carol Baker,Pain Management,Phoenix,AZ,Abstral,REP-S724,Sarah Santos,TERR-S14,3,5.0,4,3,4,0.5991915470414645,-0.3903103121171201,0.22735719759293188,8.1334,0.07267382406825007,13.6913,synthetic,0.30373276577360286,-0.3070100835971559,1.2345260942453093,-0.22137059548629345,-0.12853109880191332,-0.04145342433143062,1.2345260942453093,0.8551117680811996,75.0,1.0,1.3333333333333333,2.6145816577772547,1.3862943611198906,375.0,1.3333333333333333,12.6615,29299.9,23.0
2001000332,Dr. James Gonzalez,Family Practice,Charlotte,NC,Actiq,REP-S724,Sarah Santos,TERR-S14,3,5.0,4,3,4,-1.4998504413930756,-0.28147182343007243,0.24217702585956494,1.8515,0.017077727309998014,13.5517,synthetic,0.30373276577360286,-0.3070100835971559,1.2345260942453093,-0.10204063425073209,-0.12853109880191332,-0.04145342433143062,1.2345260942453093,0.9315700410918785,75.0,1.0,1.3333333333333333,2.6606300979703916,1.3862943611198906,375.0,1.3333333333333333,13.3053,29499.39,11.0
2001000333,Dr. James Hernandez,Oncology,Boston,MA,Abstral,REP-S699,Solomon Larsson,TERR-S03,3,10.0,5,3,2,-0.8001697785815622,1.7745747990660488,0.7016726766743483,3.7968,0.035880534646026696,26.4341,synthetic,-0.5531566889505074,-0.3070100835971559,-0.04702502437628586,1.4923863808191646,-0.12853109880191332,0.9295943022064145,-0.04702502437628586,1.7004275919361687,60.0,1.0,0.6666666666666666,3.2759062305154503,1.3862943611198906,600.0,0.6666666666666666,25.4672,35684.67,15.0
2001000334,Dr. Betty Young,Anesthesiology,Houston,TX,Abstral,REP-S715,Stephen Rossi,TERR-S05,3,2.0,3,3,4,0.42427138133858616,-1.0746166720230397,-0.7329935265097685,6.3659,0.0554661086800885,9.162,synthetic,1.7318818569804533,-0.3070100835971559,1.2345260942453093,-1.1319693568426366,-0.12853109880191332,-0.796712767194199,1.2345260942453093,0.5780814085672171,100.0,1.0,1.3333333333333333,2.2631891644914517,1.3862943611198906,200.0,1.3333333333333333,8.6137,16372.6,22.0
2001000335,Dr. Susan Lopez,Palliative Care,Chicago,IL,Abstral,REP-S507,Scott Brooks,TERR-S07,1,10.0,14,10,5,0.24935121563570783,1.4239688007931883,-0.1287644122694959,8.4659,0.07806258870241045,25.3738,synthetic,0.09971146702976721,2.8126085077932994,-0.3674128040316846,1.2809339743959798,2.145041139077878,1.4228248934637329,-0.3674128040316846,1.4924836348476456,71.42857142857143,3.3333333333333335,0.5,3.19430850442844,2.3978952727983707,714.2857142857143,0.5,23.3933,24506.14,21.0
2001000336,Dr. Lisa Ramirez,Palliative Care,Portland,OR,Lazanda,REP-S651,Silas Dubois,TERR-S11,3,8.0,3,1,0,0.42427138133858616,0.46678855988421925,0.9947916299807265,0.7387,0.006969262496945294,17.8624,synthetic,-2.076515719571148,-1.198329681137286,-1.328576142997881,0.5965262702375332,-1.6863788313340304,-0.5089949222940969,-1.328576142997881,1.1312565701691315,33.33333333333333,0.3333333333333333,0.0,2.9302012600587806,0.6931471805599453,266.66666666666663,0.0,17.7314,39630.35,22.0
2001000337,Dr. Sandra Nguyen,Orthopedics,Portland,OR,Actiq,REP-S750,Sadie Tanaka,TERR-S12,3,7.0,2,2,0,-0.2754092814729272,0.2714101172380236,-0.3062524522704587,-0.0495,-0.0004666621223345935,16.5675,synthetic,1.7318818569804533,-0.752669882367221,-1.328576142997881,0.43149552248931733,-0.77509632596926,1.3611710695565677,-1.328576142997881,1.0823031976117374,100.0,0.6666666666666666,0.0,2.86651726620655,1.0986122886681098,700.0,0.0,16.5757,22116.97,18.0
2001000339,Dr. Dorothy Carter,Pain Management,Baltimore,MD,Lazanda,REP-S511,Silas Brooks,TERR-S11,3,9.0,2,1,0,-1.1500101099873188,1.0220203840452475,0.8796450781986882,1.0535,0.010006229992068683,21.2371,synthetic,-1.1244163254332475,-1.198329681137286,-1.328576142997881,1.0151789131657494,-1.6863788313340304,0.2822291511811844,-1.328576142997881,1.4193241230868432,50.0,0.3333333333333333,0.0,3.0917558352046037,0.6931471805599453,450.0,0.0,21.0157,38080.36,13.0
2001000340,Dr. Richard Rodriguez,Anesthesiology,Denver,CO,Subsys,REP-S648,Serena Dubois,TERR-S08,3,7.0,3,2,1,0.0744310499328295,0.16798143227571274,0.17522741719661183,2.187,0.020370107638092882,16.313,synthetic,-0.1723169312953478,-0.752669882367221,-0.3674128040316846,0.3396829477908193,-0.77509632596926,0.3541586124062098,-0.3674128040316846,1.0713669849456329,66.66666666666666,0.6666666666666666,0.5,2.8310875567588463,1.0986122886681098,466.66666666666663,0.5,15.9639,28598.18,20.0
2001000342,Dr. James Martin,Pain Management,Las Vegas,NV,Actiq,REP-S821,Samuel Alvarez,TERR-S13,3,5.0,2,1,0,-1.4998504413930756,-0.3959229834815346,0.2924198763948769,1.0344,0.00953737439117086,12.7589,synthetic,-1.1244163254332475,-1.198329681137286,-1.328576142997881,-0.22767584847220398,-1.6863788313340304,-0.5809243835191223,-1.328576142997881,0.8528695605465239,50.0,0.3333333333333333,0.0,2.612148513058041,0.6931471805599453,250.0,0.0,12.6283,30175.71,11.0
2001000343,Dr. William Nelson,Oncology,Detroit,MI,Actiq,REP-S504,Sarah Brooks,TERR-S04,1,8.0,14,11,5,-0.9750899442844405,0.46364411146921614,0.2659181693627514,8.8159,0.08015122478728465,19.2744,synthetic,0.5077540645174385,3.258268306563364,-0.45479128939224794,0.5939517696514468,2.340599139094974,1.052901950020744,-0.45479128939224794,1.1826715873926845,78.57142857142857,3.6666666666666665,0.45454545454545453,2.929207781681363,2.4849066497880004,628.5714285714286,0.45454545454545453,17.7128,29818.97,14.0
2001000344,Dr. Michelle Sanchez,Anesthesiology,Denver,CO,Actiq,REP-S539,Solomon Patel,TERR-S11,3,6.0,5,3,2,-0.6252496128786839,-0.07130094872404968,0.30556821167439685,5.8663,0.05343910766434057,15.402,synthetic,-0.5531566889505074,-0.3070100835971559,-0.04702502437628586,0.11391134276597772,-0.12853109880191332,-0.10618993943395362,-0.04702502437628586,0.9763768615740227,60.0,1.0,0.6666666666666666,2.7439641709498788,1.3862943611198906,360.0,0.6666666666666666,14.5485,30352.7,16.0
2001000345,Dr. Laura Jones,Family Practice,Portland,OR,Fentora,REP-S649,Seth Dubois,TERR-S09,3,9.0,3,2,1,1.4737923755558562,1.2050915232176673,0.9463629065007615,2.0552,0.019468453941662744,22.5527,synthetic,-0.1723169312953478,-0.752669882367221,-0.3674128040316846,1.1396080623159202,-0.77509632596926,0.9295943022064139,-0.3674128040316846,1.5472325847649422,66.66666666666666,0.6666666666666666,0.5,3.13977200963052,1.0986122886681098,599.9999999999999,0.5,22.0986,38978.45,28.0
2001000346,Dr. Laura Lopez,Neurology,Denver,CO,Subsys,REP-S740,Sloan Santos,TERR-S02,3,1.0,5,2,0,-0.10048911577004885,-1.578624417165467,-1.0799219249430725,1.1738,0.009916891089823077,5.6985,synthetic,-1.6956759619159878,-0.752669882367221,-1.328576142997881,-2.0939554431072995,-0.77509632596926,-1.4872355949544445,-1.328576142997881,0.38549953212350047,40.0,0.6666666666666666,0.0,1.8919667296450804,1.0986122886681098,40.0,0.0,5.6324,11702.59,19.0
2001000347,Dr. William Nelson,Palliative Care,Jacksonville,FL,Actiq,REP-S735,Stephen Santos,TERR-S11,3,4.0,3,2,3,-1.3249302756901973,-0.5286829480139024,0.07463548346058475,5.8666,0.05268685691546615,12.5378,synthetic,-0.1723169312953478,-0.752669882367221,1.5549138739007082,-0.38147443766989386,-0.77509632596926,-0.5089949222940969,1.5549138739007082,0.7555788917126128,66.66666666666666,0.6666666666666666,1.5,2.552798915830919,1.0986122886681098,266.66666666666663,1.5,11.843,27244.11,12.0
2001000348,Dr. Emily Anderson,Pain Management,Jacksonville,FL,Abstral,REP-S792,Sienna Gomez,TERR-S12,2,5.0,5,4,0,0.5991915470414645,-0.38370020819095746,0.3721255766497074,6.8672,0.061717149951711736,13.5728,synthetic,0.589362584014973,0.13864971517290903,-1.328576142997881,-0.21396445069046016,0.37298385385674826,0.06644076750610772,-1.328576142997881,0.8577524402078808,80.0,1.3333333333333333,0.0,2.617439627495517,1.6094379124341003,400.0,0.0,12.7006,31248.63,23.0
2001000349,Dr. Stephanie Hall,Pain Management,Columbus,OH,Subsys,REP-S533,Spencer Patel,TERR-S05,3,7.0,5,4,3,1.823632706961613,0.4172212332563184,0.4672298131875984,7.121,0.06517321082934524,18.6799,synthetic,0.589362584014973,0.13864971517290903,0.11316886545141361,0.5556426206009262,0.37298385385674826,0.7569635952663532,0.11316886545141361,1.177712753951236,80.0,1.3333333333333333,0.75,2.9144245994810394,1.6094379124341003,560.0,0.75,17.4382,32528.83,30.0
2001000351,Dr. Dorothy Hall,Orthopedics,Nashville,TN,Subsys,REP-S572,Sienna Kapoor,TERR-S02,3,9.0,3,2,2,-0.10048911577004885,1.1492691110330397,1.3133232197774045,1.5225,0.014454678803659693,22.0999,synthetic,-0.1723169312953478,-0.752669882367221,0.5937505349345118,1.1022960383447058,-0.77509632596926,0.9295943022064139,0.5937505349345118,1.4213583092654514,66.66666666666666,0.6666666666666666,1.0,3.125373609710389,1.0986122886681098,599.9999999999999,1.0,21.7684,43918.11,19.0
2001000352,Dr. Michelle Harris,Oncology,Boston,MA,Abstral,REP-S761,Samuel Muller,TERR-S09,3,2.0,5,4,5,1.298872209852978,-1.1546817671491434,-1.2486788284651271,7.1607,0.06182288650227585,8.723,synthetic,0.589362584014973,0.13864971517290903,1.07433220441761,-1.262881319219515,0.37298385385674826,-0.9693434741342604,1.07433220441761,0.5435089307469847,80.0,1.3333333333333333,1.25,2.2126713263252444,1.6094379124341003,160.0,1.25,8.1401,9430.95,27.0
2001000353,Dr. Lisa Baker,Pain Management,Nashville,TN,Actiq,REP-S725,Simon Santos,TERR-S01,1,8.0,12,7,5,0.7741117127443429,0.538992533972815,-0.5418772470205411,9.3388,0.08481368061545158,19.8543,synthetic,-0.6483666283642973,1.4756291114831046,0.04451434123954247,0.6549499730766708,1.4293166337302035,0.35415861240621005,0.04451434123954247,1.226359202361684,58.333333333333336,2.3333333333333335,0.7142857142857143,2.9527464813778326,2.0794415416798357,466.6666666666667,0.7142857142857143,18.1585,18945.22,24.0
2001000354,Dr. Susan Wilson,Pain Management,Denver,CO,Fentora,REP-S581,Samuel Nakamura,TERR-S11,3,3.0,3,2,0,-0.9750899442844405,-0.8187667671162707,-1.2121503921676375,2.2746,0.020485939574534484,10.3574,synthetic,-0.1723169312953478,-0.752669882367221,-1.328576142997881,-0.7531210575261315,-0.77509632596926,-0.7967127671941991,-1.328576142997881,0.6839475880847543,66.66666666666666,0.6666666666666666,0.0,2.409383574283557,1.0986122886681098,199.99999999999997,0.0,10.1271,9922.66,14.0
2001000355,Dr. Deborah Smith,Neurology,Atlanta,GA,Subsys,REP-S628,Serena Novak,TERR-S02,3,7.0,5,2,1,0.24935121563570783,0.36281889454943445,1.2560051251490847,3.5045,0.03257719656199187,17.7163,synthetic,-1.6956759619159878,-0.752669882367221,-0.3674128040316846,0.510015843346521,-0.77509632596926,-0.4514513533140763,-0.3674128040316846,1.1715013478514813,40.0,0.6666666666666666,0.5,2.8968176053795536,1.0986122886681098,280.0,0.5,17.1164,43146.55,21.0
2001000356,Dr. Dorothy Ramirez,Pain Management,Nashville,TN,Actiq,REP-S741,Samuel Tanaka,TERR-S03,3,6.0,5,4,3,2.348393204070248,-0.08709081334562521,0.5460054204558218,6.8602,0.06219188345172899,15.4468,synthetic,0.589362584014973,0.13864971517290903,0.11316886545141361,0.09829782951042165,0.37298385385674826,0.41170218138623044,0.11316886545141361,0.9762450040509061,80.0,1.3333333333333333,0.75,2.737939045961076,1.6094379124341003,480.0,0.75,14.4551,33589.23,33.0
2001000357,Dr. William Baker,Pain Management,Denver,CO,Lazanda,REP-S512,Sienna Brooks,TERR-S12,1,9.0,10,6,7,0.24935121563570783,0.9531130091014133,0.7174560277873308,9.9237,0.09043016794355418,22.6532,synthetic,-0.5531566889505074,1.0299693127130392,0.9141383145899108,0.966751876820544,1.1292049358741694,0.6706482417963224,0.9141383145899108,1.3917962980526928,60.0,2.0,1.1666666666666667,3.0730682443951927,1.9459101490553132,540.0,1.1666666666666667,20.6081,35897.13,21.0
2001000358,Dr. Michelle Williams,Neurology,Atlanta,GA,Lazanda,REP-S767,Scott Muller,TERR-S01,2,2.0,7,5,2,-0.45032944717580553,-0.9983722507775309,-0.6881469982226306,5.4025,0.04751805687576338,9.5545,synthetic,0.09971146702976721,0.5843095139429743,-0.5596454718249239,-1.0131663628950105,0.7827514065628568,-1.043328062822858,-0.5596454718249239,0.6204171594417823,71.42857142857143,1.6666666666666667,0.4,2.309034252388225,1.791759469228055,142.85714285714286,0.4,9.0647,16976.28,17.0
2001000359,Dr. Michael Sanchez,Pain Management,Charlotte,NC,Abstral,REP-S534,Selena Patel,TERR-S06,2,6.0,9,7,6,-1.3249302756901973,0.012246707549853396,-0.7720113730293992,7.9964,0.07229732243010778,16.2455,synthetic,0.46241599812992007,1.4756291114831046,0.319132438087027,0.19499561448569322,1.4293166337302035,0.35415861240621027,0.319132438087027,1.0159293759598043,77.77777777777779,2.3333333333333335,0.8571428571428571,2.7752539174496595,2.0794415416798357,466.66666666666674,0.8571428571428571,15.0427,15847.38,12.0
2001000360,Dr. Donna Sanchez,Anesthesiology,Phoenix,AZ,Fentora,REP-S775,Stephen Muller,TERR-S09,3,4.0,3,3,0,1.4737923755558562,-0.41859344221550954,-0.8760443536615635,1.556,0.014303406146903175,12.6886,synthetic,1.7318818569804533,-0.3070100835971559,-1.328576142997881,-0.2533010429583976,-0.12853109880191332,0.06644076750610772,-1.328576142997881,0.8385089723255423,100.0,1.0,0.0,2.6022599634975023,1.3862943611198906,400.0,0.0,12.4942,14446.99,28.0
2001000361,Dr. Jennifer Moore,Pain Management,Miami,FL,Abstral,REP-S740,Sloan Santos,TERR-S02,2,6.0,6,4,5,-0.9750899442844405,-0.11525560398753576,0.440851425193633,6.9912,0.063297030657953,15.2875,synthetic,-0.1723169312953478,0.13864971517290903,1.07433220441761,0.07021188078519543,0.37298385385674826,0.06644076750610747,1.07433220441761,0.9649934445546121,66.66666666666666,1.3333333333333333,1.25,2.7271009117930105,1.6094379124341003,399.99999999999994,1.25,14.2885,32173.75,14.0
2001000362,Dr. William Jackson,Pain Management,Nashville,TN,Subsys,REP-S825,Simon Alvarez,TERR-S03,3,8.0,5,3,1,-0.2754092814729272,0.7584615088307293,0.6249882928544468,4.6075,0.042886471005284754,20.3531,synthetic,-0.5531566889505074,-0.3070100835971559,-0.6878005836870834,0.8248525074419029,-0.12853109880191332,0.41170218138623044,-0.6878005836870834,1.3140349198772243,60.0,1.0,0.3333333333333333,3.018310457192217,1.3862943611198906,480.0,0.3333333333333333,19.4567,34652.42,18.0
2001000363,Dr. Stephanie Brown,Family Practice,Philadelphia,PA,Lazanda,REP-S535,Stephen Patel,TERR-S07,3,7.0,4,3,0,-0.8001697785815622,0.2745883769263062,-0.44885234775861926,1.68,0.01572162595640325,16.8733,synthetic,0.30373276577360286,-0.3070100835971559,-1.328576142997881,0.4342659553127439,-0.12853109880191332,0.6059117266937994,-1.328576142997881,1.1618632459921368,75.0,1.0,0.0,2.867586353205806,1.3862943611198906,525.0,0.0,16.5945,20197.43,15.0
2001000364,Dr. Amanda Taylor,Family Practice,Houston,TX,Subsys,REP-S543,Sean Chen,TERR-S01,3,2.0,5,4,1,-0.6252496128786839,-0.8331534638967426,-1.059880352584697,1.9492,0.017576911908800064,10.2378,synthetic,0.589362584014973,0.13864971517290903,-0.8479944735147827,-0.7730162526200318,0.37298385385674826,-0.9693434741342604,-0.8479944735147827,0.7030902236435588,80.0,1.3333333333333333,0.25,2.4017061838618528,1.6094379124341003,160.0,0.25,10.042,11972.37,16.0
2001000365,Dr. Stephanie Miller,Orthopedics,Austin,TX,Abstral,REP-S633,Spencer Novak,TERR-S07,3,2.0,4,2,1,2.1734730383673697,-1.009479254049881,-0.7905768313587104,2.7475,0.024431576813570555,9.2463,synthetic,-1.1244163254332475,-0.752669882367221,-0.3674128040316846,-1.030137872245701,-0.77509632596926,-1.2282895345443523,-0.3674128040316846,0.58758583198948,50.0,0.6666666666666666,0.5,2.302485087993712,1.0986122886681098,100.0,0.5,8.999,15597.47,32.0
2001000366,Dr. David Garcia,Pain Management,Boston,MA,Abstral,REP-S562,Sophia Kapoor,TERR-S06,1,2.0,11,8,9,0.7741117127443429,-0.8353681022965567,-0.7880614201345477,12.2431,0.10555362597201334,11.2567,synthetic,0.1739010302093441,1.9212889102531692,0.8340413696760609,-0.776092461878845,1.6940339119276273,-1.0321182766579189,0.8340413696760609,0.6773155164008643,72.72727272727273,2.6666666666666665,1.125,2.400519100277736,2.1972245773362196,145.45454545454547,1.125,10.0289,15631.33,24.0
2001000369,Dr. Kathleen Lewis,Pain Management,Miami,FL,Actiq,REP-S848,Serena Kim,TERR-S12,1,2.0,12,9,6,-0.2754092814729272,-1.1135503532045044,-1.0190045487491686,8.5065,0.07324665844865264,9.0965,synthetic,0.30373276577360286,2.3669487090232346,-0.04702502437628586,-1.1948030341289637,1.930831586388866,-1.0125011508692756,-0.04702502437628586,0.5661844170542139,75.0,3.0,0.6666666666666666,2.238942170688088,2.302585092994046,150.0,0.6666666666666666,8.3834,12522.6,18.0
2001000370,Dr. Deborah Campbell,Family Practice,New York,NY,Actiq,REP-S774,Selena Muller,TERR-S08,3,3.0,5,4,4,0.5991915470414645,-0.6201086309619536,-0.567261653851503,5.8429,0.05229017991399587,11.9626,synthetic,0.589362584014973,0.13864971517290903,0.5937505349345118,-0.49295858976267065,0.37298385385674826,-0.6240820602541377,0.5937505349345118,0.7913230756486985,80.0,1.3333333333333333,1.0,2.509778108173127,1.6094379124341003,240.0,1.0,11.3022,18603.52,23.0
2001000371,Dr. Margaret Robinson,Pain Management,Chicago,IL,Subsys,REP-S804,Sarah Vargas,TERR-S10,3,10.0,5,5,2,1.6487125412587345,2.0564255731248338,0.5884316268976194,6.3348,0.05930235958492247,28.8533,synthetic,1.7318818569804533,0.5843095139429743,-0.5596454718249239,1.6506867491885329,0.7827514065628568,2.6559013716070283,-0.5596454718249239,1.8325589195452752,100.0,1.6666666666666667,0.4,3.336993026907001,1.791759469228055,1000.0,0.4,27.1344,34160.33,29.0
2001000372,Dr. John Mitchell,Pain Management,Las Vegas,NV,Subsys,REP-S702,Sophia Rossi,TERR-S06,2,3.0,8,5,3,-0.10048911577004885,-0.7133770283037428,-0.13204573872464231,5.4316,0.04849631384656439,11.3344,synthetic,-0.41034177982982234,0.5843095139429743,-0.17518013623844536,-0.6118580548217428,0.7827514065628568,-0.8506598631129682,-0.17518013623844536,0.7260497620942966,62.5,1.6666666666666667,0.6,2.463895792876296,1.791759469228055,187.5,0.6,10.7505,24461.97,19.0
2001000373,Dr. Rebecca Martinez,Oncology,New York,NY,Subsys,REP-S736,Sasha Santos,TERR-S12,2,7.0,6,2,0,0.9490318784472211,0.18451514490943904,0.4180871764806929,2.4267,0.02258368925751686,16.4514,synthetic,-2.076515719571148,-0.752669882367221,-1.328576142997881,0.3545799482086515,-0.77509632596926,-0.652853844744148,-1.328576142997881,1.0724287653688336,33.33333333333333,0.6666666666666666,0.0,2.836836185399088,1.0986122886681098,233.33333333333331,0.0,16.0617,31867.32,25.0
2001000374,Dr. Melissa Harris,Emergency Medicine,Charlotte,NC,Lazanda,REP-S608,Serena O'Connor,TERR-S10,3,9.0,5,3,2,1.823632706961613,0.9474158095538,-0.5916647085775862,4.3752,0.04087390655162171,21.4745,synthetic,-0.5531566889505074,-0.3070100835971559,-0.04702502437628586,0.962707172502206,-0.12853109880191332,0.6706482417963224,-0.04702502437628586,1.407920854992876,60.0,1.0,0.6666666666666666,3.0715074266175497,1.3862943611198906,540.0,0.6666666666666666,20.5744,18275.03,30.0
2001000375,Dr. Thomas Gonzalez,Pain Management,Seattle,WA,Abstral,REP-S596,Sasha Nakamura,TERR-S12,1,2.0,9,6,4,1.298872209852978,-0.9090597724094551,-1.1490972193790887,8.5825,0.07484875312168926,10.4163,synthetic,-0.1723169312953478,1.0299693127130392,-0.04702502437628586,-0.8805924962078041,1.1292049358741694,-1.0844306120943012,-0.04702502437628586,0.6478764120525172,66.66666666666666,2.0,0.6666666666666666,2.360193405614359,1.9459101490553132,133.33333333333331,0.6666666666666666,9.593,10771.42,27.0
2001000376,Dr. Lisa Robinson,Oncology,Detroit,MI,Actiq,REP-S812,Sienna Vargas,TERR-S04,2,1.0,8,7,6,0.9490318784472211,-1.189372133534018,-0.5041022483975509,8.9577,0.07653689621400472,8.6456,synthetic,1.017807311377028,1.4756291114831046,0.319132438087027,-1.3217226221370268,1.4293166337302035,-1.2822366304631216,0.319132438087027,0.5298078665599008,87.5,2.3333333333333335,0.8571428571428571,2.1899649566069592,2.0794415416798357,87.5,0.8571428571428571,7.9349,19453.71,25.0
2001000377,Dr. Margaret Rodriguez,Family Practice,Baltimore,MD,Actiq,REP-S833,Spencer Alvarez,TERR-S11,3,2.0,2,2,1,-0.10048911577004885,-0.891883645583416,-0.9054017136014509,3.891,0.034662393947914705,10.0718,synthetic,1.7318818569804533,-0.752669882367221,-0.3674128040316846,-0.8558561884350525,-0.77509632596926,-0.796712767194199,-0.3674128040316846,0.6787670267013389,100.0,0.6666666666666666,0.5,2.3697389411804357,1.0986122886681098,200.0,0.5,9.6946,14051.81,19.0
2001000378,Dr. Emily Garcia,Pain Management,Miami,FL,Fentora,REP-S632,Sienna Novak,TERR-S06,2,3.0,5,4,1,0.42427138133858616,-0.7020502517550753,0.08669103376941839,6.9493,0.061667893295699105,11.5692,synthetic,0.589362584014973,0.13864971517290903,-0.8479944735147827,-0.5971241515454383,0.37298385385674826,-0.6240820602541377,-0.8479944735147827,0.7305746989865638,80.0,1.3333333333333333,0.25,2.4695814836852543,1.6094379124341003,240.0,0.25,10.8175,27406.39,22.0
2001000379,Dr. Sharon Jackson,Internal Medicine,Los Angeles,CA,Subsys,REP-S556,Sasha Chen,TERR-S14,3,1.0,2,2,2,0.9490318784472211,-1.168747256833459,-1.2949316395187564,5.3131,0.04617416222058557,8.4849,synthetic,1.7318818569804533,-0.752669882367221,0.5937505349345118,-1.2865781970139922,-0.77509632596926,-1.2282895345443523,0.5937505349345118,0.5332557284479742,100.0,0.6666666666666666,1.0,2.203526898148242,1.0986122886681098,100.0,1.0,8.0569,8808.34,25.0
2001000380,Dr. James Moore,Orthopedics,Columbus,OH,Fentora,REP-S598,Summer Nakamura,TERR-S14,3,7.0,4,2,2,0.42427138133858616,0.43708535630808665,0.8489728104422719,5.195,0.04797966246766805,18.4677,synthetic,-1.1244163254332475,-0.752669882367221,0.5937505349345118,0.5721042863861882,-0.77509632596926,-0.14934761616896897,0.5937505349345118,1.1462918758370613,50.0,0.6666666666666666,1.0,2.920777019481375,1.0986122886681098,350.0,1.0,17.5557,37667.48,22.0
2001000381,Dr. Deborah Flores,Family Practice,New York,NY,Subsys,REP-S748,Serena Tanaka,TERR-S10,3,2.0,2,2,0,1.1239520441500994,-1.066958418625209,-0.6858091366979879,0.0685,0.0006209894631350465,8.665,synthetic,1.7318818569804533,-0.752669882367221,-1.328576142997881,-1.1197872890512146,-0.77509632596926,-0.796712767194199,-1.328576142997881,0.6062595346076057,100.0,0.6666666666666666,0.0,2.267890123197159,1.0986122886681098,200.0,0.0,8.659,17007.75,26.0
2001000382,Dr. John Carter,Pain Management,Columbus,OH,Abstral,REP-S535,Stephen Patel,TERR-S07,1,6.0,12,9,4,-0.9750899442844405,-0.09053956322014498,-0.49037149067274344,12.0891,0.10711605362554089,16.1798,synthetic,0.30373276577360286,2.3669487090232346,-0.47420873058348423,0.0948750438370751,1.930831586388866,0.2822291511811844,-0.47420873058348423,0.974867262071768,75.0,3.0,0.4444444444444444,2.7366182214192674,2.302585092994046,450.0,0.4444444444444444,14.4347,19638.54,14.0
2001000383,Dr. Melissa Hill,Palliative Care,Jacksonville,FL,Fentora,REP-S598,Summer Nakamura,TERR-S14,3,5.0,5,3,3,3.2229940325846393,-0.3437521888111045,-0.07361702986710725,6.5137,0.058707852588037124,13.7796,synthetic,-0.5531566889505074,-0.3070100835971559,0.5937505349345118,-0.1696505356877439,-0.12853109880191332,-0.36513599984404566,0.5937505349345118,0.8253692952965381,60.0,1.0,1.0,2.6345399989663343,1.3862943611198906,300.0,1.0,12.9369,25248.48,38.0
2001000384,Dr. Robert Green,Neurology,Atlanta,GA,Actiq,REP-S621,Samuel Novak,TERR-S09,3,8.0,5,3,0,-0.10048911577004885,0.6606454952328327,0.48166259796699323,3.6196,0.033796908433576967,19.5614,synthetic,-0.5531566889505074,-0.3070100835971559,-1.328576142997881,0.7505004681267881,-0.12853109880191332,0.41170218138623044,-1.328576142997881,1.2920777496947402,60.0,1.0,0.0,2.989618623220352,1.3862943611198906,480.0,0.0,18.8781,32723.11,19.0
2001000385,Dr. Melissa Thomas,Family Practice,Columbus,OH,Abstral,REP-S803,Sean Vargas,TERR-S09,3,1.0,2,1,2,0.24935121563570783,-1.4046485105052608,-0.9075657398554337,1.7832,0.015387110822083994,6.7803,synthetic,-1.1244163254332475,-1.198329681137286,2.5160772128669047,-1.7201690626163633,-1.6863788313340304,-1.444077918219429,2.5160772128669047,0.4664046529378179,50.0,0.3333333333333333,2.0,2.0362077870360937,0.6931471805599453,50.0,2.0,6.6615,14022.68,21.0
2001000386,Dr. Margaret Sanchez,Anesthesiology,Phoenix,AZ,Abstral,REP-S785,Simon Gomez,TERR-S05,3,10.0,2,2,0,-0.2754092814729272,1.984999258321669,1.2030024539706055,2.2068,0.02104934956177873,27.3014,synthetic,1.7318818569804533,-0.752669882367221,-1.328576142997881,1.6114759977225057,-0.77509632596926,2.6559013716070283,-1.328576142997881,1.7926852313763713,100.0,0.6666666666666666,0.0,3.3218619238284792,1.0986122886681098,1000.0,0.0,26.7119,42433.08,18.0
2001000387,Dr. Linda Johnson,Oncology,Portland,OR,Actiq,REP-S606,Stella O'Connor,TERR-S08,3,1.0,3,2,2,0.7741117127443429,-1.4080465434698615,-0.9762306717660513,4.4621,0.038055326315960425,6.9378,synthetic,-0.1723169312953478,-0.752669882367221,0.5937505349345118,-1.726976554594699,-0.77509632596926,-1.3721484569944034,0.5937505349345118,0.44344175288547116,66.66666666666666,0.6666666666666666,1.0,2.033580832464217,1.0986122886681098,66.66666666666666,1.0,6.6414,13098.38,24.0
2001000389,Dr. Sarah Taylor,Oncology,Charlotte,NC,Actiq,REP-S800,Sloan Gomez,TERR-S06,2,9.0,6,5,2,-0.8001697785815622,1.2766023662040311,1.471891444935788,4.3448,0.04075805124743992,23.5001,synthetic,0.7797824628425536,0.5843095139429743,-0.5596454718249239,1.1866345696295257,0.7827514065628568,1.576959453231645,-0.5596454718249239,1.5037518869192381,83.33333333333334,1.6666666666666667,0.4,3.1579191479275646,1.791759469228055,750.0000000000001,0.4,22.5216,46052.6,15.0
2001000390,Dr. Laura Mitchell,Family Practice,Philadelphia,PA,Fentora,REP-S567,Scott Kapoor,TERR-S11,3,1.0,4,4,4,-0.2754092814729272,-1.4875537525868514,-0.8842264975549265,4.4109,0.037268673844844,6.4434,synthetic,1.7318818569804533,0.13864971517290903,0.5937505349345118,-1.8915869220842538,0.37298385385674826,-1.2282895345443523,0.5937505349345118,0.4320693167821914,100.0,1.3333333333333333,1.0,1.9700590598596839,1.6094379124341003,100.0,1.0,6.1711,14336.85,18.0
2001000394,Dr. Margaret Torres,Anesthesiology,Nashville,TN,Fentora,REP-S546,Stella Chen,TERR-S04,2,7.0,9,8,5,-0.45032944717580553,0.20355089176585656,0.21865131923027317,8.8188,0.07978513405589327,17.6007,synthetic,1.0971489275551862,1.9212889102531692,-0.1271219692901355,0.3716259099795057,1.6940339119276273,1.0255002505064483,-0.1271219692901355,1.0854873198031902,88.88888888888889,2.6666666666666665,0.625,2.843414080363708,2.1972245773362196,622.2222222222222,0.625,16.1743,29182.71,17.0
2001000395,Dr. Elizabeth Baker,Anesthesiology,Seattle,WA,Fentora,REP-S754,Selena Tanaka,TERR-S02,3,10.0,3,3,0,2.1734730383673697,1.9649829845401428,2.2295948165954944,5.0925,0.047913970299304776,27.9478,synthetic,1.7318818569804533,-0.3070100835971559,-1.328576142997881,1.600380433296142,-0.12853109880191332,2.6559013716070283,-1.328576142997881,1.7847391874261107,100.0,1.0,0.0,3.317580237740541,1.3862943611198906,1000.0,0.0,26.5935,56252.06,32.0
2001000396,Dr. Susan Allen,Oncology,Miami,FL,Subsys,REP-S730,Sadie Santos,TERR-S06,2,10.0,8,7,0,0.5991915470414645,2.0949535190269435,1.8517304259566967,3.8763,0.03671588290601946,28.423,synthetic,1.017807311377028,1.4756291114831046,-1.328576142997881,1.6715935783750322,1.4293166337302035,2.1164304124193363,-1.328576142997881,1.826962127710743,87.5,2.3333333333333335,0.0,3.3450607985165317,2.0794415416798357,875.0,0.0,27.3623,51165.62,23.0
2001000397,Dr. Dorothy Garcia,Oncology,Phoenix,AZ,Lazanda,REP-S722,Sophia Santos,TERR-S12,1,1.0,9,8,2,-1.4998504413930756,-1.2759458987664458,-0.5960098474583089,7.2746,0.0621292063367509,7.9627,synthetic,1.0971489275551862,1.9212889102531692,-0.8479944735147827,-1.474673939490295,1.6940339119276273,-1.2762425086943696,-0.8479944735147827,0.4956152984789766,88.88888888888889,2.6666666666666665,0.25,2.130942314542239,2.1972245773362196,88.88888888888889,0.25,7.4228,18216.54,11.0
2001000398,Dr. Ashley Ramirez,Neurology,Miami,FL,Subsys,REP-S570,Sadie Kapoor,TERR-S14,3,7.0,4,3,0,-0.2754092814729272,0.23017726947354566,-0.11690349803293937,2.5316,0.023577727664401138,16.7453,synthetic,0.30373276577360286,-0.3070100835971559,-1.328576142997881,0.39528250683691596,-0.12853109880191332,0.6059117266937994,-1.328576142997881,1.1178008058260396,75.0,1.0,0.0,2.8525429644619034,1.3862943611198906,525.0,0.0,16.3318,24665.8,18.0
2001000400,Dr. Linda Allen,Oncology,Phoenix,AZ,Lazanda,REP-S787,Scott Gomez,TERR-S07,1,8.0,11,6,0,-0.8001697785815622,0.6530717700182014,-0.5260983532221909,3.9724,0.037025412093249166,19.5814,synthetic,-0.8647528543047296,1.0299693127130392,-1.328576142997881,0.7446535424748595,1.1292049358741694,0.2233777738152542,-1.328576142997881,1.2574866089405765,54.54545454545454,2.0,0.0,2.987362343209793,1.9459101490553132,436.3636363636363,0.0,18.8333,19157.62,15.0
2001000401,Dr. Donna Lopez,Pain Management,Atlanta,GA,Subsys,REP-S674,Selena Kowalski,TERR-S06,1,3.0,11,6,1,-0.8001697785815622,-0.7265972361560684,-1.1001581333737251,7.8815,0.06958954810165618,11.5135,synthetic,-0.8647528543047296,1.0299693127130392,-1.0081883633424822,-0.629161561620266,1.1292049358741694,-0.9536497735033458,-1.0081883633424822,0.720768417840934,54.54545454545454,2.0,0.16666666666666666,2.4572185134261635,1.9459101490553132,163.63636363636363,0.16666666666666666,10.6723,11430.19,15.0
2001000402,Dr. Jennifer Clark,Pain Management,Phoenix,AZ,Fentora,REP-S679,Solomon Kowalski,TERR-S11,2,3.0,7,5,1,0.24935121563570783,-0.6732261412842124,-0.6481596857704742,6.1223,0.054596557992136585,11.6607,synthetic,0.09971146702976721,0.5843095139429743,-0.9441108074114024,-0.5600032023063962,0.7827514065628568,-0.7350589432870342,-0.9441108074114024,0.7420896503318106,71.42857142857143,1.6666666666666667,0.2,2.4839061494544166,1.791759469228055,214.28571428571428,0.2,10.988,17514.55,21.0
2001000403,Dr. Charles Davis,Oncology,Seattle,WA,Fentora,REP-S768,Serena Muller,TERR-S02,2,10.0,6,4,3,-0.45032944717580553,1.553381449270875,2.3073303837828476,5.5366,0.051801138766022436,25.4964,synthetic,-0.1723169312953478,0.13864971517290903,0.11316886545141361,1.3610062652958488,0.37298385385674826,1.217312147106516,0.11316886545141361,1.6130666154138467,66.66666666666666,1.3333333333333333,0.75,3.2252077359412317,1.6094379124341003,666.6666666666665,0.75,24.1588,57298.46,17.0
2001000404,Dr. Stephanie Perez,Anesthesiology,Baltimore,MD,Abstral,REP-S751,Silas Tanaka,TERR-S13,3,5.0,3,3,3,0.0744310499328295,-0.19435707782517098,-0.39253566315102345,5.5703,0.050643649517946976,14.5905,synthetic,1.7318818569804533,-0.3070100835971559,0.5937505349345118,-0.010336127543849707,-0.12853109880191332,0.4980175348562611,0.5937505349345118,0.9275261403629198,100.0,1.0,1.0,2.6960181048783713,1.3862943611198906,500.0,1.0,13.8206,20955.51,20.0
2001000405,Dr. Ashley Jones,Neurology,Miami,FL,Actiq,REP-S832,Sienna Alvarez,TERR-S10,3,1.0,4,2,1,-0.45032944717580553,-1.3076439674660751,-0.635581886763889,4.1493,0.035804144000123106,7.5355,synthetic,-1.1244163254332475,-0.752669882367221,-0.3674128040316846,-1.5330129045225274,-0.77509632596926,-1.444077918219429,-0.3674128040316846,0.49520715232816614,50.0,0.6666666666666666,0.5,2.1084297928385474,1.0986122886681098,50.0,0.5,7.2353,17683.86,17.0
2001000406,Dr. Stephanie Walker,Internal Medicine,Columbus,OH,Fentora,REP-S717,Stanley Rossi,TERR-S07,3,3.0,4,2,2,1.298872209852978,-0.7925461246879374,-0.30791948794293994,4.0249,0.036029190388509935,10.6961,synthetic,-1.1244163254332475,-0.752669882367221,0.5937505349345118,-0.717249105229766,-0.77509632596926,-1.0125011508692756,0.5937505349345118,0.6805399162268068,50.0,0.6666666666666666,1.0,2.4232262625139627,1.0986122886681098,150.0,1.0,10.2822,22094.53,27.0
2001000407,Dr. Sandra Campbell,Pain Management,Houston,TX,Subsys,REP-S823,Sean Alvarez,TERR-S01,1,10.0,13,7,3,0.42427138133858616,1.9185939176005251,0.6990866913018411,8.6026,0.07962392166523236,28.5833,synthetic,-0.9047010806321937,1.4756291114831046,-0.504721852455427,1.5744815948776005,1.4293166337302035,0.6640085992217046,-0.504721852455427,1.7774965158398215,53.84615384615385,2.3333333333333335,0.42857142857142855,3.307586091260985,2.0794415416798357,538.4615384615385,0.42857142857142855,26.3191,35649.86,22.0
2001000408,Dr. David Johnson,Emergency Medicine,Portland,OR,Subsys,REP-S750,Sadie Tanaka,TERR-S12,3,8.0,4,3,2,-0.10048911577004885,0.46540229767975505,-0.14574306658970748,2.916,0.027228048625780765,18.24,synthetic,0.30373276577360286,-0.3070100835971559,-0.04702502437628586,0.5953915905841525,-0.12853109880191332,0.9295943022064145,-0.04702502437628586,1.2128112069955739,75.0,1.0,0.6666666666666666,2.9297633966117798,1.3862943611198906,600.0,0.6666666666666666,17.7232,24277.59,19.0
2001000409,Dr. Michelle Rivera,Pain Management,Houston,TX,Subsys,REP-S669,Seth Kowalski,TERR-S01,1,7.0,12,8,5,1.1239520441500994,0.429173518360659,0.1999127685160743,10.9339,0.09842470846504048,19.4233,synthetic,-0.1723169312953478,1.9212889102531692,-0.1271219692901355,0.5655601651322527,1.6940339119276273,0.3541586124062098,-0.1271219692901355,1.1824875754181507,66.66666666666666,2.6666666666666665,0.625,2.9182516974829573,2.1972245773362196,466.66666666666663,0.625,17.5089,28930.47,26.0
2001000410,Dr. David Johnson,Internal Medicine,Charlotte,NC,Fentora,REP-S613,Spencer O'Connor,TERR-S01,3,9.0,5,3,3,0.0744310499328295,1.1399541052445088,0.8537421370988353,4.5166,0.04227119553570757,22.694,synthetic,-0.5531566889505074,-0.3070100835971559,0.5937505349345118,1.0960171943383004,-0.12853109880191332,0.6706482417963224,0.5937505349345118,1.4371211766944354,60.0,1.0,1.0,3.12295065599686,1.3862943611198906,540.0,1.0,21.7133,37731.68,20.0
2001000411,Dr. Sharon Nelson,Palliative Care,Las Vegas,NV,Actiq,REP-S694,Selena Larsson,TERR-S12,2,6.0,8,6,2,-0.8001697785815622,0.06463727549660099,0.9802184397904141,5.1282,0.04702217273946996,16.1399,synthetic,0.30373276577360286,1.0299693127130392,-0.6878005836870834,0.24457685513740302,1.1292049358741694,0.2822291511811844,-0.6878005836870834,0.9794900357094537,75.0,2.0,0.3333333333333333,2.7943869061074267,1.9459101490553132,450.0,0.3333333333333333,15.3526,39434.18,15.0
2001000412,Dr. Richard Smith,Pain Management,Phoenix,AZ,Subsys,REP-S605,Simon O'Connor,TERR-S07,1,2.0,13,12,1,-0.6252496128786839,-0.877666005169342,-0.43351324233732286,7.2061,0.06332184151289999,10.4833,synthetic,1.2924513673783455,3.70392810533343,-1.1683822531701815,-0.8355576860934267,2.5204950604117395,-0.8631091929403765,-1.1683822531701815,0.6604179162449652,92.3076923076923,4.0,0.08333333333333333,2.377571964516825,2.5649493574615367,184.6153846153846,0.08333333333333333,9.7787,20403.91,16.0
2001000413,Dr. Laura Johnson,Palliative Care,Philadelphia,PA,Subsys,REP-S808,Serena Vargas,TERR-S14,3,4.0,4,3,0,-0.6252496128786839,-0.4121523946557448,-0.21177743998149454,3.8597,0.03512011384942815,13.016,synthetic,0.30373276577360286,-0.3070100835971559,-1.328576142997881,-0.2459947004447474,-0.12853109880191332,-0.36513599984404566,-1.328576142997881,0.7995559693160498,75.0,1.0,0.0,2.6050794203446075,1.3862943611198906,300.0,0.0,12.5323,23388.7,16.0
2001000414,Dr. Mary Young,Anesthesiology,Las Vegas,NV,Actiq,REP-S708,Serena Rossi,TERR-S12,2,8.0,9,7,4,0.24935121563570783,0.4901859609937058,1.1461412340920965,4.3135,0.04003609186768564,18.6406,synthetic,0.46241599812992007,1.4756291114831046,-0.2301037556079423,0.6156028677819451,1.4293166337302035,1.0255002505064488,-0.2301037556079423,1.1992754745132124,77.77777777777779,2.3333333333333335,0.5714285714285714,2.9375627604901626,2.0794415416798357,622.2222222222223,0.5714285714285714,17.8698,41667.67,21.0
2001000415,Dr. Dorothy Hall,Anesthesiology,Columbus,OH,Subsys,REP-S741,Samuel Tanaka,TERR-S03,3,2.0,5,4,0,1.4737923755558562,-1.1391792983504447,-0.874649957067425,5.2643,0.0458777599162441,8.6652,synthetic,0.589362584014973,0.13864971517290903,-1.328576142997881,-1.23701209287149,0.37298385385674826,-0.9693434741342604,-1.328576142997881,0.552451390116166,80.0,1.3333333333333333,0.0,2.222654045752918,1.6094379124341003,160.0,0.0,8.2318,14465.76,28.0
2001000416,Dr. Emily Allen,Pain Management,Detroit,MI,Abstral,REP-S783,Sean Gomez,TERR-S03,2,1.0,8,6,1,0.7741117127443429,-1.624624654462369,-1.030024516291764,8.495,0.06915322842296834,5.8157,synthetic,0.30373276577360286,1.0299693127130392,-1.0081883633424822,-2.2025122865843008,1.1292049358741694,-1.3361837263818908,-1.0081883633424822,0.36201521229282896,75.0,2.0,0.16666666666666666,1.8500755460508909,1.9459101490553132,75.0,0.16666666666666666,5.3603,12374.26,24.0
2001000417,Dr. Jessica Jones,Pain Management,Chicago,IL,Actiq,REP-S725,Simon Santos,TERR-S01,1,6.0,9,2,2,0.9490318784472211,-0.10754663367978613,-0.3147852382482295,4.8874,0.04467601732517368,15.0347,synthetic,-2.7112486489964147,-0.752669882367221,0.5937505349345118,0.0779295768878667,-0.77509632596926,-1.0844306120943012,0.5937505349345118,0.9680731030962147,22.22222222222222,0.6666666666666666,1.0,2.730079106571027,1.0986122886681098,133.33333333333331,1.0,14.3341,22002.11,25.0
2001000418,Dr. Elizabeth Ramirez,Palliative Care,Chicago,IL,Fentora,REP-S737,Stanley Santos,TERR-S13,3,8.0,3,3,0,-0.9750899442844405,0.6236221509916653,-0.3467575561057343,0.6417,0.006075377477900545,18.7789,synthetic,1.7318818569804533,-0.3070100835971559,-1.328576142997881,0.7217921851601732,-0.12853109880191332,1.7927478369067211,-1.328576142997881,1.1904434770205872,100.0,1.0,0.0,2.9785403354412567,1.3862943611198906,800.0,0.0,18.6591,21571.73,14.0
2001000419,Dr. Richard Carter,Anesthesiology,Denver,CO,Fentora,REP-S679,Solomon Kowalski,TERR-S11,3,4.0,2,1,2,-0.2754092814729272,-0.5510321996517209,0.2762680539389574,1.9849,0.018118527923517647,11.9432,synthetic,-1.1244163254332475,-1.198329681137286,2.5160772128669047,-0.4082873760203172,-1.6863788313340304,-0.796712767194199,2.5160772128669047,0.785933543012755,50.0,0.3333333333333333,2.0,2.5424520257854724,0.6931471805599453,200.0,2.0,11.7108,29958.29,18.0
2001000420,Dr. Carol Robinson,Orthopedics,Phoenix,AZ,Subsys,REP-S551,Silas Chen,TERR-S09,3,2.0,4,2,0,-0.9750899442844405,-1.028481189633019,-1.174150299155716,1.055,0.009442864749897861,8.9804,synthetic,-1.1244163254332475,-0.752669882367221,-1.328576142997881,-1.0594330952551831,-0.77509632596926,-1.2282895345443523,-1.328576142997881,0.5802467223644531,50.0,0.6666666666666666,0.0,2.291180304930607,1.0986122886681098,100.0,0.0,8.8866,10434.18,14.0
2001000421,Dr. Margaret Hernandez,Internal Medicine,Columbus,OH,Abstral,REP-S649,Seth Dubois,TERR-S09,3,9.0,3,2,2,-0.9750899442844405,0.8603517808588178,1.6917566609175934,0.6944,0.006592842771564467,20.1987,synthetic,-0.1723169312953478,-0.752669882367221,0.5937505349345118,0.9000978676497883,-0.77509632596926,0.9295943022064139,0.5937505349345118,1.3276557930754127,66.66666666666666,0.6666666666666666,1.0,3.047347016271491,1.0986122886681098,599.9999999999999,1.0,20.0594,49012.21,14.0
2001000422,Dr. Jennifer Walker,Emergency Medicine,Atlanta,GA,Subsys,REP-S542,Sophia Chen,TERR-S14,3,2.0,2,1,1,-1.1500101099873188,-1.035581557021736,-0.8939664729122793,3.7363,0.033010649824281035,9.175,synthetic,-1.1244163254332475,-1.198329681137286,0.5937505349345118,-1.0704652671222947,-1.6863788313340304,-1.2282895345443523,0.5937505349345118,0.6052422813822026,50.0,0.3333333333333333,1.0,2.2869230815043777,0.6931471805599453,100.0,1.0,8.8446,14205.74,13.0
2001000423,Dr. Thomas Walker,Pain Management,Atlanta,GA,Subsys,REP-S637,Stanley Novak,TERR-S11,3,3.0,2,1,2,-1.3249302756901973,-0.759123681051048,-0.8117119315735439,1.9438,0.017588469036302623,10.6836,synthetic,-1.1244163254332475,-1.198329681137286,2.5160772128669047,-0.6722328012521097,-1.6863788313340304,-1.0125011508692756,2.5160772128669047,0.7077744199592595,50.0,0.3333333333333333,2.0,2.4405976800520874,0.6931471805599453,150.0,2.0,10.4799,15312.97,12.0
2001000424,Dr. Betty Smith,Oncology,Boston,MA,Subsys,REP-S567,Scott Kapoor,TERR-S11,3,3.0,5,4,0,0.7741117127443429,-0.7426914022371602,-1.037012842749442,1.2323,0.011200653072914069,10.7075,synthetic,0.589362584014973,0.13864971517290903,-1.328576142997881,-0.6503838493090137,0.37298385385674826,-0.6240820602541377,-1.328576142997881,0.706225760298268,80.0,1.3333333333333333,0.0,2.4490290090026456,1.6094379124341003,240.0,0.0,10.5771,12280.19,24.0
2001000425,Dr. Stephanie Lee,Palliative Care,Baltimore,MD,Subsys,REP-S594,Selena Nakamura,TERR-S10,3,2.0,3,2,0,1.9985528726644912,-0.9491261312457867,-1.301381373791698,1.6998,0.015236747265372053,9.515,synthetic,-0.1723169312953478,-0.752669882367221,-1.328576142997881,-0.9392290111093122,-0.77509632596926,-1.0844306120943012,-1.328576142997881,0.596909238441544,66.66666666666666,0.6666666666666666,0.0,2.3375660618892913,1.0986122886681098,133.33333333333331,0.0,9.356,8721.52,31.0
2001000426,Dr. Nancy Jones,Orthopedics,Atlanta,GA,Subsys,REP-S562,Sophia Kapoor,TERR-S06,3,8.0,4,4,0,-1.4998504413930756,0.4708290070411316,-0.42401470485588655,5.3424,0.049340206553314836,18.7039,synthetic,1.7318818569804533,0.13864971517290903,-1.328576142997881,0.599830614748251,0.37298385385674826,1.7927478369067211,-1.328576142997881,1.1593246719327495,100.0,1.3333333333333333,0.0,2.931476379140391,1.6094379124341003,800.0,0.0,17.7553,20531.77,11.0
2001000427,Dr. Patricia Lee,Pain Management,Nashville,TN,Subsys,REP-S698,Summer Larsson,TERR-S02,2,9.0,8,5,4,1.6487125412587345,0.9770344849467337,1.6404655985579184,7.1767,0.0662279289777139,22.2388,synthetic,-0.41034177982982234,0.5843095139429743,0.20928519934803333,0.9836662659237722,0.7827514065628568,0.7677530144501069,0.20928519934803333,1.401352694623675,62.5,1.6666666666666667,0.8,3.0795953665609823,1.791759469228055,562.5,0.8,20.7496,48321.78,29.0
2001000428,Dr. Betty Campbell,Anesthesiology,Miami,FL,Abstral,REP-S809,Seth Vargas,TERR-S01,1,1.0,9,7,6,-0.8001697785815622,-1.8136127664587196,-1.6011082960404643,3.8753,0.03087801188438566,4.4068,synthetic,0.46241599812992007,1.4756291114831046,0.319132438087027,-2.7034200366660124,1.4293166337302035,-1.3241954828443865,0.319132438087027,0.2847153450556163,77.77777777777779,2.3333333333333335,0.8571428571428571,1.65677940874315,2.0794415416798357,77.77777777777779,0.8571428571428571,4.2424,4686.89,15.0
2001000429,Dr. Elizabeth Rodriguez,Family Practice,Atlanta,GA,Actiq,REP-S643,Sean Dubois,TERR-S03,3,3.0,5,2,0,0.0744310499328295,-0.7890804691767779,-1.0650344940711827,1.3968,0.012651107442194665,10.4466,synthetic,-1.6956759619159878,-0.752669882367221,-1.328576142997881,-0.7125447470592586,-0.77509632596926,-1.1419741810743218,-1.328576142997881,0.7213431235941539,40.0,0.6666666666666666,0.0,2.425041635230242,1.0986122886681098,120.0,0.0,10.3027,11902.99,20.0
2001000431,Dr. Melissa Hill,Anesthesiology,Las Vegas,NV,Subsys,REP-S757,Stanley Tanaka,TERR-S05,3,10.0,4,3,4,-0.8001697785815622,2.0980979674419467,2.3606874114745944,5.7834,0.05429696393447081,28.9645,synthetic,0.30373276577360286,-0.3070100835971559,1.2345260942453093,1.6732924623006715,-0.12853109880191332,1.5769594532316444,1.2345260942453093,1.8375830641696502,75.0,1.0,1.3333333333333333,3.34571638370264,1.3862943611198906,750.0,1.3333333333333333,27.3809,58016.7,15.0
2001000432,Dr. Betty Robinson,Pain Management,Detroit,MI,Abstral,REP-S514,Selena Brooks,TERR-S14,3,2.0,2,1,0,-0.45032944717580553,-0.8340663682752919,-0.8446581726782066,1.541,0.013919668330767632,10.1913,synthetic,-1.1244163254332475,-1.198329681137286,-1.328576142997881,-0.7742838659819549,-1.6863788313340304,-1.2282895345443523,-1.328576142997881,0.6778355464616174,50.0,0.3333333333333333,0.0,2.401217022401645,0.6931471805599453,100.0,0.0,10.0366,14869.48,17.0
2001000433,Dr. Susan Lewis,Pain Management,Phoenix,AZ,Subsys,REP-S744,Sarah Tanaka,TERR-S06,2,8.0,8,5,4,-0.2754092814729272,0.8068623465304829,0.4858710458656588,7.6284,0.07009271799193773,21.2491,synthetic,-0.41034177982982234,0.5843095139429743,0.20928519934803333,0.8608687876496747,0.7827514065628568,0.4980175348562611,0.20928519934803333,1.3333705830452254,62.5,1.6666666666666667,0.8,3.0322088403640084,1.791759469228055,500.0,0.8,19.743,32779.76,18.0
2001000434,Dr. Michelle Williams,Orthopedics,Nashville,TN,Subsys,REP-S601,Samuel O'Connor,TERR-S03,3,7.0,5,4,0,2.1734730383673697,0.2142183484855722,1.1121958116240263,3.5138,0.032566352735889925,16.808,synthetic,0.589362584014973,0.13864971517290903,-1.328576142997881,0.38112951305209025,0.37298385385674826,0.7569635952663532,-1.328576142997881,1.060214044710077,80.0,1.3333333333333333,0.0,2.847081441797299,1.6094379124341003,560.0,0.0,16.2374,41210.73,32.0
2001000435,Dr. Betty Carter,Oncology,Atlanta,GA,Abstral,REP-S687,Scott Larsson,TERR-S05,3,6.0,3,2,0,-0.2754092814729272,-0.08338847892150843,-0.5334752089386512,4.172,0.03828339994126484,15.081,synthetic,-0.1723169312953478,-0.752669882367221,-1.328576142997881,0.10196726581307668,-0.77509632596926,0.06644076750610747,-1.328576142997881,0.9666194261033767,66.66666666666666,0.6666666666666666,0.0,2.7393550509306226,1.0986122886681098,399.99999999999994,0.0,14.477,19058.32,18.0
2001000436,Dr. Carol Martinez,Pain Management,Charlotte,NC,Abstral,REP-S806,Stella Vargas,TERR-S12,1,2.0,11,5,2,-0.45032944717580553,-1.0994003353369897,-1.3800708063103635,8.2468,0.07116716692001201,9.1654,synthetic,-1.384079796561766,0.5843095139429743,-0.5596454718249239,-1.171790205185126,0.7827514065628568,-1.2675237861216389,-0.5596454718249239,0.5718372113509714,45.45454545454545,1.6666666666666667,0.4,2.2478226300993107,1.791759469228055,90.9090909090909,0.4,8.4671,7662.28,17.0
2001000437,Dr. Stephanie Rivera,Neurology,Atlanta,GA,Lazanda,REP-S749,Seth Tanaka,TERR-S11,3,9.0,5,4,5,-0.45032944717580553,1.216485922312894,1.8565034670421203,6.2373,0.05796913962772576,23.5486,synthetic,0.589362584014973,0.13864971517290903,1.07433220441761,1.1471585666900403,0.37298385385674826,1.4474864230265985,1.07433220441761,1.517112177588508,80.0,1.3333333333333333,1.25,3.1426856865101542,1.6094379124341003,720.0,1.25,22.166,51229.87,17.0
2001000438,Dr. Elizabeth Ramirez,Neurology,Jacksonville,FL,Actiq,REP-S521,Samuel Patel,TERR-S07,2,2.0,7,3,2,1.298872209852978,-0.8506000809090185,-0.4832286439744791,3.5831,0.03204404815632733,10.295,synthetic,-1.5324589229209193,-0.3070100835971559,-0.04702502437628586,-0.7973497181636822,-0.12853109880191332,-1.2899433584515172,-0.04702502437628586,0.6802433687005622,42.857142857142854,1.0,0.6666666666666666,2.3923161017636394,1.3862943611198906,85.71428571428571,0.6666666666666666,9.9388,19734.69,27.0
2001000439,Dr. Lisa Johnson,Palliative Care,Jacksonville,FL,Actiq,REP-S641,Samuel Dubois,TERR-S01,2,3.0,8,5,5,-1.1500101099873188,-0.744162192624823,-0.2418449987194621,7.4988,0.06626102194739314,11.3609,synthetic,-0.41034177982982234,0.5843095139429743,0.5937505349345118,-0.652331976362377,0.7827514065628568,-0.8506598631129682,0.5937505349345118,0.6742598969159485,62.5,1.6666666666666667,1.0,2.4482772429652098,1.791759469228055,187.5,1.0,10.5684,22983.96,13.0
2001000440,Dr. Michael Rivera,Palliative Care,Boston,MA,Fentora,REP-S646,Stella Dubois,TERR-S06,2,3.0,9,7,0,-0.8001697785815622,-0.661121705450114,-0.5159483049186664,3.4784,0.03140166349552276,11.4443,synthetic,0.46241599812992007,1.4756291114831046,-1.328576142997881,-0.5445717380356639,1.4293166337302035,-0.6528538447441478,-1.328576142997881,0.7055982699303228,77.77777777777779,2.3333333333333335,0.0,2.4898610232531317,2.0794415416798357,233.33333333333337,0.0,11.0596,19294.25,15.0
2001000441,Dr. Robert Martin,Family Practice,Portland,OR,Actiq,REP-S717,Stanley Rossi,TERR-S07,3,6.0,2,1,0,1.1239520441500994,-0.10428384580830408,0.25322225151841016,2.7669,0.02554151190673304,14.7506,synthetic,-1.1244163254332475,-1.198329681137286,-1.328576142997881,0.08118914775932969,-1.6863788313340304,-0.36513599984404566,-1.328576142997881,1.0049527201797908,50.0,0.3333333333333333,0.0,2.731336947877399,0.6931471805599453,300.0,0.0,14.3534,29648.07,26.0
2001000442,Dr. Thomas Torres,Pain Management,Detroit,MI,Subsys,REP-S728,Serena Santos,TERR-S04,1,4.0,10,5,2,0.0744310499328295,-0.5091231264216509,-0.9785380749740397,6.0084,0.05396283563145188,12.6772,synthetic,-1.1244163254332475,0.5843095139429743,-0.5596454718249239,-0.358233560256872,0.7827514065628568,-0.796712767194199,-0.5596454718249239,0.8076472061724631,50.0,1.6666666666666667,0.4,2.561767377250905,1.791759469228055,200.0,0.4,11.9587,13067.32,20.0
2001000443,Dr. Emily Hill,Pain Management,Portland,OR,Abstral,REP-S544,Sarah Chen,TERR-S02,2,3.0,8,4,1,0.9490318784472211,-0.7526995391279233,-0.7589900712168999,7.8979,0.06964034934039942,11.3486,synthetic,-1.1244163254332475,0.13864971517290903,-0.8479944735147827,-0.6636690849737814,0.37298385385674826,-1.0125011508692756,-0.8479944735147827,0.7103408020772617,50.0,1.3333333333333333,0.25,2.443902346983933,1.6094379124341003,150.0,0.25,10.5179,16022.66,25.0
2001000444,Dr. John Hall,Orthopedics,Phoenix,AZ,Abstral,REP-S572,Sienna Kapoor,TERR-S02,3,8.0,5,4,3,-0.6252496128786839,0.62749354178218,-0.5539060534415811,1.8501,0.017406809752315677,19.0276,synthetic,0.589362584014973,0.13864971517290903,0.11316886545141361,0.7248090343724223,0.37298385385674826,1.1022250091464758,0.11316886545141361,1.2198331495974513,80.0,1.3333333333333333,0.75,2.979704512476794,1.6094379124341003,640.0,0.75,18.682,18783.3,16.0
2001000445,Dr. Mary Rivera,Oncology,Boston,MA,Actiq,REP-S676,Sasha Kowalski,TERR-S08,3,10.0,5,3,4,1.4737923755558562,1.8430595330938884,2.5464006827436996,4.4593,0.04203663446343597,27.026,synthetic,-0.5531566889505074,-0.3070100835971559,1.2345260942453093,1.5317492026521198,-0.12853109880191332,0.9295943022064145,1.2345260942453093,1.7274758429214887,60.0,1.0,1.3333333333333333,3.29109601628459,1.3862943611198906,600.0,1.3333333333333333,25.8723,60516.59,28.0
2001000446,Dr. Emily Flores,Internal Medicine,Portland,OR,Abstral,REP-S552,Sienna Chen,TERR-S10,3,1.0,5,3,2,-0.6252496128786839,-2.014231956463254,-1.4189809343930466,2.8857,0.02148994218791289,3.1438,synthetic,-0.5531566889505074,-0.3070100835971559,-0.04702502437628586,-3.3685188650159583,-0.12853109880191332,-1.4009202414844137,-0.04702502437628586,0.20224522203558123,60.0,1.0,0.6666666666666666,1.4001232990563324,1.3862943611198906,60.0,0.6666666666666666,3.0557,7138.51,16.0
2001000448,Dr. Joseph Perez,Emergency Medicine,Atlanta,GA,Actiq,REP-S700,Sloan Larsson,TERR-S04,3,5.0,3,2,3,-0.6252496128786839,-0.35458870189721775,0.1216675816890948,3.0798,0.028180287824002725,13.2693,synthetic,-0.1723169312953478,-0.752669882367221,1.5549138739007082,-0.181596661000068,-0.77509632596926,-0.22127707739399485,1.5549138739007082,0.8808948782055512,66.66666666666666,0.6666666666666666,1.5,2.6299300885022023,1.0986122886681098,333.33333333333326,1.5,12.8728,27877.21,16.0
2001000449,Dr. Robert Jones,Pain Management,Baltimore,MD,Abstral,REP-S615,Stephen O'Connor,TERR-S03,3,6.0,3,2,1,0.0744310499328295,0.09258229286219401,0.6198608952557553,4.311,0.039702824358039734,16.1869,synthetic,-0.1723169312953478,-0.752669882367221,-0.3674128040316846,0.2706404775703916,-0.77509632596926,0.06644076750610747,-0.3674128040316846,1.0480226597091375,66.66666666666666,0.6666666666666666,0.5,2.8044446413685047,1.0986122886681098,399.99999999999994,0.5,15.5179,34583.4,20.0
2001000450,Dr. Margaret Clark,Oncology,Detroit,MI,Actiq,REP-S796,Sasha Gomez,TERR-S02,2,9.0,5,4,2,-0.45032944717580553,1.2642950627302547,0.0014879788014152224,3.5498,0.033415836746664596,23.2456,synthetic,0.589362584014973,0.13864971517290903,-0.3674128040316846,1.1786016755626638,0.37298385385674826,1.4474864230265985,-0.3674128040316846,1.498891080521481,80.0,1.3333333333333333,0.5,3.1548193208750317,1.6094379124341003,720.0,0.5,22.4488,26259.47,17.0
2001000451,Dr. Kathleen Campbell,Pain Management,Seattle,WA,Lazanda,REP-S738,Summer Santos,TERR-S14,3,9.0,5,3,3,-0.45032944717580553,1.2823840939348439,1.467898433911017,6.4001,0.05947974993975658,23.9994,synthetic,-0.5531566889505074,-0.3070100835971559,0.5937505349345118,1.1903996849645575,-0.12853109880191332,0.6706482417963224,0.5937505349345118,1.5233368888746137,60.0,1.0,1.0,3.1593720746404395,1.3862943611198906,540.0,1.0,22.5558,45998.85,17.0
2001000454,Dr. Melissa Mitchell,Oncology,Columbus,OH,Abstral,REP-S713,Spencer Rossi,TERR-S03,3,7.0,5,3,4,-1.3249302756901973,0.20365232558569574,0.5181405180319835,5.1024,0.04693385327038779,17.0002,synthetic,-0.5531566889505074,-0.3070100835971559,1.2345260942453093,0.3717164413708808,-0.12853109880191332,0.1527561209761384,1.2345260942453093,1.0799870522400712,60.0,1.0,1.3333333333333333,2.84344901567516,1.3862943611198906,420.0,1.3333333333333333,16.1749,33214.14,12.0
2001000455,Dr. Melissa Sanchez,Palliative Care,Los Angeles,CA,Subsys,REP-S726,Stella Santos,TERR-S02,2,2.0,7,3,2,2.873153701178883,-1.078149950080758,-0.8996064616936857,3.6529,0.032198478830252064,8.9067,synthetic,-1.5324589229209193,-0.3070100835971559,-0.04702502437628586,-1.137609145091404,-0.12853109880191332,-1.2899433584515172,-0.04702502437628586,0.5482173689696985,42.857142857142854,1.0,0.6666666666666666,2.2610128170830865,1.3862943611198906,85.71428571428571,0.6666666666666666,8.5928,14129.82,36.0
2001000456,Dr. Nancy Jones,Pain Management,Atlanta,GA,Abstral,REP-S602,Sophia O'Connor,TERR-S04,2,4.0,6,4,0,-0.10048911577004885,-0.41680144473169045,-0.4681235475713784,1.2946,0.011917039252572259,12.6667,synthetic,-0.1723169312953478,0.13864971517290903,-1.328576142997881,-0.25126623803368625,0.37298385385674826,-0.5089949222940969,-1.328576142997881,0.8445288186630165,66.66666666666666,1.3333333333333333,0.0,2.6030451778050416,1.6094379124341003,266.66666666666663,0.0,12.5048,19938.02,19.0
2001000458,Dr. Carol Jones,Orthopedics,Jacksonville,FL,Subsys,REP-S687,Scott Larsson,TERR-S05,3,5.0,3,2,2,-0.6252496128786839,-0.24067852221822955,-0.636523123037077,2.4926,0.022949676818488474,13.8843,synthetic,-0.1723169312953478,-0.752669882367221,0.5937505349345118,-0.05869377844568565,-0.77509632596926,-0.22127707739399485,0.5937505349345118,0.8845194167828303,66.66666666666666,0.6666666666666666,1.0,2.677357289334838,1.0986122886681098,333.33333333333326,1.0,13.5466,17671.19,16.0
2001000459,Dr. Patricia Jones,Palliative Care,Charlotte,NC,Abstral,REP-S564,Sarah Kapoor,TERR-S08,3,2.0,2,2,3,0.9490318784472211,-1.045065619176665,-0.7955920532058226,5.0908,0.04469292157417293,9.2359,synthetic,1.7318818569804533,-0.752669882367221,1.5549138739007082,-1.08527474461243,-0.77509632596926,-0.796712767194199,1.5549138739007082,0.5607029544723717,100.0,0.6666666666666666,1.5,2.2812082272344605,1.0986122886681098,200.0,1.5,8.7885,15529.96,25.0
2001000460,Dr. Deborah Rodriguez,Pain Management,Columbus,OH,Lazanda,REP-S818,Summer Vargas,TERR-S10,3,7.0,3,3,3,0.24935121563570783,0.3997915218806825,1.017159177691392,7.3062,0.06679393999972127,18.6016,synthetic,1.7318818569804533,-0.3070100835971559,0.5937505349345118,0.5411117455016053,-0.12853109880191332,1.3611710695565677,0.5937505349345118,1.1707497540468668,100.0,1.0,1.0,2.908817255558048,1.3862943611198906,700.0,1.0,17.3351,39931.44,21.0
2001000461,Dr. Jessica Hernandez,Family Practice,Columbus,OH,Abstral,REP-S621,Samuel Novak,TERR-S09,3,6.0,5,4,5,-0.9750899442844405,0.03488335501054884,-0.07640433728384034,0.9315,0.00870303942825279,15.318,synthetic,0.589362584014973,0.13864971517290903,1.07433220441761,0.2165349126437546,0.37298385385674826,0.41170218138623044,1.07433220441761,1.0625890348684361,80.0,1.3333333333333333,1.25,2.7835657535783556,1.6094379124341003,480.0,1.25,15.1766,25210.96,14.0
2001000462,Dr. Karen Moore,Oncology,Las Vegas,NV,Actiq,REP-S631,Silas Novak,TERR-S05,3,7.0,3,2,3,-0.10048911577004885,0.3093125545844604,-0.6931845066429042,6.1579,0.05649214574387296,17.8344,synthetic,-0.1723169312953478,-0.752669882367221,1.5549138739007082,0.46434301178755,-0.77509632596926,0.3541586124062098,1.5549138739007082,1.1217178763966373,66.66666666666666,0.6666666666666666,1.5,2.8791928393047304,1.0986122886681098,466.66666666666663,1.5,16.7999,16908.47,19.0
2001000463,Dr. Sarah Jones,Oncology,Chicago,IL,Fentora,REP-S822,Sophia Alvarez,TERR-S14,3,3.0,3,2,0,-1.1500101099873188,-0.6986353131538353,-0.564488461264439,0.3701,0.0033817577716050984,10.8778,synthetic,-0.1723169312953478,-0.752669882367221,-1.328576142997881,-0.5926983756196585,-0.77509632596926,-0.7967127671941991,-1.328576142997881,0.7236258447385899,66.66666666666666,0.6666666666666666,0.0,2.471289353828815,1.0986122886681098,199.99999999999997,0.0,10.8377,18640.85,13.0
2001000464,Dr. Robert Scott,Oncology,Charlotte,NC,Subsys,REP-S712,Sienna Rossi,TERR-S02,2,8.0,6,3,3,-0.8001697785815622,0.5937837023224146,0.4900118911590675,7.068,0.06490224113107335,19.789,synthetic,-1.1244163254332475,-0.3070100835971559,0.5937505349345118,0.6984214410283272,-0.12853109880191332,0.06644076750610772,0.5937505349345118,1.234070608889844,50.0,1.0,1.0,2.9695217595339036,1.3862943611198906,400.0,1.0,18.4826,32835.5,15.0
2001000465,Dr. Stephanie Torres,Pain Management,Nashville,TN,Fentora,REP-S776,Sasha Muller,TERR-S10,3,8.0,2,2,0,0.5991915470414645,0.6959951814466592,0.6577777850612072,1.2353,0.011670453316920959,19.323,synthetic,1.7318818569804533,-0.752669882367221,-1.328576142997881,0.7776173337942259,-0.77509632596926,1.7927478369067211,-1.328576142997881,1.2890802305982287,100.0,0.6666666666666666,0.0,3.000082796291249,1.0986122886681098,800.0,0.0,19.0872,35093.8,23.0
2001000466,Dr. Patricia Clark,Palliative Care,Seattle,WA,Lazanda,REP-S798,Summer Gomez,TERR-S04,2,5.0,5,4,2,-1.1500101099873188,-0.35844318705109274,-0.28988222139755626,7.3351,0.0658418230950395,13.7926,synthetic,0.589362584014973,0.13864971517290903,-0.3674128040316846,-0.18585914168877904,0.37298385385674826,0.06644076750610772,-0.3674128040316846,0.8198251083768534,80.0,1.3333333333333333,0.5,2.6282852326333477,1.6094379124341003,400.0,0.5,12.85,22337.33,13.0
2001000467,Dr. Donna Carter,Pain Management,New York,NY,Fentora,REP-S653,Spencer Dubois,TERR-S13,3,6.0,5,2,3,-0.8001697785815622,0.005433735984013012,0.5021595593036353,5.6241,0.05138046501191784,15.8461,synthetic,-1.6956759619159878,-0.752669882367221,1.5549138739007082,0.18847770664856264,-0.77509632596926,-0.6240820602541377,1.5549138739007082,1.0132076601872912,40.0,0.6666666666666666,1.5,2.772738710990906,1.0986122886681098,240.0,1.5,15.0024,32999.02,15.0
2001000468,Dr. Charles Nguyen,Internal Medicine,Las Vegas,NV,Abstral,REP-S727,Scott Santos,TERR-S03,3,7.0,5,3,2,-0.8001697785815622,0.4423599149397047,-0.6304218021912271,3.5385,0.03293229942934506,18.2092,synthetic,-0.5531566889505074,-0.3070100835971559,-0.04702502437628586,0.5764578707659487,-0.12853109880191332,0.1527561209761384,-0.04702502437628586,1.1640103725554092,60.0,1.0,0.6666666666666666,2.9224570315073692,1.3862943611198906,420.0,0.6666666666666666,17.5869,17753.32,15.0
2001000469,Dr. Sharon King,Orthopedics,Portland,OR,Fentora,REP-S578,Summer Kapoor,TERR-S08,3,2.0,5,4,5,-0.45032944717580553,-0.9808241999454161,-0.3011191115855906,4.5848,0.04051157608433664,9.5889,synthetic,0.589362584014973,0.13864971517290903,1.07433220441761,-0.9865774145379536,0.37298385385674826,-0.9693434741342604,1.07433220441761,0.5986532615396764,80.0,1.3333333333333333,1.25,2.319294706556993,1.6094379124341003,160.0,1.25,9.1685,22186.07,17.0
2001000470,Dr. Rebecca Walker,Pain Management,Chicago,IL,Subsys,REP-S795,Stephen Gomez,TERR-S01,1,5.0,11,6,6,0.42427138133858616,-0.35940680833956135,-0.6051540284264771,7.2026,0.06468387725806446,13.7694,synthetic,-0.8647528543047296,1.0299693127130392,0.5937505349345118,-0.18692585825737978,1.1292049358741694,-0.4828387545759058,0.5937505349345118,0.867457416796221,54.54545454545454,2.0,1.0,2.6278735955758674,1.9459101490553132,272.7272727272727,1.0,12.8443,18093.45,22.0
2001000471,Dr. Karen Smith,Oncology,Las Vegas,NV,Lazanda,REP-S605,Simon O'Connor,TERR-S07,1,5.0,10,8,7,0.42427138133858616,-0.3722889034590907,-0.910224528033602,6.1279,0.05527103518631238,13.5505,synthetic,0.589362584014973,1.9212889102531692,0.3534597001929627,-0.20122850753132376,1.6940339119276273,0.06644076750610772,0.3534597001929627,0.8525173374615269,80.0,2.6666666666666665,0.875,2.62235432210192,2.1972245773362196,400.0,0.875,12.7681,13986.89,22.0
2001000472,Dr. Mary King,Family Practice,Houston,TX,Actiq,REP-S685,Simon Larsson,TERR-S03,3,6.0,3,2,1,-0.2754092814729272,-0.07784343010365326,-0.12915145575673406,3.5971,0.0330959299537259,15.0317,synthetic,-0.1723169312953478,-0.752669882367221,-0.3674128040316846,0.10745334217323137,-0.77509632596926,0.06644076750610747,-0.3674128040316846,1.015903059850957,66.66666666666666,0.6666666666666666,0.5,2.7414720821987957,1.0986122886681098,399.99999999999994,0.5,14.5098,24500.93,18.0
2001000473,Dr. Mary Perez,Oncology,Miami,FL,Lazanda,REP-S755,Stephen Tanaka,TERR-S03,3,4.0,4,3,2,-0.45032944717580553,-0.4212476271679583,-1.0519270175091255,2.3322,0.021367440334003618,12.7696,synthetic,0.30373276577360286,-0.3070100835971559,-0.04702502437628586,-0.2563177966356154,-0.12853109880191332,-0.36513599984404566,-0.04702502437628586,0.8331809427803403,75.0,1.0,0.6666666666666666,2.60109582332814,1.3862943611198906,300.0,0.6666666666666666,12.4785,12079.43,17.0
2001000474,Dr. Jennifer Allen,Orthopedics,New York,NY,Actiq,REP-S563,Sean Kapoor,TERR-S07,2,1.0,8,8,4,0.42427138133858616,-1.6095448265796657,-1.3732919736404037,7.0717,0.058039231067923414,5.8349,synthetic,1.7318818569804533,1.9212889102531692,-0.3674128040316846,-2.1664216870759354,1.6940339119276273,-1.2282895345443523,-0.3674128040316846,0.3558227571315336,100.0,2.6666666666666665,0.5,1.8640026084230537,2.1972245773362196,100.0,0.5,5.4495,7753.53,22.0
2001000475,Dr. Patricia Gonzalez,Anesthesiology,Los Angeles,CA,Lazanda,REP-S546,Stella Chen,TERR-S04,2,9.0,7,4,4,-1.1500101099873188,0.9147203082924221,0.47290471760029124,6.146,0.05693285067169018,21.6336,synthetic,-0.7163737279455763,0.13864971517290903,0.5937505349345118,0.9393722583145383,0.37298385385674826,0.5596713587634256,0.5937505349345118,1.3678067715393447,57.14285714285714,1.3333333333333333,1.0,3.0625026771878434,1.6094379124341003,514.2857142857142,1.0,20.381,32605.22,13.0
2001000476,Dr. Stephanie Moore,Pain Management,Boston,MA,Subsys,REP-S706,Stella Rossi,TERR-S10,3,2.0,4,2,3,1.298872209852978,-0.8902437988293551,-0.7692820107028858,4.8717,0.043221512409113316,10.1771,synthetic,-1.1244163254332475,-0.752669882367221,1.5549138739007082,-0.8535068537739028,-0.77509632596926,-1.2282895345443523,1.5549138739007082,0.6553932102034028,50.0,0.6666666666666666,1.5,2.370645529898956,1.0986122886681098,100.0,1.5,9.7043,15884.12,27.0
2001000477,Dr. Lisa Martin,Oncology,Los Angeles,CA,Lazanda,REP-S541,Samuel Chen,TERR-S13,3,6.0,2,1,1,-0.8001697785815622,0.10776355456473657,0.5209493691361058,3.9896,0.03680882235596483,16.2304,synthetic,-1.1244163254332475,-1.198329681137286,0.5937505349345118,0.28469053885418166,-1.6863788313340304,-0.36513599984404566,0.5937505349345118,1.0421154947015039,50.0,0.3333333333333333,1.0,2.8098664432365146,0.6931471805599453,300.0,1.0,15.6077,33251.95,15.0
2001000478,Dr. Thomas Campbell,Internal Medicine,Nashville,TN,Subsys,REP-S578,Summer Kapoor,TERR-S08,3,9.0,3,2,1,1.6487125412587345,0.8793537164419558,-0.04176728816199092,2.1126,0.019930610298137363,20.598,synthetic,-0.1723169312953478,-0.752669882367221,-0.3674128040316846,0.9138921301431644,-0.77509632596926,0.9295943022064139,-0.3674128040316846,1.3350951238201845,66.66666666666666,0.6666666666666666,0.5,3.0526701075124305,1.0986122886681098,599.9999999999999,0.5,20.1718,25677.21,29.0
2001000479,Dr. Susan Martin,Pain Management,Portland,OR,Actiq,REP-S590,Sadie Nakamura,TERR-S06,2,4.0,8,7,6,-0.9750899442844405,-0.5209232607962331,0.2143017230349182,10.305,0.09080782187846692,13.1141,synthetic,1.017807311377028,1.4756291114831046,0.319132438087027,-0.3722294600842644,1.4293166337302035,-0.14934761616896897,0.319132438087027,0.802933167439922,87.5,2.3333333333333335,0.8571428571428571,2.556366475838739,2.0794415416798357,350.0,0.8571428571428571,11.8889,29124.16,14.0
2001000480,Dr. Emily Moore,Neurology,Las Vegas,NV,Abstral,REP-S810,Sadie Vargas,TERR-S02,3,4.0,4,3,0,-0.2754092814729272,-0.47904799883944266,-0.4539537443552894,1.3462,0.012361807555880677,12.3,synthetic,0.30373276577360286,-0.3070100835971559,-1.328576142997881,-0.32290019901038436,-0.12853109880191332,-0.36513599984404566,-1.328576142997881,0.8306678541243654,75.0,1.0,0.0,2.5754022276718276,1.3862943611198906,300.0,0.0,12.1366,20128.76,18.0
2001000481,Dr. Sharon Martin,Oncology,Miami,FL,Lazanda,REP-S710,Sadie Rossi,TERR-S14,3,7.0,2,2,3,0.42427138133858616,0.43096551584447806,-0.25498516225548923,2.7592,0.025767368084961273,18.0029,synthetic,1.7318818569804533,-0.752669882367221,1.5549138739007082,0.5670438289373392,-0.77509632596926,1.3611710695565677,1.5549138739007082,1.1697650780975415,100.0,0.6666666666666666,1.5,2.9188242310134123,1.0986122886681098,700.0,1.5,17.5195,22807.08,22.0
2001000482,Dr. Karen Miller,Pain Management,Jacksonville,FL,Fentora,REP-S506,Stella Brooks,TERR-S06,2,9.0,7,6,2,-0.45032944717580553,1.0946300934131987,-0.23661062556959514,7.986,0.07353052645306457,23.1578,synthetic,0.9157966620051099,1.0299693127130392,-0.6878005836870834,1.0652472309121561,1.1292049358741694,1.6694401890923913,-0.6878005836870834,1.4483309946574214,85.71428571428571,2.0,0.3333333333333333,3.1110767828647234,1.9459101490553132,771.4285714285713,0.3333333333333333,21.4452,23054.42,17.0
2001000483,Dr. Laura Baker,Oncology,Miami,FL,Fentora,REP-S742,Sophia Tanaka,TERR-S04,2,2.0,8,5,0,1.298872209852978,-1.0649804591383523,-1.3513382133047707,4.3644,0.03839233366993344,9.0492,synthetic,-0.41034177982982234,0.5843095139429743,-1.328576142997881,-1.116650210651816,0.7827514065628568,-1.120395342706814,-1.328576142997881,0.5789367312229432,62.5,1.6666666666666667,0.0,2.2691006956766953,1.791759469228055,125.0,0.0,8.6707,8049.05,27.0
2001000484,Dr. Jennifer Clark,Anesthesiology,Las Vegas,NV,Subsys,REP-S745,Simon Tanaka,TERR-S07,2,5.0,5,3,2,-1.1500101099873188,-0.3973599625959177,0.004331002651052096,6.0108,0.054195509229003846,13.3783,synthetic,-0.5531566889505074,-0.3070100835971559,-0.04702502437628586,-0.22929261491572106,-0.12853109880191332,-0.36513599984404566,-0.04702502437628586,0.8469382216511565,60.0,1.0,0.6666666666666666,2.611524616325739,1.3862943611198906,300.0,0.6666666666666666,12.6198,26297.74,13.0
2001000485,Dr. John Wright,Orthopedics,Nashville,TN,Subsys,REP-S540,Sloan Patel,TERR-S12,3,4.0,5,3,0,0.0744310499328295,-0.5563574751932588,-0.05818134929544433,2.2646,0.020646166584569414,11.9438,synthetic,-0.5531566889505074,-0.3070100835971559,-1.328576142997881,-0.4147173754825705,-0.12853109880191332,-0.6240820602541377,-1.328576142997881,0.7625948669357411,60.0,1.0,0.0,2.5399707424379065,1.3862943611198906,240.0,0.0,11.6793,25456.26,20.0
2001000486,Dr. Mary Sanchez,Pain Management,Las Vegas,NV,Actiq,REP-S816,Sasha Vargas,TERR-S08,3,4.0,5,4,1,-1.3249302756901973,-0.5141102892303927,-0.5424344113495788,4.1259,0.03735467794143643,12.4213,synthetic,0.589362584014973,0.13864971517290903,-0.8479944735147827,-0.36413951280106216,0.37298385385674826,-0.278820646374015,-0.8479944735147827,0.8056548832124351,80.0,1.3333333333333333,0.25,2.5594883192532425,1.6094379124341003,320.0,0.25,11.9292,18937.72,12.0
2001000487,Dr. James Rivera,Neurology,Miami,FL,Subsys,REP-S621,Samuel Novak,TERR-S09,3,9.0,4,2,3,-1.1500101099873188,0.8299892574537326,1.8085895634021862,4.7122,0.04388437981471238,20.8165,synthetic,-1.1244163254332475,-0.752669882367221,1.5549138739007082,0.8779029562042838,-0.77509632596926,0.2822291511811844,1.5549138739007082,1.3606373124616087,50.0,0.6666666666666666,1.5,3.038782184424502,1.0986122886681098,450.0,1.5,19.8798,50584.9,13.0
2001000488,Dr. Susan Lee,Oncology,New York,NY,Subsys,REP-S757,Stanley Tanaka,TERR-S05,3,1.0,3,2,2,0.0744310499328295,-1.2007158157193252,-0.9903038998317737,4.6467,0.040400606215530654,8.2334,synthetic,-0.1723169312953478,-0.752669882367221,0.5937505349345118,-1.3412571659932948,-0.77509632596926,-1.3721484569944034,0.5937505349345118,0.5253276452784519,66.66666666666666,0.6666666666666666,1.0,2.1824267385001934,1.0986122886681098,66.66666666666666,1.0,7.8678,12908.94,20.0
2001000489,Dr. Emily Moore,Pain Management,Seattle,WA,Abstral,REP-S616,Sasha O'Connor,TERR-S04,1,3.0,14,9,7,-0.8001697785815622,-0.7373830323322624,-0.7113852080581387,7.2935,0.06453044512615191,11.3823,synthetic,-0.3083311304579041,2.3669487090232346,0.16656682872731343,-0.6433648347079803,1.930831586388866,-0.8275396791477813,0.16656682872731343,0.7164595973375513,64.28571428571429,3.0,0.7777777777777778,2.4517375883964863,2.302585092994046,192.8571428571429,0.7777777777777778,10.6085,16663.47,15.0
2001000490,Dr. Rebecca Carter,Palliative Care,Phoenix,AZ,Subsys,REP-S717,Stanley Rossi,TERR-S07,2,9.0,7,6,0,-0.6252496128786839,0.8475880251957667,0.4282565398142906,5.4394,0.05050452175808795,21.0709,synthetic,0.9157966620051099,1.0299693127130392,-1.328576142997881,0.8907907502284662,1.1292049358741694,1.6694401890923913,-1.328576142997881,1.2749652127075641,85.71428571428571,2.0,0.0,3.043755477017571,1.9459101490553132,771.4285714285713,0.0,19.9839,32004.21,16.0
2001000491,Dr. Thomas Baker,Neurology,Miami,FL,Abstral,REP-S593,Spencer Nakamura,TERR-S09,3,10.0,5,3,4,1.1239520441500994,1.6094236347318203,2.7162213986913306,3.47,0.032794505175072874,25.3401,synthetic,-0.5531566889505074,-0.3070100835971559,1.2345260942453093,1.3949283530198704,-0.12853109880191332,0.9295943022064145,1.2345260942453093,1.6761947289901578,60.0,1.0,1.3333333333333333,3.2382979876400686,1.3862943611198906,600.0,1.3333333333333333,24.4903,62802.55,26.0
2001000492,Dr. Kimberly Thompson,Oncology,Nashville,TN,Abstral,REP-S756,Sasha Tanaka,TERR-S04,2,1.0,5,4,4,-1.3249302756901973,-1.9579023751794327,-1.4658161678919635,6.5088,0.049040765043290246,3.6095,synthetic,0.589362584014973,0.13864971517290903,0.5937505349345118,-3.163913973092238,0.37298385385674826,-1.314604888014383,0.5937505349345118,0.2262745439747001,80.0,1.3333333333333333,1.0,1.4790786262132218,1.6094379124341003,80.0,1.0,3.3889,6508.06,12.0
2001000493,Dr. Richard Davis,Palliative Care,Detroit,MI,Subsys,REP-S578,Summer Kapoor,TERR-S08,3,6.0,5,4,3,0.9490318784472211,-0.005639456015057546,0.2959649272991014,5.5207,0.050447414704687166,15.7615,synthetic,0.589362584014973,0.13864971517290903,0.11316886545141361,0.17784898370569677,0.37298385385674826,0.41170218138623044,0.11316886545141361,0.9529685339544142,80.0,1.3333333333333333,0.75,2.768637175151153,1.6094379124341003,480.0,0.75,14.9369,30223.43,25.0
2001000494,Dr. Karen Mitchell,Neurology,Charlotte,NC,Abstral,REP-S585,Simon Nakamura,TERR-S01,2,5.0,5,4,4,-0.2754092814729272,-0.1749325013260383,-1.049043134942026,5.3837,0.04900853975877828,14.6857,synthetic,0.589362584014973,0.13864971517290903,0.5937505349345118,0.009676805805177966,0.37298385385674826,0.06644076750610772,0.5937505349345118,0.9537903433539949,80.0,1.3333333333333333,1.0,2.7037409295141117,1.6094379124341003,400.0,1.0,13.9355,12118.25,18.0
2001000495,Dr. Amanda Davis,Pain Management,Philadelphia,PA,Actiq,REP-S735,Stephen Santos,TERR-S11,3,10.0,2,1,1,2.1734730383673697,1.7822330524638794,1.5919425285849031,2.585,0.024570711438254733,26.172,synthetic,-1.1244163254332475,-1.198329681137286,0.5937505349345118,1.4968179076638093,-1.6863788313340304,0.4980175348562611,0.5937505349345118,1.7230216785666472,50.0,0.3333333333333333,1.0,3.2776163198908006,0.6931471805599453,500.0,1.0,25.5125,47668.61,32.0
2001000496,Dr. Emily Flores,Anesthesiology,Seattle,WA,Fentora,REP-S502,Sophia Brooks,TERR-S02,2,6.0,7,5,5,-1.1500101099873188,0.07013160740453657,-0.08056672626463858,5.3712,0.04920537977878725,16.2115,synthetic,0.09971146702976721,0.5843095139429743,0.5937505349345118,0.24972202728958287,0.7827514065628568,0.18974841532043718,0.5937505349345118,1.0325226417158124,71.42857142857143,1.6666666666666667,1.0,2.7963723852752724,1.791759469228055,428.57142857142856,1.0,15.3851,25154.93,13.0
2001000497,Dr. Joseph Torres,Pain Management,Seattle,WA,Abstral,REP-S614,Selena O'Connor,TERR-S02,2,10.0,7,4,1,0.5991915470414645,2.8256320402358406,3.720932803786248,5.6197,0.05304641648593078,33.465,synthetic,-0.7163737279455763,0.13864971517290903,-0.8479944735147827,2.039150345403392,0.37298385385674826,0.8062866543920845,-0.8479944735147827,2.1398494099902825,57.14285714285714,1.3333333333333333,0.25,3.4868978998516846,1.6094379124341003,571.4285714285713,0.25,31.6844,76326.99,23.0
2001000498,Dr. Donna Williams,Anesthesiology,Houston,TX,Fentora,REP-S806,Stella Vargas,TERR-S12,2,7.0,7,3,2,-0.6252496128786839,0.2410306881962987,-0.18800138084702187,4.6602,0.042986585030523106,17.1601,synthetic,-1.5324589229209193,-0.3070100835971559,-0.04702502437628586,0.4048637711828959,-0.12853109880191332,-0.36513599984404566,-0.04702502437628586,1.1003660186526223,42.857142857142854,1.0,0.6666666666666666,2.856240294735392,1.3862943611198906,300.0,0.6666666666666666,16.396,23708.75,16.0
2001000499,Dr. Michelle Hernandez,Internal Medicine,Denver,CO,Subsys,REP-S569,Seth Kapoor,TERR-S13,3,5.0,3,2,3,-0.2754092814729272,-0.23281740118072147,0.13758836666990681,3.63,0.03325148993119997,14.0865,synthetic,-0.1723169312953478,-0.752669882367221,1.5549138739007082,-0.05042325843836889,-0.77509632596926,-0.22127707739399485,1.5549138739007082,0.8996758607362828,66.66666666666666,0.6666666666666666,1.5,2.6805488142626914,1.0986122886681098,333.33333333333326,1.5,13.5931,28091.52,18.0
2001000500,Dr. Jennifer Lee,Pain Management,Phoenix,AZ,Subsys,REP-S817,Stanley Vargas,TERR-S09,2,9.0,5,3,3,1.6487125412587345,0.943189400393849,1.7649799399255124,5.3295,0.049569022900291415,21.6445,synthetic,-0.5531566889505074,-0.3070100835971559,0.5937505349345118,0.959702565981127,-0.12853109880191332,0.6706482417963224,0.5937505349345118,1.3878319130440944,60.0,1.0,1.0,3.0703479739347763,1.3862943611198906,540.0,1.0,20.5494,49997.87,29.0
2001000501,Dr. Ashley Flores,Palliative Care,Miami,FL,Abstral,REP-S719,Solomon Rossi,TERR-S09,3,9.0,2,1,0,-0.9750899442844405,1.288875858404528,0.805724229450814,0.3389,0.0032370772730505593,22.6707,synthetic,-1.1244163254332475,-1.198329681137286,-1.328576142997881,1.1946206737147584,-1.6863788313340304,0.2822291511811844,-1.328576142997881,1.4415013590418913,50.0,0.3333333333333333,0.0,3.161000919115096,0.6931471805599453,450.0,0.0,22.5942,37085.31,14.0
2001000502,Dr. Thomas Young,Palliative Care,Denver,CO,Abstral,REP-S726,Stella Santos,TERR-S02,3,2.0,5,4,3,0.24935121563570783,-1.0962389812853468,-1.1285467702668588,3.69,0.03247419094780968,8.7989,synthetic,0.589362584014973,0.13864971517290903,0.11316886545141361,-1.1666765593308719,0.37298385385674826,-0.9693434741342604,0.11316886545141361,0.5413908097015021,80.0,1.3333333333333333,0.75,2.2497959435308275,1.6094379124341003,160.0,0.75,8.4858,11048.05,21.0
2001000503,Dr. Jennifer Davis,Palliative Care,Baltimore,MD,Subsys,REP-S593,Spencer Nakamura,TERR-S09,3,2.0,3,1,0,-0.45032944717580553,-1.0499006312556485,-1.3255697345296589,-1.2706,-0.01146932736497508,8.6486,synthetic,-2.076515719571148,-1.198329681137286,-1.328576142997881,-1.0928573716891987,-1.6863788313340304,-1.3721484569944034,-1.328576142997881,0.5588782853595641,33.33333333333333,0.3333333333333333,0.0,2.278282154470872,0.6931471805599453,66.66666666666666,0.0,8.7599,8395.92,17.0
2001000504,Dr. Ashley Green,Palliative Care,Miami,FL,Actiq,REP-S628,Serena Novak,TERR-S02,2,7.0,7,4,3,-1.3249302756901973,0.2590351912176883,1.1062712975919244,6.6578,0.060882366897895945,17.6012,synthetic,-0.7163737279455763,0.13864971517290903,0.11316886545141361,0.4206802122221201,0.37298385385674826,0.06644076750610772,0.11316886545141361,1.0528532179757997,57.14285714285714,1.3333333333333333,0.75,2.8623437278692156,1.6094379124341003,400.0,0.75,16.5025,41130.98,12.0
2001000506,Dr. Betty Thompson,Internal Medicine,New York,NY,Abstral,REP-S550,Sadie Chen,TERR-S08,3,10.0,5,4,1,0.42427138133858616,2.4120863567529955,2.535530778127058,5.193,0.0489914030647709,30.7565,synthetic,0.589362584014973,0.13864971517290903,-0.8479944735147827,1.8375604265174441,0.37298385385674826,1.7927478369067211,-0.8479944735147827,1.935165837916265,80.0,1.3333333333333333,0.25,3.409106025730196,1.6094379124341003,800.0,0.25,29.2382,60370.27,22.0
2001000507,Dr. Kathleen Williams,Internal Medicine,Baltimore,MD,Actiq,REP-S820,Sloan Vargas,TERR-S12,2,6.0,5,4,3,0.9490318784472211,0.057181889738448115,0.044010760393579366,6.5039,0.05925702335881544,16.3041,synthetic,0.589362584014973,0.13864971517290903,0.11316886545141361,0.2375788764190776,0.37298385385674826,0.41170218138623044,0.11316886545141361,1.013211696675621,80.0,1.3333333333333333,0.75,2.791686444285877,1.6094379124341003,480.0,0.75,15.3085,26831.87,25.0
2001000509,Dr. Susan Jones,Emergency Medicine,Boston,MA,Abstral,REP-S787,Scott Gomez,TERR-S07,3,6.0,3,2,1,0.9490318784472211,0.08543120856355776,-0.8545021520436464,3.9316,0.03626185443740981,16.084,synthetic,-0.1723169312953478,-0.752669882367221,-0.3674128040316846,0.26399575599397,-0.77509632596926,0.06644076750610747,-0.3674128040316846,1.0590063371727851,66.66666666666666,0.6666666666666666,0.5,2.80188049854181,1.0986122886681098,399.99999999999994,0.5,15.4756,14736.97,25.0
2001000512,Dr. Ashley Davis,Oncology,Charlotte,NC,Subsys,REP-S639,Solomon Novak,TERR-S13,3,4.0,3,2,3,-0.8001697785815622,-0.5357664097659796,-1.0291895126839794,3.8892,0.03522842147425331,12.2601,synthetic,-0.1723169312953478,-0.752669882367221,1.5549138739007082,-0.3899426457131122,-0.77509632596926,-0.5089949222940969,1.5549138739007082,0.7879514063264874,66.66666666666666,0.6666666666666666,1.5,2.549531104733156,1.0986122886681098,266.66666666666663,1.5,11.8011,12385.5,15.0
2001000513,Dr. Ashley Miller,Orthopedics,Phoenix,AZ,Subsys,REP-S557,Stanley Chen,TERR-S01,3,3.0,2,1,0,0.24935121563570783,-0.8189527291193087,-0.32113022562731186,1.5725,0.014207421100027151,10.2852,synthetic,-1.1244163254332475,-1.198329681137286,-1.328576142997881,-0.7533772502182284,-1.6863788313340304,-1.0125011508692756,-1.328576142997881,0.6611728119486026,50.0,0.3333333333333333,0.0,2.4092847116531013,0.6931471805599453,150.0,0.0,10.126,21916.7,21.0
2001000515,Dr. Ashley Carter,Pain Management,Nashville,TN,Actiq,REP-S532,Sienna Patel,TERR-S04,1,4.0,13,6,1,-0.8001697785815622,-0.416902878551529,-0.5673329708856197,5.2918,0.04783691998032147,13.1659,synthetic,-1.3441315702343015,1.0299693127130392,-1.0081883633424822,-0.25138137302086694,1.1292049358741694,-0.8631091929403765,-1.0081883633424822,0.8444882968401008,46.15384615384615,2.0,0.16666666666666666,2.6030007481704684,1.9459101490553132,184.6153846153846,0.16666666666666666,12.5042,18602.56,15.0
2001000517,Dr. Karen Green,Pain Management,Charlotte,NC,Abstral,REP-S739,Solomon Santos,TERR-S01,1,2.0,9,3,3,-0.45032944717580553,-0.859627690874673,-1.1719580432423953,4.4646,0.039740328649513934,10.3267,synthetic,-2.076515719571148,-0.3070100835971559,0.5937505349345118,-0.8100311520580904,-0.12853109880191332,-1.3721484569944034,0.5937505349345118,0.6676240470868294,33.33333333333333,1.0,1.0,2.3874224418294245,1.3862943611198906,66.66666666666666,1.0,9.8854,10463.69,17.0
2001000518,Dr. Nancy Flores,Anesthesiology,Nashville,TN,Subsys,REP-S750,Sadie Tanaka,TERR-S12,2,1.0,8,5,0,-0.45032944717580553,-1.908402671098091,-1.2425024761563002,4.4708,0.03455423537111879,3.8463,synthetic,-0.41034177982982234,0.5843095139429743,-1.328576142997881,-2.9965544066720584,0.7827514065628568,-1.3901308223006599,-1.328576142997881,0.24708572644994875,62.5,1.6666666666666667,0.0,1.5436612918342705,1.791759469228055,62.5,0.0,3.6817,9514.09,17.0
2001000519,Dr. Karen Baker,Pain Management,Boston,MA,Lazanda,REP-S526,Stella Patel,TERR-S12,1,2.0,9,4,1,0.5991915470414645,-0.9027708755794486,-1.2978519234886867,8.023,0.07015993242503837,10.4028,synthetic,-1.441782790145881,0.13864971517290903,-0.8479944735147827,-0.8715080786232464,0.37298385385674826,-1.2762425086943696,-0.8479944735147827,0.6503887650732985,44.44444444444444,1.3333333333333333,0.25,2.36369900685231,1.6094379124341003,88.88888888888889,0.25,9.6302,8769.03,23.0
2001000520,Dr. Kimberly Moore,Oncology,Miami,FL,Actiq,REP-S760,Sloan Tanaka,TERR-S08,3,7.0,4,3,3,-1.4998504413930756,0.38433976999190317,-0.626263127639289,5.6585,0.0521003706211598,18.2194,synthetic,0.30373276577360286,-0.3070100835971559,0.5937505349345118,0.5281613742989117,-0.12853109880191332,0.6059117266937994,0.5937505349345118,1.151350100013732,75.0,1.0,1.0,2.903819814951921,1.3862943611198906,525.0,1.0,17.2437,17809.3,11.0
2001000521,Dr. Susan Nguyen,Anesthesiology,Chicago,IL,Subsys,REP-S790,Sadie Gomez,TERR-S10,3,9.0,2,1,0,-0.8001697785815622,0.9421412509221814,0.13590944482507278,1.3294,0.012597175312614173,20.8163,synthetic,-1.1244163254332475,-1.198329681137286,-1.328576142997881,0.9589568841426231,-1.6863788313340304,0.2822291511811844,-1.328576142997881,1.37869231485634,50.0,0.3333333333333333,0.0,3.0700602215112616,0.6931471805599453,450.0,0.0,20.5432,28068.92,15.0
2001000522,Dr. Joseph Rivera,Oncology,Austin,TX,Actiq,REP-S786,Stella Gomez,TERR-S06,2,4.0,7,5,5,0.24935121563570783,-0.5693410041326271,0.17028499815516068,4.6665,0.04206256569729305,12.1439,synthetic,0.09971146702976721,0.5843095139429743,0.5937505349345118,-0.4304615224781051,0.7827514065628568,-0.4267898237512104,0.5937505349345118,0.7746910196424969,71.42857142857143,1.6666666666666667,1.0,2.5338952069746488,1.791759469228055,285.7142857142857,1.0,11.6025,28531.65,21.0
2001000523,Dr. Linda Martinez,Pain Management,Charlotte,NC,Subsys,REP-S609,Seth O'Connor,TERR-S11,2,1.0,5,3,2,-0.6252496128786839,-1.4168543801591982,-0.7198132471420504,6.4512,0.054500563080778,7.0144,synthetic,-0.5531566889505074,-0.3070100835971559,-0.04702502437628586,-1.7447055498882353,-0.12853109880191332,-1.4009202414844137,-0.04702502437628586,0.4450174128987441,60.0,1.0,0.6666666666666666,2.026739360540437,1.3862943611198906,60.0,0.6666666666666666,6.5893,16550.02,16.0
2001000525,Dr. Donna Harris,Internal Medicine,Detroit,MI,Lazanda,REP-S788,Serena Gomez,TERR-S08,3,7.0,5,4,3,-0.8001697785815622,0.1520563225610188,-0.013334078122534185,6.1088,0.05587916974412854,16.8392,synthetic,0.589362584014973,0.13864971517290903,0.11316886545141361,0.32525287951958826,0.37298385385674826,0.7569635952663532,0.11316886545141361,1.050355401426208,80.0,1.3333333333333333,0.75,2.825519113352928,1.6094379124341003,560.0,0.75,15.8697,26059.95,15.0
2001000526,Dr. Kimberly Nguyen,Pain Management,Portland,OR,Subsys,REP-S553,Spencer Chen,TERR-S11,3,9.0,5,3,2,0.5991915470414645,1.0153257519358856,1.163924433703439,4.9712,0.04635577414989678,22.0188,synthetic,-0.5531566889505074,-0.3070100835971559,-0.04702502437628586,1.0105135211440177,-0.12853109880191332,0.6706482417963224,-0.04702502437628586,1.4166496827743986,60.0,1.0,0.6666666666666666,3.089955499201258,1.3862943611198906,540.0,0.6666666666666666,20.9761,41907.05,23.0
2001000527,Dr. Carol Baker,Oncology,Las Vegas,NV,Fentora,REP-S792,Sienna Gomez,TERR-S12,1,8.0,10,6,1,0.5991915470414645,0.7921037257439356,1.372154572723391,6.6902,0.061718437144721694,20.9707,synthetic,-0.5531566889505074,1.0299693127130392,-1.0081883633424822,0.8499394773811845,1.1292049358741694,0.41170218138623044,-1.0081883633424822,1.3123976965987525,60.0,2.0,0.16666666666666666,3.027991310373721,1.9459101490553132,480.0,0.16666666666666666,19.6557,44710.04,23.0
2001000528,Dr. Sharon Mitchell,Pain Management,Portland,OR,Abstral,REP-S658,Summer Dubois,TERR-S04,1,5.0,11,10,9,-0.45032944717580553,-0.294015805816806,0.022920976210840896,10.9985,0.09735800935236982,14.6863,synthetic,1.2125549147234167,2.8126085077932994,0.4015178671412726,-0.11551692187133046,2.145041139077878,0.3018462769698276,0.4015178671412726,0.8935804853026229,90.9090909090909,3.3333333333333335,0.9,2.655429710589911,2.3978952727983707,454.5454545454545,0.9,13.2311,26547.98,17.0
2001000529,Dr. John Hernandez,Pain Management,Los Angeles,CA,Lazanda,REP-S774,Selena Muller,TERR-S08,2,6.0,9,8,0,-1.1500101099873188,-0.13036924314351928,0.6912002159457539,3.6442,0.033474900328356316,14.7165,synthetic,1.0971489275551862,1.9212889102531692,-1.328576142997881,0.05501410275691497,1.6940339119276273,0.6418764573063119,-1.328576142997881,0.958955692940154,88.88888888888889,2.6666666666666665,0.0,2.7212362155729024,2.1972245773362196,533.3333333333333,0.0,14.1991,35543.7,13.0
2001000531,Dr. William Carter,Internal Medicine,Charlotte,NC,Actiq,REP-S598,Summer Nakamura,TERR-S14,3,3.0,4,3,3,1.6487125412587345,-0.7029631561336248,-0.09897023549564285,4.9802,0.044580215077168805,11.3506,synthetic,0.30373276577360286,-0.3070100835971559,0.5937505349345118,-0.5983085612816049,-0.12853109880191332,-0.6888185753566607,0.5937505349345118,0.715611992398111,75.0,1.0,1.0,2.4691244298126533,1.3862943611198906,225.0,1.0,10.8121,24907.2,29.0
2001000532,Dr. Michael Miller,Pain Management,New York,NY,Actiq,REP-S715,Stephen Rossi,TERR-S05,3,6.0,2,1,1,3.2229940325846393,-0.12370842230743705,-0.31965039716938765,3.2439,0.029861069519145023,14.7004,synthetic,-1.1244163254332475,-1.198329681137286,0.5937505349345118,0.061722992126355354,-1.6863788313340304,-0.36513599984404566,0.5937505349345118,0.9616166259782932,50.0,0.3333333333333333,1.0,2.7238251202175725,0.6931471805599453,300.0,1.0,14.2385,21936.62,38.0
2001000533,Dr. Jessica Ramirez,Anesthesiology,Baltimore,MD,Abstral,REP-S757,Stanley Tanaka,TERR-S05,3,3.0,2,1,0,-0.8001697785815622,-0.7583291161289774,0.025879147355145526,-0.8486,-0.007779691513440934,10.3956,synthetic,-1.1244163254332475,-1.198329681137286,-1.328576142997881,-0.6711720698126429,-1.6863788313340304,-1.0125011508692756,-1.328576142997881,0.7036409831157163,50.0,0.3333333333333333,0.0,2.441007007497982,0.6931471805599453,150.0,0.0,10.4846,26587.8,15.0
2001000534,Dr. Sharon Harris,Anesthesiology,New York,NY,Subsys,REP-S753,Spencer Tanaka,TERR-S01,2,9.0,9,7,2,-0.6252496128786839,1.0938524341277678,0.8711865807981225,8.1715,0.07517498301191283,23.1926,synthetic,0.46241599812992007,1.4756291114831046,-0.7793399493029116,1.0647160855000164,1.4293166337302035,1.3611710695565684,-0.7793399493029116,1.4389184959455608,77.77777777777779,2.3333333333333335,0.2857142857142857,3.110871818264957,2.0794415416798357,700.0000000000001,0.2857142857142857,21.4406,37966.5,16.0
2001000535,Dr. Emily Torres,Pain Management,Columbus,OH,Subsys,REP-S817,Stanley Vargas,TERR-S09,2,6.0,8,3,4,-0.2754092814729272,0.007783619476945467,-0.5521602718772627,6.9776,0.06336402750288173,16.064,synthetic,-1.8384908710366727,-0.3070100835971559,1.2345260942453093,0.19072767134546648,-0.12853109880191332,-0.6888185753566607,1.2345260942453093,1.0141464157515079,37.5,1.0,1.3333333333333333,2.773606953666168,1.3862943611198906,225.0,1.3333333333333333,15.0163,18806.8,18.0
2001000536,Dr. Emily Jones,Oncology,New York,NY,Fentora,REP-S608,Serena O'Connor,TERR-S10,3,5.0,2,1,0,-1.3249302756901973,-0.29394818327024663,0.2538180459075946,0.8346,0.007727505258132261,13.3419,synthetic,-1.1244163254332475,-1.198329681137286,-1.328576142997881,-0.1154440852162457,-1.6863788313340304,-0.5809243835191223,-1.328576142997881,0.8834582397241714,50.0,0.3333333333333333,0.0,2.655457817649704,0.6931471805599453,250.0,0.0,13.2315,29656.09,12.0
2001000538,Dr. Michelle Moore,Palliative Care,Detroit,MI,Abstral,REP-S511,Silas Brooks,TERR-S11,3,2.0,3,2,3,1.4737923755558562,-0.8673366611824229,-0.6304002585038375,3.2988,0.02950559882723436,10.1644,synthetic,-0.1723169312953478,-0.752669882367221,1.5549138739007082,-0.8209095832373048,-0.77509632596926,-1.0844306120943012,1.5549138739007082,0.6277754942728843,66.66666666666666,0.6666666666666666,1.5,2.3832245456567915,1.0986122886681098,133.33333333333331,1.5,9.8398,17753.61,28.0
2001000539,Dr. Thomas Martinez,Pain Management,Austin,TX,Actiq,REP-S840,Sloan Alvarez,TERR-S04,1,6.0,13,10,4,1.9985528726644912,-0.08562002295796224,-0.9702667847880306,11.461,0.10183317513985779,16.1215,synthetic,0.41359038817413046,2.8126085077932994,-0.5596454718249239,0.09975617291138571,2.145041139077878,0.3320264704908178,-0.5596454718249239,0.9768325704831856,76.92307692307693,3.3333333333333335,0.4,2.7385018085580386,2.3978952727983707,461.5384615384616,0.4,14.4638,13178.66,31.0
2001000540,Dr. Barbara Nelson,Pain Management,Baltimore,MD,Actiq,REP-S785,Simon Gomez,TERR-S05,3,8.0,5,3,0,0.7741117127443429,0.4986725905868866,0.9482134349589392,1.8338,0.0172187671925772,18.2486,synthetic,-0.5531566889505074,-0.3070100835971559,-1.328576142997881,0.6224877093446493,-0.12853109880191332,0.41170218138623044,-1.328576142997881,1.2102517777526436,60.0,1.0,0.0,2.9402195636237325,1.3862943611198906,480.0,0.0,17.92,39003.36,24.0
2001000542,Dr. James Young,Oncology,Los Angeles,CA,Actiq,REP-S662,Sophia Kowalski,TERR-S08,2,7.0,7,7,8,-1.1500101099873188,0.3140630384802446,-0.2890754474491098,7.3863,0.06739860153807209,18.071,synthetic,1.7318818569804533,1.4756291114831046,0.8683686317819964,0.4684307281801146,1.4293166337302035,1.3611710695565677,0.8683686317819964,1.1235940942507165,100.0,2.3333333333333335,1.1428571428571428,2.8807702550843093,2.0794415416798357,700.0,1.1428571428571428,16.828,22348.19,13.0
2001000543,Dr. Michelle Adams,Neurology,Detroit,MI,Subsys,REP-S501,Samuel Brooks,TERR-S01,3,9.0,5,4,2,0.24935121563570783,1.2979710909167412,1.7255208192572835,4.9685,0.046487915537945845,23.7733,synthetic,0.589362584014973,0.13864971517290903,-0.3674128040316846,1.2005229144739813,0.37298385385674826,1.4474864230265985,-0.3674128040316846,1.550101804476429,80.0,1.3333333333333333,0.5,3.163278544765791,1.6094379124341003,720.0,0.5,22.648,49466.71,21.0
2001000544,Dr. Richard Lewis,Anesthesiology,Austin,TX,Actiq,REP-S809,Seth Vargas,TERR-S01,2,1.0,5,4,3,1.1239520441500994,-1.2480008814008525,-1.3062584188852087,4.3075,0.037357727211727365,7.915,synthetic,0.589362584014973,0.13864971517290903,0.11316886545141361,-1.4243095233709149,0.37298385385674826,-1.314604888014383,0.11316886545141361,0.5092514873223934,80.0,1.3333333333333333,0.75,2.1503775241033765,1.6094379124341003,80.0,0.75,7.5881,8655.87,26.0
2001000545,Dr. David Walker,Pain Management,Charlotte,NC,Fentora,REP-S574,Selena Kapoor,TERR-S04,1,9.0,13,10,10,-0.6252496128786839,1.2189034283523856,0.9276637287324812,8.2969,0.07639670554717748,24.0206,synthetic,0.41359038817413046,2.8126085077932994,0.5937505349345118,1.1487577032564085,2.145041139077878,1.3279728566834794,0.5937505349345118,1.4979769813664598,76.92307692307693,3.3333333333333335,1.0,3.1433027800194004,2.3978952727983707,692.3076923076924,1.0,22.1803,38726.74,16.0
2001000546,Dr. Margaret Scott,Pain Management,Austin,TX,Abstral,REP-S581,Samuel Nakamura,TERR-S11,2,9.0,6,3,0,1.6487125412587345,0.9838474565125738,1.470416816678268,4.7185,0.044032453721774445,21.7708,synthetic,-1.1244163254332475,-0.3070100835971559,-1.328576142997881,0.9884634491244713,-0.12853109880191332,0.2822291511811844,-1.328576142997881,1.4040744103961877,50.0,1.0,0.0,3.081446559684869,1.3862943611198906,450.0,0.0,20.7899,46032.75,29.0
2001000547,Dr. Charles Taylor,Palliative Care,Denver,CO,Lazanda,REP-S722,Sophia Santos,TERR-S12,2,3.0,7,5,0,-0.45032944717580553,-0.7274932348979779,-0.32931014086335875,5.4012,0.04820633698202226,11.2432,synthetic,0.09971146702976721,0.5843095139429743,-1.328576142997881,-0.6303384970100151,0.7827514065628568,-0.7350589432870342,-1.328576142997881,0.6805505393817818,71.42857142857143,1.6666666666666667,0.0,2.4567643438417197,1.791759469228055,214.28571428571428,0.0,10.667,21806.59,17.0
2001000548,Dr. Barbara Gonzalez,Oncology,Charlotte,NC,Subsys,REP-S591,Silas Nakamura,TERR-S07,1,9.0,9,7,7,-0.10048911577004885,1.0685785073512633,-0.21838838046697107,11.7346,0.10623268075633385,23.7895,synthetic,0.46241599812992007,1.4756291114831046,0.5937505349345118,1.0473943270758823,1.4293166337302035,1.3611710695565684,0.5937505349345118,1.4215922403197903,77.77777777777779,2.3333333333333335,1.0,3.1041874956642053,2.0794415416798357,700.0000000000001,1.0,21.2911,23299.71,19.0
2001000549,Dr. Kathleen Hernandez,Neurology,Detroit,MI,Subsys,REP-S515,Stephen Brooks,TERR-S01,3,3.0,4,2,3,-0.2754092814729272,-0.7699432885005215,-0.5937886189998783,3.6234,0.032524453103339734,10.7933,synthetic,-1.1244163254332475,-0.752669882367221,1.5549138739007082,-0.686720181319047,-0.77509632596926,-1.0125011508692756,1.5549138739007082,0.7128976238628594,50.0,0.6666666666666666,1.5,2.4350071205005706,1.0986122886681098,150.0,1.5,10.4159,18246.44,18.0
2001000550,Dr. Betty Ramirez,Internal Medicine,Philadelphia,PA,Lazanda,REP-S575,Stephen Kapoor,TERR-S05,3,4.0,4,3,2,-0.9750899442844405,-0.4523032816752752,-0.7233917279060172,3.6656,0.03333851648741071,12.7455,synthetic,0.30373276577360286,-0.3070100835971559,-0.04702502437628586,-0.2918791793125169,-0.12853109880191332,-0.36513599984404566,-0.04702502437628586,0.8137462957368408,75.0,1.0,0.6666666666666666,2.5873729813324906,1.3862943611198906,300.0,0.6666666666666666,12.2948,16501.85,14.0
2001000551,Dr. Kimberly Moore,Internal Medicine,Austin,TX,Subsys,REP-S686,Stella Larsson,TERR-S04,3,9.0,3,2,2,-0.9750899442844405,0.9809565926471677,1.3105054540440173,5.0488,0.047045971571910705,21.8216,synthetic,-0.1723169312953478,-0.752669882367221,0.5937505349345118,0.9864290043059012,-0.77509632596926,0.9295943022064139,0.5937505349345118,1.3748730399910731,66.66666666666666,0.6666666666666666,1.0,3.0806614843392963,1.0986122886681098,599.9999999999999,1.0,20.7728,43880.18,14.0
2001000552,Dr. Donna Thomas,Oncology,Austin,TX,Fentora,REP-S509,Seth Brooks,TERR-S09,3,10.0,3,2,0,-0.2754092814729272,2.753411160510605,0.9538638241411543,1.3968,0.013444183342044003,31.6938,synthetic,-0.1723169312953478,-0.752669882367221,-1.328576142997881,2.0050562560089165,-0.77509632596926,1.217312147106516,-1.328576142997881,2.087021946922599,66.66666666666666,0.6666666666666666,0.0,3.4737412741378644,1.0986122886681098,666.6666666666665,0.0,31.2572,39079.42,18.0
2001000553,Dr. Sarah Anderson,Pain Management,Denver,CO,Abstral,REP-S682,Sophia Larsson,TERR-S14,3,4.0,2,1,1,-0.8001697785815622,-0.5783686140982816,-0.868281197343637,1.7792,0.016235200652948034,11.7545,synthetic,-1.1244163254332475,-1.198329681137286,0.5937505349345118,-0.44146527624037474,-1.6863788313340304,-0.796712767194199,0.5937505349345118,0.7799843083952598,50.0,0.3333333333333333,1.0,2.529648949858872,0.6931471805599453,200.0,1.0,11.5491,14551.49,15.0
2001000554,Dr. Jennifer Rodriguez,Neurology,New York,NY,Subsys,REP-S751,Silas Tanaka,TERR-S13,3,1.0,3,2,2,-0.9750899442844405,-1.215795643602029,-1.318539806468746,1.2781,0.011259364781808667,7.878,synthetic,-0.1723169312953478,-0.752669882367221,0.5937505349345118,-1.367455700917725,-0.77509632596926,-1.3721484569944034,0.5937505349345118,0.5323923479468541,66.66666666666666,0.6666666666666666,1.0,2.1723169416300347,1.0986122886681098,66.66666666666666,1.0,7.7786,8490.55,14.0
2001000555,Dr. Mary Rodriguez,Pain Management,Las Vegas,NV,Actiq,REP-S759,Solomon Tanaka,TERR-S07,1,2.0,10,10,11,-0.45032944717580553,-1.0517095343761074,-0.36494785712016015,11.0741,0.09474867076671867,9.7181,synthetic,1.7318818569804533,2.8126085077932994,0.7859832027277512,-1.0956999416204043,2.145041139077878,-0.796712767194199,0.7859832027277512,0.5908892217585618,100.0,3.3333333333333335,1.1,2.277185230361314,2.3978952727983707,200.0,1.1,8.7492,21326.87,17.0
2001000556,Dr. Michael Green,Oncology,Miami,FL,Fentora,REP-S527,Scott Patel,TERR-S13,3,4.0,3,2,2,-0.45032944717580553,-0.411864998832868,-0.5075878684400112,3.9339,0.035786135010237086,13.0271,synthetic,-0.1723169312953478,-0.752669882367221,0.5937505349345118,-0.24566917525394869,-0.77509632596926,-0.5089949222940969,0.5937505349345118,0.8368866399654434,66.66666666666666,0.6666666666666666,1.0,2.605205037810034,1.0986122886681098,266.66666666666663,1.0,12.534,19406.79,17.0
2001000558,Dr. Ashley Lee,Pain Management,Denver,CO,Subsys,REP-S670,Sadie Kowalski,TERR-S02,2,9.0,8,5,5,-0.9750899442844405,0.9626646938029015,-0.5534967233811812,7.2729,0.06707084241596828,22.1675,synthetic,-0.41034177982982234,0.5843095139429743,0.5937505349345118,0.9735189250557102,0.7827514065628568,0.7677530144501069,0.5937505349345118,1.395612103043933,62.5,1.6666666666666667,1.0,3.075679592062741,1.791759469228055,562.5,1.0,20.6646,18788.81,14.0
2001000559,Dr. Kimberly Adams,Palliative Care,Chicago,IL,Actiq,REP-S588,Serena Nakamura,TERR-S04,1,6.0,12,8,4,0.24935121563570783,-0.11672639437519873,-0.16130875217147922,6.189,0.05622391915292546,15.1635,synthetic,-0.1723169312953478,1.9212889102531692,-0.3674128040316846,0.06873681106239374,1.6940339119276273,0.06644076750610747,-0.3674128040316846,0.911045804093369,66.66666666666666,2.6666666666666665,0.5,2.726531694647477,2.1972245773362196,399.99999999999994,0.5,14.2798,24068.06,21.0
2001000560,Dr. Mary Rodriguez,Pain Management,Chicago,IL,Abstral,REP-S728,Serena Santos,TERR-S04,1,1.0,10,6,2,-0.6252496128786839,-1.4857110381931131,-1.3875182361751688,6.8065,0.056925551555275566,6.6027,synthetic,-0.5531566889505074,1.0299693127130392,-0.6878005836870834,-1.8876510095194576,1.1292049358741694,-1.4009202414844137,-0.6878005836870834,0.4175098487760515,60.0,2.0,0.3333333333333333,1.9715778958038912,1.9459101490553132,60.0,0.3333333333333333,6.182,7562.03,16.0
2001000562,Dr. Richard Taylor,Internal Medicine,Philadelphia,PA,Subsys,REP-S537,Stanley Patel,TERR-S09,3,10.0,5,4,1,1.4737923755558562,2.2174348564823116,3.2766336243245275,5.3668,0.05052271689181165,29.5941,synthetic,0.589362584014973,0.13864971517290903,-0.8479944735147827,1.7369582008168774,0.37298385385674826,1.7927478369067211,-0.8479944735147827,1.858959028133967,80.0,1.3333333333333333,0.25,3.370284463018681,1.6094379124341003,800.0,0.25,28.0868,70346.27,28.0
2001000563,Dr. Lisa Gonzalez,Oncology,Los Angeles,CA,Actiq,REP-S710,Sadie Rossi,TERR-S14,3,7.0,4,1,1,-1.1500101099873188,0.39850669349605755,1.1271931895901794,0.6567,0.006190050443312778,17.4413,synthetic,-2.552565416640098,-1.198329681137286,0.5937505349345118,0.540037372937673,-1.6863788313340304,-0.9046069590317374,0.5937505349345118,1.1569453689166445,25.0,0.3333333333333333,1.0,2.9084026641156044,0.6931471805599453,175.0,1.0,17.3275,41412.61,13.0
2001000564,Dr. Melissa Torres,Pain Management,New York,NY,Subsys,REP-S502,Sophia Brooks,TERR-S02,2,10.0,5,3,4,0.7741117127443429,3.7792113805405325,4.946117105424507,5.3865,0.051132028938793095,39.3356,synthetic,-0.5531566889505074,-0.3070100835971559,1.2345260942453093,2.451713066440215,-0.12853109880191332,0.9295943022064145,1.2345260942453093,2.5207950672219543,60.0,1.0,1.3333333333333333,3.6461024247578777,1.3862943611198906,600.0,1.3333333333333333,37.325,92819.22,24.0
2001000565,Dr. John Garcia,Oncology,Los Angeles,CA,Subsys,REP-S595,Stephen Nakamura,TERR-S11,3,1.0,4,1,0,-1.1500101099873188,-1.9674709655175606,-1.6654986632187039,1.3521,0.010356362009355635,3.3774,synthetic,-2.552565416640098,-1.198329681137286,-1.328576142997881,-3.197550477302856,-1.6863788313340304,-1.5519721100569674,-1.328576142997881,0.22249540053908146,25.0,0.3333333333333333,0.0,1.4660985788184921,0.6931471805599453,25.0,0.0,3.3323,3820.13,13.0
2001000566,Dr. Rebecca Rodriguez,Oncology,Seattle,WA,Actiq,REP-S840,Sloan Alvarez,TERR-S04,2,2.0,6,5,0,0.9490318784472211,-1.0492920283366156,-0.431745174199843,4.5564,0.04008305203500173,9.1628,synthetic,0.7797824628425536,0.5843095139429743,-1.328576142997881,-1.091901693609502,0.7827514065628568,-0.9405716896442501,-1.328576142997881,0.5851329239937102,83.33333333333334,1.6666666666666667,0.0,2.2786509426984147,1.791759469228055,166.66666666666669,0.0,8.7635,20427.71,25.0
2001000567,Dr. Rebecca Nguyen,Anesthesiology,Columbus,OH,Fentora,REP-S706,Stella Rossi,TERR-S10,3,10.0,4,3,1,0.0744310499328295,2.001245575132519,2.9423372555591683,3.8727,0.03665451942461262,27.8462,synthetic,0.30373276577360286,-0.3070100835971559,-0.6878005836870834,1.6204469741918803,-0.12853109880191332,1.5769594532316444,-0.6878005836870834,1.799134680900189,75.0,1.0,0.3333333333333333,3.3253237490829815,1.3862943611198906,750.0,0.3333333333333333,26.808,65846.3,20.0
2001000569,Dr. Amanda Jones,Pain Management,Los Angeles,CA,Abstral,REP-S743,Sean Tanaka,TERR-S05,3,3.0,4,3,1,-0.2754092814729272,-0.8007284528216017,-0.8774016059670997,3.7656,0.033731811383854726,10.6192,synthetic,0.30373276577360286,-0.3070100835971559,-0.6878005836870834,-0.7283899817800616,-0.12853109880191332,-0.6888185753566607,-0.6878005836870834,0.6911537189266186,75.0,1.0,0.3333333333333333,2.418927090854025,1.3862943611198906,225.0,0.3333333333333333,10.2338,14428.72,18.0
2001000570,Dr. Mary Lee,Psychiatry,New York,NY,Subsys,REP-S633,Spencer Novak,TERR-S07,3,9.0,5,3,3,0.9490318784472211,0.959621679207737,-0.6310948567007049,1.682,0.015916743947943512,20.9939,synthetic,-0.5531566889505074,-0.3070100835971559,0.5937505349345118,0.9713649687714365,-0.12853109880191332,0.6706482417963224,0.5937505349345118,1.2941493562662185,60.0,1.0,1.0,3.07484839823591,1.3862943611198906,540.0,1.0,20.6466,17744.26,25.0
2001000571,Dr. William Gonzalez,Pain Management,Houston,TX,Subsys,REP-S524,Sarah Patel,TERR-S10,2,8.0,5,3,1,-0.45032944717580553,0.8216378729536705,0.06072717603625727,7.0909,0.06532162473606329,21.2365,synthetic,-0.5531566889505074,-0.3070100835971559,-0.6878005836870834,0.8717646372511046,-0.12853109880191332,0.41170218138623044,-0.6878005836870834,1.3392732619166308,60.0,1.0,0.3333333333333333,3.036413458160996,1.3862943611198906,480.0,0.3333333333333333,19.8304,27056.89,17.0
2001000572,Dr. Rebecca Wilson,Oncology,Jacksonville,FL,Fentora,REP-S733,Spencer Santos,TERR-S09,3,10.0,2,1,0,0.42427138133858616,1.6174876234090056,0.23373561483175628,1.2561,0.011996049211869586,24.8462,synthetic,-1.1244163254332475,-1.198329681137286,-1.328576142997881,1.3997731097731905,-1.6863788313340304,0.4980175348562611,-1.328576142997881,1.6383855410461186,50.0,0.3333333333333333,0.0,3.2401675390024893,0.6931471805599453,500.0,0.0,24.538,29385.76,22.0
2001000573,Dr. Carol Davis,Pain Management,Columbus,OH,Abstral,REP-S583,Sean Nakamura,TERR-S13,3,3.0,2,1,1,0.0744310499328295,-0.7886240169875031,-0.21542946643689423,4.5282,0.040451837390344636,10.7721,synthetic,-1.1244163254332475,-1.198329681137286,0.5937505349345118,-0.711925784653139,-1.6863788313340304,-1.0125011508692756,0.5937505349345118,0.6959893231279071,50.0,0.3333333333333333,1.0,2.425280487678067,0.6931471805599453,150.0,1.0,10.3054,23339.54,20.0
2001000574,Dr. Donna Williams,Pain Management,Chicago,IL,Actiq,REP-S699,Solomon Larsson,TERR-S03,3,5.0,3,2,2,-0.10048911577004885,-0.3491450868992015,-0.5376531985206625,4.716,0.04283765319261423,13.5136,synthetic,-0.1723169312953478,-0.752669882367221,0.5937505349345118,-0.17558875967784685,-0.77509632596926,-0.22127707739399485,0.5937505349345118,0.8715568745478719,66.66666666666666,0.6666666666666666,1.0,2.6322484876859282,1.0986122886681098,333.33333333333326,1.0,12.905,19002.08,19.0
2001000575,Dr. James Robinson,Anesthesiology,New York,NY,Abstral,REP-S660,Sloan Dubois,TERR-S06,2,3.0,5,4,5,-0.10048911577004885,-0.7617102434569377,-0.31054930357599814,8.3349,0.07332263865204558,11.3368,synthetic,0.589362584014973,0.13864971517290903,1.07433220441761,-0.6756888309714072,0.37298385385674826,-0.6240820602541377,1.07433220441761,0.7022987459619561,80.0,1.3333333333333333,1.25,2.4392640269092642,1.6094379124341003,240.0,1.25,10.4646,22059.13,19.0
2001000576,Dr. Sharon Smith,Palliative Care,Austin,TX,Abstral,REP-S531,Silas Patel,TERR-S03,3,8.0,4,2,2,-0.8001697785815622,0.5982806016686018,0.8323819424950705,6.044,0.05575837921595639,19.6279,synthetic,-1.1244163254332475,-0.752669882367221,0.5937505349345118,0.7019571213477864,-0.77509632596926,0.06644076750610772,0.5937505349345118,1.1808799140831794,50.0,0.6666666666666666,1.0,2.970886149181289,1.0986122886681098,400.0,1.0,18.5092,37444.15,15.0
2001000577,Dr. Sarah Baker,Pain Management,Los Angeles,CA,Abstral,REP-S734,Selena Santos,TERR-S10,3,6.0,2,1,1,-0.45032944717580553,-0.14697057832380522,-0.3231174450675467,1.5479,0.014346071156777551,14.3191,synthetic,-1.1244163254332475,-1.198329681137286,0.5937505349345118,0.03821697787053816,-1.6863788313340304,-0.36513599984404566,0.5937505349345118,0.952323621256264,50.0,0.3333333333333333,1.0,2.714754344693718,0.6931471805599453,300.0,1.0,14.1009,21889.95,17.0
2001000578,Dr. Jennifer Torres,Palliative Care,Denver,CO,Fentora,REP-S530,Sadie Patel,TERR-S02,3,6.0,2,2,2,-0.6252496128786839,-0.1240465350402332,-0.33033160879992807,4.1177,0.03775175272472975,14.8227,synthetic,1.7318818569804533,-0.752669882367221,0.5937505349345118,0.06138285749438955,-0.77509632596926,0.9295943022064145,0.5937505349345118,0.9082832805764259,100.0,0.6666666666666666,1.0,2.7236938650902305,1.0986122886681098,600.0,1.0,14.2365,21792.84,16.0
2001000579,Dr. Michelle Sanchez,Internal Medicine,Nashville,TN,Fentora,REP-S763,Sean Muller,TERR-S11,3,7.0,3,2,1,0.7741117127443429,0.23607733666083675,0.8698568152661522,3.6746,0.03404338395512241,16.9681,synthetic,-0.1723169312953478,-0.752669882367221,-0.3674128040316846,0.400495407437821,-0.77509632596926,0.3541586124062098,-0.3674128040316846,1.0832499510716849,66.66666666666666,0.6666666666666666,0.5,2.8545545794751663,1.0986122886681098,466.66666666666663,0.5,16.3667,37948.6,24.0
2001000580,Dr. Deborah Sanchez,Neurology,Baltimore,MD,Abstral,REP-S764,Sarah Muller,TERR-S12,2,10.0,7,5,1,0.42427138133858616,1.5137546369871782,2.069940492438373,5.2224,0.04891166709195627,25.1738,synthetic,0.09971146702976721,0.5843095139429743,-0.9441108074114024,1.3367494780000038,0.7827514065628568,1.4228248934637329,-0.9441108074114024,1.63746271684104,71.42857142857143,1.6666666666666667,0.2,3.2158472433415115,1.791759469228055,714.2857142857143,0.2,23.9244,54102.95,22.0
2001000581,Dr. Barbara Adams,Oncology,Nashville,TN,Subsys,REP-S608,Serena O'Connor,TERR-S10,3,5.0,2,1,1,-0.10048911577004885,-0.35688786848023096,-0.017208970309549005,1.529,0.014085849946305906,13.0558,synthetic,-1.1244163254332475,-1.198329681137286,0.5937505349345118,-0.18413834949464478,-1.6863788313340304,-0.5809243835191223,0.5937505349345118,0.858600022390588,50.0,0.3333333333333333,1.0,2.6289492720381706,0.6931471805599453,250.0,1.0,12.8592,26007.79,19.0
2001000583,Dr. Dorothy Robinson,Family Practice,Houston,TX,Actiq,REP-S566,Stella Kapoor,TERR-S10,3,7.0,5,4,4,0.7741117127443429,0.25668530772475584,0.09644215241335195,0.7277,0.00683817897761374,16.6086,synthetic,0.589362584014973,0.13864971517290903,0.5937505349345118,0.4186213760064953,0.37298385385674826,0.7569635952663532,0.5937505349345118,1.1544486617774532,80.0,1.3333333333333333,1.0,2.8615492400862563,1.6094379124341003,560.0,1.0,16.4886,27537.65,24.0
2001000584,Dr. Jessica Campbell,Oncology,Las Vegas,NV,Subsys,REP-S834,Selena Alvarez,TERR-S12,1,1.0,10,7,4,1.298872209852978,-1.316012257602777,-1.0406656120906137,6.7696,0.05772156134723083,7.6722,synthetic,0.01810294753223279,1.4756291114831046,-0.2301037556079423,-1.5486360630622715,1.4293166337302035,-1.3577625647493985,-0.2301037556079423,0.4797909699588067,70.0,2.3333333333333335,0.5714285714285714,2.1024009458147463,2.0794415416798357,70.0,0.5714285714285714,7.1858,12231.02,27.0
2001000585,Dr. Nancy Hall,Palliative Care,Miami,FL,Subsys,REP-S548,Serena Chen,TERR-S06,2,6.0,8,5,6,-0.8001697785815622,0.10064628153937985,0.9173294447574881,7.1028,0.06460793969680179,16.6712,synthetic,-0.41034177982982234,0.5843095139429743,0.9782158705209902,0.2781130787261197,0.7827514065628568,-0.04145342433143062,0.9782158705209902,0.9930793546265175,62.5,1.6666666666666667,1.2,2.807328256043678,1.791759469228055,375.0,1.2,15.5656,38587.63,15.0
2001000586,Dr. Susan Torres,Anesthesiology,Charlotte,NC,Subsys,REP-S620,Sloan O'Connor,TERR-S08,3,10.0,3,3,4,1.6487125412587345,2.2748971154209996,-0.08037357596390558,3.6405,0.0345644485137373,29.4616,synthetic,1.7318818569804533,-0.3070100835971559,1.2345260942453093,1.7670649971433885,-0.12853109880191332,2.6559013716070283,1.2345260942453093,1.907768644939772,100.0,1.0,1.3333333333333333,3.3819024254791863,1.3862943611198906,1000.0,1.3333333333333333,28.4267,25157.53,29.0
2001000587,Dr. Rebecca Mitchell,Pain Management,Phoenix,AZ,Subsys,REP-S791,Silas Gomez,TERR-S11,3,8.0,3,2,2,1.1239520441500994,0.5991258835005917,-0.5217851584296662,6.661,0.06127853193583643,19.7474,synthetic,-0.1723169312953478,-0.752669882367221,0.5937505349345118,0.7026211846374394,-0.77509632596926,0.6418764573063119,0.5937505349345118,1.2503818897136156,66.66666666666666,0.6666666666666666,1.0,2.9711424056851996,1.0986122886681098,533.3333333333333,1.0,18.5142,19215.68,26.0
2001000588,Dr. Joseph Carter,Pain Management,Boston,MA,Subsys,REP-S677,Stanley Kowalski,TERR-S09,3,7.0,5,1,0,-0.10048911577004885,0.16659517007124888,0.18300543122997948,1.7514,0.01634974371330511,16.2352,synthetic,-2.8381952348814683,-1.198329681137286,-1.328576142997881,0.3384300151885958,-1.6863788313340304,-1.055658827604291,-1.328576142997881,1.0775900831633847,20.0,0.3333333333333333,0.0,2.830604060481783,0.6931471805599453,140.0,0.0,15.9557,28702.88,19.0
2001000589,Dr. Laura King,Neurology,Charlotte,NC,Abstral,REP-S670,Sadie Kowalski,TERR-S02,3,9.0,5,4,4,-0.45032944717580553,0.8926246412042004,0.6475586483808817,5.1396,0.04781648274637362,21.2911,synthetic,0.589362584014973,0.13864971517290903,0.5937505349345118,0.9234826590885686,0.37298385385674826,1.4474864230265985,0.5937505349345118,1.3859955215113489,80.0,1.3333333333333333,1.0,3.0563710129178316,1.6094379124341003,720.0,1.0,20.2503,34956.24,17.0
2001000590,Dr. Carol Martinez,Emergency Medicine,New York,NY,Abstral,REP-S514,Selena Brooks,TERR-S14,3,5.0,3,2,0,0.24935121563570783,-0.2875071357104819,0.4138029542332784,1.4952,0.013807913827895035,13.468,synthetic,-0.1723169312953478,-0.752669882367221,-1.328576142997881,-0.10851576130034257,-0.77509632596926,-0.22127707739399485,-1.328576142997881,0.9080481849975439,66.66666666666666,0.6666666666666666,0.0,2.6581314002619565,1.0986122886681098,333.33333333333326,0.0,13.2696,31809.65,21.0
2001000592,Dr. Joseph Allen,Anesthesiology,Las Vegas,NV,Subsys,REP-S529,Seth Patel,TERR-S01,1,7.0,13,9,9,-0.9750899442844405,0.24174072493517054,0.4823103943602213,10.7209,0.09625956134159752,18.1584,synthetic,-0.025840101427978244,2.3669487090232346,0.5937505349345118,0.4054893500157465,1.930831586388866,0.4316211091100835,0.5937505349345118,1.100647888454912,69.23076923076923,3.0,1.0,2.8564817004072984,2.302585092994046,484.6153846153846,1.0,16.4002,32731.83,14.0
2001000593,Dr. William Taylor,Oncology,Seattle,WA,Subsys,REP-S821,Samuel Alvarez,TERR-S13,3,1.0,2,1,1,-0.6252496128786839,-1.261119655433339,-0.8136137191499928,2.1497,0.01878721799959937,7.6719,synthetic,-1.1244163254332475,-1.198329681137286,0.5937505349345118,-1.447831224188056,-1.6863788313340304,-1.444077918219429,0.5937505349345118,0.5014709677246261,50.0,0.3333333333333333,1.0,2.141300695265891,0.6931471805599453,50.0,1.0,7.5105,15287.37,16.0
2001000594,Dr. Donna Flores,Pain Management,Columbus,OH,Abstral,REP-S575,Stephen Kapoor,TERR-S05,3,4.0,3,3,3,-1.3249302756901973,-0.5986384724294045,-0.14556403111864336,5.2193,0.04687578596458497,12.0257,synthetic,1.7318818569804533,-0.3070100835971559,0.5937505349345118,-0.466343777435317,-0.12853109880191332,0.06644076750610772,0.5937505349345118,0.7718866974492474,100.0,1.0,1.0,2.5200485430330564,1.3862943611198906,400.0,1.0,11.4292,24280.0,12.0
2001000595,Dr. Sarah Lee,Anesthesiology,Columbus,OH,Subsys,REP-S558,Summer Chen,TERR-S02,2,1.0,6,5,6,-0.2754092814729272,-1.5036479186679437,-0.8165221169475703,7.4941,0.06235974774518671,6.5312,synthetic,0.7797824628425536,0.5843095139429743,0.9782158705209902,-1.9262194792215377,0.7827514065628568,-1.300218995769378,0.9782158705209902,0.40776493612658377,83.33333333333334,1.6666666666666667,1.2,1.956694643919554,1.791759469228055,83.33333333333334,1.2,6.0759,15248.22,18.0
2001000596,Dr. Carol Ramirez,Neurology,Portland,OR,Abstral,REP-S611,Silas O'Connor,TERR-S13,3,3.0,2,1,0,0.9490318784472211,-0.7958258181960589,-1.1233666277783514,0.2344,0.002128641666568676,10.2868,synthetic,-1.1244163254332475,-1.198329681137286,-1.328576142997881,-0.721708913297687,-1.6863788313340304,-1.0125011508692756,-1.328576142997881,0.7024189685173391,50.0,0.3333333333333333,0.0,2.421505259649618,0.6931471805599453,150.0,0.0,10.2628,11117.78,25.0
2001000597,Dr. Rebecca Lopez,Pain Management,Miami,FL,Abstral,REP-S507,Scott Brooks,TERR-S07,1,3.0,11,8,9,-0.10048911577004885,-0.7896045439126118,-0.11796582468697137,10.9292,0.09496738969875063,11.4253,synthetic,0.1739010302093441,1.9212889102531692,0.8340413696760609,-0.713255589964045,1.6940339119276273,-0.7182442640396257,0.8340413696760609,0.6955976121730539,72.72727272727273,2.6666666666666665,1.125,2.4247673268616743,2.1972245773362196,218.1818181818182,1.125,10.2996,24651.5,19.0
2001000598,Dr. Emily Harris,Pain Management,Philadelphia,PA,Actiq,REP-S604,Sarah O'Connor,TERR-S06,1,5.0,14,12,7,0.0744310499328295,-0.2800686555889691,0.29642254493468445,9.8303,0.08749564752005723,14.6224,synthetic,0.9157966620051099,3.70392810533343,-0.2072189142039851,-0.1005375277994968,2.5204950604117395,0.18974841532043718,-0.2072189142039851,0.8991522359535488,85.71428571428571,4.0,0.5833333333333334,2.661210134256392,2.5649493574615367,428.57142857142856,0.5833333333333334,13.3136,30229.59,20.0
2001000599,Dr. Michelle Anderson,Palliative Care,Phoenix,AZ,Subsys,REP-S820,Sloan Vargas,TERR-S12,1,3.0,12,5,2,1.1239520441500994,-0.798226418598911,-0.4977505750465201,4.1496,0.037111904238577686,10.6739,synthetic,-1.6004660225021974,0.5843095139429743,-0.5596454718249239,-0.724978180882576,0.7827514065628568,-1.120395342706814,-0.5596454718249239,0.653856778654554,41.66666666666667,1.6666666666666667,0.4,2.4202436764621322,1.791759469228055,125.00000000000001,0.4,10.2486,19539.21,26.0
2001000600,Dr. Margaret Sanchez,Neurology,New York,NY,Subsys,REP-S849,Seth Kim,TERR-S13,3,6.0,5,4,3,-1.4998504413930756,0.007969581479983459,-0.10545414251409883,6.6023,0.06006110513424989,16.0089,synthetic,0.589362584014973,0.13864971517290903,0.11316886545141361,0.19090564271917904,0.37298385385674826,0.41170218138623044,0.11316886545141361,1.0278390515076088,80.0,1.3333333333333333,0.75,2.7736756313400197,1.6094379124341003,480.0,0.75,15.0174,24819.92,11.0
2001000601,Dr. Elizabeth Brown,Emergency Medicine,Las Vegas,NV,Actiq,REP-S763,Sean Muller,TERR-S11,3,9.0,5,4,2,-0.2754092814729272,1.084199315606441,1.591114953834839,0.9209,0.008758193066665587,21.5804,synthetic,0.589362584014973,0.13864971517290903,-0.3674128040316846,1.0581138754677302,0.37298385385674826,1.4474864230265985,-0.3674128040316846,1.4632881446234234,80.0,1.3333333333333333,0.5,3.1083240802897967,1.6094379124341003,720.0,0.5,21.3835,47657.47,18.0
2001000602,Dr. Dorothy Walker,Neurology,New York,NY,Fentora,REP-S664,Sarah Kowalski,TERR-S10,3,9.0,2,1,1,-0.45032944717580553,1.3193229099928117,0.9783634540176042,2.4492,0.023191300958143923,23.3321,synthetic,-1.1244163254332475,-1.198329681137286,0.5937505349345118,1.2143263227963124,-1.6863788313340304,0.2822291511811844,0.5937505349345118,1.5587461818124133,50.0,0.3333333333333333,1.0,3.168605165306106,0.6931471805599453,450.0,1.0,22.7743,39409.21,17.0
2001000604,Dr. Laura Torres,Pain Management,Chicago,IL,Abstral,REP-S656,Sasha Dubois,TERR-S02,2,7.0,9,7,4,-0.2754092814729272,0.2646478625821022,0.42279112918931594,7.153,0.06527353667884839,17.7185,synthetic,0.46241599812992007,1.4756291114831046,-0.2301037556079423,0.42559111117071935,1.4293166337302035,0.6898294314563294,-0.2301037556079423,1.1167611786486822,77.77777777777779,2.3333333333333335,0.5714285714285714,2.8642388029550334,2.0794415416798357,544.4444444444445,0.5714285714285714,16.5357,31930.64,18.0
2001000605,Dr. Mary Lee,Internal Medicine,Boston,MA,Abstral,REP-S743,Sean Tanaka,TERR-S05,3,8.0,3,2,1,1.823632706961613,0.5897094438922221,0.2916346461338196,2.1375,0.02007617362960623,18.8531,synthetic,-0.1723169312953478,-0.752669882367221,-0.3674128040316846,0.695213890886631,-0.77509632596926,0.6418764573063119,-0.3674128040316846,1.2216982789356863,66.66666666666666,0.6666666666666666,0.5,2.9682839925947624,1.0986122886681098,533.3333333333333,0.5,18.4585,30165.14,30.0
2001000606,Dr. Jennifer Baker,Oncology,Boston,MA,Abstral,REP-S843,Sean Kim,TERR-S07,2,7.0,8,5,1,-0.6252496128786839,0.4355300377372249,0.3544055223289893,5.712,0.0526328114673178,18.5488,synthetic,-0.41034177982982234,0.5843095139429743,-0.9441108074114024,0.5708191395676478,0.7827514065628568,0.22828205526241524,-0.9441108074114024,1.1715678497011053,62.5,1.6666666666666667,0.2,2.920281092005993,1.791759469228055,437.5,0.2,17.5465,31010.1,16.0
2001000607,Dr. Rebecca White,Pain Management,Nashville,TN,Abstral,REP-S754,Selena Tanaka,TERR-S02,2,8.0,7,4,3,-0.2754092814729272,0.7249038201007212,-0.35181066512722103,8.1478,0.07460183004866261,20.8273,synthetic,-0.7163737279455763,0.13864971517290903,0.11316886545141361,0.799584258262679,0.37298385385674826,0.31305606313476664,0.11316886545141361,1.3006289501292387,57.14285714285714,1.3333333333333333,0.75,3.0085596498587774,1.6094379124341003,457.1428571428571,0.75,19.2582,21503.71,18.0
2001000608,Dr. Charles Martinez,Neurology,Jacksonville,FL,Abstral,REP-S657,Stanley Dubois,TERR-S03,3,4.0,4,2,3,-0.6252496128786839,-0.42356369938761124,0.030094281225759557,6.5802,0.059131162852917196,13.285,synthetic,-1.1244163254332475,-0.752669882367221,1.5549138739007082,-0.25895312289279326,-0.77509632596926,-0.796712767194199,1.5549138739007082,0.8531309154202488,50.0,0.6666666666666666,1.5,2.6000788728298194,1.0986122886681098,200.0,1.5,12.4648,26644.54,16.0
2001000609,Dr. Michelle Allen,Palliative Care,Boston,MA,Subsys,REP-S688,Serena Larsson,TERR-S06,2,4.0,9,6,4,0.0744310499328295,-0.4242230192165635,0.23873077876302323,8.2113,0.07326921338251902,13.4842,synthetic,-0.1723169312953478,1.0299693127130392,-0.04702502437628586,-0.2597038155687551,1.1292049358741694,-0.5089949222940969,-0.04702502437628586,0.7950006764959637,66.66666666666666,2.0,0.6666666666666666,2.5997891867657787,1.9459101490553132,266.66666666666663,0.6666666666666666,12.4609,29453.0,20.0
2001000610,Dr. Rebecca Perez,Anesthesiology,New York,NY,Fentora,REP-S521,Samuel Patel,TERR-S07,2,5.0,5,4,5,0.24935121563570783,-0.3882478244470642,0.4078509534276105,6.8313,0.06139480381483242,13.5395,synthetic,0.589362584014973,0.13864971517290903,1.07433220441761,-0.2190574541208254,0.37298385385674826,0.06644076750610772,1.07433220441761,0.8505555507805403,80.0,1.3333333333333333,1.25,2.615474279803803,1.6094379124341003,400.0,1.25,12.6737,31729.53,21.0
2001000611,Dr. Barbara Carter,Pain Management,New York,NY,Abstral,REP-S845,Simon Kim,TERR-S09,3,2.0,5,4,2,0.24935121563570783,-1.1603620610601169,-1.1587019895259283,5.8575,0.050824837893675756,8.5813,synthetic,0.589362584014973,0.13864971517290903,-0.3674128040316846,-1.2724251424773656,0.37298385385674826,-0.9693434741342604,-0.3674128040316846,0.5474835957785605,80.0,1.3333333333333333,0.5,2.2089884442564616,1.6094379124341003,160.0,0.5,8.1065,10642.13,21.0
2001000612,Dr. Mary Rodriguez,Pain Management,Phoenix,AZ,Subsys,REP-S585,Simon Nakamura,TERR-S01,1,4.0,9,6,7,0.24935121563570783,-0.4448817071904022,-0.2920581338238919,10.7351,0.09467818898158509,13.6633,synthetic,-0.1723169312953478,1.0299693127130392,0.9141383145899108,-0.28333635957109865,1.1292049358741694,-0.5089949222940969,0.9141383145899108,0.8333110273524856,66.66666666666666,2.0,1.1666666666666667,2.5906695844644307,1.9459101490553132,266.66666666666663,1.1666666666666667,12.3387,22308.04,21.0
2001000613,Dr. Melissa Ramirez,Family Practice,Detroit,MI,Lazanda,REP-S506,Stella Brooks,TERR-S06,3,4.0,3,2,1,0.0744310499328295,-0.41653095454545364,0.09433235682072874,3.6084,0.032867680132554256,12.9577,synthetic,-0.1723169312953478,-0.752669882367221,-0.3674128040316846,-0.2509592364075049,-0.77509632596926,-0.5089949222940969,-0.3674128040316846,0.8756350899199167,66.66666666666666,0.6666666666666666,0.5,2.6031636471808466,1.0986122886681098,266.66666666666663,0.5,12.5064,27509.25,20.0
2001000614,Dr. Sharon Green,Pain Management,Atlanta,GA,Subsys,REP-S594,Selena Nakamura,TERR-S10,3,7.0,5,5,0,-0.45032944717580553,0.2706324579525927,-0.180836990461368,5.1508,0.04743122125081278,17.4246,synthetic,1.7318818569804533,0.5843095139429743,-1.328576142997881,0.43081719937617646,0.7827514065628568,1.3611710695565677,-1.328576142997881,1.119151966200716,100.0,1.6666666666666667,0.0,2.86625550695528,1.791759469228055,700.0,0.0,16.5711,23805.19,17.0
2001000615,Dr. Nancy Hall,Oncology,Jacksonville,FL,Fentora,REP-S625,Simon Novak,TERR-S13,3,4.0,3,1,1,-1.3249302756901973,-0.5767287673442206,-0.13730314133344296,3.858,0.034889215509385174,12.0047,synthetic,-2.076515719571148,-1.198329681137286,0.5937505349345118,-0.4394629910417597,-1.6863788313340304,-1.0844306120943012,0.5937505349345118,0.7717732004174698,33.33333333333333,0.3333333333333333,1.0,2.5304216150744083,0.6931471805599453,133.33333333333331,1.0,11.5588,24391.2,12.0
2001000616,Dr. Richard Moore,Oncology,Seattle,WA,Fentora,REP-S651,Silas Dubois,TERR-S11,3,4.0,4,2,0,-0.45032944717580553,-0.4314417260617591,-0.31950924887269794,0.9899,0.009124895468884286,12.5412,synthetic,-1.1244163254332475,-0.752669882367221,-1.328576142997881,-0.2679371942145273,-0.77509632596926,-0.796712767194199,-1.328576142997881,0.8291547528657148,50.0,0.6666666666666666,0.0,2.5966119943806336,1.0986122886681098,200.0,0.0,12.4182,21938.52,17.0
2001000617,Dr. Deborah Nelson,Anesthesiology,Detroit,MI,Subsys,REP-S738,Summer Santos,TERR-S14,3,10.0,3,2,0,5.147115855316302,1.5525192618022454,1.8244368026915652,2.5988,0.024652177436353284,24.7815,synthetic,-0.1723169312953478,-0.752669882367221,-1.328576142997881,1.3604809030604026,-0.77509632596926,1.217312147106516,-1.328576142997881,1.6209996770389024,66.66666666666666,0.6666666666666666,0.0,3.2250050030212827,1.0986122886681098,666.6666666666665,0.0,24.1537,50798.22,49.0
2001000618,Dr. Jessica Martin,Oncology,Chicago,IL,Lazanda,REP-S736,Sasha Santos,TERR-S12,1,8.0,11,8,8,-0.6252496128786839,0.7654435367629676,1.755894446933336,12.1585,0.10944184298389414,21.8687,synthetic,0.1739010302093441,1.9212889102531692,0.5937505349345118,0.8300790082421696,1.6940339119276273,0.8511257990518414,0.5937505349345118,1.3018681750475678,72.72727272727273,2.6666666666666665,1.0,3.0203273204093715,2.1972245773362196,581.8181818181819,1.0,19.498,49875.57,16.0
2001000620,Dr. Amanda Adams,Pain Management,Charlotte,NC,Subsys,REP-S523,Sean Patel,TERR-S09,3,9.0,2,1,1,-1.4998504413930756,1.0112683991423337,0.823676807018184,3.3595,0.03156191058462454,21.656,synthetic,-1.1244163254332475,-1.198329681137286,0.5937505349345118,1.0076819175930545,-1.6863788313340304,0.2822291511811844,0.5937505349345118,1.415028809857766,50.0,0.3333333333333333,1.0,3.088862806926685,0.6931471805599453,450.0,1.0,20.9521,37326.97,11.0
2001000622,Dr. Deborah Perez,Internal Medicine,Las Vegas,NV,Fentora,REP-S770,Sadie Muller,TERR-S04,3,3.0,2,1,1,0.24935121563570783,-0.6652973977001451,-0.15632175998370515,0.8569,0.007821495492016606,11.1294,synthetic,-1.1244163254332475,-1.198329681137286,0.5937505349345118,-0.5498847862660711,-1.6863788313340304,-1.0125011508692756,0.5937505349345118,0.7303582814544738,50.0,0.3333333333333333,1.0,2.4878107621020518,0.6931471805599453,150.0,1.0,11.0349,24135.19,21.0
2001000623,Dr. Laura Brown,Oncology,Columbus,OH,Subsys,REP-S730,Sadie Santos,TERR-S06,2,1.0,8,6,7,-0.9750899442844405,-1.2557267573452422,-1.1557505043535719,7.8243,0.0667974809235159,8.1325,synthetic,0.30373276577360286,1.0299693127130392,0.9141383145899108,-1.4381360075965357,1.1292049358741694,-1.3361837263818908,0.9141383145899108,0.5036009089895771,75.0,2.0,1.1666666666666667,2.1450419987637845,1.9459101490553132,75.0,1.1666666666666667,7.5424,10681.86,14.0
2001000624,Dr. Susan Flores,Family Practice,Philadelphia,PA,Fentora,REP-S801,Samuel Vargas,TERR-S07,3,2.0,2,1,2,-0.9750899442844405,-0.8438378262530978,-0.16589235738503016,3.016,0.02703850948020614,10.2797,synthetic,-1.1244163254332475,-1.198329681137286,2.5160772128669047,-0.7878910051636432,-1.6863788313340304,-1.2282895345443523,2.5160772128669047,0.6986652782009903,50.0,0.3333333333333333,2.0,2.395966140491353,0.6931471805599453,100.0,2.0,9.9788,24006.36,14.0
2001000626,Dr. Lisa Wilson,Emergency Medicine,Boston,MA,Actiq,REP-S636,Sasha Novak,TERR-S10,3,2.0,4,3,1,-0.10048911577004885,-0.9828359707055527,-0.4123476838058352,3.0872,0.027453789923437277,9.4393,synthetic,0.30373276577360286,-0.3070100835971559,-0.6878005836870834,-0.9896118568909116,-0.12853109880191332,-1.0125011508692756,-0.6878005836870834,0.6265926637388097,75.0,1.0,0.3333333333333333,2.3181237404746873,1.3862943611198906,150.0,0.3333333333333333,9.1566,20688.82,19.0
2001000627,Dr. Donna Thomas,Oncology,Columbus,OH,Actiq,REP-S515,Stephen Brooks,TERR-S01,1,10.0,12,5,4,-1.3249302756901973,1.4479917104583473,-0.261306377289866,7.4044,0.06861511457039082,25.278,synthetic,-1.6004660225021974,0.5843095139429743,0.20928519934803333,1.2959860431461672,0.7827514065628568,0.1383702287311336,0.20928519934803333,1.5714426221671212,41.66666666666667,1.6666666666666667,0.8,3.2001169726492393,1.791759469228055,416.66666666666674,0.8,23.5354,22721.99,12.0
2001000628,Dr. Michael Nelson,Orthopedics,Miami,FL,Fentora,REP-S757,Stanley Tanaka,TERR-S05,3,4.0,5,4,1,0.24935121563570783,-0.468312919573168,-0.9107794637053236,2.6361,0.02407139703401695,12.5217,synthetic,0.589362584014973,0.13864971517290903,-0.8479944735147827,-0.31040400436062626,0.37298385385674826,-0.278820646374015,-0.8479944735147827,0.7966002787926275,80.0,1.3333333333333333,0.25,2.580224405321205,1.6094379124341003,320.0,0.25,12.2001,13979.42,21.0
2001000629,Dr. Lisa White,Neurology,Las Vegas,NV,Subsys,REP-S839,Solomon Alvarez,TERR-S03,3,10.0,3,2,1,-0.2754092814729272,1.6528373096228324,1.320272916174936,3.5666,0.03370889006267852,25.6298,synthetic,-0.1723169312953478,-0.752669882367221,-0.3674128040316846,1.4209045843689925,-0.77509632596926,1.217312147106516,-0.3674128040316846,1.6937709451412326,66.66666666666666,0.6666666666666666,0.5,3.2483219994082604,1.0986122886681098,666.6666666666665,0.5,24.7471,44011.66,18.0
2001000631,Dr. Charles Johnson,Palliative Care,Denver,CO,Subsys,REP-S762,Sophia Muller,TERR-S10,3,6.0,3,2,3,-0.10048911577004885,0.013311762658160864,0.586689559762161,3.4802,0.032110220906817144,15.5727,synthetic,-0.1723169312953478,-0.752669882367221,1.5549138739007082,0.19601306290806939,-0.77509632596926,0.06644076750610747,1.5549138739007082,0.960120471281188,66.66666666666666,0.6666666666666666,1.5,2.775646542339019,1.0986122886681098,399.99999999999994,1.5,15.049,34136.88,19.0
2001000632,Dr. Susan Rodriguez,Pain Management,Seattle,WA,Actiq,REP-S671,Silas Kowalski,TERR-S03,2,10.0,8,5,1,-0.9750899442844405,1.85404819690976,1.792226018501232,6.5291,0.06097111819462597,27.6308,synthetic,-0.41034177982982234,0.5843095139429743,-0.9441108074114024,1.538009837518765,0.7827514065628568,1.0374884940439528,-0.9441108074114024,1.7517111291910514,62.5,1.6666666666666667,0.2,3.2935119432424367,1.791759469228055,625.0,0.2,25.9373,50364.63,14.0
2001000633,Dr. Thomas Lopez,Palliative Care,Denver,CO,Fentora,REP-S848,Serena Kim,TERR-S12,1,9.0,13,7,4,4.622355358207666,1.013871867184863,-0.32827455809712064,6.7975,0.0628641943211119,22.3928,synthetic,-0.9047010806321937,1.4756291114831046,-0.2301037556079423,1.0094992188789702,1.4293166337302035,0.4316211091100838,-0.2301037556079423,1.3377185182795077,53.84615384615385,2.3333333333333335,0.5714285714285714,3.0895640883878612,2.0794415416798357,484.61538461538464,0.5714285714285714,20.9675,21820.53,46.0
2001000634,Dr. Nancy Brown,Family Practice,Austin,TX,Subsys,REP-S698,Summer Larsson,TERR-S02,3,4.0,2,1,1,-0.10048911577004885,-0.4641541329597767,-0.8353148983231289,1.4777,0.013563857969513204,12.4053,synthetic,-1.1244163254332475,-1.198329681137286,0.5937505349345118,-0.30557910682378764,-1.6863788313340304,-0.796712767194199,0.5937505349345118,0.8559118758191012,50.0,0.3333333333333333,1.0,2.5820862931770514,0.6931471805599453,200.0,1.0,12.2247,14995.25,19.0
2001000635,Dr. Jessica Thomas,Pain Management,Chicago,IL,Subsys,REP-S510,Sadie Brooks,TERR-S10,3,1.0,4,3,4,1.4737923755558562,-1.2212899755099647,-1.0198878399321365,5.6445,0.048778730436489504,8.1833,synthetic,0.30373276577360286,-0.3070100835971559,1.2345260942453093,-1.3770673484858202,-0.12853109880191332,-1.3361837263818908,1.2345260942453093,0.5231434874804549,75.0,1.0,1.3333333333333333,2.168607886723671,1.3862943611198906,75.0,1.3333333333333333,7.7461,12510.71,28.0
2001000636,Dr. Sharon Martinez,Palliative Care,Boston,MA,Fentora,REP-S849,Seth Kim,TERR-S13,3,8.0,4,4,5,-0.9750899442844405,0.7224017858780308,1.0836415112037252,6.8796,0.06334946421236731,20.5673,synthetic,1.7318818569804533,0.13864971517290903,1.07433220441761,0.7976903709883081,0.37298385385674826,1.7927478369067211,1.07433220441761,1.2277215945944857,100.0,1.3333333333333333,1.25,3.007828814501224,1.6094379124341003,800.0,1.25,19.2434,40826.36,14.0
2001000637,Dr. Deborah Lopez,Palliative Care,Houston,TX,Subsys,REP-S755,Stephen Tanaka,TERR-S03,3,9.0,3,2,1,1.823632706961613,1.3320021374726634,2.1262735205329544,2.8054,0.026522253988158884,23.4903,synthetic,-0.1723169312953478,-0.752669882367221,-0.3674128040316846,1.2224884615235097,-0.77509632596926,0.9295943022064139,-0.3674128040316846,1.4577766419327032,66.66666666666666,0.6666666666666666,0.5,3.1717548667988056,1.0986122886681098,599.9999999999999,0.5,22.8493,54861.25,30.0
2001000638,Dr. Lisa Hernandez,Pain Management,Charlotte,NC,Subsys,REP-S632,Sienna Novak,TERR-S06,1,6.0,9,7,6,-1.1500101099873188,0.09865141641588332,-0.8592655356140334,11.0256,0.09857353024142768,17.2687,synthetic,0.46241599812992007,1.4756291114831046,0.319132438087027,0.2762665156946666,1.4293166337302035,0.35415861240621027,0.319132438087027,1.0504472154469346,77.77777777777779,2.3333333333333335,0.8571428571428571,2.8066156827181166,2.0794415416798357,466.66666666666674,0.8571428571428571,15.5538,14672.85,13.0
2001000639,Dr. Amanda Taylor,Pain Management,Boston,MA,Subsys,REP-S727,Scott Santos,TERR-S03,2,5.0,6,5,4,-1.1500101099873188,-0.32152127662976426,-0.6758373809797557,9.7066,0.08633054193605716,14.3369,synthetic,0.7797824628425536,0.5843095139429743,0.20928519934803333,-0.14531430650119265,0.7827514065628568,0.1383702287311336,0.20928519934803333,0.8825923176552817,83.33333333333334,1.6666666666666667,0.8,2.6439311475313723,1.791759469228055,416.66666666666674,0.8,13.0684,17141.98,13.0
2001000640,Dr. Carol Rodriguez,Pain Management,Las Vegas,NV,Subsys,REP-S618,Summer O'Connor,TERR-S06,1,9.0,11,6,3,1.823632706961613,0.9882767333122019,0.8697899555466675,9.1365,0.0835818080021209,22.7179,synthetic,-0.8647528543047296,1.0299693127130392,-0.3674128040316846,0.9915774566980837,1.1292049358741694,0.4587832832789743,-0.3674128040316846,1.4058438633301786,54.54545454545454,2.0,0.5,3.0826482293244943,1.9459101490553132,490.9090909090909,0.5,20.8161,37947.7,30.0
2001000641,Dr. Barbara Ramirez,Family Practice,Baltimore,MD,Subsys,REP-S847,Scott Kim,TERR-S11,3,3.0,5,3,0,-0.45032944717580553,-0.6635223058529657,-0.9904866497316982,1.2357,0.011260190298346906,11.1818,synthetic,-0.5531566889505074,-0.3070100835971559,-1.328576142997881,-0.5476248717864409,-0.12853109880191332,-0.8830281206642296,-1.328576142997881,0.7733432340402874,60.0,1.0,0.0,2.488682844315767,1.3862943611198906,180.0,0.0,11.0454,12906.48,17.0
2001000642,Dr. Sandra Young,Oncology,Los Angeles,CA,Fentora,REP-S528,Serena Patel,TERR-S14,3,10.0,2,1,1,-0.2754092814729272,1.3981707992808499,1.7052430092233961,2.7292,0.025830244372712308,23.875,synthetic,-1.1244163254332475,-1.198329681137286,0.5937505349345118,1.264671727893886,-1.6863788313340304,0.4980175348562611,0.5937505349345118,1.551765703960817,50.0,0.3333333333333333,1.0,3.188033038671944,0.6931471805599453,500.0,1.0,23.2407,49193.75,18.0
2001000643,Dr. Barbara Miller,Internal Medicine,Miami,FL,Subsys,REP-S539,Solomon Patel,TERR-S11,3,8.0,4,3,2,-0.6252496128786839,0.7962456067206871,1.3767456067946622,3.5836,0.0335364015066415,20.3855,synthetic,0.30373276577360286,-0.3070100835971559,-0.04702502437628586,0.853011350748497,-0.12853109880191332,0.9295943022064145,-0.04702502437628586,1.302557979744296,75.0,1.0,0.6666666666666666,3.029176720773347,1.3862943611198906,600.0,0.6666666666666666,19.6802,44771.84,16.0
2001000644,Dr. Kathleen Adams,Family Practice,Columbus,OH,Fentora,REP-S821,Samuel Alvarez,TERR-S13,3,10.0,4,1,1,-0.6252496128786839,1.8458827744127353,1.409203029061316,2.9594,0.0280964943424431,26.6552,synthetic,-2.552565416640098,-1.198329681137286,0.5937505349345118,1.533359148597455,-1.6863788313340304,-0.5809243835191223,0.5937505349345118,1.8126172873837976,25.0,0.3333333333333333,1.0,3.291717281043334,0.6931471805599453,250.0,1.0,25.889,45208.75,16.0
2001000645,Dr. James Lee,Anesthesiology,Philadelphia,PA,Lazanda,REP-S710,Sadie Rossi,TERR-S14,3,3.0,4,2,3,0.0744310499328295,-0.6587718219571815,0.156329146041422,4.1435,0.03729634330054221,11.5323,synthetic,-1.1244163254332475,-0.752669882367221,1.5549138739007082,-0.5415865870156326,-0.77509632596926,-1.0125011508692756,1.5549138739007082,0.7431631561081857,50.0,0.6666666666666666,1.5,2.4910129682197613,1.0986122886681098,150.0,1.5,11.0735,28343.79,20.0
2001000646,Dr. Deborah Perez,Pain Management,Miami,FL,Abstral,REP-S684,Sarah Larsson,TERR-S02,2,8.0,7,4,3,-0.2754092814729272,0.4596712868588622,0.31419608703099,5.6094,0.051727940649180404,18.6815,synthetic,-0.7163737279455763,0.13864971517290903,0.11316886545141361,0.5906953789665728,0.37298385385674826,0.31305606313476664,0.11316886545141361,1.1946711368415088,57.14285714285714,1.3333333333333333,0.75,2.9279511675825627,1.6094379124341003,457.1428571428571,0.75,17.6893,30468.84,18.0
2001000647,Dr. John Perez,Pain Management,Detroit,MI,Subsys,REP-S523,Sean Patel,TERR-S09,3,9.0,5,4,4,-0.10048911577004885,1.0635575332692417,0.537029874557909,4.5197,0.04225878695380647,22.2223,synthetic,0.589362584014973,0.13864971517290903,0.5937505349345118,1.0439393194830076,0.37298385385674826,1.4474864230265985,0.5937505349345118,1.4359178095708736,80.0,1.3333333333333333,1.0,3.102854236951473,1.6094379124341003,720.0,1.0,21.2614,33468.41,19.0
2001000648,Dr. Melissa Hernandez,Orthopedics,Phoenix,AZ,Subsys,REP-S540,Sloan Patel,TERR-S12,3,10.0,5,4,5,1.1239520441500994,1.4442386591243115,-0.053961758110197905,5.7726,0.05389157544395706,24.8705,synthetic,0.589362584014973,0.13864971517290903,1.07433220441761,1.2936402432663912,0.37298385385674826,1.7927478369067211,1.07433220441761,1.535284274334375,80.0,1.3333333333333333,1.25,3.1992117479734707,1.6094379124341003,800.0,1.25,23.5132,25513.06,26.0
2001000649,Dr. Joseph Lee,Pain Management,Charlotte,NC,Actiq,REP-S516,Sasha Brooks,TERR-S02,2,9.0,6,5,2,0.42427138133858616,1.3334053053137673,2.1479130401870106,6.864,0.06369304528692066,24.4266,synthetic,0.7797824628425536,0.5843095139429743,-0.5596454718249239,1.2233901602808217,0.7827514065628568,1.576959453231645,-0.5596454718249239,1.5437193658012738,83.33333333333334,1.6666666666666667,0.4,3.172102824854506,1.791759469228055,750.0000000000001,0.4,22.8576,55152.54,22.0
2001000650,Dr. Patricia Nguyen,Oncology,Atlanta,GA,Abstral,REP-S638,Summer Novak,TERR-S12,1,10.0,11,9,6,1.9985528726644912,1.4166993770380734,-0.42112042188797827,8.54,0.07871155890059445,25.3444,synthetic,0.6932279724663808,2.3669487090232346,-0.04702502437628586,1.2763618763146305,1.930831586388866,1.871216340061295,-0.04702502437628586,1.5590836212849124,81.81818181818183,3.0,0.6666666666666666,3.192544169781246,2.302585092994046,818.1818181818182,0.6666666666666666,23.3503,20570.73,31.0
2001000652,Dr. Betty Thompson,Oncology,Columbus,OH,Lazanda,REP-S762,Sophia Muller,TERR-S10,2,10.0,5,4,0,1.1239520441500994,1.851292578137472,2.5937589078261403,-0.9098,-0.008797546584002003,25.6852,synthetic,0.589362584014973,0.13864971517290903,-1.328576142997881,1.536441283253822,0.37298385385674826,1.7927478369067211,-1.328576142997881,1.7307275087397684,80.0,1.3333333333333333,0.0,3.2929066511891163,1.6094379124341003,800.0,0.0,25.921,61154.08,26.0
2001000653,Dr. Michelle Baker,Internal Medicine,Houston,TX,Actiq,REP-S797,Stanley Gomez,TERR-S03,3,9.0,4,4,4,0.7741117127443429,1.0438286553105927,0.9166244461598124,6.9217,0.06400015490934896,22.6083,synthetic,1.7318818569804533,0.13864971517290903,0.5937505349345118,1.030318796147088,0.37298385385674826,2.224324604256875,0.5937505349345118,1.3994876939410787,100.0,1.3333333333333333,1.0,3.0975981902073095,1.6094379124341003,900.0,1.0,21.1447,38578.14,24.0
2001000654,Dr. Amanda Perez,Oncology,Baltimore,MD,Fentora,REP-S826,Stella Alvarez,TERR-S04,2,7.0,9,5,2,0.9490318784472211,0.28481628709338686,0.08987578507419833,6.1469,0.056370161528186635,17.6788,synthetic,-0.807049860720614,0.5843095139429743,-0.5596454718249239,0.44316139483522243,0.7827514065628568,0.01848779335609079,-0.5596454718249239,1.1120430021241792,55.55555555555556,1.6666666666666667,0.4,2.8710190293803497,1.791759469228055,388.8888888888889,0.4,16.655,27449.26,25.0
2001000655,Dr. Donna Gonzalez,Neurology,Charlotte,NC,Subsys,REP-S525,Simon Patel,TERR-S11,3,8.0,3,2,2,-0.45032944717580553,0.8247823213686737,0.8276987905880647,0.9455,0.008957792389219676,20.0366,synthetic,-0.1723169312953478,-0.752669882367221,0.5937505349345118,0.8740775331497025,-0.77509632596926,0.6418764573063119,0.5937505349345118,1.3585292616148288,66.66666666666666,0.6666666666666666,1.0,3.0373059854639193,1.0986122886681098,533.3333333333333,1.0,19.849,37381.11,17.0
2001000656,Dr. Donna Jones,Internal Medicine,Houston,TX,Abstral,REP-S558,Summer Chen,TERR-S02,3,10.0,4,3,1,1.4737923755558562,2.887050218148243,1.2092389800269683,3.4341,0.03275790364118514,33.1482,synthetic,0.30373276577360286,-0.3070100835971559,-0.6878005836870834,2.0677958768689613,-0.12853109880191332,1.5769594532316444,-0.6878005836870834,2.121116013427266,75.0,1.0,0.3333333333333333,3.4979519723481047,1.3862943611198906,750.0,0.3333333333333333,32.0477,42517.03,28.0
2001000657,Dr. Karen Martinez,Oncology,Nashville,TN,Subsys,REP-S827,Scott Alvarez,TERR-S05,3,4.0,4,2,0,-0.45032944717580553,-0.4939418647191084,-0.912170888756374,2.1182,0.01937652407130086,12.3038,synthetic,-1.1244163254332475,-0.752669882367221,-1.328576142997881,-0.34033784600863426,-0.77509632596926,-0.796712767194199,-1.328576142997881,0.8044701357606228,50.0,0.6666666666666666,0.0,2.568673184633568,1.0986122886681098,200.0,0.0,12.0485,13960.69,17.0
2001000660,Dr. Richard Martin,Pain Management,Baltimore,MD,Subsys,REP-S747,Scott Tanaka,TERR-S09,2,6.0,6,4,1,-1.4998504413930756,-0.021919584099187102,0.1843909131948533,6.1428,0.05595332847310841,15.7522,synthetic,-0.1723169312953478,0.13864971517290903,-0.8479944735147827,0.1621427353468196,0.37298385385674826,0.06644076750610747,-0.8479944735147827,1.0022802752743238,66.66666666666666,1.3333333333333333,0.25,2.7625762644567753,1.6094379124341003,399.99999999999994,0.25,14.8406,28721.53,11.0
2001000661,Dr. Elizabeth White,Palliative Care,Portland,OR,Subsys,REP-S823,Sean Alvarez,TERR-S01,2,6.0,7,5,0,1.4737923755558562,0.08889686407471728,0.1509432241940567,4.6948,0.04315654705131333,16.2236,synthetic,0.09971146702976721,0.5843095139429743,-1.328576142997881,0.26721813892711616,0.7827514065628568,0.18974841532043718,-1.328576142997881,0.9886452810831563,71.42857142857143,1.6666666666666667,0.0,2.8031239893318847,1.791759469228055,428.57142857142856,0.0,15.4961,28271.29,28.0
2001000662,Dr. Rebecca Young,Orthopedics,Seattle,WA,Abstral,REP-S660,Sloan Dubois,TERR-S06,3,5.0,5,4,4,-1.1500101099873188,-0.2989691573522679,-0.47244639987893955,6.2945,0.056865763355651744,14.0328,synthetic,0.589362584014973,0.13864971517290903,0.5937505349345118,-0.12085778179606918,0.37298385385674826,0.06644076750610772,0.5937505349345118,0.8620058491786551,80.0,1.3333333333333333,1.0,2.653368717137154,1.6094379124341003,400.0,1.0,13.2018,19879.83,13.0
2001000663,Dr. Robert Mitchell,Family Practice,Las Vegas,NV,Abstral,REP-S834,Selena Alvarez,TERR-S12,3,9.0,2,2,3,0.42427138133858616,0.9221418827772955,1.0618229560786054,3.4663,0.03250687411003694,21.1328,synthetic,1.7318818569804533,-0.752669882367221,1.5549138739007082,0.944687531753416,-0.77509632596926,2.224324604256875,1.5549138739007082,1.4300485469923647,100.0,0.6666666666666666,1.5,3.0645537970283767,1.0986122886681098,900.0,1.5,20.4249,40532.66,22.0
2001000664,Dr. Lisa Thompson,Pain Management,Columbus,OH,Fentora,REP-S824,Sarah Alvarez,TERR-S02,2,10.0,6,5,1,-0.9750899442844405,1.8521547656061024,0.5177044440837897,4.9551,0.046605262169187256,27.2107,synthetic,0.7797824628425536,0.5843095139429743,-0.9441108074114024,1.5369321599669499,0.7827514065628568,1.936606759356773,-0.9441108074114024,1.7509547218299562,83.33333333333334,1.6666666666666667,0.2,3.2930960764326396,1.791759469228055,833.3333333333335,0.2,25.9261,33208.27,14.0
2001000665,Dr. Patricia Campbell,Anesthesiology,Miami,FL,Abstral,REP-S701,Samuel Rossi,TERR-S05,3,7.0,5,4,2,-1.3249302756901973,0.3426166587648709,0.4243296456232322,5.655,0.05202648518885722,17.958,synthetic,0.589362584014973,0.13864971517290903,-0.3674128040316846,0.4928657342872673,0.37298385385674826,0.7569635952663532,-0.3674128040316846,1.1406935339373478,80.0,1.3333333333333333,0.5,2.8901995208419926,1.6094379124341003,560.0,0.5,16.9969,31951.35,12.0
2001000666,Dr. Rebecca Thomas,Oncology,Las Vegas,NV,Subsys,REP-S580,Sloan Kapoor,TERR-S10,3,1.0,3,2,0,-0.2754092814729272,-1.7840279023390657,-1.3485070756274866,1.6965,0.013749322906108086,4.4924,synthetic,-0.1723169312953478,-0.752669882367221,-1.328576142997881,-2.6183272818310837,-0.77509632596926,-1.3721484569944034,-1.328576142997881,0.2949467882067456,66.66666666666666,0.6666666666666666,0.0,1.6896159955593515,1.0986122886681098,66.66666666666666,0.0,4.4174,8087.16,18.0
2001000667,Dr. Patricia Johnson,Oncology,Detroit,MI,Subsys,REP-S527,Scott Patel,TERR-S13,3,1.0,5,2,3,1.823632706961613,-1.485389831096957,-1.2612454841851315,2.6776,0.02278987261871457,6.3495,synthetic,-1.6956759619159878,-0.752669882367221,1.5549138739007082,-1.8869655444384694,-0.77509632596926,-1.4872355949544445,1.5549138739007082,0.4128947896028647,40.0,0.6666666666666666,1.5,1.9718424110811907,1.0986122886681098,40.0,1.5,6.1839,9261.79,30.0
2001000668,Dr. James Scott,Oncology,Philadelphia,PA,Actiq,REP-S664,Sarah Kowalski,TERR-S10,3,8.0,2,2,2,-0.6252496128786839,0.5785517237099521,0.3277923824310563,2.9243,0.027359810886269376,18.9304,synthetic,1.7318818569804533,-0.752669882367221,0.5937505349345118,0.6864093498305983,-0.77509632596926,1.7927478369067211,0.5937505349345118,1.2280546932794332,100.0,0.6666666666666666,1.0,2.9648863933828897,1.0986122886681098,800.0,1.0,18.3925,30651.86,16.0
2001000669,Dr. Sharon Moore,Oncology,Houston,TX,Fentora,REP-S661,Samuel Kowalski,TERR-S07,2,9.0,5,3,1,-0.9750899442844405,1.2979879965533812,-0.4579757279251702,8.3063,0.07654403871015569,24.5293,synthetic,-0.5531566889505074,-0.3070100835971559,-0.6878005836870834,1.20053387267444,-0.12853109880191332,0.6706482417963224,-0.6878005836870834,1.512198205728527,60.0,1.0,0.3333333333333333,3.1632827734442657,1.3862943611198906,540.0,0.3333333333333333,22.6481,20074.62,14.0
2001000670,Dr. Mary Walker,Pain Management,Chicago,IL,Abstral,REP-S538,Summer Patel,TERR-S10,3,7.0,2,1,0,-0.8001697785815622,0.2998284924295312,0.06176424457403955,3.418,0.03174429535850587,17.3161,synthetic,-1.1244163254332475,-1.198329681137286,-1.328576142997881,0.45616278849557534,-1.6863788313340304,-0.14934761616896897,-1.328576142997881,1.1308154975633211,50.0,0.3333333333333333,0.0,2.8760361591287986,0.6931471805599453,350.0,0.0,16.7438,27070.85,15.0
2001000671,Dr. Kimberly Carter,Neurology,Denver,CO,Abstral,REP-S588,Serena Nakamura,TERR-S04,2,5.0,5,4,3,0.9490318784472211,-0.2718187049087456,-0.9412444663313381,5.1882,0.04714297645897236,14.0557,synthetic,0.589362584014973,0.13864971517290903,0.11316886545141361,-0.09171757540810961,0.37298385385674826,0.06644076750610772,0.11316886545141361,0.914565540097838,80.0,1.3333333333333333,0.75,2.664613680574482,1.6094379124341003,400.0,0.75,13.3624,13569.33,25.0
2001000672,Dr. Sarah Hernandez,Family Practice,Portland,OR,Lazanda,REP-S504,Sarah Brooks,TERR-S04,3,4.0,5,4,0,0.7741117127443429,-0.5426808151516588,-0.7995553487997112,2.6605,0.024218082804723373,12.073,synthetic,0.589362584014973,0.13864971517290903,-1.328576142997881,-0.39823552440439935,0.37298385385674826,-0.278820646374015,-1.328576142997881,0.8233899271154133,80.0,1.3333333333333333,0.0,2.5463309517749995,1.6094379124341003,320.0,0.0,11.7602,15476.61,24.0
2001000673,Dr. Elizabeth Sanchez,Neurology,Jacksonville,FL,Fentora,REP-S711,Silas Rossi,TERR-S01,2,1.0,8,7,1,-1.1500101099873188,-1.3129354317343334,-1.0269021673918362,3.9962,0.034490927772562685,7.4919,synthetic,1.017807311377028,1.4756291114831046,-1.0539580461503961,-1.5428808357191006,1.4293166337302035,-1.2822366304631216,-1.0539580461503961,0.4930648798767306,87.5,2.3333333333333335,0.14285714285714285,2.104621840210134,2.0794415416798357,87.5,0.14285714285714285,7.204,12416.29,13.0
2001000674,Dr. David White,Oncology,Philadelphia,PA,Actiq,REP-S684,Sarah Larsson,TERR-S02,2,7.0,5,2,2,-0.6252496128786839,0.28349764743548234,0.5011514633109629,2.7853,0.025936836392903118,17.1109,synthetic,-1.6956759619159878,-0.752669882367221,0.5937505349345118,0.44201625793311844,-0.77509632596926,-0.4514513533140763,0.5937505349345118,1.1115222014387052,40.0,0.6666666666666666,1.0,2.8705771305679852,1.0986122886681098,280.0,1.0,16.6472,32985.45,16.0
2001000675,Dr. Rebecca White,Family Practice,Miami,FL,Subsys,REP-S617,Stanley O'Connor,TERR-S05,3,9.0,2,2,1,-0.10048911577004885,1.042594543835887,0.9560783666276369,2.1781,0.020584070530311305,21.5978,synthetic,1.7318818569804533,-0.752669882367221,-0.3674128040316846,1.0294644001065483,-0.77509632596926,2.224324604256875,-0.3674128040316846,1.4799342056605616,100.0,0.6666666666666666,0.5,3.0972684858768407,1.0986122886681098,900.0,0.5,21.1374,39109.23,19.0
2001000676,Dr. William Ramirez,Oncology,Columbus,OH,Subsys,REP-S705,Simon Rossi,TERR-S09,2,5.0,7,5,4,-0.6252496128786839,-0.19704507405089958,-0.6524260787593597,8.3233,0.07474607932673205,14.9537,synthetic,0.09971146702976721,0.5843095139429743,0.20928519934803333,-0.01311775510278781,0.7827514065628568,-0.11852070421538648,0.20928519934803333,0.9217304131746415,71.42857142857143,1.6666666666666667,0.8,2.69494469792373,1.791759469228055,357.14285714285717,0.8,13.8047,17457.12,16.0
2001000677,Dr. Linda Martinez,Pain Management,Philadelphia,PA,Abstral,REP-S566,Stella Kapoor,TERR-S10,2,10.0,5,4,0,-0.6252496128786839,2.1043023360887543,0.11640275022257378,2.2017,0.021021371613711093,28.0213,synthetic,0.589362584014973,0.13864971517290903,-1.328576142997881,1.6766412979139456,0.37298385385674826,1.7927478369067211,-1.328576142997881,1.8516852199615446,80.0,1.3333333333333333,0.0,3.3470086715309253,1.6094379124341003,800.0,0.0,27.4176,27806.34,16.0
2001000678,Dr. Carol Young,Neurology,Las Vegas,NV,Subsys,REP-S541,Samuel Chen,TERR-S13,3,9.0,3,1,2,0.5991915470414645,1.2452931271471175,2.189169201537829,2.7519,0.025999878504308516,22.9511,synthetic,-2.076515719571148,-1.198329681137286,2.5160772128669047,1.1661501309833082,-1.6863788313340304,-0.3651359998440459,2.5160772128669047,1.5287749004551092,33.33333333333333,0.3333333333333333,2.0,3.1500143733167,0.6931471805599453,299.99999999999994,2.0,22.3364,55707.89,23.0
2001000679,Dr. Sharon Taylor,Anesthesiology,Chicago,IL,Actiq,REP-S841,Samuel Kim,TERR-S05,3,4.0,5,4,4,-0.8001697785815622,-0.41845819712239113,-0.9623149354840032,4.5533,0.04129909447285307,13.064,synthetic,0.589362584014973,0.13864971517290903,0.5937505349345118,-0.25314741702065485,0.37298385385674826,-0.278820646374015,0.5937505349345118,0.8385626618116928,80.0,1.3333333333333333,1.0,2.602319246469968,1.6094379124341003,320.0,1.0,12.495,13285.7,15.0
2001000680,Dr. Karen Lewis,Anesthesiology,Austin,TX,Abstral,REP-S746,Stella Tanaka,TERR-S08,3,8.0,2,2,1,-1.1500101099873188,0.7821632113997322,0.6068596513591012,3.1822,0.029827116550388943,20.2205,synthetic,1.7318818569804533,-0.752669882367221,-0.3674128040316846,0.8425520901262243,-0.77509632596926,1.7927478369067211,-0.3674128040316846,1.3151843639261755,100.0,0.6666666666666666,0.5,3.0251405790345727,1.0986122886681098,800.0,0.5,19.5969,34408.39,13.0
2001000681,Dr. Donna Baker,Oncology,Jacksonville,FL,Subsys,REP-S732,Sienna Santos,TERR-S08,3,4.0,3,2,3,-0.6252496128786839,-0.5367976536010074,-0.7757622032924815,2.8468,0.025898530305473955,12.1307,synthetic,-0.1723169312953478,-0.752669882367221,1.5549138739007082,-0.3911777983115949,-0.77509632596926,-0.5089949222940969,1.5549138739007082,0.7875441134827194,66.66666666666666,0.6666666666666666,1.5,2.549054469611752,1.0986122886681098,266.66666666666663,1.5,11.795,15796.89,16.0
2001000682,Dr. Laura Martin,Pain Management,Philadelphia,PA,Subsys,REP-S541,Samuel Chen,TERR-S13,3,10.0,5,5,4,0.0744310499328295,1.6506733881329378,2.8131100468536863,5.9,0.055156919074378585,26.1936,synthetic,1.7318818569804533,0.5843095139429743,0.20928519934803333,1.4196159663459729,0.7827514065628568,2.6559013716070283,0.20928519934803333,1.6704648742448223,100.0,1.6666666666666667,0.8,3.247824732423922,1.791759469228055,1000.0,0.8,24.7343,64106.77,20.0
2001000683,Dr. Karen Wright,Oncology,Denver,CO,Fentora,REP-S721,Samuel Santos,TERR-S11,3,9.0,3,2,2,0.0744310499328295,1.3203034369179203,-0.17337990308152612,4.2444,0.03985517307844466,23.747,synthetic,-0.1723169312953478,-0.752669882367221,0.5937505349345118,1.214958446186418,-0.77509632596926,0.9295943022064139,0.5937505349345118,1.521011755790394,66.66666666666666,0.6666666666666666,1.0,3.16884909646826,1.0986122886681098,599.9999999999999,1.0,22.7801,23905.57,20.0
2001000685,Dr. Emily Brown,Pain Management,Seattle,WA,Abstral,REP-S615,Stephen O'Connor,TERR-S03,3,3.0,4,3,2,0.9490318784472211,-0.7488619596106881,-0.9022734216153466,5.6409,0.05023906749937401,11.1352,synthetic,0.30373276577360286,-0.3070100835971559,-0.04702502437628586,-0.6585668610278843,-0.12853109880191332,-0.6888185753566607,-0.04702502437628586,0.7118738777109104,75.0,1.0,0.6666666666666666,2.4458712527959516,1.3862943611198906,225.0,0.6666666666666666,10.5406,14093.92,25.0
2001000686,Dr. Elizabeth Walker,Neurology,Portland,OR,Subsys,REP-S709,Seth Rossi,TERR-S13,3,8.0,4,3,2,1.9985528726644912,0.6467321562782753,1.6732647482797152,4.9768,0.046174841540742584,19.7313,synthetic,0.30373276577360286,-0.3070100835971559,-0.04702502437628586,0.7397491890507794,-0.12853109880191332,0.9295943022064145,-0.04702502437628586,1.2864448735684415,75.0,1.0,0.6666666666666666,2.985469793987482,1.3862943611198906,600.0,0.6666666666666666,18.7958,48763.29,31.0
2001000688,Dr. Ashley White,Pain Management,Seattle,WA,Lazanda,REP-S650,Sadie Dubois,TERR-S10,2,9.0,7,4,5,0.7741117127443429,0.9905251829852958,-0.08496981023558127,7.1337,0.06585211235844435,22.3153,synthetic,-0.7163737279455763,0.13864971517290903,1.07433220441761,0.993156800762889,0.37298385385674826,0.5596713587634256,1.07433220441761,1.4067420970714795,57.14285714285714,1.3333333333333333,1.25,3.083257685071899,1.6094379124341003,514.2857142857142,1.25,20.8294,25095.66,24.0
2001000691,Dr. Jessica Wilson,Neurology,Las Vegas,NV,Lazanda,REP-S743,Sean Tanaka,TERR-S05,3,7.0,2,1,2,0.42427138133858616,0.2261368223166327,0.5746919545435472,6.7168,0.06136151786641397,17.4032,synthetic,-1.1244163254332475,-1.198329681137286,2.5160772128669047,0.3917065816920059,-1.6863788313340304,-0.14934761616896897,2.5160772128669047,1.1161650131235057,50.0,0.3333333333333333,2.0,2.851163044670884,0.6931471805599453,350.0,2.0,16.3079,33975.38,22.0
2001000692,Dr. Jessica Taylor,Oncology,Detroit,MI,Lazanda,REP-S828,Serena Alvarez,TERR-S06,1,4.0,12,8,2,0.24935121563570783,-0.42650528016293693,-0.5620116801004229,4.9883,0.04513826056609682,13.0683,synthetic,-0.1723169312953478,1.9212889102531692,-0.8479944735147827,-0.26230404766839505,1.6940339119276273,-0.5089949222940969,-0.8479944735147827,0.8311044169703096,66.66666666666666,2.6666666666666665,0.25,2.5987857788111564,2.1972245773362196,266.66666666666663,0.25,12.4474,18674.19,21.0
2001000693,Dr. Joseph Green,Palliative Care,Miami,FL,Abstral,REP-S626,Stella Novak,TERR-S14,3,6.0,5,3,4,-0.9750899442844405,-0.11819718476286141,0.27191251465742594,6.5638,0.05953662438535945,15.2079,synthetic,-0.5531566889505074,-0.3070100835971559,1.2345260942453093,0.067260901226386,-0.12853109880191332,-0.10618993943395362,1.2345260942453093,0.9104907474052073,60.0,1.0,1.3333333333333333,2.72596215330924,1.3862943611198906,360.0,1.3333333333333333,14.2711,29899.66,14.0
2001000694,Dr. Kathleen Walker,Internal Medicine,Austin,TX,Subsys,REP-S793,Spencer Gomez,TERR-S13,3,10.0,3,2,0,0.42427138133858616,2.0451495134860855,1.753416922883548,3.9357,0.03725210327575068,28.133,synthetic,-0.1723169312953478,-0.752669882367221,-1.328576142997881,1.6445358576947495,-0.77509632596926,1.217312147106516,-1.328576142997881,1.7915086548065917,66.66666666666666,0.6666666666666666,0.0,3.334619449004576,1.0986122886681098,666.6666666666665,0.0,27.0677,49842.22,22.0
2001000695,Dr. Carol Johnson,Internal Medicine,Houston,TX,Subsys,REP-S516,Sasha Brooks,TERR-S02,3,3.0,3,3,3,0.9490318784472211,-0.6237095315662312,0.14857416146698804,3.3225,0.030062496636712233,11.6557,synthetic,1.7318818569804533,-0.3070100835971559,0.5937505349345118,-0.4974492235089969,-0.12853109880191332,-0.36513599984404566,0.5937505349345118,0.746640090735736,100.0,1.0,1.0,2.508045209935703,1.3862943611198906,300.0,1.0,11.2809,28239.4,25.0
2001000697,Dr. Sandra Walker,Pain Management,Phoenix,AZ,Actiq,REP-S779,Solomon Muller,TERR-S13,2,2.0,8,6,6,-0.8001697785815622,-0.9257794470462197,-0.29703695426817367,7.5478,0.06605548490678759,10.2107,synthetic,0.30373276577360286,1.0299693127130392,0.5937505349345118,-0.9049003821443128,1.1292049358741694,-1.0125011508692756,0.5937505349345118,0.6411970649085588,75.0,2.0,1.0,2.350813194473929,1.9459101490553132,150.0,1.0,9.4941,22241.02,15.0
2001000698,Dr. Ashley Flores,Pain Management,Baltimore,MD,Subsys,REP-S637,Stanley Novak,TERR-S11,3,4.0,4,3,0,0.7741117127443429,-0.4378996792581636,-0.785014102697597,2.0545,0.018827621812425033,12.6343,synthetic,0.30373276577360286,-0.3070100835971559,-1.328576142997881,-0.2753251213655494,-0.12853109880191332,-0.36513599984404566,-1.328576142997881,0.836100279496525,75.0,1.0,0.0,2.5937610547000824,1.3862943611198906,300.0,0.0,12.38,15672.35,24.0
2001000699,Dr. Jessica Jones,Pain Management,Boston,MA,Abstral,REP-S636,Sasha Novak,TERR-S10,3,7.0,2,1,1,1.1239520441500994,0.17543681803386532,0.060490195474973286,3.3452,0.03099968933786723,16.5435,synthetic,-1.1244163254332475,-1.198329681137286,0.5937505349345118,0.3464109103776959,-1.6863788313340304,-0.14934761616896897,0.5937505349345118,1.081122235394214,50.0,0.3333333333333333,1.0,2.833683821599592,0.6931471805599453,350.0,1.0,16.008,27053.7,26.0
2001000700,Dr. Ashley Adams,Pain Management,Denver,CO,Abstral,REP-S628,Serena Novak,TERR-S02,2,5.0,5,4,1,-0.6252496128786839,-0.17312359820557946,-0.3378280691256885,3.7119,0.034051188327618664,14.4639,synthetic,0.589362584014973,0.13864971517290903,-0.8479944735147827,0.01153265663878133,0.37298385385674826,0.06644076750610772,-0.8479944735147827,0.9418757445811338,80.0,1.3333333333333333,0.25,2.7044570869253244,1.6094379124341003,400.0,0.25,13.9462,21691.93,16.0
2001000701,Dr. Margaret Carter,Pain Management,Miami,FL,Subsys,REP-S718,Summer Rossi,TERR-S08,3,7.0,4,3,1,-0.2754092814729272,0.14211580821681508,0.7881861821442488,2.4079,0.022393406886773715,16.1916,synthetic,0.30373276577360286,-0.3070100835971559,-0.6878005836870834,0.31620467269719305,-0.12853109880191332,0.6059117266937994,-0.6878005836870834,1.0678108165663656,75.0,1.0,0.3333333333333333,2.822027485547119,1.3862943611198906,525.0,0.3333333333333333,15.8109,36849.23,18.0
2001000702,Dr. Kimberly Wilson,Pain Management,Denver,CO,Fentora,REP-S526,Stella Patel,TERR-S12,1,6.0,14,9,7,-0.9750899442844405,0.04834024177583137,-0.832737084694114,10.4143,0.09325458626701888,16.8451,synthetic,-0.3083311304579041,2.3669487090232346,0.16656682872731343,0.2292551163740568,1.930831586388866,0.004786943598943235,0.16656682872731343,1.0303483912806852,64.28571428571429,3.0,0.7777777777777778,2.7884743744699945,2.302585092994046,385.7142857142858,0.7777777777777778,15.2562,15029.95,14.0
2001000703,Dr. Rebecca Young,Pain Management,Denver,CO,Subsys,REP-S742,Sophia Tanaka,TERR-S04,1,5.0,14,12,5,-0.10048911577004885,-0.2454121004773743,-0.9936461429202283,9.9612,0.08869744530663137,14.8652,synthetic,0.9157966620051099,3.70392810533343,-0.527606693859384,-0.06368663882207704,2.5204950604117395,0.18974841532043718,-0.527606693859384,0.9129971921164557,85.71428571428571,4.0,0.4166666666666667,2.675430586015283,2.5649493574615367,428.57142857142856,0.4166666666666667,13.5186,12863.95,19.0
2001000704,Dr. William Davis,Pain Management,Nashville,TN,Actiq,REP-S536,Sasha Patel,TERR-S08,2,1.0,5,4,4,-0.10048911577004885,-1.3540499400423325,-0.7162154513480103,7.4396,0.06301584451580355,7.4786,synthetic,0.589362584014973,0.13864971517290903,0.5937505349345118,-1.6208621548614486,0.37298385385674826,-1.314604888014383,0.5937505349345118,0.47010717492079246,80.0,1.3333333333333333,1.0,2.074529497318815,1.6094379124341003,80.0,1.0,6.9608,16598.45,19.0
2001000705,Dr. Dorothy Hall,Neurology,Atlanta,GA,Abstral,REP-S756,Sasha Tanaka,TERR-S04,2,7.0,5,4,4,-0.2754092814729272,0.23073515548265905,0.3960368409946932,6.7978,0.06208709050203787,17.4455,synthetic,0.589362584014973,0.13864971517290903,0.5937505349345118,0.39577586634778056,0.37298385385674826,0.7569635952663532,0.5937505349345118,1.1180266684167661,80.0,1.3333333333333333,1.0,2.8527333477964367,1.6094379124341003,560.0,1.0,16.3351,31570.5,18.0
2001000706,Dr. Lisa Hernandez,Oncology,New York,NY,Actiq,REP-S573,Spencer Kapoor,TERR-S03,3,7.0,5,4,0,-0.6252496128786839,0.3455244282669167,0.9131833992636751,2.1548,0.020146416493125763,17.3807,synthetic,0.589362584014973,0.13864971517290903,-1.328576142997881,0.49534120543968013,0.37298385385674826,0.7569635952663532,-1.328576142997881,1.1360198644515758,80.0,1.3333333333333333,0.0,2.891154784584069,1.6094379124341003,560.0,0.0,17.0141,38531.82,16.0
2001000707,Dr. Sarah Johnson,Palliative Care,Miami,FL,Fentora,REP-S517,Stanley Brooks,TERR-S03,3,5.0,2,1,1,1.1239520441500994,-0.23464320993782006,-0.18351657944115374,2.4781,0.02282040103395433,13.9189,synthetic,-1.1244163254332475,-1.198329681137286,0.5937505349345118,-0.05234180139530251,-1.6863788313340304,-0.5809243835191223,0.5937505349345118,0.8665455696114347,50.0,0.3333333333333333,1.0,2.6798084644821705,0.6931471805599453,250.0,1.0,13.5823,23769.12,26.0
2001000709,Dr. Linda Green,Oncology,Jacksonville,FL,Actiq,REP-S672,Sienna Kowalski,TERR-S04,1,8.0,13,7,6,-0.6252496128786839,0.47958612682054924,0.7631732181993118,8.0939,0.0738413199702852,19.2484,synthetic,-0.9047010806321937,1.4756291114831046,0.319132438087027,0.606977902598559,1.4293166337302035,0.19923361899846262,0.319132438087027,1.188967934141427,53.84615384615385,2.3333333333333335,0.8571428571428571,2.934234458114944,2.0794415416798357,430.7692307692308,0.8571428571428571,17.8071,36512.53,16.0
2001000711,Dr. Nancy Clark,Palliative Care,Houston,TX,Abstral,REP-S829,Seth Alvarez,TERR-S07,2,8.0,7,4,5,-0.8001697785815622,0.7548267969531712,1.3817489424694218,8.9831,0.08198167082323193,21.1811,synthetic,-0.7163737279455763,0.13864971517290903,1.07433220441761,0.8221275119933833,0.37298385385674826,0.31305606313476664,1.07433220441761,1.239958361581776,57.14285714285714,1.3333333333333333,1.25,3.017258904098271,1.6094379124341003,457.1428571428571,1.25,19.4352,44839.19,15.0
2001000712,Dr. Richard Scott,Oncology,Los Angeles,CA,Abstral,REP-S711,Silas Rossi,TERR-S01,1,2.0,10,8,1,1.298872209852978,-1.0146861901349402,-0.5481821185679329,2.626,0.023350373562896376,9.2037,synthetic,0.589362584014973,1.9212889102531692,-1.088285308256332,-1.0381325040007705,1.6940339119276273,-0.9693434741342604,-1.088285308256332,0.5988006035214687,80.0,2.6666666666666665,0.125,2.299400026049271,2.1972245773362196,160.0,0.125,8.9682,18860.35,27.0
2001000713,Dr. Richard Young,Anesthesiology,Charlotte,NC,Abstral,REP-S802,Sophia Vargas,TERR-S08,3,5.0,3,2,2,-1.1500101099873188,-0.28818336117607424,0.15424089413618833,3.0831,0.028260248814098166,13.6745,synthetic,-0.1723169312953478,-0.752669882367221,0.5937505349345118,-0.10924227472671798,-0.77509632596926,-0.22127707739399485,0.5937505349345118,0.8902790593460738,66.66666666666666,0.6666666666666666,1.0,2.657851044769358,1.0986122886681098,333.33333333333326,1.0,13.2656,28315.68,13.0
2001000714,Dr. Amanda Sanchez,Pain Management,Denver,CO,Actiq,REP-S511,Silas Brooks,TERR-S11,3,7.0,5,4,4,-1.3249302756901973,0.2561443273522816,-0.8499274614593602,7.4694,0.06805526926139827,17.7168,synthetic,0.589362584014973,0.13864971517290903,0.5937505349345118,0.418147167603764,0.37298385385674826,0.7569635952663532,0.5937505349345118,1.1133640991609055,80.0,1.3333333333333333,1.0,2.8613662470051713,1.6094379124341003,560.0,1.0,16.4854,14798.55,12.0
2001000715,Dr. Barbara Hernandez,Internal Medicine,Columbus,OH,Abstral,REP-S561,Samuel Kapoor,TERR-S05,3,7.0,2,2,3,-0.45032944717580553,0.13969830217732326,1.0596715588827472,4.254,0.039228498581386884,16.4686,synthetic,1.7318818569804533,-0.752669882367221,1.5549138739007082,0.31399938919896375,-0.77509632596926,1.3611710695565677,1.5549138739007082,1.0455171889934425,100.0,0.6666666666666666,1.5,2.821176484975044,1.0986122886681098,700.0,1.5,15.7966,40503.7,17.0
2001000717,Dr. Laura Carter,Oncology,Los Angeles,CA,Lazanda,REP-S678,Summer Kowalski,TERR-S10,3,2.0,3,2,0,-0.9750899442844405,-1.0935847963328977,-0.32468567693234507,0.864,0.007695410268667047,8.5749,synthetic,-0.1723169312953478,-0.752669882367221,-1.328576142997881,-1.162391063169517,-0.77509632596926,-1.0844306120943012,-1.328576142997881,0.5676393625072775,66.66666666666666,0.6666666666666666,0.0,2.251449680879275,1.0986122886681098,133.33333333333331,0.0,8.5015,21868.84,14.0
2001000718,Dr. Charles Walker,Neurology,Detroit,MI,Subsys,REP-S735,Stephen Santos,TERR-S11,3,7.0,2,2,2,-0.45032944717580553,0.24953422342611928,-0.3915037948136452,3.3083,0.030710690508007232,16.9904,synthetic,1.7318818569804533,-0.752669882367221,0.5937505349345118,0.41234591483866045,-0.77509632596926,1.3611710695565677,0.5937505349345118,1.1256375532921536,100.0,0.6666666666666666,1.0,2.859127591782014,1.0986122886681098,700.0,1.0,16.4463,20969.4,17.0
2001000720,Dr. Michael Nguyen,Pain Management,Philadelphia,PA,Actiq,REP-S658,Summer Dubois,TERR-S04,1,3.0,12,10,1,-0.45032944717580553,-0.7856655305755377,-0.14598524735139579,6.5418,0.05793774937449614,10.9983,synthetic,0.7797824628425536,2.8126085077932994,-1.1363434752046417,-0.7079175717777975,2.145041139077878,-0.5809243835191222,-1.1363434752046417,0.6971712096296185,83.33333333333334,3.3333333333333335,0.1,2.4268272237111677,2.3978952727983707,250.00000000000003,0.1,10.3229,24274.33,17.0
2001000721,Dr. Robert Rodriguez,Family Practice,Jacksonville,FL,Abstral,REP-S634,Selena Novak,TERR-S08,3,5.0,3,3,3,-0.9750899442844405,-0.2666962970068854,0.49050070999707684,1.4621,0.013519268198539436,13.5886,synthetic,1.7318818569804533,-0.3070100835971559,0.5937505349345118,-0.08625632011877883,-0.12853109880191332,0.4980175348562611,0.5937505349345118,0.9376893485551773,100.0,1.0,1.0,2.666721133597732,1.3862943611198906,500.0,1.0,13.3927,32842.08,14.0
2001000722,Dr. Laura Rivera,Palliative Care,Baltimore,MD,Lazanda,REP-S766,Stella Muller,TERR-S14,3,10.0,4,4,4,-0.9750899442844405,1.526873411019665,1.9727383464802124,8.072,0.07463778937917676,25.9395,synthetic,1.7318818569804533,0.13864971517290903,0.5937505349345118,1.3448050501254887,0.37298385385674826,2.6559013716070283,0.5937505349345118,1.53131846313317,100.0,1.3333333333333333,1.0,3.2189558216683714,1.6094379124341003,1000.0,1.0,24.002,52794.51,14.0
2001000724,Dr. Lisa Smith,Pain Management,Boston,MA,Subsys,REP-S734,Selena Santos,TERR-S10,3,6.0,4,3,3,0.7741117127443429,-0.045638192304829774,0.6802924241547383,3.3135,0.030553341382541177,15.1874,synthetic,0.30373276577360286,-0.3070100835971559,0.5937505349345118,0.1390884839155706,-0.12853109880191332,0.2822291511811844,0.5937505349345118,0.9928049223491734,75.0,1.0,1.0,2.753679820451956,1.3862943611198906,450.0,1.0,14.7003,35396.87,24.0
2001000725,Dr. Nancy Clark,Neurology,Philadelphia,PA,Abstral,REP-S505,Simon Brooks,TERR-S05,3,6.0,5,3,3,-0.2754092814729272,-0.12080065280539122,-0.37728198959351267,6.9876,0.06325662130726473,15.2519,synthetic,-0.5531566889505074,-0.3070100835971559,0.5937505349345118,0.06464630850600027,-0.12853109880191332,-0.10618993943395362,0.5937505349345118,0.9757058589753898,60.0,1.0,1.0,2.7249532037104345,1.3862943611198906,360.0,1.0,14.2557,21160.84,18.0
2001000727,Dr. Michelle Nelson,Family Practice,Portland,OR,Fentora,REP-S782,Sophia Gomez,TERR-S02,3,4.0,3,2,2,0.5991915470414645,-0.4559210879161929,-0.45377545176999723,4.9811,0.04502548191861955,12.8847,synthetic,-0.1723169312953478,-0.752669882367221,0.5937505349345118,-0.2960537931348592,-0.77509632596926,-0.5089949222940969,0.5937505349345118,0.8593216043484222,66.66666666666666,0.6666666666666666,1.0,2.585762032557035,1.0986122886681098,266.66666666666663,1.0,12.2734,20131.16,23.0
2001000729,Dr. Sandra White,Internal Medicine,Chicago,IL,Fentora,REP-S663,Sean Kowalski,TERR-S09,3,8.0,3,1,0,1.1239520441500994,0.5288829632622133,-0.7847838081082613,4.2162,0.0391780190420814,18.8618,synthetic,-2.076515719571148,-1.198329681137286,-1.328576142997881,0.6468487064142671,-1.6863788313340304,-0.5089949222940969,-1.328576142997881,1.1978844782064255,33.33333333333333,0.3333333333333333,0.0,2.94962026990898,0.6931471805599453,266.66666666666663,0.0,18.0987,15675.45,26.0
2001000730,Dr. Nancy Nelson,Palliative Care,Baltimore,MD,Subsys,REP-S752,Sienna Tanaka,TERR-S14,3,4.0,3,2,0,-0.8001697785815622,-0.46011368580286405,-0.9671875232628817,2.3425,0.021423977174922282,12.5355,synthetic,-0.1723169312953478,-0.752669882367221,-1.328576142997881,-0.30090009105170007,-0.77509632596926,-0.5089949222940969,-1.328576142997881,0.7814560173124301,66.66666666666666,0.6666666666666666,0.0,2.5838918864724216,1.0986122886681098,266.66666666666663,0.0,12.2486,13220.11,15.0
2001000731,Dr. Stephanie Allen,Palliative Care,Detroit,MI,Subsys,REP-S592,Sienna Nakamura,TERR-S08,3,3.0,2,1,0,0.42427138133858616,-0.690723475206408,-0.16854594536279424,0.7373,0.006725617824768992,10.9647,synthetic,-1.1244163254332475,-1.198329681137286,-1.328576142997881,-0.58247354729818,-1.6863788313340304,-1.0125011508692756,-1.328576142997881,0.6944269565858258,50.0,0.3333333333333333,0.0,2.475235030091269,0.6931471805599453,150.0,0.0,10.8845,23970.64,22.0
2001000732,Dr. Barbara Williams,Family Practice,Nashville,TN,Abstral,REP-S564,Sarah Kapoor,TERR-S08,3,10.0,5,2,1,-0.45032944717580553,1.3620941706915117,0.7897566426663633,3.6621,0.03449569909164252,23.8706,synthetic,-1.6956759619159878,-0.752669882367221,-0.3674128040316846,1.241757643300998,-0.77509632596926,0.06644076750610772,-0.3674128040316846,1.6122554776844575,40.0,0.6666666666666666,0.5,3.179190683885009,1.0986122886681098,400.0,0.5,23.0273,36870.37,17.0
2001000733,Dr. William Martin,Palliative Care,Charlotte,NC,Fentora,REP-S784,Sarah Gomez,TERR-S04,2,6.0,6,5,0,-1.3249302756901973,-0.00459130654338984,0.6407359854503712,3.5689,0.03290292026566277,15.4764,synthetic,0.7797824628425536,0.5843095139429743,-1.328576142997881,0.17885693130222524,0.7827514065628568,0.4980175348562613,-1.328576142997881,0.9533640915942535,83.33333333333334,1.6666666666666667,0.0,2.769026133750787,1.791759469228055,500.00000000000006,0.0,14.9431,34864.4,12.0
2001000734,Dr. Charles Flores,Oncology,Baltimore,MD,Lazanda,REP-S746,Stella Tanaka,TERR-S08,3,3.0,4,2,2,0.7741117127443429,-0.817397410548447,-1.275419001830081,5.1403,0.04572696535959908,10.6562,synthetic,-1.1244163254332475,-0.752669882367221,0.5937505349345118,-0.751235327229879,-0.77509632596926,-1.0125011508692756,0.5937505349345118,0.6767203983866094,50.0,0.6666666666666666,1.0,2.410111261931054,1.0986122886681098,150.0,1.0,10.1352,9071.0,24.0
2001000735,Dr. Amanda Lewis,Internal Medicine,Denver,CO,Actiq,REP-S770,Sadie Muller,TERR-S04,3,10.0,5,3,0,-0.45032944717580553,2.2138339558780333,3.333795712940716,2.109,0.020159768892452856,28.6574,synthetic,-0.5531566889505074,-0.3070100835971559,-1.328576142997881,1.7350598463964897,-0.12853109880191332,0.9295943022064145,-1.328576142997881,1.8575492617205895,60.0,1.0,0.0,3.36955190382661,1.3862943611198906,600.0,0.0,28.0655,71115.73,17.0
2001000736,Dr. Karen Nelson,Anesthesiology,Portland,OR,Actiq,REP-S790,Sadie Gomez,TERR-S10,3,6.0,3,1,1,0.5991915470414645,-0.035410282137749466,0.6055752018592261,1.3645,0.012697582570760257,14.9622,synthetic,-2.076515719571148,-1.198329681137286,0.5937505349345118,0.14905507357909498,-1.6863788313340304,-0.7967127671941991,0.5937505349345118,0.9906247089611873,33.33333333333333,0.3333333333333333,1.0,2.7575258445627355,0.6931471805599453,199.99999999999997,1.0,14.7608,34391.1,23.0
2001000738,Dr. Sarah Rodriguez,Pain Management,Baltimore,MD,Actiq,REP-S684,Sarah Larsson,TERR-S02,2,6.0,9,7,3,-0.2754092814729272,-0.1288984527558563,-0.8674603085655213,7.2543,0.0655765118091649,15.2385,synthetic,0.46241599812992007,1.4756291114831046,-0.504721852455427,0.0564970021587109,1.4293166337302035,0.35415861240621027,-0.504721852455427,0.9595432593724336,77.77777777777779,2.3333333333333335,0.42857142857142855,2.721808454126481,2.0794415416798357,466.66666666666674,0.42857142857142855,14.2078,14562.54,18.0
2001000740,Dr. Barbara Anderson,Palliative Care,Miami,FL,Lazanda,REP-S557,Stanley Chen,TERR-S01,2,2.0,6,3,2,1.298872209852978,-1.119585665484914,-0.8127958019149655,4.228,0.037057415531005944,8.7006,synthetic,-1.1244163254332475,-0.3070100835971559,-0.04702502437628586,-1.2046810570801478,-0.12853109880191332,-1.2282895345443523,-0.04702502437628586,0.5325800822721758,50.0,1.0,0.6666666666666666,2.235130323735451,1.3862943611198906,100.0,0.6666666666666666,8.3477,15298.38,27.0
2001000741,Dr. Thomas Thompson,Neurology,Philadelphia,PA,Subsys,REP-S574,Selena Kapoor,TERR-S04,2,9.0,7,4,5,-0.2754092814729272,1.1862417383642878,0.8771556679765472,7.3107,0.06758965168766728,23.5945,synthetic,-0.7163737279455763,0.13864971517290903,1.07433220441761,1.1270687390788126,0.37298385385674826,0.5596713587634256,1.07433220441761,1.504867687442763,57.14285714285714,1.3333333333333333,1.25,3.134933189017761,1.6094379124341003,514.2857142857142,1.25,21.9871,38046.85,18.0
2001000742,Dr. Jennifer White,Pain Management,Denver,CO,Fentora,REP-S645,Simon Dubois,TERR-S05,3,9.0,2,2,0,0.0744310499328295,1.0117586626048873,-0.1570542453549466,1.9712,0.018640932700114465,21.3681,synthetic,1.7318818569804533,-0.752669882367221,-1.328576142997881,1.0080242340798768,-0.77509632596926,2.224324604256875,-1.328576142997881,1.415224665335192,100.0,0.6666666666666666,0.0,3.088994904013681,1.0986122886681098,900.0,0.0,20.955,24125.33,20.0
2001000744,Dr. Thomas Hernandez,Oncology,Chicago,IL,Abstral,REP-S534,Selena Patel,TERR-S06,2,10.0,9,4,3,-0.8001697785815622,1.4121179495086869,1.3637948791305081,5.7984,0.0541066024321073,24.6755,synthetic,-1.441782790145881,0.13864971517290903,0.11316886545141361,1.2734762417551566,0.37298385385674826,0.2582526641061759,0.11316886545141361,1.5572741727494837,44.44444444444444,1.3333333333333333,0.75,3.1914306273895843,1.6094379124341003,444.44444444444446,0.75,23.3232,44597.51,15.0
2001000745,Dr. Karen Green,Family Practice,Chicago,IL,Abstral,REP-S686,Stella Larsson,TERR-S04,3,2.0,2,1,2,-0.45032944717580553,-0.8735748411025102,-0.6904685162602882,1.0176,0.009186676296881746,9.9026,synthetic,-1.1244163254332475,-1.198329681137286,2.5160772128669047,-0.829746075851893,-1.6863788313340304,-1.2282895345443523,2.5160772128669047,0.6863496468189049,50.0,0.3333333333333333,2.0,2.3798146166040475,0.6931471805599453,100.0,2.0,9.8029,16945.03,17.0
2001000746,Dr. Melissa Jackson,Oncology,Las Vegas,NV,Abstral,REP-S674,Selena Kowalski,TERR-S06,2,8.0,9,5,0,0.24935121563570783,0.6987508002189472,-0.09488733529245398,4.675,0.043466590594019916,19.9966,synthetic,-0.807049860720614,0.5843095139429743,-1.328576142997881,0.7797193043550795,0.7827514065628568,0.2582526641061759,-1.328576142997881,1.2755276788399432,55.55555555555556,1.6666666666666667,0.0,3.0008939292595076,1.791759469228055,444.44444444444446,0.0,19.1035,24962.16,21.0
2001000747,Dr. Susan Hall,Neurology,Miami,FL,Subsys,REP-S551,Silas Chen,TERR-S09,3,1.0,3,2,0,1.9985528726644912,-1.5796218497272152,-1.3794995271516566,2.6561,0.022295437932953632,5.7759,synthetic,-0.1723169312953478,-0.752669882367221,-1.328576142997881,-2.096261707620673,-0.77509632596926,-1.3721484569944034,-1.328576142997881,0.38509571718856533,66.66666666666666,0.6666666666666666,0.0,1.8910767613385964,1.0986122886681098,66.66666666666666,0.0,5.6265,7669.97,31.0
2001000748,Dr. Mary Miller,Family Practice,Baltimore,MD,Abstral,REP-S773,Spencer Muller,TERR-S07,3,1.0,3,2,3,0.42427138133858616,-1.7787871549807266,-1.3161113128799133,4.1813,0.0335686768580139,4.6344,synthetic,-0.1723169312953478,-0.752669882367221,1.5549138739007082,-2.6035407699514814,-0.77509632596926,-1.3721484569944034,1.5549138739007082,0.3114545459924325,66.66666666666666,0.6666666666666666,1.5,1.6953219875910497,1.0986122886681098,66.66666666666666,1.5,4.4484,8523.24,22.0
2001000749,Dr. Susan Sanchez,Anesthesiology,Phoenix,AZ,Subsys,REP-S617,Stanley O'Connor,TERR-S05,3,4.0,2,1,0,-1.1500101099873188,-0.4967143891280361,0.013121569991724216,4.0546,0.036754525925238646,12.52,synthetic,-1.1244163254332475,-1.198329681137286,-1.328576142997881,-0.34359689506947166,-1.6863788313340304,-0.796712767194199,-1.328576142997881,0.8074965828879127,50.0,0.3333333333333333,0.0,2.567415544689579,0.6931471805599453,200.0,0.0,12.0321,26416.07,13.0
2001000750,Dr. Joseph Adams,Anesthesiology,Austin,TX,Abstral,REP-S542,Sophia Chen,TERR-S14,3,10.0,2,2,3,-0.45032944717580553,3.633535509615355,4.94857085712959,4.7098,0.04482249151229567,38.1807,synthetic,1.7318818569804533,-0.752669882367221,1.5549138739007082,2.39278296156649,-0.77509632596926,2.6559013716070283,1.5549138739007082,2.447119800435238,100.0,0.6666666666666666,1.5,3.6233617871027946,1.0986122886681098,1000.0,1.5,36.4633,92852.25,17.0
2001000751,Dr. William Hill,Anesthesiology,Boston,MA,Abstral,REP-S569,Seth Kapoor,TERR-S13,3,1.0,2,2,3,-0.10048911577004885,-1.6705572692127122,-1.347892709094001,1.7657,0.014641168036202856,5.1784,synthetic,1.7318818569804533,-0.752669882367221,1.5549138739007082,-2.315646041858133,-0.77509632596926,-1.2282895345443523,1.5549138739007082,0.34150539903121085,100.0,0.6666666666666666,1.5,1.8064181702367141,1.0986122886681098,100.0,1.5,5.0886,8095.43,19.0
2001000752,Dr. William Ramirez,Pain Management,Las Vegas,NV,Subsys,REP-S690,Sadie Larsson,TERR-S08,3,8.0,4,2,3,1.1239520441500994,0.45676351735681636,0.663148106307359,4.485,0.04157213752265898,18.4647,synthetic,-1.1244163254332475,-0.752669882367221,1.5549138739007082,0.5883093818896874,-0.77509632596926,0.06644076750610772,1.5549138739007082,1.1935095112512553,50.0,0.6666666666666666,1.5,2.927030431142541,1.0986122886681098,400.0,1.5,17.6721,35166.09,26.0
2001000754,Dr. Melissa Martinez,Emergency Medicine,Seattle,WA,Abstral,REP-S626,Stella Novak,TERR-S14,3,2.0,2,1,1,0.24935121563570783,-1.039858683091606,-1.0731936085056122,1.251,0.011170358542033298,8.9296,synthetic,-1.1244163254332475,-1.198329681137286,0.5937505349345118,-1.077133575492811,-1.6863788313340304,-1.2282895345443523,0.5937505349345118,0.6035109843513624,50.0,0.3333333333333333,1.0,2.284349836729891,0.6931471805599453,100.0,1.0,8.8193,11793.16,21.0
2001000755,Dr. Rebecca Flores,Pain Management,Portland,OR,Subsys,REP-S819,Solomon Vargas,TERR-S11,2,10.0,8,7,6,2.5233133697731263,2.0179652497692837,1.5772824207592604,11.7021,0.1069051763061748,30.0556,synthetic,1.017807311377028,1.4756291114831046,0.319132438087027,1.629647019449128,1.4293166337302035,2.1164304124193363,0.319132438087027,1.817194395023025,87.5,2.3333333333333335,0.8571428571428571,3.328873970078748,2.0794415416798357,875.0,0.8571428571428571,26.9069,47471.27,34.0
2001000756,Dr. Emily Allen,Anesthesiology,Austin,TX,Subsys,REP-S624,Sarah Novak,TERR-S12,2,7.0,7,5,1,-0.8001697785815622,0.44491266607231494,1.0640791001683223,6.1169,0.05627281233498804,18.6788,synthetic,0.09971146702976721,0.5843095139429743,-0.9441108074114024,0.5785622703623994,0.7827514065628568,0.4980175348562611,-0.9441108074114024,1.1813029190243631,71.42857142857143,1.6666666666666667,0.2,2.923269101820275,1.791759469228055,500.0,0.2,17.602,40563.03,15.0
2001000757,Dr. Linda Green,Internal Medicine,Miami,FL,Subsys,REP-S545,Simon Chen,TERR-S03,3,6.0,5,3,2,-0.6252496128786839,-0.0065861716668863726,0.8493620825868262,5.1541,0.04717688256310071,15.7009,synthetic,-0.5531566889505074,-0.3070100835971559,-0.04702502437628586,0.17693824232705976,-0.12853109880191332,-0.10618993943395362,-0.04702502437628586,0.9882462557776857,60.0,1.0,0.6666666666666666,2.768285727623044,1.3862943611198906,360.0,0.6666666666666666,14.9313,37672.72,16.0
2001000758,Dr. Lisa Nelson,Pain Management,Detroit,MI,Actiq,REP-S682,Sophia Larsson,TERR-S14,3,4.0,3,2,0,-0.2754092814729272,-0.4352454943057148,-0.22110659950690345,2.8738,0.026250508144056273,12.752,synthetic,-0.1723169312953478,-0.752669882367221,-1.328576142997881,-0.27228617216738826,-0.77509632596926,-0.5089949222940969,-1.328576142997881,0.837160600529489,66.66666666666666,0.6666666666666666,0.0,2.594933759936492,1.0986122886681098,266.66666666666663,0.0,12.3957,23263.12,18.0
2001000759,Dr. Emily Davis,Orthopedics,Miami,FL,Fentora,REP-S689,Seth Larsson,TERR-S07,3,10.0,5,3,4,0.0744310499328295,1.736199003893698,1.9582795606987955,2.8913,0.027432551153577567,25.97,synthetic,-0.5531566889505074,-0.3070100835971559,1.2345260942453093,1.4700649761842655,-0.12853109880191332,0.9295943022064145,1.2345260942453093,1.6480479960641043,60.0,1.0,1.3333333333333333,3.267292585998061,1.3862943611198906,600.0,1.3333333333333333,25.2402,52599.88,20.0
2001000761,Dr. Rebecca Carter,Oncology,Atlanta,GA,Subsys,REP-S723,Sean Santos,TERR-S13,3,10.0,2,2,3,-0.2754092814729272,1.6065327708664134,0.6213110082827974,3.3988,0.0321321160777015,25.305,synthetic,1.7318818569804533,-0.752669882367221,1.5549138739007082,1.3931893455327107,-0.77509632596926,2.6559013716070283,1.5549138739007082,1.6340588891975656,100.0,0.6666666666666666,1.5,3.237626919105069,1.0986122886681098,1000.0,1.5,24.4732,34602.92,18.0
2001000762,Dr. Jessica Green,Internal Medicine,Atlanta,GA,Actiq,REP-S769,Seth Muller,TERR-S03,3,8.0,3,3,4,1.6487125412587345,0.6318213847619695,0.3162568521626579,4.5866,0.04261542889150283,19.5656,synthetic,1.7318818569804533,-0.3070100835971559,1.2345260942453093,0.7281774294748751,-0.12853109880191332,1.7927478369067211,1.2345260942453093,1.238185265488379,100.0,1.0,1.3333333333333333,2.9810043481493786,1.3862943611198906,800.0,1.3333333333333333,18.7076,30496.58,29.0
2001000763,Dr. Dorothy Hall,Psychiatry,Seattle,WA,Abstral,REP-S673,Spencer Kowalski,TERR-S05,3,3.0,2,2,1,0.24935121563570783,-0.8099251191536543,-0.5874503175927445,2.2649,0.020417364850140007,10.41,synthetic,1.7318818569804533,-0.752669882367221,-0.3674128040316846,-0.7409693971411896,-0.77509632596926,-0.36513599984404566,-0.3674128040316846,0.638054883476037,100.0,0.6666666666666666,0.5,2.4140727990238444,1.0986122886681098,300.0,0.5,10.1794,18331.76,21.0
2001000764,Dr. John Torres,Anesthesiology,Seattle,WA,Actiq,REP-S818,Summer Vargas,TERR-S10,3,8.0,4,3,2,0.5991915470414645,0.783972114520191,0.9096806928484574,3.5337,0.03307060682258944,20.3005,synthetic,0.30373276577360286,-0.3070100835971559,-0.04702502437628586,0.8438979619783484,-0.12853109880191332,0.9295943022064145,-0.04702502437628586,1.3159024608034373,75.0,1.0,0.6666666666666666,3.0256599397956796,1.3862943611198906,600.0,0.6666666666666666,19.6076,38484.67,23.0
2001000765,Dr. John Hall,Internal Medicine,Atlanta,GA,Subsys,REP-S557,Stanley Chen,TERR-S01,3,3.0,3,3,1,0.24935121563570783,-0.7536293491431124,-0.12413029082344547,2.3733,0.02144077871311323,10.7619,synthetic,1.7318818569804533,-0.3070100835971559,-0.6878005836870834,-0.6649068199794539,-0.12853109880191332,-0.36513599984404566,-0.6878005836870834,0.6957759832859391,100.0,1.0,0.3333333333333333,2.4434247153330593,1.3862943611198906,300.0,0.3333333333333333,10.5124,24568.52,21.0
2001000766,Dr. Amanda Brown,Pain Management,Nashville,TN,Actiq,REP-S702,Sophia Rossi,TERR-S06,2,1.0,5,4,0,-0.8001697785815622,-1.289098484072212,-0.9003159176059938,3.7814,0.0327357035750806,7.6227,synthetic,0.589362584014973,0.13864971517290903,-1.328576142997881,-1.4987215096048692,0.37298385385674826,-1.314604888014383,-1.328576142997881,0.4960546488612258,80.0,1.3333333333333333,0.0,2.1216625571137984,1.6094379124341003,80.0,0.0,7.345,14120.27,15.0
2001000767,Dr. Linda Johnson,Neurology,Detroit,MI,Fentora,REP-S674,Selena Kowalski,TERR-S06,2,2.0,9,6,2,-0.9750899442844405,-1.1141758617601771,-0.9642360380905256,7.334,0.06346715091805111,8.9943,synthetic,-0.1723169312953478,1.0299693127130392,-0.6878005836870834,-1.1958250595726783,1.1292049358741694,-1.0844306120943012,-0.6878005836870834,0.5735335610637201,66.66666666666666,2.0,0.3333333333333333,2.2385477795642372,1.9459101490553132,133.33333333333331,0.3333333333333333,8.3797,13259.84,14.0
2001000769,Dr. Susan Baker,Internal Medicine,Austin,TX,Fentora,REP-S692,Sienna Larsson,TERR-S10,3,9.0,4,2,3,-0.45032944717580553,1.1811531417357073,1.66861428334668,1.7745,0.016828462340893413,22.3466,synthetic,-1.1244163254332475,-0.752669882367221,1.5549138739007082,1.1236732574853527,-0.77509632596926,0.2822291511811844,1.5549138739007082,1.4532507576775395,50.0,0.6666666666666666,1.5,3.1336229008934344,1.0986122886681098,450.0,1.5,21.957,48700.69,17.0
2001000770,Dr. Elizabeth Scott,Internal Medicine,Atlanta,GA,Actiq,REP-S618,Summer O'Connor,TERR-S06,3,5.0,3,2,1,1.6487125412587345,-0.1533778146102901,-0.9537732348769679,3.3839,0.031105151642656814,14.5389,synthetic,-0.1723169312953478,-0.752669882367221,-0.3674128040316846,0.03170494599752601,-0.77509632596926,-0.22127707739399485,-0.3674128040316846,0.9307767639121574,66.66666666666666,0.6666666666666666,0.5,2.712241405720678,1.0986122886681098,333.33333333333326,0.5,14.063,13400.68,29.0
2001000771,Dr. James Wright,Internal Medicine,New York,NY,Abstral,REP-S697,Stanley Larsson,TERR-S01,3,4.0,5,4,3,0.7741117127443429,-0.5329600740837722,-0.005187592746229623,2.9846,0.027144859130830756,12.1704,synthetic,0.589362584014973,0.13864971517290903,0.11316886545141361,-0.38658438864943095,0.37298385385674826,-0.278820646374015,0.11316886545141361,0.7821688518015147,80.0,1.3333333333333333,0.75,2.5508270282208443,1.6094379124341003,320.0,0.75,11.8177,26169.61,24.0
2001000772,Dr. Sarah Rodriguez,Neurology,Baltimore,MD,Subsys,REP-S677,Stanley Kowalski,TERR-S09,3,1.0,2,2,1,-1.1500101099873188,-1.2271224201506965,-1.2183468023923099,3.4514,0.030088253892649686,7.9777,synthetic,1.7318818569804533,-0.752669882367221,-0.3674128040316846,-1.3873096417258415,-0.77509632596926,-1.2282895345443523,-0.3674128040316846,0.5278066529230144,100.0,0.6666666666666666,0.5,2.1646554708943166,1.0986122886681098,100.0,0.5,7.7116,9839.25,13.0
2001000773,Dr. Patricia Nelson,Palliative Care,Portland,OR,Abstral,REP-S593,Spencer Nakamura,TERR-S09,3,5.0,2,2,2,-1.4998504413930756,-0.3562116430146386,-0.8852591087780766,3.2876,0.030049189224385486,13.2861,synthetic,1.7318818569804533,-0.752669882367221,0.5937505349345118,-0.18339053523857746,-0.77509632596926,0.4980175348562611,0.5937505349345118,0.8206672633519955,100.0,0.6666666666666666,1.0,2.629237847343899,1.0986122886681098,500.0,1.0,12.8632,14322.95,11.0
2001000774,Dr. Deborah Rivera,Pain Management,Jacksonville,FL,Subsys,REP-S807,Scott Vargas,TERR-S13,2,1.0,6,3,0,-0.6252496128786839,-1.3345577409966403,-0.6376515665248215,2.0398,0.017709786943189254,7.2204,synthetic,-1.1244163254332475,-0.3070100835971559,-1.328576142997881,-1.5835988867926887,-0.12853109880191332,-1.444077918219429,-1.328576142997881,0.4778941185577836,50.0,1.0,0.0,2.0889090827414387,1.3862943611198906,50.0,0.0,7.0761,17656.0,16.0
2001000775,Dr. Sarah Hernandez,Palliative Care,Charlotte,NC,Actiq,REP-S788,Serena Gomez,TERR-S08,3,3.0,2,2,3,0.0744310499328295,-0.6058571792746,-1.1666241233990735,4.364,0.03933249113748172,11.8834,synthetic,1.7318818569804533,-0.752669882367221,1.5549138739007082,-0.4752617543694182,-0.77509632596926,-0.36513599984404566,1.5549138739007082,0.7264543654889526,100.0,0.6666666666666666,1.5,2.5166071698586943,1.0986122886681098,300.0,1.5,11.3865,10535.49,20.0
2001000776,Dr. Carol Clark,Neurology,Miami,FL,Subsys,REP-S633,Spencer Novak,TERR-S07,3,2.0,4,3,3,-0.10048911577004885,-1.1573190464649528,-0.8249130117428793,3.2834,0.028809977135442644,8.3912,synthetic,0.30373276577360286,-0.3070100835971559,0.5937505349345118,-1.267308009222902,-0.12853109880191332,-1.0125011508692756,0.5937505349345118,0.5560668540475426,75.0,1.0,1.0,2.2109631034467325,1.3862943611198906,150.0,1.0,8.1245,15135.27,19.0
2001000777,Dr. Betty Gonzalez,Anesthesiology,Charlotte,NC,Subsys,REP-S590,Sadie Nakamura,TERR-S06,3,1.0,5,4,3,-0.8001697785815622,-1.3457661780888293,-1.4056372201554777,6.6878,0.056879549855089806,7.4786,synthetic,0.589362584014973,0.13864971517290903,0.11316886545141361,-1.6049605564376634,0.37298385385674826,-1.314604888014383,0.11316886545141361,0.47044070002141697,80.0,1.3333333333333333,0.75,2.080665791979529,1.6094379124341003,80.0,0.75,7.0098,7318.13,15.0
2001000778,Dr. Joseph Ramirez,Oncology,New York,NY,Subsys,REP-S568,Serena Kapoor,TERR-S12,2,4.0,6,3,0,0.0744310499328295,-0.5735505076559377,-0.4725957199191218,3.5763,0.03239323796235816,11.9917,synthetic,-1.1244163254332475,-0.3070100835971559,-1.328576142997881,-0.4355866728190146,-0.12853109880191332,-0.796712767194199,-1.328576142997881,0.7730284636080994,50.0,1.0,0.0,2.531917454057355,1.3862943611198906,200.0,0.0,11.5776,19877.82,20.0
2001000779,Dr. Amanda Brown,Neurology,Los Angeles,CA,Subsys,REP-S637,Stanley Novak,TERR-S11,3,9.0,5,4,4,1.823632706961613,1.0723991812318587,0.2651619116468041,4.3034,0.040286754032538674,22.231,synthetic,0.589362584014973,0.13864971517290903,0.5937505349345118,1.0500203073006198,0.37298385385674826,1.4474864230265985,0.5937505349345118,1.4587780302927087,80.0,1.3333333333333333,1.0,3.1052008396062893,1.6094379124341003,720.0,1.0,21.3137,29808.79,30.0
2001000780,Dr. Amanda Smith,Anesthesiology,Seattle,WA,Fentora,REP-S733,Spencer Santos,TERR-S09,3,8.0,2,2,1,-0.45032944717580553,0.7833635116011577,0.27988739342038677,4.4166,0.04116672251464992,20.4699,synthetic,1.7318818569804533,-0.752669882367221,-0.3674128040316846,0.843445223301444,-0.77509632596926,1.7927478369067211,-0.3674128040316846,1.3156608581157603,100.0,0.6666666666666666,0.5,3.025485231703339,1.0986122886681098,800.0,0.5,19.604,30007.01,17.0
2001000781,Dr. Kimberly Davis,Family Practice,Seattle,WA,Actiq,REP-S667,Scott Kowalski,TERR-S13,3,10.0,3,2,0,-0.6252496128786839,1.875873373811745,0.858371058344481,0.0779,0.0007534181161954479,26.0868,synthetic,-0.1723169312953478,-0.752669882367221,-1.328576142997881,1.5503997467552106,-0.77509632596926,1.217312147106516,-1.328576142997881,1.8250379412051845,66.66666666666666,0.6666666666666666,0.0,3.2982931062342407,1.0986122886681098,666.6666666666665,0.0,26.0664,37793.99,16.0
2001000782,Dr. Joseph Ramirez,Oncology,Miami,FL,Subsys,REP-S712,Sienna Rossi,TERR-S02,2,3.0,6,5,6,0.7741117127443429,-0.655982391911614,-0.32448138334503124,8.65,0.0763558278565899,12.0493,synthetic,0.7797824628425536,0.5843095139429743,0.9782158705209902,-0.5380475203585174,0.7827514065628568,-0.5809243835191222,0.9782158705209902,0.7404717438341125,83.33333333333334,1.6666666666666667,1.2,2.492378664626701,1.791759469228055,250.00000000000003,1.2,11.09,21871.59,24.0
2001000783,Dr. Stephanie King,Anesthesiology,Phoenix,AZ,Subsys,REP-S591,Silas Nakamura,TERR-S07,1,1.0,11,6,0,0.0744310499328295,-1.166617146616844,-0.9746535252719881,3.5906,0.03145336555219069,8.3593,synthetic,-0.8647528543047296,1.0299693127130392,-1.328576142997881,-1.2829755341161293,1.1292049358741694,-1.4244607924307857,-1.328576142997881,0.5415591356134017,54.54545454545454,2.0,0.0,2.204917135815887,1.9459101490553132,54.54545454545454,0.0,8.0695,13119.61,20.0
2001000785,Dr. David Anderson,Neurology,Miami,FL,Actiq,REP-S611,Silas O'Connor,TERR-S13,3,6.0,5,4,5,-0.9750899442844405,0.04813737413615392,0.15773468592214124,6.5807,0.05992739869815944,16.2589,synthetic,0.589362584014973,0.13864971517290903,1.07433220441761,0.22906381732205774,0.37298385385674826,0.41170218138623044,1.07433220441761,1.044101158039912,80.0,1.3333333333333333,1.25,2.788400553755869,1.6094379124341003,480.0,1.25,15.255,28362.71,14.0
2001000786,Dr. Kathleen Perez,Pain Management,Seattle,WA,Actiq,REP-S791,Silas Gomez,TERR-S11,2,2.0,6,4,1,0.42427138133858616,-0.9719656463461596,-0.6058085107916537,5.3083,0.04678058851428757,9.7104,synthetic,-0.1723169312953478,0.13864971517290903,-0.8479944735147827,-0.9732577781714259,0.37298385385674826,-1.0844306120943012,-0.8479944735147827,0.622746128207553,66.66666666666666,1.3333333333333333,0.25,2.3244346435205827,1.6094379124341003,133.33333333333331,0.25,9.2209,18084.64,22.0
2001000787,Dr. Mary Gonzalez,Pain Management,Los Angeles,CA,Subsys,REP-S588,Serena Nakamura,TERR-S04,1,4.0,11,8,2,-0.10048911577004885,-0.5693748154059066,-0.8143892918960135,5.0315,0.04527632370947643,12.186,synthetic,0.1739010302093441,1.9212889102531692,-0.8479944735147827,-0.4305026479894936,1.6940339119276273,-0.4043702514213322,-0.8479944735147827,0.783577243360463,72.72727272727273,2.6666666666666665,0.25,2.5338793369816313,2.1972245773362196,290.90909090909093,0.25,11.6023,15276.93,19.0
2001000788,Dr. Charles Scott,Pain Management,Charlotte,NC,Subsys,REP-S587,Scott Nakamura,TERR-S03,3,4.0,4,4,2,0.7741117127443429,-0.5410071571243183,-1.1579665326115982,6.452,0.05776598571749325,12.5295,synthetic,1.7318818569804533,0.13864971517290903,-0.3674128040316846,-0.3962257659253212,0.37298385385674826,0.06644076750610772,-0.3674128040316846,0.7949098465025887,100.0,1.3333333333333333,0.5,2.54710650086735,1.6094379124341003,400.0,0.5,11.7701,10652.03,24.0
2001000789,Dr. Laura Sanchez,Pain Management,New York,NY,Lazanda,REP-S781,Samuel Gomez,TERR-S01,1,4.0,14,11,10,3.2229940325846393,-0.41636189817905545,0.3426753559883138,12.0848,0.10606506625475554,14.0188,synthetic,0.5077540645174385,3.258268306563364,0.41899356421338513,-0.25076737885878847,2.340599139094974,-0.3034821759368809,0.41899356421338513,0.8447044132289852,78.57142857142857,3.6666666666666665,0.9090909090909091,2.6032376834142132,2.4849066497880004,314.2857142857143,0.9090909090909091,12.5074,30852.2,38.0
2001000790,Dr. Rebecca Lopez,Psychiatry,Phoenix,AZ,Actiq,REP-S637,Stanley Novak,TERR-S11,3,9.0,2,1,1,1.1239520441500994,1.3289253116042192,1.039673816784923,0.3462,0.003309513464531122,22.9101,synthetic,-1.1244163254332475,-1.198329681137286,0.5937505349345118,1.2205101435790513,-1.6863788313340304,0.2822291511811844,0.5937505349345118,1.4310759818977294,50.0,0.3333333333333333,1.0,3.170991450347437,0.6931471805599453,450.0,1.0,22.8311,40234.51,26.0
2001000791,Dr. Richard Anderson,Pain Management,Portland,OR,Actiq,REP-S669,Seth Kowalski,TERR-S01,1,5.0,12,9,4,0.9490318784472211,-0.3514780647554942,-0.9667796789740261,10.8752,0.09615273903610255,14.2932,synthetic,0.30373276577360286,2.3669487090232346,-0.47420873058348423,-0.17816186916212165,1.930831586388866,-0.04145342433143062,-0.47420873058348423,0.8706248726208079,75.0,3.0,0.4444444444444444,2.6312555461231373,2.302585092994046,375.0,0.4444444444444444,12.8912,13225.6,25.0
2001000792,Dr. Deborah Jackson,Neurology,Seattle,WA,Abstral,REP-S805,Simon Vargas,TERR-S11,3,7.0,5,4,0,0.9490318784472211,0.24207883766796642,-0.4617287868455688,4.8363,0.04457767575386029,17.1955,synthetic,0.589362584014973,0.13864971517290903,-1.328576142997881,0.4057871916274083,0.37298385385674826,0.7569635952663532,-1.328576142997881,1.122619207761537,80.0,1.3333333333333333,0.0,2.8565966350096366,1.6094379124341003,560.0,0.0,16.4022,20024.1,25.0
2001000793,Dr. Barbara Flores,Palliative Care,Atlanta,GA,Subsys,REP-S595,Stephen Nakamura,TERR-S11,3,1.0,5,5,5,1.6487125412587345,-1.425932707034772,-1.1774145392381055,8.8455,0.07391553365879355,7.1137,synthetic,1.7318818569804533,0.5843095139429743,0.5937505349345118,-1.7631068356599375,0.7827514065628568,-1.2282895345443523,0.5937505349345118,0.41696879208620724,100.0,1.6666666666666667,1.0,2.019638457309082,1.791759469228055,100.0,1.0,6.5356,10390.24,29.0
2001000794,Dr. Kimberly Clark,Anesthesiology,Philadelphia,PA,Abstral,REP-S836,Sasha Alvarez,TERR-S14,3,8.0,5,2,2,-0.6252496128786839,0.6595804401245251,1.27430388748623,3.8258,0.03568841833274261,19.5938,synthetic,-1.6956759619159878,-0.752669882367221,0.5937505349345118,0.7496790409184089,-0.77509632596926,-0.278820646374015,0.5937505349345118,1.266521555916599,40.0,0.6666666666666666,1.0,2.989301641288183,1.0986122886681098,320.0,1.0,18.8718,43392.87,16.0
2001000795,Dr. Linda Taylor,Palliative Care,Denver,CO,Actiq,REP-S519,Solomon Brooks,TERR-S05,3,5.0,4,2,3,0.9490318784472211,-0.2607793241829546,-0.8210715494156068,2.2131,0.02038996842068519,13.7249,synthetic,-1.1244163254332475,-0.752669882367221,1.5549138739007082,-0.07996223190953858,-0.77509632596926,-0.5809243835191223,1.5549138739007082,0.8566821484631809,50.0,0.6666666666666666,1.5,2.669149969922428,1.0986122886681098,250.0,1.5,13.4277,15186.98,25.0
2001000796,Dr. John Ramirez,Orthopedics,Houston,TX,Subsys,REP-S697,Stanley Larsson,TERR-S01,2,7.0,8,7,5,0.9490318784472211,0.443509498231211,0.6744778572168997,4.2355,0.03929579780194992,18.3389,synthetic,1.017807311377028,1.4756291114831046,0.04451434123954247,0.5774057589181949,1.4293166337302035,0.9835413981251836,0.04451434123954247,1.1487730694825329,87.5,2.3333333333333335,0.7142857142857143,2.922822813666657,2.0794415416798357,612.5,0.7142857142857143,17.5937,35318.6,25.0
2001000798,Dr. Deborah Gonzalez,Oncology,Portland,OR,Actiq,REP-S709,Seth Rossi,TERR-S13,3,1.0,2,2,1,1.298872209852978,-1.2283565316254021,-0.7283341469474685,2.873,0.025117599531291557,7.9257,synthetic,1.7318818569804533,-0.752669882367221,-0.3674128040316846,-1.3894820504316683,-0.77509632596926,-1.2282895345443523,-0.3674128040316846,0.5144108616790941,100.0,0.6666666666666666,0.5,2.163817156431381,1.0986122886681098,100.0,0.5,7.7043,16435.32,27.0
2001000799,Dr. Lisa Nguyen,Pain Management,Columbus,OH,Subsys,REP-S814,Selena Vargas,TERR-S06,2,9.0,6,4,4,-0.8001697785815622,1.1330904167687488,1.2907394923070727,6.0891,0.05657555597188946,22.9924,synthetic,-0.1723169312953478,0.13864971517290903,0.5937505349345118,1.0913809233542668,0.37298385385674826,0.9295943022064139,0.5937505349345118,1.4636955191796717,66.66666666666666,1.3333333333333333,1.0,3.121161557559913,1.6094379124341003,599.9999999999999,1.0,21.6727,43614.11,15.0
2001000800,Dr. Carol Jones,Oncology,Baltimore,MD,Lazanda,REP-S624,Sarah Novak,TERR-S12,1,4.0,10,7,8,0.9490318784472211,-0.47627547443051493,0.06564285118991484,10.2484,0.09047416500292282,13.3985,synthetic,0.01810294753223279,1.4756291114831046,0.8683686317819964,-0.3196670591087248,1.4293166337302035,-0.4514513533140763,0.8683686317819964,0.8114475295596006,70.0,2.3333333333333335,1.1428571428571428,2.5766498694866415,2.0794415416798357,280.0,1.1428571428571428,12.153,27123.06,25.0
2001000802,Dr. Margaret Flores,Internal Medicine,Houston,TX,Abstral,REP-S696,Sasha Larsson,TERR-S14,3,4.0,5,4,5,1.1239520441500994,-0.4530809409607061,-0.6221965709230851,5.1674,0.04668040804604212,12.9253,synthetic,0.589362584014973,0.13864971517290903,1.07433220441761,-0.2927759589587357,0.37298385385674826,-0.278820646374015,1.07433220441761,0.8134418391405245,80.0,1.3333333333333333,1.25,2.5870269215208745,1.6094379124341003,320.0,1.25,12.2902,17864.04,26.0
2001000803,Dr. Betty Taylor,Neurology,Philadelphia,PA,Subsys,REP-S564,Sarah Kapoor,TERR-S08,3,10.0,3,3,1,0.0744310499328295,2.4653053008950936,3.4400699799471566,4.9295,0.04657922544576776,31.0098,synthetic,1.7318818569804533,-0.3070100835971559,-0.6878005836870834,1.8643991873814434,-0.12853109880191332,2.6559013716070283,-0.6878005836870834,2.022702164769159,100.0,1.0,0.3333333333333333,3.4194628804689997,1.3862943611198906,1000.0,0.3333333333333333,29.553,72546.29,20.0
2001000804,Dr. Deborah Campbell,Anesthesiology,Las Vegas,NV,Subsys,REP-S520,Sloan Brooks,TERR-S06,3,8.0,4,3,2,-1.4998504413930756,0.5438613573250781,0.15019810976468997,4.9612,0.045958644072635835,19.0897,synthetic,0.30373276577360286,-0.3070100835971559,-0.04702502437628586,0.6588425691300502,-0.12853109880191332,0.9295943022064145,-0.04702502437628586,1.2205834893291558,75.0,1.0,0.6666666666666666,2.9542486018403227,1.3862943611198906,600.0,0.6666666666666666,18.1873,28261.26,11.0
2001000805,Dr. Carol Gonzalez,Pain Management,New York,NY,Actiq,REP-S580,Sloan Kapoor,TERR-S10,3,9.0,4,3,3,-0.6252496128786839,0.9706103430236088,0.7111585850976598,3.7751,0.03537969865413837,21.4935,synthetic,0.30373276577360286,-0.3070100835971559,0.5937505349345118,0.9791347181253234,-0.12853109880191332,1.2532768777190295,0.5937505349345118,1.3987863125056725,75.0,1.0,1.0,3.077846679930914,1.3862943611198906,675.0,1.0,20.7116,35812.36,16.0
2001000806,Dr. Joseph Carter,Family Practice,Houston,TX,Abstral,REP-S560,Sloan Chen,TERR-S04,3,3.0,2,1,2,-0.9750899442844405,-0.6376059648841488,-0.8107662379857237,2.5245,0.022910147452291696,11.4814,synthetic,-1.1244163254332475,-1.198329681137286,2.5160772128669047,-0.5148526075586469,-1.6863788313340304,-1.0125011508692756,2.5160772128669047,0.7840765273368973,50.0,0.3333333333333333,2.0,2.501329388684521,0.6931471805599453,150.0,2.0,11.1987,15325.7,14.0
2001000807,Dr. Robert Baker,Oncology,Miami,FL,Lazanda,REP-S850,Sadie Kim,TERR-S14,3,4.0,3,2,2,-1.3249302756901973,-0.5549374017155154,-1.0294614088765497,3.7455,0.03392388276561675,12.1255,synthetic,-0.1723169312953478,-0.752669882367221,0.5937505349345118,-0.41300114834703316,-0.77509632596926,-0.5089949222940969,0.5937505349345118,0.78037976559152,66.66666666666666,0.6666666666666666,1.0,2.540633020224561,1.0986122886681098,266.66666666666663,1.0,11.6877,12381.84,12.0
2001000808,Dr. Carol Miller,Palliative Care,Portland,OR,Abstral,REP-S570,Sadie Kapoor,TERR-S14,3,5.0,5,3,3,-1.4998504413930756,-0.2843119703855592,-0.5946213939503467,6.3992,0.057812572229069215,14.1389,synthetic,-0.5531566889505074,-0.3070100835971559,0.5937505349345118,-0.10508573753643961,-0.12853109880191332,-0.36513599984404566,0.5937505349345118,0.8478012414525928,60.0,1.0,1.0,2.6594550179227494,1.3862943611198906,300.0,1.0,13.2885,18235.23,11.0
2001000809,Dr. Dorothy Johnson,Internal Medicine,Portland,OR,Fentora,REP-S620,Sloan O'Connor,TERR-S08,3,10.0,2,2,1,0.7741117127443429,1.9887354040190655,1.2773229752638426,1.5271,0.014614685200725397,27.1423,synthetic,1.7318818569804533,-0.752669882367221,-0.3674128040316846,1.6135417937154888,-0.77509632596926,2.6559013716070283,-0.3674128040316846,1.769422314330343,100.0,0.6666666666666666,0.5,3.3226590973316728,1.0986122886681098,1000.0,0.5,26.734,43433.51,24.0
2001000810,Dr. Melissa Adams,Anesthesiology,Las Vegas,NV,Abstral,REP-S676,Sasha Kowalski,TERR-S08,3,3.0,5,3,1,5.6718763524249365,-0.7803571606706398,-0.5029908912825636,4.6818,0.041811086247503404,10.8391,synthetic,-0.5531566889505074,-0.3070100835971559,-0.6878005836870834,-0.7007411977349333,-0.12853109880191332,-0.8830281206642296,-0.6878005836870834,0.6948963080589685,60.0,1.0,0.3333333333333333,2.4295965268056694,1.3862943611198906,180.0,0.3333333333333333,10.3543,19468.67,52.0
2001000811,Dr. Sandra Clark,Family Practice,Los Angeles,CA,Abstral,REP-S719,Solomon Rossi,TERR-S09,3,7.0,2,1,1,-1.1500101099873188,0.3209605382292841,-0.17416439045681142,3.1596,0.02939231065148462,17.4018,synthetic,-1.1244163254332475,-1.198329681137286,0.5937505349345118,0.4743544633923195,-1.6863788313340304,-0.14934761616896897,0.5937505349345118,1.1810683493923986,50.0,0.3333333333333333,1.0,2.8830561752657524,0.6931471805599453,350.0,1.0,16.8688,23895.01,13.0
2001000812,Dr. Donna Baker,Palliative Care,New York,NY,Lazanda,REP-S605,Simon O'Connor,TERR-S07,2,2.0,7,5,1,-0.6252496128786839,-0.8998123891674832,-1.219637937864133,4.1329,0.03676972931807221,10.0465,synthetic,0.09971146702976721,0.5843095139429743,-0.9441108074114024,-0.8672454847688195,0.7827514065628568,-1.043328062822858,-0.9441108074114024,0.6155195873997953,71.42857142857143,1.6666666666666667,0.2,2.3653439063908737,1.791759469228055,142.85714285714286,0.2,9.6477,9821.87,16.0
2001000813,Dr. Sandra Rodriguez,Oncology,Austin,TX,Fentora,REP-S684,Sarah Larsson,TERR-S02,2,7.0,9,5,5,-1.4998504413930756,0.2425014785839611,0.5641244044361303,4.287,0.039613544885173546,17.108,synthetic,-0.807049860720614,0.5843095139429743,0.5937505349345118,0.4061594455092555,0.7827514065628568,0.01848779335609079,0.5937505349345118,1.0953306416659572,55.55555555555556,1.6666666666666667,1.0,2.856740284688539,1.791759469228055,388.8888888888889,1.0,16.4047,33833.13,11.0
2001000814,Dr. Susan Martinez,Palliative Care,Miami,FL,Subsys,REP-S769,Seth Muller,TERR-S03,3,6.0,5,3,4,0.0744310499328295,0.09466168616888997,0.010329805260358992,4.4126,0.04062112983340693,16.2155,synthetic,-0.5531566889505074,-0.3070100835971559,1.2345260942453093,0.2725694375028296,-0.12853109880191332,-0.10618993943395362,1.2345260942453093,0.9908208481022731,60.0,1.0,1.3333333333333333,2.805189010973289,1.3862943611198906,360.0,1.3333333333333333,15.5302,26378.49,20.0
2001000815,Dr. Jessica Jones,Pain Management,Phoenix,AZ,Fentora,REP-S838,Summer Alvarez,TERR-S02,2,6.0,7,3,4,0.42427138133858616,-0.031166967341159056,0.13585224262062512,8.2258,0.07422561090876867,16.0022,synthetic,-1.5324589229209193,-0.3070100835971559,1.2345260942453093,0.15317874875823945,-0.12853109880191332,-0.5500974715655401,1.2345260942453093,0.998586035751831,42.857142857142854,1.0,1.3333333333333333,2.759117136539173,1.3862943611198906,257.1428571428571,1.3333333333333333,14.7859,28068.15,22.0
2001000816,Dr. Susan Young,Anesthesiology,Seattle,WA,Subsys,REP-S836,Sasha Alvarez,TERR-S14,3,9.0,3,2,0,0.24935121563570783,1.0997017844051395,0.10840409911490709,0.8045,0.007659068715089923,21.648,synthetic,-0.1723169312953478,-0.752669882367221,-1.328576142997881,1.068708555088485,-0.77509632596926,0.9295943022064139,-1.328576142997881,1.441240566221566,66.66666666666666,0.6666666666666666,0.0,3.1124124790945085,1.0986122886681098,599.9999999999999,0.0,21.4752,27698.67,21.0
2001000817,Dr. Kathleen Nguyen,Palliative Care,Miami,FL,Actiq,REP-S791,Silas Gomez,TERR-S11,3,10.0,3,3,1,2.6982335354760045,1.5146844470023677,1.6228473195879716,2.9307,0.027742473116635136,24.6312,synthetic,1.7318818569804533,-0.3070100835971559,-0.6878005836870834,1.3373212523118456,-0.12853109880191332,2.6559013716070283,-0.6878005836870834,1.5267185105795538,100.0,1.0,0.3333333333333333,3.2160678862959733,1.3862943611198906,1000.0,0.3333333333333333,23.9299,48084.62,35.0
2001000818,Dr. Donna Wright,Internal Medicine,Los Angeles,CA,Abstral,REP-S696,Sasha Larsson,TERR-S14,3,1.0,3,2,1,-1.4998504413930756,-1.3893320037096,-0.94277778256485,1.5136,0.013097378121285086,6.8543,synthetic,-0.1723169312953478,-0.752669882367221,-0.3674128040316846,-1.6897045884499624,-0.77509632596926,-1.3721484569944034,-0.3674128040316846,0.44689595304069385,66.66666666666666,0.6666666666666666,0.5,2.047963774402063,1.0986122886681098,66.66666666666666,0.5,6.7521,13548.69,11.0
2001000819,Dr. Donna Perez,Oncology,Atlanta,GA,Lazanda,REP-S518,Summer Brooks,TERR-S04,2,2.0,8,4,3,-0.2754092814729272,-1.0621741234561448,-0.9238445957783739,6.9885,0.06078430875750929,9.2944,synthetic,-1.1244163254332475,0.13864971517290903,0.11316886545141361,-1.1122058194383153,0.37298385385674826,-1.2282895345443523,0.11316886545141361,0.5800451019125417,50.0,1.3333333333333333,0.75,2.270815749305061,1.6094379124341003,100.0,0.75,8.6873,13803.55,18.0
2001000820,Dr. Deborah Martin,Orthopedics,Las Vegas,NV,Actiq,REP-S561,Samuel Kapoor,TERR-S05,3,5.0,4,2,1,-0.45032944717580553,-0.35665118956727365,0.17719606449254538,2.8562,0.02616157121814844,13.228,synthetic,-1.1244163254332475,-0.752669882367221,-0.3674128040316846,-0.18387658995698042,-0.77509632596926,-0.5809243835191223,-0.3674128040316846,0.8397273420251035,50.0,0.6666666666666666,0.5,2.6290502828680604,1.0986122886681098,250.0,0.5,12.8606,28624.68,17.0
2001000821,Dr. Joseph Lopez,Palliative Care,Boston,MA,Fentora,REP-S737,Stanley Santos,TERR-S13,3,3.0,3,2,1,0.0744310499328295,-0.7267155756125471,-0.9079512975711278,2.0499,0.018564401085907623,10.8903,synthetic,-0.1723169312953478,-0.752669882367221,-0.3674128040316846,-0.6293169752835389,-0.77509632596926,-0.7967127671941991,-0.3674128040316846,0.6808440176306949,66.66666666666666,0.6666666666666666,0.5,2.457158540585275,1.0986122886681098,199.99999999999997,0.5,10.6716,14017.49,20.0
2001000822,Dr. Donna Wilson,Palliative Care,Chicago,IL,Fentora,REP-S613,Spencer O'Connor,TERR-S01,2,10.0,7,4,3,-0.9750899442844405,2.379644440041215,2.204725229604564,6.0035,0.05641539528052064,30.7901,synthetic,-0.7163737279455763,0.13864971517290903,0.11316886545141361,1.821062272645591,0.37298385385674826,0.8062866543920845,0.11316886545141361,1.853142882914132,57.14285714285714,1.3333333333333333,0.75,3.402739525280527,1.6094379124341003,571.4285714285713,0.75,29.0463,55917.29,14.0
2001000823,Dr. Ashley Ramirez,Pain Management,Charlotte,NC,Abstral,REP-S555,Stephen Chen,TERR-S13,3,5.0,3,1,0,-1.4998504413930756,-0.20235344395579746,0.5442648390919077,1.1982,0.01111358147204955,13.9384,synthetic,-2.076515719571148,-1.198329681137286,-1.328576142997881,-0.01861981834491467,-1.6863788313340304,-0.9405716896442503,-1.328576142997881,0.9301987059442236,33.33333333333333,0.3333333333333333,0.0,2.6928214974506837,0.6931471805599453,166.66666666666663,0.0,13.7733,33565.8,11.0
2001000824,Dr. Michael Hall,Palliative Care,Austin,TX,Actiq,REP-S550,Sadie Chen,TERR-S08,3,6.0,5,4,4,-0.45032944717580553,-0.0048110798197070585,-0.7346397613806321,6.0819,0.05543573949894176,15.8505,synthetic,0.589362584014973,0.13864971517290903,0.5937505349345118,0.17864561993273695,0.37298385385674826,0.41170218138623044,0.5937505349345118,0.953281152089126,80.0,1.3333333333333333,1.0,2.768944590449681,1.6094379124341003,480.0,1.0,14.9418,16350.44,17.0
2001000825,Dr. Stephanie White,Palliative Care,Denver,CO,Subsys,REP-S739,Solomon Santos,TERR-S01,1,5.0,12,10,4,1.298872209852978,-0.24375534808667362,-0.6206431967737277,4.3684,0.03987333290477357,14.1194,synthetic,0.7797824628425536,2.8126085077932994,-0.5596454718249239,-0.06193804323185967,2.145041139077878,0.1383702287311336,-0.5596454718249239,0.8631067701296049,83.33333333333334,3.3333333333333335,0.4,2.676105354519558,2.3978952727983707,416.66666666666674,0.4,13.5284,17884.95,27.0
2001000826,Dr. Jennifer Torres,Anesthesiology,Miami,FL,Abstral,REP-S780,Sloan Muller,TERR-S14,3,3.0,5,3,3,-1.1500101099873188,-0.7604930376188721,-0.7713041457744071,2.2873,0.020662337719677737,10.7113,synthetic,-0.5531566889505074,-0.3070100835971559,0.5937505349345118,-0.6740618898801705,-0.12853109880191332,-0.8830281206642296,0.5937505349345118,0.7027819513373097,60.0,1.0,1.0,2.4398918499535514,1.3862943611198906,180.0,1.0,10.4718,15856.9,13.0
2001000827,Dr. Stephanie Rivera,Palliative Care,Chicago,IL,Abstral,REP-S691,Silas Larsson,TERR-S09,3,5.0,3,2,2,-0.10048911577004885,-0.264414036060512,-0.7119876884192716,2.9243,0.02684688227687504,13.7982,synthetic,-0.1723169312953478,-0.752669882367221,0.5937505349345118,-0.08382678896789249,-0.77509632596926,-0.22127707739399485,0.5937505349345118,0.8553104566476087,66.66666666666666,0.6666666666666666,1.0,2.6676586694750637,1.0986122886681098,333.33333333333326,1.0,13.4062,16655.36,19.0
2001000828,Dr. Kathleen Anderson,Palliative Care,Chicago,IL,Subsys,REP-S789,Seth Gomez,TERR-S09,3,8.0,4,3,4,-0.6252496128786839,0.7520880838175236,1.2908843550326223,5.8276,0.053937818448649644,20.5506,synthetic,0.30373276577360286,-0.3070100835971559,1.2345260942453093,0.8200723649621329,-0.12853109880191332,0.9295943022064145,1.2345260942453093,1.2389248077486472,75.0,1.0,1.3333333333333333,3.016465839940898,1.3862943611198906,600.0,1.3333333333333333,19.419,43616.06,16.0
2001000829,Dr. Stephanie Walker,Neurology,Philadelphia,PA,Subsys,REP-S795,Stephen Gomez,TERR-S01,2,6.0,5,4,3,-1.4998504413930756,-0.09512099074953123,-0.16884161390007027,5.1801,0.04730061240489958,15.1539,synthetic,0.589362584014973,0.13864971517290903,0.11316886545141361,0.09032110475461227,0.37298385385674826,0.41170218138623044,0.11316886545141361,0.9861023824697368,80.0,1.3333333333333333,0.75,2.73486089417881,1.6094379124341003,480.0,0.75,14.4076,23966.66,11.0
2001000830,Dr. Robert Garcia,Oncology,Baltimore,MD,Lazanda,REP-S831,Silas Alvarez,TERR-S09,3,1.0,4,3,4,-1.4998504413930756,-1.191502243750633,-0.7078654152701641,6.3357,0.05473769913026283,8.4243,synthetic,0.30373276577360286,-0.3070100835971559,1.2345260942453093,-1.325379595742706,-0.12853109880191332,-1.3361837263818908,1.2345260942453093,0.5289665731449045,75.0,1.0,1.3333333333333333,2.1885537608885883,1.3862943611198906,75.0,1.3333333333333333,7.9223,16710.85,11.0
2001000831,Dr. Robert Campbell,Palliative Care,Phoenix,AZ,Fentora,REP-S771,Silas Muller,TERR-S05,3,7.0,3,3,2,0.5991915470414645,0.14845542195674089,0.25150989981383404,5.8967,0.05398162459737277,16.7829,synthetic,1.7318818569804533,-0.3070100835971559,-0.04702502437628586,0.32197886095068046,-0.12853109880191332,1.3611710695565677,-0.04702502437628586,1.0111218869727412,100.0,1.0,0.6666666666666666,2.8242556968001984,1.3862943611198906,700.0,0.6666666666666666,15.8484,29625.02,23.0
2001000832,Dr. Richard Nelson,Family Practice,Denver,CO,Subsys,REP-S640,Sloan Novak,TERR-S14,3,5.0,4,4,3,0.5991915470414645,-0.378780667928775,-0.6106246392518562,3.2738,0.02989880518104826,13.1464,synthetic,1.7318818569804533,0.13864971517290903,0.11316886545141361,-0.20846616672377635,0.37298385385674826,0.4980175348562611,0.11316886545141361,0.8912694303839286,100.0,1.3333333333333333,0.75,2.6195613695775823,1.6094379124341003,500.0,0.75,12.7297,18019.81,23.0
2001000834,Dr. Kimberly Torres,Pain Management,Houston,TX,Actiq,REP-S657,Stanley Dubois,TERR-S03,3,9.0,4,3,4,-0.6252496128786839,1.2850720901605721,1.5967393420150324,8.9687,0.08239315619954546,24.5961,synthetic,0.30373276577360286,-0.3070100835971559,1.2345260942453093,1.192148272225415,-0.12853109880191332,1.2532768777190295,1.2345260942453093,1.524410717181883,75.0,1.0,1.3333333333333333,3.1600468399304837,1.3862943611198906,675.0,1.3333333333333333,22.5717,47733.18,16.0
2001000835,Dr. Ashley Adams,Psychiatry,Charlotte,NC,Fentora,REP-S622,Sophia Novak,TERR-S10,3,7.0,5,2,3,-1.4998504413930756,0.2072701318266134,-0.5241200484112206,2.6126,0.02431199886139579,16.6195,synthetic,-1.6956759619159878,-0.752669882367221,1.5549138739007082,0.3749433279881719,-0.77509632596926,-0.4514513533140763,1.5549138739007082,1.0152001404054207,40.0,0.6666666666666666,1.5,2.8446942443995122,1.0986122886681098,280.0,1.5,16.1963,19184.25,11.0
2001000836,Dr. Amanda Young,Pain Management,Chicago,IL,Actiq,REP-S669,Seth Kowalski,TERR-S01,1,8.0,10,7,5,-0.10048911577004885,0.5401252116276815,-0.802129447999866,9.4265,0.08557588957712081,19.8775,synthetic,0.01810294753223279,1.4756291114831046,0.04451434123954247,0.6558560643478561,1.4293166337302035,0.7569635952663532,0.04451434123954247,1.2268116960509108,70.0,2.3333333333333335,0.7142857142857143,2.953096134468127,2.0794415416798357,560.0,0.7142857142857143,18.1652,15441.96,19.0
2001000837,Dr. Richard Robinson,Pain Management,Portland,OR,Subsys,REP-S571,Silas Kapoor,TERR-S01,1,9.0,13,11,8,0.5991915470414645,0.8416710523718359,-0.07222263327296863,11.41,0.10314314567682947,22.225,synthetic,0.8530208777762376,3.258268306563364,0.069479622771132,0.8864648265416477,2.340599139094974,1.6267567725412777,0.069479622771132,1.3472763219425061,84.61538461538461,3.6666666666666665,0.7272727272727273,3.042086139023073,2.4849066497880004,761.5384615384615,0.7272727272727273,19.9489,25267.25,23.0
2001000838,Dr. Stephanie Miller,Anesthesiology,Las Vegas,NV,Fentora,REP-S519,Solomon Brooks,TERR-S05,3,9.0,2,1,2,-0.10048911577004885,1.0196197836423957,0.6636963560071326,2.3188,0.02188898785813498,21.4884,synthetic,-1.1244163254332475,-1.198329681137286,2.5160772128669047,1.0135069353229438,-1.6863788313340304,0.2822291511811844,2.5160772128669047,1.4094496792347553,50.0,0.3333333333333333,2.0,3.091110632852223,0.6931471805599453,450.0,2.0,21.0015,35173.47,19.0
2001000839,Dr. Laura Smith,Palliative Care,Seattle,WA,Subsys,REP-S781,Samuel Gomez,TERR-S01,2,6.0,7,4,4,-0.9750899442844405,-0.1448742793804695,-1.053212209894773,6.375,0.0578257414895047,15.013,synthetic,-0.7163737279455763,0.13864971517290903,0.5937505349345118,0.04034401553999736,0.37298385385674826,-0.18017452812255144,0.5937505349345118,0.9004231674751009,57.14285714285714,1.3333333333333333,1.0,2.715575150850835,1.6094379124341003,342.85714285714283,1.0,14.1133,12062.13,14.0
2001000840,Dr. Sarah Nelson,Pain Management,Columbus,OH,Abstral,REP-S558,Summer Chen,TERR-S02,2,7.0,5,4,2,2.5233133697731263,0.2331695671587903,0.34605028605073873,7.0221,0.06407730640511522,17.4976,synthetic,0.589362584014973,0.13864971517290903,-0.3674128040316846,0.39792760934400156,0.37298385385674826,0.7569635952663532,-0.3674128040316846,1.1041859062704713,80.0,1.3333333333333333,0.5,2.853563687533805,1.6094379124341003,560.0,0.5,16.3495,30897.63,34.0
2001000841,Dr. Robert Torres,Internal Medicine,Jacksonville,FL,Actiq,REP-S753,Spencer Tanaka,TERR-S01,3,1.0,5,4,5,-0.10048911577004885,-1.6410062163663377,-0.9461311689398856,3.5249,0.02918640496780278,5.4489,synthetic,0.589362584014973,0.13864971517290903,1.07433220441761,-2.2422964484630654,0.37298385385674826,-1.314604888014383,1.07433220441761,0.34836453240242116,80.0,1.3333333333333333,1.25,1.8347231686601706,1.6094379124341003,80.0,1.25,5.2634,13503.55,19.0
2001000842,Dr. Elizabeth Scott,Pain Management,Las Vegas,NV,Actiq,REP-S770,Sadie Muller,TERR-S04,1,3.0,10,9,9,-0.45032944717580553,-0.7011035361032464,-0.615471968914485,8.0399,0.07101905026581656,11.6933,synthetic,1.1606222204977132,2.3669487090232346,0.5937505349345118,-0.595896446299091,1.930831586388866,-0.4946090300490917,0.5937505349345118,0.7309529026671114,90.0,3.0,1.0,2.47005524493537,2.302585092994046,270.0,1.0,10.8231,17954.56,17.0
2001000843,Dr. Emily Carter,Family Practice,Phoenix,AZ,Actiq,REP-S749,Seth Tanaka,TERR-S11,3,4.0,4,2,3,-1.3249302756901973,-0.5929243672451514,-0.7797269846579143,2.006,0.018286405561799945,11.693,synthetic,-1.1244163254332475,-0.752669882367221,1.5549138739007082,-0.45930627988282036,-0.77509632596926,-0.796712767194199,1.5549138739007082,0.8025814811418158,50.0,0.6666666666666666,1.5,2.52276425484424,1.0986122886681098,200.0,1.5,11.463,15743.52,12.0
2001000844,Dr. William Walker,Pain Management,Los Angeles,CA,Abstral,REP-S657,Stanley Dubois,TERR-S03,2,6.0,8,6,3,-0.2754092814729272,0.06771410136504476,-0.5534306065474688,10.0549,0.09021165294108657,16.9163,synthetic,0.30373276577360286,1.0299693127130392,-0.3674128040316846,0.24745941000834917,1.1292049358741694,0.2822291511811844,-0.3674128040316846,1.0380880594576078,75.0,2.0,0.5,2.7954992600728836,1.9459101490553132,450.0,0.5,15.3708,18789.7,18.0
2001000845,Dr. Melissa Nguyen,Internal Medicine,Jacksonville,FL,Abstral,REP-S657,Stanley Dubois,TERR-S03,3,7.0,3,2,1,-0.10048911577004885,0.28212829086765795,0.7225648532417216,2.1183,0.019786953437823662,16.9916,synthetic,-0.1723169312953478,-0.752669882367221,-0.3674128040316846,0.4408265414579104,-0.77509632596926,0.3541586124062098,-0.3674128040316846,1.1012790764709361,66.66666666666666,0.6666666666666666,0.5,2.8701180288688968,1.0986122886681098,466.66666666666663,0.5,16.6391,35965.9,19.0
2001000846,Dr. Charles King,Palliative Care,Atlanta,GA,Actiq,REP-S659,Solomon Dubois,TERR-S05,3,4.0,3,2,2,-0.9750899442844405,-0.5085314291392581,-1.0784532397717288,4.9324,0.04451884501451131,12.5523,synthetic,-0.1723169312953478,-0.752669882367221,0.5937505349345118,-0.35753374639334057,-0.77509632596926,-0.5089949222940969,0.5937505349345118,0.7631838063366222,66.66666666666666,0.6666666666666666,1.0,2.5620374296041235,1.0986122886681098,266.66666666666663,1.0,11.9622,11722.36,14.0
2001000847,Dr. Rebecca Smith,Orthopedics,Portland,OR,Fentora,REP-S802,Sophia Vargas,TERR-S08,3,1.0,4,2,3,-0.6252496128786839,-2.1247102919043623,-1.5923392723871816,4.0906,0.0284549664861935,2.5004,synthetic,-1.1244163254332475,-0.752669882367221,1.5549138739007082,-3.823830609837312,-0.77509632596926,-1.444077918219429,1.5549138739007082,0.15685061513558496,50.0,0.6666666666666666,1.5,1.2244222811933454,1.0986122886681098,50.0,1.5,2.4022,4804.93,16.0
2001000848,Dr. William Hall,Internal Medicine,Nashville,TN,Abstral,REP-S850,Sadie Kim,TERR-S14,3,6.0,3,2,2,-0.2754092814729272,-0.14976000836937242,0.3951305203527917,3.0623,0.028197762365108847,14.5158,synthetic,-0.1723169312953478,-0.752669882367221,0.5937505349345118,0.03538393554877851,-0.77509632596926,0.06644076750610747,0.5937505349345118,0.932193148947194,66.66666666666666,0.6666666666666666,1.0,2.7136610972094535,1.0986122886681098,399.99999999999994,1.0,14.0844,31558.3,18.0
2001000849,Dr. Margaret Carter,Family Practice,Detroit,MI,Subsys,REP-S793,Spencer Gomez,TERR-S13,3,3.0,2,1,1,0.9490318784472211,-0.7343738290103774,-0.3454307621168522,2.0798,0.018830220340423143,10.8473,synthetic,-1.1244163254332475,-1.198329681137286,0.5937505349345118,-0.6393943299561946,-1.6863788313340304,-1.0125011508692756,0.5937505349345118,0.7439999644994573,50.0,0.3333333333333333,1.0,2.453269773178129,0.6931471805599453,150.0,1.0,10.6263,21589.59,25.0
2001000850,Dr. Ashley Perez,Family Practice,Houston,TX,Subsys,REP-S644,Sarah Dubois,TERR-S04,3,8.0,4,2,1,0.0744310499328295,0.7755192962002897,0.24202919159092706,3.779,0.03532142887928691,20.2967,synthetic,-1.1244163254332475,-0.752669882367221,-0.3674128040316846,0.8376028340597941,-0.77509632596926,0.06644076750610772,-0.3674128040316846,1.369324572588256,50.0,0.6666666666666666,0.5,3.023230702255801,1.0986122886681098,400.0,0.5,19.5576,29497.4,20.0
2001000851,Dr. Jessica Scott,Pain Management,Denver,CO,Subsys,REP-S716,Sasha Rossi,TERR-S06,2,10.0,7,3,0,-0.10048911577004885,1.5066373639618218,1.2962799343950246,2.7981,0.026500178601633895,24.5505,synthetic,-1.5324589229209193,-0.3070100835971559,-1.328576142997881,1.3323686217519568,-0.12853109880191332,0.18974841532043718,-1.328576142997881,1.6129238857043504,42.857142857142854,1.0,0.0,3.214156707328224,1.3862943611198906,428.57142857142856,0.0,23.8823,43688.69,19.0
2001000852,Dr. Ashley Flores,Family Practice,New York,NY,Subsys,REP-S726,Stella Santos,TERR-S02,3,2.0,4,2,2,0.7741117127443429,-0.9578663453885645,-0.7983058149311225,2.5898,0.023109496240635963,9.5452,synthetic,-1.1244163254332475,-0.752669882367221,0.5937505349345118,-0.9521983965545759,-0.77509632596926,-1.2282895345443523,0.5937505349345118,0.6514401879950971,50.0,0.6666666666666666,1.0,2.332561283844999,1.0986122886681098,100.0,1.0,9.3043,15493.43,24.0
2001000854,Dr. Kimberly Walker,Pain Management,Nashville,TN,Fentora,REP-S648,Serena Dubois,TERR-S08,3,5.0,4,2,2,-0.45032944717580553,-0.36762294774650534,0.009017868986918016,4.8736,0.04421063758449906,13.4193,synthetic,-1.1244163254332475,-0.752669882367221,0.5937505349345118,-0.19603889768986632,-0.77509632596926,-0.5809243835191223,0.5937505349345118,0.8641751491400391,50.0,0.6666666666666666,1.0,2.6243569494047003,1.0986122886681098,250.0,1.0,12.7957,26360.83,17.0
2001000855,Dr. Carol Lee,Pain Management,Portland,OR,Subsys,REP-S563,Sean Kapoor,TERR-S07,1,1.0,11,7,2,-1.3249302756901973,-1.2524808751104,-1.237378792986469,10.356,0.0875115477782118,8.3446,synthetic,-0.34542591204769296,1.4756291114831046,-0.7793399493029116,-1.4323180802355329,1.4293166337302035,-1.3852265408534992,-0.7793399493029116,0.5106830269338387,63.63636363636363,2.3333333333333335,0.2857142857142857,2.1472870885749034,2.0794415416798357,63.63636363636363,0.2857142857142857,7.5616,9583.06,12.0
2001000857,Dr. James Allen,Pain Management,Boston,MA,Subsys,REP-S810,Sadie Vargas,TERR-S02,2,8.0,6,5,5,0.9490318784472211,0.6053471577840389,-0.09029555833541042,6.5725,0.06049283109629666,19.7702,synthetic,0.7797824628425536,0.5843095139429743,0.5937505349345118,0.7075034622059924,0.7827514065628568,1.2173121471065171,0.5937505349345118,1.2528672281857862,83.33333333333334,1.6666666666666667,1.0,2.973026436018353,1.791759469228055,666.6666666666667,1.0,18.551,25023.97,25.0
2001000858,Dr. Jennifer Nguyen,Oncology,Miami,FL,Subsys,REP-S543,Sean Chen,TERR-S01,1,7.0,10,6,1,1.4737923755558562,0.11655448561743403,-0.36453258397358396,4.2369,0.039054014200813114,16.3232,synthetic,-0.5531566889505074,1.0299693127130392,-1.0081883633424822,0.2927917398720426,1.1292049358741694,0.1527561209761384,-1.0081883633424822,1.0455874992713303,60.0,2.0,0.16666666666666666,2.8129926293736838,1.9459101490553132,420.0,0.16666666666666666,15.6597,21332.46,28.0
2001000860,Dr. Robert Ramirez,Neurology,Columbus,OH,Abstral,REP-S516,Sasha Brooks,TERR-S02,3,8.0,3,2,2,-0.6252496128786839,0.7700249642923536,-0.620646911202588,2.8873,0.027098308276049643,20.0889,synthetic,-0.1723169312953478,-0.752669882367221,0.5937505349345118,0.8335027850812781,-0.77509632596926,0.6418764573063119,0.5937505349345118,1.3363605061189827,66.66666666666666,0.6666666666666666,1.0,3.0216485274338094,1.0986122886681098,533.3333333333333,1.0,19.5251,17884.9,16.0
2001000861,Dr. Donna Lewis,Oncology,Charlotte,NC,Fentora,REP-S745,Simon Tanaka,TERR-S07,1,10.0,14,10,1,-0.45032944717580553,1.838968369027056,2.007480885381693,7.2385,0.06736735169156649,27.7191,synthetic,0.09971146702976721,2.8126085077932994,-1.1363434752046417,1.5294144507979859,2.145041139077878,1.4228248934637329,-1.1363434752046417,1.7258600254101464,71.42857142857143,3.3333333333333335,0.1,3.290195054950088,2.3978952727983707,714.2857142857143,0.1,25.8481,53262.18,17.0
2001000862,Dr. Charles Thompson,Pain Management,Austin,TX,Subsys,REP-S501,Samuel Brooks,TERR-S01,1,7.0,10,9,9,0.5991915470414645,0.22975462855755038,0.4782869250187961,9.4031,0.08489374029637631,17.8647,synthetic,1.1606222204977132,2.3669487090232346,0.5937505349345118,0.39490868708969806,1.930831586388866,1.0590673324114606,0.5937505349345118,1.1028216715656385,90.0,3.0,1.0,2.8523987105285697,2.302585092994046,630.0,1.0,16.3293,32677.67,23.0
2001000863,Dr. David Jones,Palliative Care,Phoenix,AZ,Subsys,REP-S566,Stella Kapoor,TERR-S10,2,2.0,7,5,5,0.9490318784472211,-0.8877079533333847,-0.3029079805246878,4.3696,0.038855381474351525,10.144,synthetic,0.09971146702976721,0.5843095139429743,0.5937505349345118,-0.8498780502856591,0.7827514065628568,-1.043328062822858,0.5937505349345118,0.6200876401437473,71.42857142857143,1.6666666666666667,1.0,2.372045855003153,1.791759469228055,142.85714285714286,1.0,9.7193,22161.99,25.0
2001000864,Dr. Michelle Sanchez,Palliative Care,Nashville,TN,Abstral,REP-S683,Sean Larsson,TERR-S01,2,4.0,6,4,3,-0.9750899442844405,-0.42576143215078555,-0.759494490656122,7.8425,0.07007862963798273,13.4283,synthetic,-0.1723169312953478,0.13864971517290903,0.11316886545141361,-0.2614562779737287,0.37298385385674826,-0.5089949222940969,0.11316886545141361,0.7944200999600703,66.66666666666666,1.3333333333333333,0.75,2.5991129260898296,1.6094379124341003,266.66666666666663,0.75,12.4518,16015.87,14.0
2001000865,Dr. Sarah Ramirez,Internal Medicine,Chicago,IL,Subsys,REP-S771,Silas Muller,TERR-S05,3,10.0,5,4,4,-1.1500101099873188,1.9224314971177603,0.7631048727082834,6.8442,0.06385641135456499,28.1447,synthetic,0.589362584014973,0.13864971517290903,0.5937505349345118,1.5766339487468797,0.37298385385674826,1.7927478369067211,0.5937505349345118,1.74346408018355,80.0,1.3333333333333333,1.0,3.308416666729189,1.6094379124341003,800.0,1.0,26.3418,36511.61,13.0
2001000866,Dr. Richard Mitchell,Anesthesiology,Seattle,WA,Lazanda,REP-S819,Solomon Vargas,TERR-S11,3,9.0,3,2,2,-0.8001697785815622,1.0944948483200805,0.6082258182939019,5.7761,0.05372057374471284,22.6831,synthetic,-0.1723169312953478,-0.752669882367221,0.5937505349345118,1.065154865616896,-0.77509632596926,0.9295943022064139,0.5937505349345118,1.4391735210047754,66.66666666666666,0.6666666666666666,1.0,3.111041139865005,1.0986122886681098,599.9999999999999,1.0,21.4444,34426.78,15.0
2001000867,Dr. Stephanie Davis,Neurology,Chicago,IL,Subsys,REP-S522,Sophia Patel,TERR-S08,3,6.0,2,2,1,-1.4998504413930756,-0.06781838757625042,-0.1317188689849403,3.4293,0.03158509969049117,15.0687,synthetic,1.7318818569804533,-0.752669882367221,-0.3674128040316846,0.11734238260862635,-0.77509632596926,0.9295943022064145,-0.3674128040316846,0.9971559607734698,100.0,0.6666666666666666,0.5,2.745288180707014,1.0986122886681098,600.0,0.5,14.5691,24466.37,11.0
2001000868,Dr. Karen Scott,Internal Medicine,Phoenix,AZ,Actiq,REP-S582,Sophia Nakamura,TERR-S12,2,4.0,9,7,3,-1.1500101099873188,-0.4918286601391332,-0.09323887176427426,5.8424,0.052549300320424486,12.7657,synthetic,0.46241599812992007,1.4756291114831046,-0.504721852455427,-0.3378565643663657,1.4293166337302035,-0.31718302569402845,-0.504721852455427,0.7982719582979826,77.77777777777779,2.3333333333333335,0.42857142857142855,2.569630690595384,2.0794415416798357,311.11111111111114,0.42857142857142855,12.061,24984.35,13.0
2001000869,Dr. Charles Smith,Emergency Medicine,Seattle,WA,Subsys,REP-S511,Silas Brooks,TERR-S11,3,4.0,2,1,1,1.823632706961613,-0.5920283685032418,-0.16292601449723293,3.3394,0.030247768981803702,11.8512,synthetic,-1.1244163254332475,-1.198329681137286,0.5937505349345118,-0.45820449826358745,-1.6863788313340304,-0.796712767194199,0.5937505349345118,0.7847839422444784,50.0,0.3333333333333333,1.0,2.523189423213305,0.6931471805599453,200.0,1.0,11.4683,24046.29,30.0
2001000870,Dr. Laura Adams,Pain Management,Baltimore,MD,Subsys,REP-S601,Samuel O'Connor,TERR-S03,3,5.0,2,1,2,0.9490318784472211,-0.3208450511641722,-0.8949626827325988,3.395,0.03104983488327573,13.5162,synthetic,-1.1244163254332475,-1.198329681137286,2.5160772128669047,-0.14457761081634588,-1.6863788313340304,-0.5809243835191223,2.5160772128669047,0.8828624631413872,50.0,0.3333333333333333,2.0,2.644215432272882,0.6931471805599453,250.0,2.0,13.0724,14192.33,25.0
2001000871,Dr. William King,Neurology,Austin,TX,Fentora,REP-S782,Sophia Gomez,TERR-S02,3,4.0,5,4,0,0.0744310499328295,-0.45576893718643474,-0.17990541170321675,4.2587,0.03862134218500479,12.797,synthetic,0.589362584014973,0.13864971517290903,-1.328576142997881,-0.29587808972913326,0.37298385385674826,-0.278820646374015,-1.328576142997881,0.8400924840464956,80.0,1.3333333333333333,0.0,2.585829835040892,1.6094379124341003,320.0,0.0,12.2743,23817.73,20.0
2001000872,Dr. Patricia Carter,Pain Management,Seattle,WA,Subsys,REP-S522,Sophia Patel,TERR-S08,3,6.0,4,3,2,-0.10048911577004885,-0.12676834253924135,-0.5111455484023605,3.3633,0.03094127308104122,14.6987,synthetic,0.30373276577360286,-0.3070100835971559,-0.04702502437628586,0.05864314626077333,-0.12853109880191332,0.2822291511811844,-0.04702502437628586,0.9603942176536658,75.0,1.0,0.6666666666666666,2.7226366332971303,1.3862943611198906,450.0,0.6666666666666666,14.2204,19358.9,19.0
2001000873,Dr. Laura Flores,Family Practice,Atlanta,GA,Abstral,REP-S829,Seth Alvarez,TERR-S07,3,9.0,4,4,1,1.1239520441500994,1.1739682461637913,1.0506291532653502,4.057,0.038066931788591774,22.8036,synthetic,1.7318818569804533,0.13864971517290903,-0.8479944735147827,1.1188713843281684,0.37298385385674826,2.224324604256875,-0.8479944735147827,1.5343428307146754,100.0,1.3333333333333333,0.25,3.1317698979543223,1.6094379124341003,900.0,0.25,21.9145,40381.98,26.0
2001000874,Dr. Sandra Clark,Anesthesiology,Portland,OR,Actiq,REP-S554,Selena Chen,TERR-S12,1,3.0,10,8,4,-0.45032944717580553,-0.7550832338941353,0.019033454965701347,7.276,0.06431683068174143,11.268,synthetic,0.589362584014973,1.9212889102531692,-0.3674128040316846,-0.6668433731254826,1.6940339119276273,-0.6240820602541377,-0.3674128040316846,0.7049295307833261,80.0,2.6666666666666665,0.5,2.4426774155702637,2.1972245773362196,240.0,0.5,10.5038,26495.65,17.0
2001000875,Dr. Susan Jones,Oncology,Detroit,MI,Abstral,REP-S773,Spencer Muller,TERR-S07,1,6.0,13,9,6,1.1239520441500994,0.07555831676591308,-0.3066892691044244,8.2452,0.07457949176923506,16.6884,synthetic,-0.025840101427978244,2.3669487090232346,-0.04702502437628586,0.2547938661411184,1.930831586388866,0.13283719325228505,-0.04702502437628586,1.0293959394985825,69.23076923076923,3.0,0.6666666666666666,2.798329565731932,2.302585092994046,415.38461538461536,0.6666666666666666,15.4172,22111.09,26.0
2001000876,Dr. Joseph Nelson,Pain Management,Austin,TX,Fentora,REP-S693,Spencer Larsson,TERR-S11,2,8.0,5,3,0,1.6487125412587345,0.7853414710880148,1.265622524354049,2.6745,0.02512825000854324,20.1403,synthetic,-0.5531566889505074,-0.3070100835971559,-1.328576142997881,0.8449163348951709,-0.12853109880191332,0.41170218138623044,-1.328576142997881,1.324773202949918,60.0,1.0,0.0,3.026052921439762,1.3862943611198906,480.0,0.0,19.6157,43276.01,29.0
2001000877,Dr. Sandra Hill,Palliative Care,Austin,TX,Fentora,REP-S712,Sienna Rossi,TERR-S02,2,3.0,6,5,0,-1.3249302756901973,-0.7674243486411911,-0.8358787486241152,3.1715,0.028528521029146603,10.7616,synthetic,0.7797824628425536,0.5843095139429743,-1.328576142997881,-0.6833400978710757,0.7827514065628568,-0.5809243835191222,-1.328576142997881,0.6654810692962866,83.33333333333334,1.6666666666666667,0.0,2.4363114666085397,1.791759469228055,250.00000000000003,0.0,10.4308,14987.66,12.0
2001000878,Dr. Melissa Hall,Palliative Care,Las Vegas,NV,Subsys,REP-S546,Stella Chen,TERR-S04,2,6.0,5,3,2,-0.45032944717580553,0.1130043019230754,1.000681971267314,5.4325,0.049795060441182315,16.4882,synthetic,-0.5531566889505074,-0.3070100835971559,-0.04702502437628586,0.2895231490442746,-0.12853109880191332,-0.10618993943395362,-0.04702502437628586,0.9977431067994629,60.0,1.0,0.6666666666666666,2.811731307341146,1.3862943611198906,360.0,0.6666666666666666,15.6387,39709.64,17.0
2001000879,Dr. Ashley White,Palliative Care,New York,NY,Fentora,REP-S677,Stanley Kowalski,TERR-S09,3,7.0,3,2,3,0.0744310499328295,0.2130856708307051,0.2655734703645201,6.4432,0.05892340508259375,17.2765,synthetic,-0.1723169312953478,-0.752669882367221,1.5549138739007082,0.38012206645267943,-0.77509632596926,0.3541586124062098,1.5549138739007082,1.035512481442194,66.66666666666666,0.6666666666666666,1.5,2.8466926765282885,1.0986122886681098,466.66666666666663,1.5,16.2307,29814.33,20.0
2001000880,Dr. Robert Allen,Anesthesiology,New York,NY,Actiq,REP-S656,Sasha Dubois,TERR-S02,2,3.0,6,4,3,-0.8001697785815622,-0.7270029714354236,-1.0688217257370956,5.6549,0.050413293936411474,11.2733,synthetic,-0.1723169312953478,0.13864971517290903,0.11316886545141361,-0.6296944472744439,0.37298385385674826,-0.7967127671941991,0.11316886545141361,0.7160768103453047,66.66666666666666,1.3333333333333333,0.75,2.4570128772814592,1.6094379124341003,199.99999999999997,0.75,10.6699,11852.01,15.0
2001000881,Dr. Richard Rodriguez,Pain Management,Jacksonville,FL,Abstral,REP-S745,Simon Tanaka,TERR-S07,1,2.0,10,7,3,-0.10048911577004885,-0.9944501430770969,-0.7131852202838168,9.7275,0.08400077307934106,9.9719,synthetic,0.01810294753223279,1.4756291114831046,-0.504721852455427,-1.007199835166981,1.4293166337302035,-1.055658827604291,-0.504721852455427,0.6137637907945451,70.0,2.3333333333333335,0.42857142857142855,2.3113366858458417,2.0794415416798357,140.0,0.42857142857142855,9.0879,16639.24,19.0
2001000882,Dr. Charles Young,Pain Management,Boston,MA,Abstral,REP-S677,Stanley Kowalski,TERR-S09,3,1.0,3,3,2,1.298872209852978,-1.3422667113043902,-1.2792842365020591,5.8579,0.05000799081078311,7.4423,synthetic,1.7318818569804533,-0.3070100835971559,-0.04702502437628586,-1.5982721497674521,-0.12853109880191332,-1.2282895345443523,-0.04702502437628586,0.47481446001618083,100.0,1.0,0.6666666666666666,2.0832467925208147,1.3862943611198906,100.0,0.6666666666666666,7.0305,9018.97,27.0
2001000883,Dr. William Jackson,Pain Management,Jacksonville,FL,Fentora,REP-S708,Serena Rossi,TERR-S12,1,5.0,11,6,7,-0.6252496128786839,-0.26302777385604814,-0.5526126893124413,6.835,0.06166878341698423,14.3313,synthetic,-0.8647528543047296,1.0299693127130392,0.9141383145899108,-0.0823521849342061,1.1292049358741694,-0.4828387545759058,0.9141383145899108,0.9059599022034075,54.54545454545454,2.0,1.1666666666666667,2.6682277069150384,1.9459101490553132,272.7272727272727,1.1666666666666667,13.4144,18800.71,16.0
2001000884,Dr. Deborah Taylor,Anesthesiology,Los Angeles,CA,Subsys,REP-S841,Samuel Kim,TERR-S05,3,9.0,3,2,1,-1.3249302756901973,1.141154405445935,-0.5288210295767555,3.1059,0.029259124986403595,22.395,synthetic,-0.1723169312953478,-0.752669882367221,-0.3674128040316846,1.096827119362548,-0.77509632596926,0.9295943022064139,-0.3674128040316846,1.4576963937266663,66.66666666666666,0.6666666666666666,0.5,3.123263199331776,1.0986122886681098,599.9999999999999,0.5,21.7204,19120.97,12.0
2001000885,Dr. Charles Brown,Pain Management,Detroit,MI,Actiq,REP-S678,Summer Kowalski,TERR-S10,2,3.0,8,5,1,0.42427138133858616,-0.6056881229082022,0.20876648114737087,4.7905,0.04309428477700106,11.933,synthetic,-0.41034177982982234,0.5843095139429743,-0.9441108074114024,-0.47505255111399164,0.7827514065628568,-0.8506598631129682,-0.9441108074114024,0.7690704307565975,62.5,1.6666666666666667,0.2,2.516687899656106,1.791759469228055,187.5,0.2,11.3875,29049.65,22.0
2001000886,Dr. Linda Scott,Pain Management,Boston,MA,Subsys,REP-S770,Sadie Muller,TERR-S04,2,3.0,6,5,0,0.9490318784472211,-0.7353374502988462,-0.4605721136984864,4.8487,0.043363896511393385,11.1356,synthetic,0.7797824628425536,0.5843095139429743,-1.328576142997881,-0.6406651217108225,0.7827514065628568,-0.5809243835191222,-1.328576142997881,0.7172767874330204,83.33333333333334,1.6666666666666667,0.0,2.4527793852025948,1.791759469228055,250.00000000000003,0.0,10.6206,20039.67,25.0
2001000887,Dr. Carol Hill,Oncology,Houston,TX,Actiq,REP-S643,Sean Dubois,TERR-S03,2,6.0,5,3,1,1.4737923755558562,0.007597657473907774,-0.3630921284615783,5.8139,0.0530768819290901,15.8882,synthetic,-0.5531566889505074,-0.3070100835971559,-0.6878005836870834,0.19054968774825562,-0.12853109880191332,-0.10618993943395362,-0.6878005836870834,1.002554673401079,60.0,1.0,0.3333333333333333,2.7735382712753696,1.3862943611198906,360.0,0.3333333333333333,15.0152,21351.85,28.0
2001000888,Dr. Jessica Nelson,Pain Management,Austin,TX,Actiq,REP-S656,Sasha Dubois,TERR-S02,2,4.0,5,3,4,0.7741117127443429,-0.5689859857631911,-0.44126376959712443,6.0431,0.05414571918761579,12.3059,synthetic,-0.5531566889505074,-0.3070100835971559,1.2345260942453093,-0.43002974400838184,-0.12853109880191332,-0.6240820602541377,1.2345260942453093,0.7837325770149736,60.0,1.0,1.3333333333333333,2.5340618266972554,1.3862943611198906,240.0,1.3333333333333333,11.6046,20299.58,24.0
2001000889,Dr. Sandra Johnson,Pain Management,Atlanta,GA,Abstral,REP-S720,Sloan Rossi,TERR-S10,3,2.0,3,1,1,0.7741117127443429,-1.1368463204941521,-1.2589351094340548,4.1274,0.03614550612410783,8.5859,synthetic,-2.076515719571148,-1.198329681137286,0.5937505349345118,-1.2331412737481937,-1.6863788313340304,-1.3721484569944034,0.5937505349345118,0.5568779050578793,33.33333333333333,0.3333333333333333,1.0,2.2241477626790944,0.6931471805599453,66.66666666666666,1.0,8.2456,9292.89,24.0
2001000890,Dr. Lisa Davis,Pain Management,Seattle,WA,Actiq,REP-S631,Silas Novak,TERR-S05,3,2.0,2,1,0,-0.8001697785815622,-1.0839147721749307,-0.9005172396502196,0.7151,0.006382135060042149,8.6199,synthetic,-1.1244163254332475,-1.198329681137286,-1.328576142997881,-1.1468373369361597,-1.6863788313340304,-1.2282895345443523,-1.328576142997881,0.5780235429827875,50.0,0.3333333333333333,0.0,2.2574517345531495,0.6931471805599453,100.0,0.0,8.5587,14117.56,15.0
2001000891,Dr. Ashley Rivera,Anesthesiology,Miami,FL,Fentora,REP-S847,Scott Kim,TERR-S11,3,6.0,5,3,4,-0.8001697785815622,-0.015038989986787666,-0.6274487733314814,5.2424,0.047952350373349883,15.6614,synthetic,-0.5531566889505074,-0.3070100835971559,1.2345260942453093,0.1687924043340161,-0.12853109880191332,-0.10618993943395362,1.2345260942453093,0.9987116878125926,60.0,1.0,1.3333333333333333,2.765142316448166,1.3862943611198906,360.0,1.3333333333333333,14.8813,17793.34,15.0
2001000892,Dr. James Baker,Palliative Care,Seattle,WA,Actiq,REP-S839,Solomon Alvarez,TERR-S03,3,3.0,2,2,3,-0.10048911577004885,-0.672144180539265,-0.6621987410906826,4.0294,0.03626818805282728,11.4374,synthetic,1.7318818569804533,-0.752669882367221,1.5549138739007082,-0.5586201076182477,-0.77509632596926,-0.36513599984404566,1.5549138739007082,0.7014385347500761,100.0,0.6666666666666666,1.5,2.4844398741985563,1.0986122886681098,300.0,1.5,10.9944,17325.57,19.0
2001000893,Dr. Laura Martin,Pain Management,Phoenix,AZ,Actiq,REP-S622,Sophia Novak,TERR-S10,3,5.0,2,2,0,1.1239520441500994,-0.2755041336962223,0.5078938945780924,2.2593,0.020799435924102827,13.642,synthetic,1.7318818569804533,-0.752669882367221,-1.328576142997881,-0.09565392677459941,-0.77509632596926,0.4980175348562611,-1.328576142997881,0.900975717984761,100.0,0.6666666666666666,0.0,2.663094675300348,1.0986122886681098,500.0,0.0,13.3406,33076.21,26.0
2001000894,Dr. Melissa Wright,Internal Medicine,Chicago,IL,Lazanda,REP-S798,Summer Gomez,TERR-S04,3,3.0,4,3,3,-0.6252496128786839,-0.8319362580586767,-0.9063949518786822,4.5143,0.04023245684121113,10.5028,synthetic,0.30373276577360286,-0.3070100835971559,0.5937505349345118,-0.7713270654441128,-0.12853109880191332,-0.6888185753566607,0.5937505349345118,0.665118527761221,75.0,1.0,1.0,2.4023580271528413,1.3862943611198906,225.0,1.0,10.0492,14038.44,16.0
2001000896,Dr. Jessica Jackson,Pain Management,New York,NY,Abstral,REP-S581,Samuel Nakamura,TERR-S11,2,2.0,9,4,2,-0.9750899442844405,-1.0660962311565791,-0.5652551193811949,5.4693,0.04786288730199084,9.1379,synthetic,-1.441782790145881,0.13864971517290903,-0.3674128040316846,-1.1184193776915405,0.37298385385674826,-1.2762425086943696,-0.3674128040316846,0.5851418765416673,44.44444444444444,1.3333333333333333,0.5,2.2684179888210414,1.6094379124341003,88.88888888888889,0.5,8.6641,18630.53,14.0
2001000897,Dr. Rebecca Thompson,Pain Management,Detroit,MI,Fentora,REP-S599,Solomon Nakamura,TERR-S01,1,6.0,10,4,1,3.7477545296932746,-0.016053328185175846,-0.5741207181848443,4.7684,0.043710111691098064,15.5846,synthetic,-1.6956759619159878,0.13864971517290903,-0.8479944735147827,0.16781318083235588,0.37298385385674826,-0.6240820602541377,-0.8479944735147827,1.0046237873662889,40.0,1.3333333333333333,0.25,2.7647644422379924,1.6094379124341003,240.0,0.25,14.8753,18511.19,41.0
2001000898,Dr. Michelle Rivera,Anesthesiology,Portland,OR,Subsys,REP-S549,Seth Chen,TERR-S07,2,9.0,7,6,1,-1.1500101099873188,1.096743297993174,1.0570707157947992,6.1238,0.05686225774348186,22.7717,synthetic,0.9157966620051099,1.0299693127130392,-1.0081883633424822,1.0666900112172735,1.1292049358741694,1.6694401890923913,-1.0081883633424822,1.4400661087120257,85.71428571428571,2.0,0.16666666666666666,3.111633539792356,1.9459101490553132,771.4285714285713,0.16666666666666666,21.4577,40468.69,13.0
2001000899,Dr. Jessica Adams,Anesthesiology,Baltimore,MD,Abstral,REP-S695,Stephen Larsson,TERR-S13,3,6.0,2,1,2,0.24935121563570783,-0.062273338758395254,-0.7618397810384852,1.5175,0.014103475096943097,14.8235,synthetic,-1.1244163254332475,-1.198329681137286,2.5160772128669047,0.12279603986083687,-1.6863788313340304,-0.36513599984404566,2.5160772128669047,0.9799606347745625,50.0,0.3333333333333333,2.0,2.747392701710893,0.6931471805599453,300.0,2.0,14.6019,15984.3,21.0
2001000900,Dr. Linda Davis,Palliative Care,Nashville,TN,Actiq,REP-S589,Seth Nakamura,TERR-S05,3,6.0,4,3,0,0.9490318784472211,0.029879286565167293,-0.940580326451125,2.8895,0.026746309701622284,15.5847,synthetic,0.30373276577360286,-0.3070100835971559,-1.328576142997881,0.21178881487873152,-0.12853109880191332,0.2822291511811844,-1.328576142997881,0.9663728339754241,75.0,1.0,0.0,2.781734273899484,1.3862943611198906,450.0,0.0,15.147,13578.27,25.0
2001000901,Dr. Jennifer Taylor,Pain Management,Seattle,WA,Abstral,REP-S788,Serena Gomez,TERR-S08,2,3.0,5,4,0,0.7741117127443429,-0.6617134027325069,-0.17611669426575977,3.0089,0.02721401089607456,11.3887,synthetic,0.589362584014973,0.13864971517290903,-1.328576142997881,-0.5453239370260449,0.37298385385674826,-0.6240820602541377,-1.328576142997881,0.7466888772327569,80.0,1.3333333333333333,0.0,2.489570755914877,1.6094379124341003,240.0,0.0,11.0561,23868.73,24.0
2001000902,Dr. Deborah Perez,Palliative Care,Miami,FL,Actiq,REP-S562,Sophia Kapoor,TERR-S06,2,10.0,5,2,2,-0.6252496128786839,2.6396700371980146,1.92254972660626,2.3027,0.02205399600606439,31.2887,synthetic,-1.6956759619159878,-0.752669882367221,0.5937505349345118,1.9504348506467204,-0.77509632596926,0.06644076750610772,0.5937505349345118,1.9512730774039717,40.0,0.6666666666666666,1.0,3.4526633278111993,1.0986122886681098,400.0,1.0,30.5844,52118.92,16.0
2001000903,Dr. Charles Hill,Pain Management,Columbus,OH,Fentora,REP-S709,Seth Rossi,TERR-S13,2,7.0,9,8,4,1.4737923755558562,0.43287585278477547,0.3178726287168675,10.5636,0.09524738311447445,19.3826,synthetic,1.0971489275551862,1.9212889102531692,-0.3674128040316846,0.5686245356568127,1.6940339119276273,1.0255002505064483,-0.3674128040316846,1.1839666219545784,88.88888888888889,2.6666666666666665,0.5,2.919434212597927,2.1972245773362196,622.2222222222222,0.5,17.5308,30518.33,28.0
2001000904,Dr. Charles Martinez,Oncology,Phoenix,AZ,Subsys,REP-S568,Serena Kapoor,TERR-S12,1,8.0,10,8,6,0.0744310499328295,0.5913831019195622,1.3112832554473541,9.4403,0.08576970665307915,20.2119,synthetic,0.589362584014973,1.9212889102531692,0.11316886545141361,0.6965319957301405,1.6940339119276273,1.1022250091464758,0.11316886545141361,1.2331224845650066,80.0,2.6666666666666665,0.75,2.968792638298039,2.1972245773362196,640.0,0.75,18.4684,43890.65,20.0
2001000905,Dr. Sharon Torres,Pain Management,Baltimore,MD,Subsys,REP-S789,Seth Gomez,TERR-S09,3,1.0,3,2,2,1.298872209852978,-1.716506789599695,-1.4570850314130552,4.3794,0.0356152294215859,5.0277,synthetic,-0.1723169312953478,-0.752669882367221,0.5937505349345118,-2.4339898395618618,-0.77509632596926,-1.3721484569944034,0.5937505349345118,0.325309194368244,66.66666666666666,0.6666666666666666,1.0,1.76075028235371,1.0986122886681098,66.66666666666666,1.0,4.8168,6625.59,27.0
2001000907,Dr. Linda Mitchell,Oncology,Houston,TX,Subsys,REP-S523,Sean Patel,TERR-S09,3,5.0,4,3,2,2.1734730383673697,-0.2049907232716068,0.20187844426891957,4.9189,0.044840283047642426,14.4345,synthetic,0.30373276577360286,-0.3070100835971559,-0.04702502437628586,-0.021357677208346627,-0.12853109880191332,-0.04145342433143062,-0.04702502437628586,0.9185922551980676,75.0,1.0,0.6666666666666666,2.691764980471841,1.3862943611198906,375.0,0.6666666666666666,13.7577,28956.93,32.0
2001000908,Dr. Joseph Nguyen,Pain Management,Miami,FL,Subsys,REP-S555,Stephen Chen,TERR-S13,3,2.0,5,4,2,2.1734730383673697,-0.9176309301858351,-0.1222812481368121,8.7283,0.0760398114737435,10.3752,synthetic,0.589362584014973,0.13864971517290903,-0.3674128040316846,-0.893025181686331,0.37298385385674826,-0.9693434741342604,-0.3674128040316846,0.64445231801613,80.0,1.3333333333333333,0.5,2.355395735626284,1.6094379124341003,160.0,0.5,9.5423,24593.41,32.0
2001000909,Dr. Nancy Johnson,Pain Management,Las Vegas,NV,Subsys,REP-S541,Samuel Chen,TERR-S13,3,2.0,3,2,3,-1.3249302756901973,-1.1139053715739402,-0.7724058453743579,4.7448,0.04151888316455965,8.779,synthetic,-0.1723169312953478,-0.752669882367221,1.5549138739007082,-1.1953830531585465,-0.77509632596926,-1.0844306120943012,1.5549138739007082,0.5660425906740084,66.66666666666666,0.6666666666666666,1.5,2.2387183461655784,1.0986122886681098,133.33333333333331,1.5,8.3813,15842.07,12.0
2001000910,Dr. Donna Campbell,Anesthesiology,Chicago,IL,Actiq,REP-S731,Silas Santos,TERR-S07,2,7.0,7,3,3,-1.4998504413930756,0.3723029567043637,1.1868692036589874,6.7655,0.06197125825169758,18.3343,synthetic,-1.5324589229209193,-0.3070100835971559,0.5937505349345118,0.518028083805967,-0.12853109880191332,-0.36513599984404566,0.5937505349345118,1.1524783761473625,42.857142857142854,1.0,1.0,2.8999094623766535,1.3862943611198906,300.0,1.0,17.1725,42215.91,11.0
2001000911,Dr. John Rivera,Oncology,Charlotte,NC,Abstral,REP-S831,Silas Alvarez,TERR-S09,3,3.0,4,3,2,1.1239520441500994,-0.7954031772800639,-0.7121162076578363,3.6107,0.03237653594489531,10.636,synthetic,0.30373276577360286,-0.3070100835971559,-0.04702502437628586,-0.7211337647644768,-0.12853109880191332,-0.6888185753566607,-0.04702502437628586,0.6854070867430402,75.0,1.0,0.6666666666666666,2.42172720468806,1.3862943611198906,225.0,0.6666666666666666,10.2653,16653.63,26.0
2001000912,Dr. Deborah King,Pain Management,Los Angeles,CA,Abstral,REP-S553,Spencer Chen,TERR-S11,3,7.0,2,1,2,-0.8001697785815622,0.17733024933752356,0.2689060559379379,5.9829,0.05478441997246941,16.9776,synthetic,-1.1244163254332475,-1.198329681137286,2.5160772128669047,0.34811682148128725,-1.6863788313340304,-0.14934761616896897,2.5160772128669047,1.0818786427553098,50.0,0.3333333333333333,2.0,2.8343421185152633,0.6931471805599453,350.0,2.0,16.0192,29859.19,15.0
2001000913,Dr. John Martinez,Anesthesiology,Austin,TX,Abstral,REP-S646,Stella Dubois,TERR-S06,2,7.0,9,7,1,-0.6252496128786839,0.4111690153392694,-0.2028093229413024,5.5045,0.0507434867044676,18.3603,synthetic,0.46241599812992007,1.4756291114831046,-1.0539580461503961,0.5506062110361838,1.4293166337302035,0.6898294314563294,-1.0539580461503961,1.1679073922298362,77.77777777777779,2.3333333333333335,0.14285714285714285,2.912481090891672,2.0794415416798357,544.4444444444445,0.14285714285714285,17.4024,23509.42,16.0
2001000914,Dr. Kathleen Taylor,Oncology,Boston,MA,Abstral,REP-S559,Solomon Chen,TERR-S03,3,2.0,4,2,0,0.42427138133858616,-0.8813852452300986,-1.1366932556431633,2.0998,0.018860317224699052,9.9615,synthetic,-1.1244163254332475,-0.752669882367221,-1.328576142997881,-0.8408523020049833,-0.77509632596926,-1.2282895345443523,-1.328576142997881,0.6514482112773928,50.0,0.6666666666666666,0.0,2.3755288162443837,1.0986122886681098,100.0,0.0,9.7567,10938.39,22.0
2001000916,Dr. Rebecca Lopez,Oncology,Miami,FL,Subsys,REP-S522,Sophia Patel,TERR-S08,3,9.0,5,2,2,-0.6252496128786839,1.2640414781806577,1.414433687782323,6.1869,0.05754289023723036,23.8361,synthetic,-1.6956759619159878,-0.752669882367221,0.5937505349345118,1.1784359005371634,-0.77509632596926,-0.10618993943395362,0.5937505349345118,1.4987909265435053,40.0,0.6666666666666666,1.0,3.154755349670581,1.0986122886681098,360.0,1.0,22.4473,45279.16,16.0
2001000917,Dr. Richard Walker,Pain Management,Phoenix,AZ,Fentora,REP-S507,Scott Brooks,TERR-S07,2,5.0,7,4,4,-0.8001697785815622,-0.23425438029510462,0.3383926195124432,5.8046,0.05265305131400577,14.3731,synthetic,-0.7163737279455763,0.13864971517290903,0.5937505349345118,-0.051933103749919655,0.37298385385674826,-0.4267898237512106,0.5937505349345118,0.9174545926371965,57.14285714285714,1.3333333333333333,1.0,2.6799661775065076,1.6094379124341003,285.71428571428567,1.0,13.5846,30794.55,15.0
2001000918,Dr. Donna Young,Pain Management,Columbus,OH,Abstral,REP-S825,Simon Alvarez,TERR-S03,3,3.0,2,1,0,-0.6252496128786839,-0.6192802547666031,0.10976060853467125,1.8402,0.01675958364907526,11.5151,synthetic,-1.1244163254332475,-1.198329681137286,-1.328576142997881,-0.49192663324921626,-1.6863788313340304,-1.0125011508692756,-1.328576142997881,0.763640506485877,50.0,0.3333333333333333,0.0,2.5101763316142454,0.6931471805599453,150.0,0.0,11.3071,27716.93,16.0
2001000919,Dr. Deborah Allen,Oncology,Houston,TX,Actiq,REP-S524,Sarah Patel,TERR-S10,3,2.0,5,4,2,1.298872209852978,-1.0860110711182662,-0.9703544453091326,7.4044,0.06419277770718068,9.1792,synthetic,0.589362584014973,0.13864971517290903,-0.3674128040316846,-1.1502012074919694,0.37298385385674826,-0.9693434741342604,-0.3674128040316846,0.5706306279828203,80.0,1.3333333333333333,0.5,2.256153644865507,1.6094379124341003,160.0,0.5,8.5463,13177.48,27.0
2001000920,Dr. Elizabeth Lewis,Anesthesiology,Houston,TX,Subsys,REP-S542,Sophia Chen,TERR-S14,3,6.0,5,4,1,0.5991915470414645,-0.13349678592188263,-0.20715149027893673,7.1576,0.06471512899510357,15.1955,synthetic,0.589362584014973,0.13864971517290903,-0.8479944735147827,0.05185798736986657,0.37298385385674826,0.41170218138623044,-0.8479944735147827,0.9516864091306035,80.0,1.3333333333333333,0.25,2.720018296878064,1.6094379124341003,480.0,0.25,14.1806,23450.97,23.0
2001000922,Dr. Dorothy Lopez,Palliative Care,Los Angeles,CA,Subsys,REP-S564,Sarah Kapoor,TERR-S08,3,8.0,4,3,0,-0.45032944717580553,0.5202610885759138,0.2367339018077517,4.4833,0.04160015836373798,18.8568,synthetic,0.30373276577360286,-0.3070100835971559,-1.328576142997881,0.6399195327231291,-0.12853109880191332,0.9295943022064145,-1.328576142997881,1.1514363897628745,75.0,1.0,0.0,2.9469463593755276,1.3862943611198906,600.0,0.0,18.0477,29426.12,17.0
2001000923,Dr. David Johnson,Pain Management,Los Angeles,CA,Actiq,REP-S777,Stanley Muller,TERR-S11,3,8.0,4,2,2,-0.2754092814729272,0.6699774066580034,0.8703753495350436,6.9735,0.06413929781449079,20.2537,synthetic,-1.1244163254332475,-0.752669882367221,0.5937505349345118,0.7576866214199898,-0.77509632596926,0.06644076750610772,0.5937505349345118,1.2786863830203195,50.0,0.6666666666666666,1.0,2.9923917000462756,1.0986122886681098,400.0,1.0,18.9333,37955.58,18.0
2001000925,Dr. Patricia Young,Orthopedics,Charlotte,NC,Subsys,REP-S676,Sasha Kowalski,TERR-S08,3,10.0,5,2,2,1.1239520441500994,2.1666165127430657,-0.003539129218049905,1.2147,0.011656170058350845,28.1237,synthetic,-1.6956759619159878,-0.752669882367221,0.5937505349345118,1.7100378039844433,-0.77509632596926,0.06644076750610772,0.5937505349345118,1.814287970310711,40.0,0.6666666666666666,1.0,3.359896105638201,1.0986122886681098,400.0,1.0,27.7862,26191.8,26.0
2001000926,Dr. Deborah Wright,Oncology,Austin,TX,Abstral,REP-S760,Sloan Tanaka,TERR-S08,3,1.0,5,3,3,-0.10048911577004885,-1.5650660965803453,-1.255072103419393,5.6025,0.04658434306287762,6.0327,synthetic,-0.5531566889505074,-0.3070100835971559,0.5937505349345118,-2.062807771297167,-0.12853109880191332,-1.4009202414844137,0.5937505349345118,0.3814264097228811,60.0,1.0,1.0,1.9039863573031586,1.3862943611198906,60.0,1.0,5.7126,9344.89,19.0
2001000927,Dr. Carol Flores,Oncology,Nashville,TN,Fentora,REP-S576,Sasha Kapoor,TERR-S06,2,5.0,6,3,0,0.24935121563570783,-0.398627885343903,-0.17604017703123864,4.159,0.03780753073889276,13.1368,synthetic,-1.1244163254332475,-0.3070100835971559,-1.328576142997881,-0.2307200116951205,-0.12853109880191332,-0.5809243835191223,-1.328576142997881,0.842114677615778,50.0,1.0,0.0,2.610973795772816,1.3862943611198906,250.0,0.0,12.6123,23869.76,21.0
2001000928,Dr. Charles Scott,Oncology,Charlotte,NC,Subsys,REP-S813,Spencer Vargas,TERR-S05,3,9.0,3,3,0,-1.4998504413930756,0.8704613515694195,1.631571770094931,2.1666,0.02042986815040093,20.5551,synthetic,1.7318818569804533,-0.3070100835971559,-1.328576142997881,0.9074459478184832,-0.12853109880191332,2.224324604256875,-1.328576142997881,1.3433452757932622,100.0,1.0,0.0,3.0501825793327626,1.3862943611198906,900.0,0.0,20.1192,48202.06,11.0
2001000929,Dr. Barbara Miller,Anesthesiology,Portland,OR,Fentora,REP-S644,Sarah Dubois,TERR-S04,2,1.0,7,3,1,-0.45032944717580553,-1.2899775771774815,-0.6000593178017557,2.5931,0.022561849496532282,7.5301,synthetic,-1.5324589229209193,-0.3070100835971559,-0.6878005836870834,-1.500336786287699,-0.12853109880191332,-1.4749048301730117,-0.6878005836870834,0.49258761305846044,42.857142857142854,1.0,0.3333333333333333,2.121039235267763,1.3862943611198906,42.857142857142854,0.3333333333333333,7.3398,18162.03,17.0
2001000932,Dr. Michelle Smith,Family Practice,Houston,TX,Subsys,REP-S846,Stella Kim,TERR-S10,3,9.0,5,3,4,1.1239520441500994,1.2143220008229991,-0.14064464153612558,1.2262,0.011666559250749664,22.4249,synthetic,-0.5531566889505074,-0.3070100835971559,1.2345260942453093,1.1457263342634876,-0.12853109880191332,0.6706482417963224,1.2345260942453093,1.5510554015555156,60.0,1.0,1.3333333333333333,3.1421329999211878,1.3862943611198906,540.0,1.3333333333333333,22.1532,24346.22,26.0
2001000933,Dr. Sandra Lee,Oncology,Baltimore,MD,Subsys,REP-S838,Summer Alvarez,TERR-S02,2,1.0,6,5,4,-0.8001697785815622,-1.2941532694275129,-1.102852580068952,4.5223,0.03901208110567067,7.6459,synthetic,0.7797824628425536,0.5843095139429743,0.20928519934803333,-1.5080231302223774,0.7827514065628568,-1.300218995769378,0.20928519934803333,0.48842424286031716,83.33333333333334,1.6666666666666667,0.8,2.118073139030782,1.791759469228055,83.33333333333334,0.8,7.3151,11393.92,15.0
2001000934,Dr. Kathleen Torres,Oncology,Houston,TX,Abstral,REP-S559,Solomon Chen,TERR-S03,3,3.0,2,1,1,-0.6252496128786839,-0.8261545303278646,-0.8663444941359016,0.7943,0.007201034403097495,10.1635,synthetic,-1.1244163254332475,-1.198329681137286,0.5937505349345118,-0.76331842883706,-1.6863788313340304,-1.0125011508692756,0.5937505349345118,0.6732617476805131,50.0,0.3333333333333333,1.0,2.405448493453257,0.6931471805599453,150.0,1.0,10.0834,14577.56,16.0
2001000935,Dr. Sandra Gonzalez,Family Practice,Chicago,IL,Subsys,REP-S591,Silas Nakamura,TERR-S07,3,9.0,5,4,0,0.42427138133858616,0.9418031381893854,-0.5372490686606671,2.6198,0.02467313752490874,21.0793,synthetic,0.589362584014973,0.13864971517290903,-1.328576142997881,0.958716295834518,0.37298385385674826,1.4474864230265985,-1.328576142997881,1.438191286786205,80.0,1.3333333333333333,0.0,3.0699673804828875,1.6094379124341003,720.0,0.0,20.5412,19007.52,22.0
2001000936,Dr. Robert Green,Neurology,Portland,OR,Fentora,REP-S738,Summer Santos,TERR-S14,3,8.0,2,1,0,0.7741117127443429,0.7427561723923528,-0.6015131452576583,0.0651,0.00061855368416186,19.3764,synthetic,-1.1244163254332475,-1.198329681137286,-1.328576142997881,0.8130573778943658,-1.6863788313340304,0.06644076750610772,-1.328576142997881,1.3253206164571123,50.0,0.3333333333333333,0.0,3.0137588147386687,0.6931471805599453,400.0,0.0,19.3638,18142.46,24.0
2001000937,Dr. Patricia Martin,Internal Medicine,Chicago,IL,Abstral,REP-S666,Stella Kowalski,TERR-S12,3,6.0,3,2,0,-1.1500101099873188,-0.02004305843216921,-0.8389008079448161,1.4563,0.013552966404703604,15.068,synthetic,-0.1723169312953478,-0.752669882367221,-1.328576142997881,0.16395797432964881,-0.77509632596926,0.06644076750610747,-1.328576142997881,0.9829778329370821,66.66666666666666,0.6666666666666666,0.0,2.763276750092332,1.0986122886681098,399.99999999999994,0.0,14.8517,14946.98,13.0
2001000938,Dr. Jessica Nguyen,Family Practice,Portland,OR,Subsys,REP-S659,Solomon Dubois,TERR-S05,3,6.0,4,3,4,-1.4998504413930756,-0.04863048999007472,0.6749815337703498,3.3205,0.030612040359006443,15.1701,synthetic,0.30373276577360286,-0.3070100835971559,1.2345260942453093,0.1361653762569044,-0.12853109880191332,0.2822291511811844,1.2345260942453093,1.028001644858486,75.0,1.0,1.3333333333333333,2.752551817502785,1.3862943611198906,450.0,1.3333333333333333,14.6826,35325.38,11.0
2001000939,Dr. Amanda Taylor,Pain Management,Jacksonville,FL,Actiq,REP-S758,Summer Tanaka,TERR-S06,1,7.0,13,5,6,0.24935121563570783,0.3471811806576177,0.3641752131172241,7.2545,0.0662746365944642,18.2589,synthetic,-1.783562059836409,0.5843095139429743,0.9782158705209902,0.49675059151642953,0.7827514065628568,-0.4979288513364003,0.9782158705209902,1.1497324352278588,38.46153846153847,1.6666666666666667,1.2,2.891698654956541,1.791759469228055,269.2307692307693,1.2,17.0239,31141.61,21.0
2001000940,Dr. Betty Campbell,Pain Management,Los Angeles,CA,Actiq,REP-S598,Summer Nakamura,TERR-S14,3,7.0,5,3,3,0.7741117127443429,0.1921564926706299,-0.36585269199051756,7.8256,0.07109001876209042,17.3673,synthetic,-0.5531566889505074,-0.3070100835971559,0.5937505349345118,0.3614360313393272,-0.12853109880191332,0.1527561209761384,0.5937505349345118,1.0878015825381726,60.0,1.0,1.0,2.8394818908927726,1.3862943611198906,420.0,1.0,16.1069,21314.69,24.0
2001000942,Dr. Joseph Jones,Palliative Care,Atlanta,GA,Actiq,REP-S737,Stanley Santos,TERR-S13,3,5.0,5,4,3,0.42427138133858616,-0.29878319534923026,0.3218292383388078,3.5902,0.03282866011619978,13.6769,synthetic,0.589362584014973,0.13864971517290903,0.11316886545141361,-0.12065707270233833,0.37298385385674826,0.06644076750610772,0.11316886545141361,0.8423399940380356,80.0,1.3333333333333333,0.75,2.6534461691081694,1.6094379124341003,400.0,0.75,13.2029,30571.59,22.0
2001000943,Dr. Richard Carter,Pain Management,Phoenix,AZ,Fentora,REP-S747,Scott Tanaka,TERR-S09,2,10.0,6,4,3,-0.10048911577004885,1.561665211224378,1.9118558859175947,8.611,0.0794548047210264,26.2924,synthetic,-0.1723169312953478,0.13864971517290903,0.11316886545141361,1.3660484430690247,0.37298385385674826,1.217312147106516,0.11316886545141361,1.6349069746361855,66.66666666666666,1.3333333333333333,0.75,3.2271534704342892,1.6094379124341003,666.6666666666665,0.75,24.2078,51974.97,19.0
2001000944,Dr. Margaret Perez,Pain Management,New York,NY,Fentora,REP-S600,Sloan Nakamura,TERR-S02,2,8.0,9,5,5,1.6487125412587345,0.4869569843955033,1.1360818178527623,8.4936,0.0773609855892543,19.3669,synthetic,-0.807049860720614,0.5843095139429743,0.5937505349345118,0.6129785251539165,0.7827514065628568,0.2582526641061759,0.5937505349345118,1.2055715072058657,55.55555555555556,1.6666666666666667,1.0,2.936550048483037,1.791759469228055,444.44444444444446,1.0,17.8507,41532.26,29.0
2001000945,Dr. Kimberly Hernandez,Internal Medicine,Columbus,OH,Lazanda,REP-S755,Stephen Tanaka,TERR-S03,3,2.0,2,2,2,0.7741117127443429,-0.9271995205239631,-0.20798277945786128,2.0342,0.01823867911037169,9.6787,synthetic,1.7318818569804533,-0.752669882367221,0.5937505349345118,-0.906975498898632,-0.77509632596926,-0.796712767194199,0.5937505349345118,0.627822594712476,100.0,0.6666666666666666,1.0,2.350012424166408,1.0986122886681098,200.0,1.0,9.4857,23439.78,24.0
2001000946,Dr. Nancy Nelson,Family Practice,Miami,FL,Fentora,REP-S781,Samuel Gomez,TERR-S01,2,4.0,7,4,3,-0.45032944717580553,-0.4573749726672161,-0.611639421216477,3.3774,0.030755210351471884,12.6791,synthetic,-0.7163737279455763,0.13864971517290903,0.11316886545141361,-0.29773333786681533,0.37298385385674826,-0.6734051193798696,0.11316886545141361,0.858719475696427,57.14285714285714,1.3333333333333333,0.75,2.585113910205026,1.6094379124341003,228.57142857142856,0.75,12.2648,18006.15,17.0
2001000947,Dr. Mary Wilson,Internal Medicine,Baltimore,MD,Subsys,REP-S560,Sloan Chen,TERR-S04,3,5.0,2,1,1,-0.6252496128786839,-0.17528751969547393,-0.42959006257512466,1.2014,0.011140785333712433,14.1007,synthetic,-1.1244163254332475,-1.198329681137286,0.5937505349345118,0.009312417325624702,-1.6863788313340304,-0.5809243835191223,0.5937505349345118,0.9221990302420289,50.0,0.3333333333333333,1.0,2.703600315028579,0.6931471805599453,250.0,1.0,13.9334,20456.72,16.0
2001000948,Dr. Thomas Lopez,Orthopedics,Columbus,OH,Subsys,REP-S701,Samuel Rossi,TERR-S05,3,1.0,5,4,5,0.5991915470414645,-1.922468160782407,-1.7012686131429302,2.7342,0.02117255327237899,3.6969,synthetic,0.589362584014973,0.13864971517290903,1.07433220441761,-3.043021145973036,0.37298385385674826,-1.314604888014383,1.07433220441761,0.23496250876921257,80.0,1.3333333333333333,1.25,1.5257301633606153,1.6094379124341003,80.0,1.25,3.5985,3338.63,23.0
2001000949,Dr. Susan Carter,Internal Medicine,Austin,TX,Abstral,REP-S794,Selena Gomez,TERR-S14,3,4.0,3,3,4,0.0744310499328295,-0.43461998575004207,-0.9716938683561394,0.9462,0.008716028146534605,12.5167,synthetic,1.7318818569804533,-0.3070100835971559,1.2345260942453093,-0.27157050529261334,-0.12853109880191332,0.06644076750610772,1.2345260942453093,0.8206693739922067,100.0,1.0,1.3333333333333333,2.5952099298349824,1.3862943611198906,400.0,1.3333333333333333,12.3994,13159.45,20.0
2001000950,Dr. Susan Hall,Palliative Care,Houston,TX,Fentora,REP-S630,Sadie Novak,TERR-S04,1,7.0,14,10,1,1.6487125412587345,0.27384452891415484,-0.05459395390221294,2.811,0.026169486976250766,17.0565,synthetic,0.09971146702976721,2.8126085077932994,-1.1363434752046417,0.433617821569963,2.145041139077878,0.4980175348562611,-1.1363434752046417,1.0584420646290145,71.42857142857143,3.3333333333333335,0.1,2.86733624378163,2.3978952727983707,500.0,0.1,16.5901,25504.55,29.0
2001000951,Dr. Thomas Wright,Oncology,Nashville,TN,Lazanda,REP-S711,Silas Rossi,TERR-S01,1,8.0,10,9,0,-0.45032944717580553,0.5238281779069122,0.9587817279521282,3.4392,0.032067558469250024,18.6902,synthetic,1.1606222204977132,2.3669487090232346,-1.328576142997881,0.6427885558943223,1.930831586388866,1.4474864230265985,-1.328576142997881,1.2064414648322646,90.0,3.0,0.0,2.9480534915705228,2.302585092994046,720.0,0.0,18.0688,39145.62,17.0
2001000952,Dr. Susan Perez,Neurology,Chicago,IL,Actiq,REP-S604,Sarah O'Connor,TERR-S06,3,6.0,5,4,2,0.5991915470414645,0.023505861551961646,-0.6187406663115066,5.2404,0.04798196359589557,15.9011,synthetic,0.589362584014973,0.13864971517290903,-0.3674128040316846,0.20573134072559435,0.37298385385674826,0.41170218138623044,-0.3674128040316846,1.0341289824432933,80.0,1.3333333333333333,0.5,2.7793967449723476,1.6094379124341003,480.0,0.5,15.1093,17910.56,23.0
2001000953,Dr. Michael Jackson,Anesthesiology,Los Angeles,CA,Subsys,REP-S676,Sasha Kowalski,TERR-S08,3,4.0,2,2,0,0.9490318784472211,-0.41435012741891913,0.4089140229674147,-0.3545,-0.0032895985092644686,12.4749,synthetic,1.7318818569804533,-0.752669882367221,-1.328576142997881,-0.24848536362176316,-0.77509632596926,0.06644076750610772,-1.328576142997881,0.8401934799535115,100.0,0.6666666666666666,0.0,2.60411829412651,1.0986122886681098,400.0,0.0,12.5193,31743.84,25.0
2001000954,Dr. Patricia Scott,Pain Management,Denver,CO,Abstral,REP-S781,Samuel Gomez,TERR-S01,1,8.0,11,6,4,0.9490318784472211,0.5200413152995963,1.264208069844065,8.3045,0.07573949499890142,19.545,synthetic,-0.8647528543047296,1.0299693127130392,-0.04702502437628586,0.6397426643397345,1.1292049358741694,0.2233777738152542,-0.04702502437628586,1.2187883751135773,54.54545454545454,2.0,0.6666666666666666,2.9468781073364716,1.9459101490553132,436.3636363636363,0.6666666666666666,18.0464,43256.97,25.0
2001000955,Dr. Jessica Wright,Palliative Care,Houston,TX,Subsys,REP-S576,Sasha Kapoor,TERR-S06,2,2.0,9,6,5,1.298872209852978,-0.9372245630513659,-0.3031821053745746,7.3341,0.06419738166247768,10.1177,synthetic,-0.1723169312953478,1.0299693127130392,0.2733627552791131,-0.921672298818319,1.1292049358741694,-1.0844306120943012,0.2733627552791131,0.6014007316423012,66.66666666666666,2.0,0.8333333333333334,2.3443410512343728,1.9459101490553132,133.33333333333331,0.8333333333333334,9.4264,22158.3,27.0
2001000956,Dr. Patricia Adams,Oncology,Los Angeles,CA,Abstral,REP-S568,Serena Kapoor,TERR-S12,1,5.0,12,8,3,1.4737923755558562,-0.2966023682226957,0.35623822152863777,5.9967,0.05424935930475483,14.0083,synthetic,-0.1723169312953478,1.9212889102531692,-0.6077036387732336,-0.11830446180669577,1.6940339119276273,-0.22127707739399485,-0.6077036387732336,0.8824099614213584,66.66666666666666,2.6666666666666665,0.375,2.654354022098349,2.1972245773362196,333.33333333333326,0.375,13.2158,31034.77,28.0
2001000957,Dr. Thomas Baker,Oncology,Charlotte,NC,Subsys,REP-S763,Sean Muller,TERR-S11,3,8.0,3,2,3,-1.1500101099873188,0.6873394954870807,-0.12525204833924172,4.2925,0.03997675819124247,19.8532,synthetic,-0.1723169312953478,-0.752669882367221,1.5549138739007082,0.7710037142891448,-0.77509632596926,0.6418764573063119,1.5549138739007082,1.2710207498310342,66.66666666666666,0.6666666666666666,1.5,2.9975306554953702,1.0986122886681098,533.3333333333333,1.5,19.036,24553.42,13.0
2001000958,Dr. James Johnson,Neurology,Atlanta,GA,Fentora,REP-S544,Sarah Chen,TERR-S02,3,1.0,3,2,3,1.823632706961613,-1.389653210805756,-0.7732037046935399,4.2095,0.03600122705551101,7.0343,synthetic,-0.1723169312953478,-0.752669882367221,1.5549138739007082,-1.690339805340286,-0.77509632596926,-1.3721484569944034,1.5549138739007082,0.4620053514913808,66.66666666666666,0.6666666666666666,1.5,2.0477186494838877,1.0986122886681098,66.66666666666666,1.5,6.7502,15831.33,30.0
2001000960,Dr. Betty Lee,Internal Medicine,Nashville,TN,Fentora,REP-S542,Sophia Chen,TERR-S14,3,9.0,2,2,2,-0.10048911577004885,1.2015075282500294,-0.33433427733973564,3.5175,0.033093942330883586,22.8539,synthetic,1.7318818569804533,-0.752669882367221,0.5937505349345118,1.1372285708398464,-0.77509632596926,2.224324604256875,0.5937505349345118,1.4612195781550352,100.0,0.6666666666666666,1.0,3.1388537836477783,1.0986122886681098,900.0,1.0,22.0774,21738.96,19.0
2001000961,Dr. Sharon Hill,Oncology,Seattle,WA,Subsys,REP-S835,Stephen Alvarez,TERR-S13,3,5.0,3,2,3,-0.45032944717580553,-0.3808262499621911,0.4821551312338627,5.9781,0.05394366893323399,13.4779,synthetic,-0.1723169312953478,-0.752669882367221,1.5549138739007082,-0.210750978037562,-0.77509632596926,-0.22127707739399485,1.5549138739007082,0.8491454868696763,66.66666666666666,0.6666666666666666,1.5,2.6186796798825043,1.0986122886681098,333.33333333333326,1.5,12.7176,32729.74,17.0
2001000963,Dr. Melissa Davis,Anesthesiology,Baltimore,MD,Abstral,REP-S539,Solomon Patel,TERR-S11,3,3.0,3,2,0,0.0744310499328295,-0.6744095358489985,-0.4313945321154351,0.663,0.006057901262787269,11.0538,synthetic,-0.1723169312953478,-0.752669882367221,-1.328576142997881,-0.5615168078452731,-0.77509632596926,-0.7967127671941991,-1.328576142997881,0.7369553092720448,66.66666666666666,0.6666666666666666,0.0,2.483322061657762,1.0986122886681098,199.99999999999997,0.0,10.981,20432.43,20.0
2001000964,Dr. Betty Nelson,Oncology,Nashville,TN,Subsys,REP-S796,Sasha Gomez,TERR-S02,2,7.0,9,6,7,0.5991915470414645,0.4203149647614022,0.5019374364577923,9.9181,0.08966184958831391,19.1878,synthetic,-0.1723169312953478,1.0299693127130392,0.9141383145899108,0.5582133224703142,1.1292049358741694,0.3541586124062098,0.9141383145899108,1.1655586110225595,66.66666666666666,2.0,1.1666666666666667,2.915416611965257,1.9459101490553132,466.66666666666663,1.1666666666666667,17.4565,32996.03,23.0
2001000965,Dr. Elizabeth Martin,Internal Medicine,Baltimore,MD,Actiq,REP-S549,Seth Chen,TERR-S07,3,5.0,4,2,3,0.7741117127443429,-0.3188670916773155,-0.3135691342393831,5.039,0.04574902349646459,13.7434,synthetic,-1.1244163254332475,-0.752669882367221,1.5549138739007082,-0.14242397735971637,-0.77509632596926,-0.5809243835191223,1.5549138739007082,0.8659870764917198,50.0,0.6666666666666666,1.5,2.6450465015232085,1.0986122886681098,250.0,1.5,13.0841,22018.48,24.0
2001000966,Dr. Dorothy Lee,Pain Management,Chicago,IL,Subsys,REP-S561,Samuel Kapoor,TERR-S05,3,3.0,5,4,3,-0.10048911577004885,-0.8152673003318317,-0.6227879079976372,8.1966,0.07196303412721905,10.9796,synthetic,0.589362584014973,0.13864971517290903,0.11316886545141361,-0.7483046937786461,0.37298385385674826,-0.6240820602541377,0.11316886545141361,0.6853455909753503,80.0,1.3333333333333333,0.75,2.4112421690210235,1.6094379124341003,240.0,0.75,10.1478,17856.08,19.0
2001000967,Dr. Betty Williams,Palliative Care,Portland,OR,Abstral,REP-S728,Serena Santos,TERR-S04,2,9.0,5,3,4,-0.10048911577004885,1.0162893732243545,0.03813973413706522,5.0509,0.04708209962305254,22.0415,synthetic,-0.5531566889505074,-0.3070100835971559,1.2345260942453093,1.011185572548071,-0.12853109880191332,0.6706482417963224,1.2345260942453093,1.3386308528359114,60.0,1.0,1.3333333333333333,3.09021483825212,1.3862943611198906,540.0,1.3333333333333333,20.9818,26752.84,19.0
2001000968,Dr. Sarah Smith,Palliative Care,Portland,OR,Lazanda,REP-S636,Sasha Novak,TERR-S10,3,9.0,3,2,0,-1.1500101099873188,1.292848683014881,1.9879080739454813,-0.6001,-0.005762260714090139,22.482,synthetic,-0.1723169312953478,-0.752669882367221,-1.328576142997881,1.1972004437317731,-0.77509632596926,0.9295943022064139,-1.328576142997881,1.4430006500961212,66.66666666666666,0.6666666666666666,0.0,3.1619964309221102,1.0986122886681098,599.9999999999999,0.0,22.6177,52998.71,13.0
2001000969,Dr. Melissa Rivera,Internal Medicine,New York,NY,Abstral,REP-S706,Stella Rossi,TERR-S10,3,2.0,4,1,2,0.5991915470414645,-1.1347331159141765,-1.245783802611447,3.7328,0.032758115124759346,8.5664,synthetic,-2.552565416640098,-1.198329681137286,2.5160772128669047,-1.22964008058444,-1.6863788313340304,-1.444077918219429,2.5160772128669047,0.5465723952259821,25.0,0.3333333333333333,2.0,2.2254988440197434,0.6931471805599453,50.0,2.0,8.2581,9469.92,23.0
2001000970,Dr. Betty Johnson,Neurology,Los Angeles,CA,Actiq,REP-S506,Stella Brooks,TERR-S06,2,6.0,7,3,2,0.42427138133858616,-0.11102919482758541,-0.8337169510274485,4.912,0.04489089211358133,15.0166,synthetic,-1.5324589229209193,-0.3070100835971559,-0.04702502437628586,0.07444591990038128,-0.12853109880191332,-0.5500974715655401,-0.04702502437628586,0.979661876473568,42.857142857142854,1.0,0.6666666666666666,2.7287347922950427,1.3862943611198906,257.1428571428571,0.6666666666666666,14.3135,15016.76,22.0
2001000971,Dr. William Robinson,Internal Medicine,Houston,TX,Fentora,REP-S538,Summer Patel,TERR-S10,3,5.0,4,3,0,-1.3249302756901973,-0.28918079373782235,-0.2297017878895265,3.4105,0.031226110405331742,13.712,synthetic,0.30373276577360286,-0.3070100835971559,-1.328576142997881,-0.11031425395126984,-0.12853109880191332,-0.04145342433143062,-1.328576142997881,0.8776093761250112,75.0,1.0,0.0,2.6574373768966884,1.3862943611198906,375.0,0.0,13.2597,23147.42,12.0
2001000973,Dr. Nancy White,Neurology,Seattle,WA,Fentora,REP-S764,Sarah Muller,TERR-S12,2,2.0,6,4,3,0.0744310499328295,-0.8891280268111281,-0.8559938666739236,6.5812,0.057955829384935154,10.35,synthetic,-0.1723169312953478,0.13864971517290903,0.11316886545141361,-0.8519095541626889,0.37298385385674826,-1.0844306120943012,0.11316886545141361,0.6646451612985763,66.66666666666666,1.3333333333333333,0.75,2.3712619145424765,1.6094379124341003,133.33333333333331,0.75,9.7109,14716.89,20.0
2001000974,Dr. Nancy Adams,Internal Medicine,Denver,CO,Actiq,REP-S659,Solomon Dubois,TERR-S05,3,3.0,3,2,1,-1.1500101099873188,-0.7917008428559472,-1.2570704661462087,1.454,0.013166886226106289,10.4368,synthetic,-0.1723169312953478,-0.752669882367221,-0.3674128040316846,-0.7161009130908689,-0.77509632596926,-0.7967127671941991,-0.3674128040316846,0.6808708473097592,66.66666666666666,0.6666666666666666,0.5,2.423669340316811,1.0986122886681098,199.99999999999997,0.5,10.2872,9317.99,13.0
2001000975,Dr. Deborah Williams,Palliative Care,Philadelphia,PA,Actiq,REP-S506,Stella Brooks,TERR-S06,2,9.0,8,4,1,1.1239520441500994,0.8376306052149235,1.1307389833801755,6.8821,0.06347612904189592,21.2963,synthetic,-1.1244163254332475,0.13864971517290903,-0.8479944735147827,0.8835066839268623,0.37298385385674826,0.2822291511811844,-0.8479944735147827,1.27120741512909,50.0,1.3333333333333333,0.25,3.040944616375539,1.6094379124341003,450.0,0.25,19.925,41460.34,26.0
2001000976,Dr. Carol Rodriguez,Neurology,Columbus,OH,Subsys,REP-S697,Stanley Larsson,TERR-S01,2,7.0,5,3,3,-0.8001697785815622,0.14028999945971646,0.7058848390018743,3.0822,0.02857571984516838,16.2871,synthetic,-0.5531566889505074,-0.3070100835971559,0.5937505349345118,0.31453931738032,-0.12853109880191332,0.1527561209761384,0.5937505349345118,1.0814095514353597,60.0,1.0,1.0,2.8213848387724503,1.3862943611198906,420.0,1.0,15.8001,35741.37,15.0
2001000977,Dr. Lisa Sanchez,Internal Medicine,Phoenix,AZ,Actiq,REP-S601,Samuel O'Connor,TERR-S03,3,8.0,5,2,3,-0.45032944717580553,0.7127148560834238,1.6974924819635944,3.2509,0.03042978086244119,19.8098,synthetic,-1.6956759619159878,-0.752669882367221,1.5549138739007082,0.7903448752051808,-0.77509632596926,-0.278820646374015,1.5549138739007082,1.2698553701269317,40.0,0.6666666666666666,1.5,3.0049942487328622,1.0986122886681098,320.0,1.5,19.1861,49089.42,17.0
2001000978,Dr. Donna Taylor,Pain Management,Miami,FL,Subsys,REP-S765,Simon Muller,TERR-S13,3,7.0,3,2,1,-0.10048911577004885,0.3229384977161412,0.3180323491578582,3.507,0.032572406120471964,17.4725,synthetic,-0.1723169312953478,-0.752669882367221,-0.3674128040316846,0.47605068623015045,-0.77509632596926,0.3541586124062098,-0.3674128040316846,1.1400477195509766,66.66666666666666,0.6666666666666666,0.5,2.8837107335601937,1.0986122886681098,466.66666666666663,0.5,16.8805,30520.48,19.0
2001000979,Dr. Michael Martin,Family Practice,Chicago,IL,Lazanda,REP-S616,Sasha O'Connor,TERR-S04,3,4.0,4,3,1,-0.10048911577004885,-0.5001969502758353,-0.15390292390990898,3.0255,0.027546234314046014,12.3749,synthetic,0.30373276577360286,-0.3070100835971559,-0.6878005836870834,-0.3476963948343641,-0.12853109880191332,-0.36513599984404566,-0.6878005836870834,0.8409846864463859,75.0,1.0,0.3333333333333333,2.56583358180456,1.3862943611198906,300.0,0.3333333333333333,12.0115,24167.75,19.0
2001000980,Dr. Thomas Allen,Oncology,Miami,FL,Actiq,REP-S812,Sienna Vargas,TERR-S04,1,5.0,11,8,2,1.1239520441500994,-0.26246988784693476,0.09284732816239989,5.3198,0.04832204522431649,14.1315,synthetic,0.1739010302093441,1.9212889102531692,-0.8479944735147827,-0.0817589834382964,1.6940339119276273,-0.09049623880303875,-0.8479944735147827,0.8958906868568957,72.72727272727273,2.6666666666666665,0.25,2.6684566184417333,2.1972245773362196,363.6363636363637,0.25,13.4177,27489.26,26.0
2001000981,Dr. John Baker,Neurology,New York,NY,Subsys,REP-S828,Serena Alvarez,TERR-S06,3,3.0,2,1,2,-0.45032944717580553,-0.7238585230204205,-0.46493508183773824,3.0814,0.027791752573107065,11.0179,synthetic,-1.1244163254332475,-1.198329681137286,2.5160772128669047,-0.6255674468252876,-1.6863788313340304,-1.0125011508692756,2.5160772128669047,0.7315552427210487,50.0,0.3333333333333333,2.0,2.4586054524519554,0.6931471805599453,150.0,2.0,10.6885,19980.94,17.0
2001000982,Dr. Margaret Campbell,Oncology,Nashville,TN,Actiq,REP-S514,Selena Brooks,TERR-S14,3,9.0,3,2,1,0.24935121563570783,1.120512623108736,-0.49890501953628646,1.5738,0.014928960850261852,21.9382,synthetic,-0.1723169312953478,-0.752669882367221,-0.3674128040316846,1.0828633121943425,-0.77509632596926,0.9295943022064139,-0.3674128040316846,1.4421037750092256,66.66666666666666,0.6666666666666666,0.5,3.1178746822100427,1.0986122886681098,599.9999999999999,0.5,21.5983,19523.67,21.0
2001000983,Dr. Dorothy Nguyen,Anesthesiology,Baltimore,MD,Abstral,REP-S529,Seth Patel,TERR-S01,2,10.0,9,5,1,-1.3249302756901973,2.279765938773263,0.9675574375773592,4.1533,0.03933757100888968,29.6373,synthetic,-0.807049860720614,0.5843095139429743,-0.9441108074114024,1.769599968553769,0.7827514065628568,0.7377824056063462,-0.9441108074114024,1.9097014664411867,55.55555555555556,1.6666666666666667,0.2,3.382880649876258,1.791759469228055,555.5555555555555,0.2,28.4555,39263.75,12.0
2001000984,Dr. Linda Sanchez,Palliative Care,Los Angeles,CA,Subsys,REP-S846,Stella Kim,TERR-S10,3,10.0,2,2,1,-0.6252496128786839,1.8754000159858304,2.9161921336976264,2.2167,0.021124997258914036,26.6414,synthetic,1.7318818569804533,-0.752669882367221,-0.3674128040316846,1.5501316543098949,-0.77509632596926,2.6559013716070283,-0.3674128040316846,1.6628477583417087,100.0,0.6666666666666666,0.5,3.298189651587926,1.0986122886681098,1000.0,0.5,26.0636,65494.36,16.0
2001000985,Dr. Donna Lopez,Anesthesiology,Jacksonville,FL,Fentora,REP-S800,Sloan Gomez,TERR-S06,3,5.0,4,1,0,0.42427138133858616,-0.3671834011938706,-0.31882653684818374,1.0939,0.010095050507164416,12.9383,synthetic,-2.552565416640098,-1.198329681137286,-1.328576142997881,-0.19555055660838525,-1.6863788313340304,-1.120395342706814,-1.328576142997881,0.8589176882484664,25.0,0.3333333333333333,0.0,2.624545396169047,0.6931471805599453,125.0,0.0,12.7983,21947.71,22.0
2001000986,Dr. Patricia Sanchez,Pain Management,Detroit,MI,Subsys,REP-S512,Sienna Brooks,TERR-S12,1,7.0,14,11,9,-1.3249302756901973,0.3825139612348045,0.6227299201074135,9.8912,0.08937472606399677,18.9375,synthetic,0.5077540645174385,3.258268306563364,0.24423659349225868,0.5266268492262723,2.340599139094974,0.7138059185313378,0.24423659349225868,1.1638475368768713,78.57142857142857,3.6666666666666665,0.8181818181818182,2.9032276544810665,2.4849066497880004,550.0,0.8181818181818182,17.2329,34622.02,12.0
2001000987,Dr. Nancy Martinez,Pain Management,Las Vegas,NV,Abstral,REP-S739,Solomon Santos,TERR-S01,1,1.0,13,9,4,-1.3249302756901973,-1.3139497699327214,-1.2449651424906472,4.5529,0.03919490915342516,7.5257,synthetic,-0.025840101427978244,2.3669487090232346,-0.47420873058348423,-1.5447767514653434,1.930831586388866,-1.3610823860367074,-0.47420873058348423,0.48612680224684873,69.23076923076923,3.0,0.4444444444444444,2.103890222082146,2.302585092994046,69.23076923076923,0.4444444444444444,7.198,9480.94,12.0
2001000988,Dr. Mary Moore,Palliative Care,Jacksonville,FL,Actiq,REP-S623,Sean Novak,TERR-S11,3,8.0,4,2,2,0.0744310499328295,0.6532070151113195,-0.5548777480314229,3.3333,0.031161941738440557,19.4619,synthetic,-1.1244163254332475,-0.752669882367221,0.5937505349345118,0.7447580676304847,-0.77509632596926,0.06644076750610772,0.5937505349345118,1.2016084104031513,50.0,0.6666666666666666,1.0,2.987402678598556,1.0986122886681098,400.0,1.0,18.8341,18770.22,20.0
2001000989,Dr. Rebecca Moore,Pain Management,Baltimore,MD,Actiq,REP-S700,Sloan Larsson,TERR-S04,1,9.0,10,6,6,-0.6252496128786839,1.1140208586390519,0.15127603701993525,10.1986,0.09300294840331746,23.7587,synthetic,-0.5531566889505074,1.0299693127130392,0.5937505349345118,1.0784561475257068,1.1292049358741694,0.6706482417963224,0.5937505349345118,1.4560774164714967,60.0,2.0,1.0,3.1161739939959205,1.9459101490553132,540.0,1.0,21.5599,28275.77,16.0
2001000990,Dr. Kimberly Harris,Emergency Medicine,Houston,TX,Actiq,REP-S572,Sienna Kapoor,TERR-S02,3,4.0,5,4,0,-0.45032944717580553,-0.4529456958675877,-0.3670353661396216,1.4128,0.012976904736253125,12.4646,synthetic,0.589362584014973,0.13864971517290903,-1.328576142997881,-0.2926199749866445,0.37298385385674826,-0.278820646374015,-1.328576142997881,0.8410818895674935,80.0,1.3333333333333333,0.0,2.587087114439196,1.6094379124341003,320.0,0.0,12.291,21298.77,17.0
2001000991,Dr. Sandra Clark,Neurology,Columbus,OH,Lazanda,REP-S624,Sarah Novak,TERR-S12,2,6.0,9,7,7,-0.2754092814729272,-0.11741952547743052,0.07298776281817697,8.1487,0.07339323000580533,15.439,synthetic,0.46241599812992007,1.4756291114831046,0.5937505349345118,0.0680413720723349,1.4293166337302035,0.35415861240621027,0.5937505349345118,0.9770747231616107,77.77777777777779,2.3333333333333335,1.0,2.726263330521568,2.0794415416798357,466.66666666666674,1.0,14.2757,27221.93,18.0
2001000992,Dr. Sarah Williams,Internal Medicine,Miami,FL,Abstral,REP-S662,Sophia Kowalski,TERR-S08,3,1.0,5,4,4,0.0744310499328295,-1.652265370368446,-1.5614025372959153,6.1669,0.050427149963360174,5.5173,synthetic,0.589362584014973,0.13864971517290903,0.5937505349345118,-2.26999888209643,0.37298385385674826,-1.314604888014383,0.5937505349345118,0.343956530377494,80.0,1.3333333333333333,1.0,1.8240330297783507,1.6094379124341003,80.0,1.0,5.1968,5221.37,20.0
2001000993,Dr. Kimberly Rivera,Palliative Care,Chicago,IL,Actiq,REP-S777,Stanley Muller,TERR-S11,3,5.0,2,1,1,1.6487125412587345,-0.25969736343800703,-0.015926749466990152,4.1199,0.03762305764108742,13.9875,synthetic,-1.1244163254332475,-1.198329681137286,0.5937505349345118,-0.07881296437233351,-1.6863788313340304,-0.5809243835191223,0.5937505349345118,0.8570904660268862,50.0,0.3333333333333333,1.0,2.669593462712545,0.6931471805599453,250.0,1.0,13.4341,26025.05,29.0
2001000994,Dr. Amanda Torres,Palliative Care,Philadelphia,PA,Subsys,REP-S734,Selena Santos,TERR-S10,3,1.0,4,3,4,-0.45032944717580553,-1.1912317535643961,-1.1902738919522977,6.2158,0.05373039888250064,8.4165,synthetic,0.30373276577360286,-0.3070100835971559,1.2345260942453093,-1.3249149319858482,-0.12853109880191332,-1.3361837263818908,1.2345260942453093,0.5055418036005719,75.0,1.0,1.3333333333333333,2.188733070770164,1.3862943611198906,75.0,1.3333333333333333,7.9239,10217.14,17.0
2001000995,Dr. Emily Miller,Pain Management,Atlanta,GA,Fentora,REP-S700,Sloan Larsson,TERR-S04,1,4.0,9,6,0,-0.2754092814729272,-0.4587612348716797,-0.5110170291637958,4.7345,0.04284339503848411,12.8369,synthetic,-0.1723169312953478,1.0299693127130392,-1.328576142997881,-0.2993357786588057,1.1292049358741694,-0.5089949222940969,-1.328576142997881,0.8277662912501703,66.66666666666666,2.0,0.0,2.584495541622576,1.9459101490553132,266.66666666666663,0.0,12.2566,19360.63,18.0
2001000997,Dr. Sandra Wilson,Emergency Medicine,Jacksonville,FL,Subsys,REP-S601,Samuel O'Connor,TERR-S03,3,5.0,5,3,1,-1.3249302756901973,-0.3432112084386309,-0.7026236132625765,2.3314,0.021411723582041464,13.2418,synthetic,-0.5531566889505074,-0.3070100835971559,-0.6878005836870834,-0.16905560206132544,-0.12853109880191332,-0.36513599984404566,-0.6878005836870834,0.8855002651690116,60.0,1.0,0.3333333333333333,2.6347695789077954,1.3862943611198906,300.0,0.3333333333333333,12.9401,16781.41,12.0
2001000998,Dr. John Walker,Pain Management,Atlanta,GA,Abstral,REP-S508,Serena Brooks,TERR-S08,2,10.0,6,4,5,-1.4998504413930756,1.3528636930861795,1.4401367926094943,5.7372,0.053521056319500104,24.2907,synthetic,-0.1723169312953478,0.13864971517290903,1.07433220441761,1.2358622041121694,0.37298385385674826,1.217312147106516,1.07433220441761,1.5514928021639596,66.66666666666666,1.3333333333333333,1.25,3.1769156829037954,1.6094379124341003,666.6666666666665,1.25,22.9727,45625.15,11.0
2001000999,Dr. James Lee,Pain Management,Columbus,OH,Actiq,REP-S554,Selena Chen,TERR-S12,1,7.0,10,10,7,0.9490318784472211,0.3299205256483795,0.687160403117344,11.2534,0.10097635867975452,18.826,synthetic,1.7318818569804533,2.8126085077932994,0.017052531554793884,0.4820293466712806,2.145041139077878,1.3611710695565677,0.017052531554793884,1.142836971695016,100.0,3.3333333333333335,0.7,2.886017848930951,2.3978952727983707,700.0,0.7,16.9218,35489.32,25.0
2001001000,Dr. Deborah Campbell,Pain Management,Seattle,WA,Subsys,REP-S796,Sasha Gomez,TERR-S02,2,9.0,8,7,0,0.24935121563570783,1.0701338259221251,-0.3569150332669792,3.3574,0.03156342579737803,22.0154,synthetic,1.017807311377028,1.4756291114831046,-1.328576142997881,1.0484636313361249,1.4293166337302035,1.738800740987952,-1.328576142997881,1.4385449744232497,87.5,2.3333333333333335,0.0,3.1046001312903817,2.0794415416798357,787.5,0.0,21.3003,21435.0,21.0
2001001001,Dr. James Martinez,Internal Medicine,Nashville,TN,Actiq,REP-S620,Sloan O'Connor,TERR-S08,3,1.0,2,2,0,-0.45032944717580553,-1.3282857498032739,-1.3359136760196884,0.4942,0.004316951635518151,7.1483,synthetic,1.7318818569804533,-0.752669882367221,-1.328576142997881,-1.5717217660842204,-0.77509632596926,-1.2282895345443523,-1.328576142997881,0.4707957958515222,100.0,0.6666666666666666,0.0,2.0934923649024957,1.0986122886681098,100.0,0.0,7.1132,8256.68,17.0
2001001002,Dr. Dorothy King,Family Practice,Detroit,MI,Actiq,REP-S647,Scott Dubois,TERR-S07,3,10.0,2,1,1,0.0744310499328295,1.8844614372247643,1.9672283627089142,5.279,0.04959200437236877,27.4959,synthetic,-1.1244163254332475,-1.198329681137286,0.5937505349345118,1.5552588995368208,-1.6863788313340304,0.4980175348562611,0.5937505349345118,1.8285947011495276,50.0,0.3333333333333333,1.0,3.3001682129043215,0.6931471805599453,500.0,1.0,26.1172,52720.34,20.0
2001001003,Dr. Joseph Gonzalez,Pain Management,Los Angeles,CA,Actiq,REP-S594,Selena Nakamura,TERR-S10,3,4.0,3,3,1,-0.6252496128786839,-0.4333182517287773,-0.3651833519099,3.7327,0.03395823645165752,12.8702,synthetic,1.7318818569804533,-0.3070100835971559,-0.6878005836870834,-0.270081777848132,-0.12853109880191332,0.06644076750610772,-0.6878005836870834,0.8379305151648897,100.0,1.0,0.3333333333333333,2.595784417381792,1.3862943611198906,400.0,0.3333333333333333,12.4071,21323.7,16.0
2001001004,Dr. Sandra Rodriguez,Anesthesiology,Philadelphia,PA,Abstral,REP-S623,Sean Novak,TERR-S11,3,6.0,3,2,0,0.42427138133858616,-0.04327140317525756,0.2424897807695981,4.0999,0.037667025699636536,15.3175,synthetic,-0.1723169312953478,-0.752669882367221,-1.328576142997881,0.1413982133109291,-0.77509632596926,0.06644076750610747,-1.328576142997881,0.9875040075786948,66.66666666666666,0.6666666666666666,0.0,2.754571125827599,1.0986122886681098,399.99999999999994,0.0,14.7143,29503.6,22.0
2001001005,Dr. Sarah Jackson,Oncology,Columbus,OH,Subsys,REP-S843,Sean Kim,TERR-S07,2,6.0,9,5,2,-0.2754092814729272,0.04888122214830499,0.39271168427899583,3.919,0.03612445855677482,15.8575,synthetic,-0.807049860720614,0.5843095139429743,-0.5596454718249239,0.2297651781500768,0.7827514065628568,-0.22127707739399435,-0.5596454718249239,1.0188597410155327,55.55555555555556,1.6666666666666667,0.4,2.7886712030698253,1.791759469228055,333.33333333333337,0.4,15.2594,31525.74,18.0
2001001006,Dr. Jessica Torres,Oncology,Houston,TX,Abstral,REP-S699,Solomon Larsson,TERR-S03,3,5.0,4,3,1,0.5991915470414645,-0.161695387837073,-0.6274524877603416,4.1339,0.03786514362709603,14.5932,synthetic,0.30373276577360286,-0.3070100835971559,-0.6878005836870834,0.023226847973677345,-0.12853109880191332,-0.04145342433143062,-0.6878005836870834,0.9356918777044623,75.0,1.0,0.3333333333333333,2.7089697781615936,1.3862943611198906,375.0,0.3333333333333333,14.0138,17793.29,23.0
2001001007,Dr. John Hernandez,Oncology,Phoenix,AZ,Subsys,REP-S663,Sean Kowalski,TERR-S09,3,9.0,4,2,2,-0.9750899442844405,1.1620328666960908,0.0903111161366199,3.6111,0.03394722292745289,22.6327,synthetic,-1.1244163254332475,-0.752669882367221,0.5937505349345118,1.110874905593908,-0.77509632596926,0.2822291511811844,0.5937505349345118,1.4585023196697902,50.0,0.6666666666666666,1.0,3.128684123275963,1.0986122886681098,450.0,1.0,21.8439,27455.12,14.0
2001001008,Dr. Jennifer Johnson,Anesthesiology,Miami,FL,Subsys,REP-S718,Summer Rossi,TERR-S08,3,5.0,3,2,1,0.42427138133858616,-0.3555692288223261,-0.27832886187062883,3.1205,0.028549401985410228,13.2686,synthetic,-0.1723169312953478,-0.752669882367221,-0.3674128040316846,-0.18268031152499553,-0.77509632596926,-0.22127707739399485,-0.3674128040316846,0.8635282728716328,66.66666666666666,0.6666666666666666,0.5,2.6295119167717274,1.0986122886681098,333.33333333333326,0.5,12.867,22492.85,22.0
2001001009,Dr. John Green,Neurology,Denver,CO,Subsys,REP-S827,Scott Alvarez,TERR-S05,3,8.0,5,3,2,1.6487125412587345,0.5066520510808727,0.9695654578192114,5.9947,0.055228663519253374,19.0442,synthetic,-0.5531566889505074,-0.3070100835971559,-0.04702502437628586,0.6289444639969102,-0.12853109880191332,0.41170218138623044,-0.04702502437628586,1.229732830333314,60.0,1.0,0.6666666666666666,2.9427111715767382,1.3862943611198906,480.0,0.6666666666666666,17.9672,39290.78,29.0
2001001010,Dr. Linda Davis,Oncology,Columbus,OH,Subsys,REP-S705,Simon Rossi,TERR-S09,3,7.0,2,2,0,1.6487125412587345,0.21286589755438756,-0.13744354674436043,2.0317,0.018955107095782964,16.5591,synthetic,1.7318818569804533,-0.752669882367221,-1.328576142997881,0.3799265463617784,-0.77509632596926,1.3611710695565677,-1.328576142997881,1.0836259801065236,100.0,0.6666666666666666,0.0,2.846617226950335,1.0986122886681098,700.0,0.0,16.2294,24389.31,29.0
2001001011,Dr. Robert Garcia,Pain Management,Jacksonville,FL,Abstral,REP-S602,Sophia O'Connor,TERR-S04,1,6.0,12,10,10,-0.10048911577004885,-0.009933487721567245,-0.5545560784921252,10.9747,0.09789786507154385,16.548,synthetic,0.7797824628425536,2.8126085077932994,0.5937505349345118,0.17371555205237224,2.145041139077878,0.4980175348562613,0.5937505349345118,1.0070686040155439,83.33333333333334,3.3333333333333335,1.0,2.7670421182324234,2.3978952727983707,500.00000000000006,1.0,14.9115,18774.55,19.0
2001001012,Dr. Amanda Rivera,Emergency Medicine,Baltimore,MD,Subsys,REP-S850,Sadie Kim,TERR-S14,3,4.0,4,3,2,0.7741117127443429,-0.4260995448835817,-0.8387076576440831,2.3487,0.02150715437644468,12.7422,synthetic,0.30373276577360286,-0.3070100835971559,-0.04702502437628586,-0.2618415934536027,-0.12853109880191332,-0.36513599984404566,-0.04702502437628586,0.8519486867413051,75.0,1.0,0.6666666666666666,2.5989642360488143,1.3862943611198906,300.0,0.6666666666666666,12.4498,14949.58,24.0
2001001013,Dr. Sarah Wilson,Palliative Care,Atlanta,GA,Fentora,REP-S648,Serena Dubois,TERR-S08,3,7.0,4,3,3,-0.10048911577004885,0.21459027249164758,0.5294947841720019,4.7078,0.04339044662629199,17.0041,synthetic,0.30373276577360286,-0.3070100835971559,0.5937505349345118,0.38146023101476517,-0.12853109880191332,0.6059117266937994,0.5937505349345118,1.0360802980542216,75.0,1.0,1.0,2.847209063110231,1.3862943611198906,525.0,1.0,16.2396,33366.98,19.0
2001001014,Dr. Kathleen Wilson,Oncology,Charlotte,NC,Fentora,REP-S672,Sienna Kowalski,TERR-S04,1,7.0,9,8,2,0.42427138133858616,0.12992684419951744,-0.5588484724830323,8.0049,0.07256459918948588,16.9986,synthetic,1.0971489275551862,1.9212889102531692,-0.8479944735147827,0.30506655344098926,1.6940339119276273,1.0255002505064483,-0.8479944735147827,1.0508689523765853,88.88888888888889,2.6666666666666665,0.25,2.817729377904053,2.1972245773362196,622.2222222222222,0.25,15.7388,18716.77,22.0
2001001015,Dr. Sharon Adams,Anesthesiology,Charlotte,NC,Subsys,REP-S823,Sean Alvarez,TERR-S01,2,2.0,5,4,4,1.6487125412587345,-0.9768344696984228,-0.9081652486734783,8.4187,0.07318666658322837,9.966,synthetic,0.589362584014973,0.13864971517290903,0.5937505349345118,-0.980570019425367,0.37298385385674826,-0.9693434741342604,0.5937505349345118,0.6168989070539626,80.0,1.3333333333333333,1.0,2.3216129103986285,1.6094379124341003,160.0,1.0,9.1921,14014.61,29.0
2001001016,Dr. Michael Mitchell,Palliative Care,New York,NY,Subsys,REP-S799,Solomon Gomez,TERR-S05,3,9.0,5,2,1,-1.3249302756901973,0.9074846958105868,0.007944399046305149,3.7085,0.03473476430177325,21.0924,synthetic,-1.6956759619159878,-0.752669882367221,-0.3674128040316846,0.9341796522695152,-0.77509632596926,-0.10618993943395362,-0.3674128040316846,1.297569417835807,40.0,0.6666666666666666,0.5,3.060498893675011,1.0986122886681098,360.0,0.5,20.3382,26346.38,12.0
2001001017,Dr. Deborah Moore,Pain Management,Portland,OR,Actiq,REP-S503,Sean Brooks,TERR-S03,3,8.0,2,1,1,0.0744310499328295,0.5324838638664912,0.995862871264023,2.7775,0.025982728089302132,18.6233,synthetic,-1.1244163254332475,-1.198329681137286,0.5937505349345118,0.649737179393554,-1.6863788313340304,0.06644076750610772,0.5937505349345118,1.2237590520579187,50.0,0.3333333333333333,1.0,2.9507349076232554,0.6931471805599453,400.0,1.0,18.12,39644.77,20.0
2001001018,Dr. Elizabeth Garcia,Palliative Care,Miami,FL,Abstral,REP-S609,Seth O'Connor,TERR-S11,3,1.0,4,3,3,-1.1500101099873188,-1.4934031028642234,-1.0542782509776651,6.7688,0.056576727142420014,6.5519,synthetic,0.30373276577360286,-0.3070100835971559,0.5937505349345118,-1.9041204902330058,-0.12853109880191332,-1.3361837263818908,0.5937505349345118,0.3915063640120281,75.0,1.0,1.0,1.9652224600876862,1.3862943611198906,75.0,1.0,6.1365,12047.78,13.0
2001001019,Dr. Deborah Rivera,Pain Management,Portland,OR,Actiq,REP-S767,Scott Muller,TERR-S01,2,7.0,8,5,0,0.9490318784472211,0.332338031687871,1.067689525020487,5.0493,0.04657855507585795,17.7913,synthetic,-0.41034177982982234,0.5843095139429743,-1.328576142997881,0.48409622913296896,0.7827514065628568,0.22828205526241524,-1.328576142997881,1.143802741807843,62.5,1.6666666666666667,0.0,2.8868154416933876,1.791759469228055,437.5,0.0,16.9361,40611.63,25.0
2001001021,Dr. Betty Ramirez,Pain Management,Denver,CO,Subsys,REP-S773,Spencer Muller,TERR-S07,1,10.0,11,8,0,1.4737923755558562,1.8626362603227795,1.0326609750967672,3.7587,0.03555412425987292,26.9649,synthetic,0.1739010302093441,1.9212889102531692,-1.328576142997881,1.5428922564048224,1.6940339119276273,1.4788738242884283,-1.328576142997881,1.7551419768645913,72.72727272727273,2.6666666666666665,0.0,3.2953960281088404,2.1972245773362196,727.2727272727274,0.0,25.9881,40140.11,28.0
2001001022,Dr. James Hernandez,Palliative Care,New York,NY,Abstral,REP-S507,Scott Brooks,TERR-S07,2,6.0,5,2,0,0.24935121563570783,0.013497724661198857,0.10402107305980979,3.4961,0.03225888428268586,15.5763,synthetic,-1.6956759619159878,-0.752669882367221,-1.328576142997881,0.1961906716757316,-0.77509632596926,-0.6240820602541377,-1.328576142997881,0.96019065086245,40.0,0.6666666666666666,0.0,2.77571508008621,1.0986122886681098,240.0,0.0,15.0501,27639.67,21.0
2001001023,Dr. Michelle Jones,Pain Management,Austin,TX,Abstral,REP-S566,Stella Kapoor,TERR-S10,3,1.0,2,1,2,0.9490318784472211,-1.2569946800932272,-0.8985092194083674,2.7641,0.02411261566418954,7.7432,synthetic,-1.1244163254332475,-1.198329681137286,2.5160772128669047,-1.4404121878681595,-1.6863788313340304,-1.444077918219429,2.5160772128669047,0.5088798058140845,50.0,0.3333333333333333,2.0,2.144163639716137,0.6931471805599453,50.0,2.0,7.5349,14144.59,25.0
2001001024,Dr. Mary Perez,Neurology,Baltimore,MD,Fentora,REP-S748,Serena Tanaka,TERR-S10,3,8.0,5,3,1,-0.8001697785815622,0.6906360946318417,-0.31870990378197184,5.3025,0.04915693606457294,20.066,synthetic,-0.5531566889505074,-0.3070100835971559,-0.6878005836870834,0.7735245637507211,-0.12853109880191332,0.41170218138623044,-0.6878005836870834,1.3042195750265184,60.0,1.0,0.3333333333333333,2.998503430349777,1.3862943611198906,480.0,0.3333333333333333,19.0555,21949.28,15.0
2001001026,Dr. Emily Sanchez,Anesthesiology,Los Angeles,CA,Subsys,REP-S818,Summer Vargas,TERR-S10,3,3.0,2,1,2,0.42427138133858616,-0.7983109467821098,-0.0854437713581495,2.8442,0.025585372935944317,10.5396,synthetic,-1.1244163254332475,-1.198329681137286,2.5160772128669047,-0.7250933711426574,-1.6863788313340304,-1.0125011508692756,2.5160772128669047,0.6877690287725018,50.0,0.3333333333333333,2.0,2.420199225498206,0.6931471805599453,150.0,2.0,10.2481,25089.28,22.0
2001001027,Dr. Susan Nguyen,Oncology,Atlanta,GA,Abstral,REP-S789,Seth Gomez,TERR-S09,3,4.0,4,2,0,-0.6252496128786839,-0.4670449968251831,-0.05923178977712354,2.6025,0.023769584149290424,12.5253,synthetic,-1.1244163254332475,-0.752669882367221,-1.328576142997881,-0.30893204686722087,-0.77509632596926,-0.796712767194199,-1.328576142997881,0.8150931343579182,50.0,0.6666666666666666,0.0,2.5807924214832827,1.0986122886681098,200.0,0.0,12.2076,25442.12,16.0
2001001028,Dr. Linda Thomas,Internal Medicine,Los Angeles,CA,Abstral,REP-S545,Simon Chen,TERR-S03,3,4.0,5,4,5,0.42427138133858616,-0.4883968159012532,-0.5372245534301896,2.1622,0.01977819457560903,12.3426,synthetic,0.589362584014973,0.13864971517290903,1.07433220441761,-0.33383201830410103,0.37298385385674826,-0.278820646374015,1.07433220441761,0.7996155384947697,80.0,1.3333333333333333,1.25,2.57118372946956,1.6094379124341003,320.0,1.25,12.0813,19007.85,22.0
2001001029,Dr. Michael Rodriguez,Palliative Care,Atlanta,GA,Abstral,REP-S615,Stephen O'Connor,TERR-S03,2,7.0,6,3,1,-0.10048911577004885,0.28679424658024333,0.9682847227481967,4.1385,0.038302223536827995,17.3565,synthetic,-1.1244163254332475,-0.3070100835971559,-0.6878005836870834,0.44487815193211233,-0.12853109880191332,-0.14934761616896897,-0.6878005836870834,1.063329115469611,50.0,1.0,0.3333333333333333,2.871681511674685,1.3862943611198906,350.0,0.3333333333333333,16.6667,39273.54,19.0
2001001030,Dr. Joseph Torres,Oncology,Denver,CO,Abstral,REP-S723,Sean Santos,TERR-S13,3,1.0,3,2,0,-0.6252496128786839,-1.182694407061296,-0.49768074378394717,-1.426,-0.012750311503807676,7.8607,synthetic,-0.1723169312953478,-0.752669882367221,-1.328576142997881,-1.3102916343755708,-0.77509632596926,-1.3721484569944034,-1.328576142997881,0.5324452546465958,66.66666666666666,0.6666666666666666,0.0,2.1943760797719354,1.0986122886681098,66.66666666666666,0.0,7.9744,19540.15,16.0
2001001031,Dr. Jennifer Nguyen,Palliative Care,Houston,TX,Abstral,REP-S599,Solomon Nakamura,TERR-S01,2,3.0,9,6,1,1.4737923755558562,-0.7558608931795663,-0.7173639527516003,5.9123,0.052579512909127324,11.12,synthetic,-0.1723169312953478,1.0299693127130392,-1.0081883633424822,-0.6678797982428417,1.1292049358741694,-0.7967127671941991,-1.0081883633424822,0.6698449632583859,66.66666666666666,2.0,0.16666666666666666,2.442277467732041,1.9459101490553132,199.99999999999997,0.16666666666666666,10.4992,16582.99,28.0
2001001032,Dr. Thomas Miller,Pain Management,Miami,FL,Actiq,REP-S590,Sadie Nakamura,TERR-S06,2,10.0,6,4,5,-0.45032944717580553,2.684639030659889,1.0075618364022727,10.3442,0.09548884006405167,34.0417,synthetic,-0.1723169312953478,0.13864971517290903,1.07433220441761,1.9721679256375169,0.37298385385674826,1.217312147106516,1.07433220441761,2.0835240761372855,66.66666666666666,1.3333333333333333,1.25,3.461049940809012,1.6094379124341003,666.6666666666665,1.25,30.8504,39802.25,17.0
2001001033,Dr. William Anderson,Palliative Care,Phoenix,AZ,Fentora,REP-S675,Stephen Kowalski,TERR-S07,2,7.0,7,5,6,-1.1500101099873188,0.1746253474751549,0.41362614741953035,6.8795,0.0627368703208715,17.1041,synthetic,0.09971146702976721,0.5843095139429743,0.9782158705209902,0.345679461704571,0.7827514065628568,0.4980175348562611,0.9782158705209902,1.0209980680448607,71.42857142857143,1.6666666666666667,1.2,2.8334015616362938,1.791759469228055,500.0,1.2,16.0032,31807.27,13.0
2001001034,Dr. Richard Harris,Family Practice,Las Vegas,NV,Subsys,REP-S768,Serena Muller,TERR-S02,3,2.0,5,3,2,0.42427138133858616,-1.1197885331245914,-0.9778249046328713,3.0605,0.026959053887288142,8.6019,synthetic,-0.5531566889505074,-0.3070100835971559,-0.04702502437628586,-1.2050137464568047,-0.12853109880191332,-1.1419741810743218,-0.04702502437628586,0.5843798597531332,60.0,1.0,0.6666666666666666,2.2350019416702493,1.3862943611198906,120.0,0.6666666666666666,8.3465,13076.92,22.0
2001001036,Dr. David Walker,Pain Management,Las Vegas,NV,Lazanda,REP-S573,Spencer Kapoor,TERR-S03,2,8.0,9,7,4,-1.4998504413930756,0.786355809286403,0.5698007946203677,9.1044,0.08307858122036649,21.4081,synthetic,0.46241599812992007,1.4756291114831046,-0.2301037556079423,0.8456704272701073,1.4293166337302035,1.0255002505064488,-0.2301037556079423,1.3251784211790762,77.77777777777779,2.3333333333333335,0.5714285714285714,3.026343919419379,2.0794415416798357,622.2222222222223,0.5714285714285714,19.6217,33909.54,11.0
2001001037,Dr. Mary Mitchell,Family Practice,Austin,TX,Subsys,REP-S799,Solomon Gomez,TERR-S05,3,3.0,2,1,2,-1.1500101099873188,-0.6570305413832818,-0.13744131808704438,3.4744,0.031371831516494364,11.4689,synthetic,-1.1244163254332475,-1.198329681137286,2.5160772128669047,-0.539376784672642,-1.6863788313340304,-1.0125011508692756,2.5160772128669047,0.7760318084864049,50.0,0.3333333333333333,2.0,2.4918657125764696,0.6931471805599453,150.0,2.0,11.0838,24389.34,13.0
2001001038,Dr. Jennifer Baker,Pain Management,Portland,OR,Abstral,REP-S589,Seth Nakamura,TERR-S05,3,7.0,3,3,0,0.24935121563570783,0.19702531602289305,0.4169557614498602,1.5283,0.01428844055067735,16.3823,synthetic,1.7318818569804533,-0.3070100835971559,-1.328576142997881,0.36579506706888326,-0.12853109880191332,1.3611710695565677,-1.328576142997881,1.0897466300381322,100.0,1.0,0.0,2.8411640065493424,1.3862943611198906,700.0,0.0,16.1357,31852.09,21.0
2001001039,Dr. Jessica Carter,Pain Management,Denver,CO,Fentora,REP-S826,Stella Alvarez,TERR-S04,1,3.0,14,7,8,-1.3249302756901973,-0.6569460132000826,-0.43238702750689445,9.868,0.08664927143500911,12.1781,synthetic,-1.1244163254332475,1.4756291114831046,0.8683686317819964,-0.5392695606573521,1.4293166337302035,-1.0125011508692756,0.8683686317819964,0.7485934029098007,50.0,2.3333333333333335,1.1428571428571428,2.4919070894327446,2.0794415416798357,150.0,1.1428571428571428,11.0843,20419.07,12.0
2001001040,Dr. Carol Brown,Pain Management,Seattle,WA,Subsys,REP-S603,Sean O'Connor,TERR-S05,3,8.0,3,2,1,-0.6252496128786839,0.7406260621757373,-0.11535309542667029,1.7414,0.016423611213809863,19.6882,synthetic,-0.1723169312953478,-0.752669882367221,-0.3674128040316846,0.8114534653236045,-0.77509632596926,0.6418764573063119,-0.3674128040316846,1.3069098326811917,66.66666666666666,0.6666666666666666,0.5,3.0131398782090244,1.0986122886681098,533.3333333333333,0.5,19.3512,24686.67,16.0
2001001041,Dr. Kimberly Gonzalez,Pain Management,Baltimore,MD,Lazanda,REP-S787,Scott Gomez,TERR-S07,1,2.0,11,9,10,-0.10048911577004885,-0.9726249661751118,-0.2637474999368236,13.0041,0.11092784140898804,10.4156,synthetic,0.6932279724663808,2.3669487090232346,0.8073423880381111,-0.9742467704793034,1.930831586388866,-0.9536497735033457,0.8073423880381111,0.6224827363586003,81.81818181818183,3.0,1.1111111111111112,2.3240529996092865,2.302585092994046,163.63636363636365,1.1111111111111112,9.217,22689.13,19.0
2001001042,Dr. Ashley Taylor,Oncology,Jacksonville,FL,Subsys,REP-S765,Simon Muller,TERR-S13,3,6.0,4,3,1,-0.2754092814729272,-0.10095343539026297,0.25794700502865053,3.1081,0.0286430912140494,14.8198,synthetic,0.30373276577360286,-0.3070100835971559,-0.6878005836870834,0.08451205152313052,-0.12853109880191332,0.2822291511811844,-0.6878005836870834,0.9596820938955892,75.0,1.0,0.3333333333333333,2.7326192288205133,1.3862943611198906,450.0,0.3333333333333333,14.3731,29711.67,18.0
2001001043,Dr. Richard Adams,Oncology,Detroit,MI,Actiq,REP-S658,Summer Dubois,TERR-S04,2,7.0,5,4,4,0.42427138133858616,0.1448376157158232,-0.4520274415483627,5.0143,0.046083932947354356,16.6206,synthetic,0.589362584014973,0.13864971517290903,0.5937505349345118,0.31868530049115934,0.37298385385674826,0.7569635952663532,0.5937505349345118,1.05675800628156,80.0,1.3333333333333333,1.0,2.8229847391943097,1.6094379124341003,560.0,1.0,15.827,20154.69,22.0
2001001044,Dr. Sharon Martinez,Pain Management,Los Angeles,CA,Subsys,REP-S779,Solomon Muller,TERR-S13,3,4.0,3,2,1,0.42427138133858616,-0.4964438989417993,-1.0697295321505411,1.6477,0.015099827361523044,12.232,synthetic,-0.1723169312953478,-0.752669882367221,-0.3674128040316846,-0.3432787585716159,-0.77509632596926,-0.5089949222940969,-0.3674128040316846,0.8127124340369412,66.66666666666666,0.6666666666666666,0.5,2.5675383109198124,1.0986122886681098,266.66666666666663,0.5,12.0337,11839.79,22.0
2001001045,Dr. Joseph Baker,Pain Management,Atlanta,GA,Subsys,REP-S671,Silas Kowalski,TERR-S03,2,8.0,8,4,3,-1.3249302756901973,0.6439596318693476,-0.5350426979176774,6.0513,0.05586386215829586,19.9158,synthetic,-1.1244163254332475,0.13864971517290903,0.11316886545141361,0.7376014311468779,0.37298385385674826,0.06644076750610772,0.11316886545141361,1.2682925354424104,50.0,1.3333333333333333,0.75,2.984640992064117,1.6094379124341003,400.0,0.75,18.7794,19037.22,12.0
2001001046,Dr. Thomas Martinez,Pain Management,Boston,MA,Lazanda,REP-S666,Stella Kowalski,TERR-S12,1,9.0,12,9,6,-0.6252496128786839,1.1420165929145647,1.761716442728895,11.5344,0.10460160858839451,24.2314,synthetic,0.30373276577360286,2.3669487090232346,-0.04702502437628586,1.0974087403116621,1.930831586388866,1.2532768777190295,-0.04702502437628586,1.4672614395962644,75.0,3.0,0.6666666666666666,3.123487642021718,2.302585092994046,675.0,0.6666666666666666,21.7255,49953.94,16.0
2001001047,Dr. Betty White,Neurology,Boston,MA,Subsys,REP-S536,Sasha Patel,TERR-S08,3,6.0,3,2,1,-0.2754092814729272,-0.04322068626533797,0.24614477876808608,1.6469,0.015301121029409614,14.9569,synthetic,-0.1723169312953478,-0.752669882367221,-0.3674128040316846,0.1414476849893578,-0.77509632596926,0.06644076750610747,-0.3674128040316846,1.0071144477282261,66.66666666666666,0.6666666666666666,0.5,2.7545902165371055,1.0986122886681098,399.99999999999994,0.5,14.7146,29552.8,18.0
2001001048,Dr. Ashley Robinson,Pain Management,Austin,TX,Abstral,REP-S789,Seth Gomez,TERR-S09,3,3.0,3,2,3,-1.1500101099873188,-0.737061825236106,-0.04117446531589474,3.3074,0.029775190093699333,10.9613,synthetic,-0.1723169312953478,-0.752669882367221,1.5549138739007082,-0.6429407266420715,-0.77509632596926,-0.7967127671941991,1.5549138739007082,0.7165879164434514,66.66666666666666,0.6666666666666666,1.5,2.451901248174016,1.0986122886681098,199.99999999999997,1.5,10.6104,25685.19,13.0
2001001050,Dr. Carol Thomas,Pain Management,Detroit,MI,Fentora,REP-S681,Samuel Larsson,TERR-S13,3,5.0,3,2,0,-0.8001697785815622,-0.2514812240310633,0.35223629587460237,1.6865,0.015579499023071541,13.7101,synthetic,-0.1723169312953478,-0.752669882367221,-1.328576142997881,-0.07010230525733678,-0.77509632596926,-0.22127707739399485,-1.328576142997881,0.9105726363786588,66.66666666666666,0.6666666666666666,0.0,2.6729548336637006,1.0986122886681098,333.33333333333326,0.0,13.4827,30980.9,15.0
2001001051,Dr. Margaret Hill,Anesthesiology,Miami,FL,Abstral,REP-S519,Solomon Brooks,TERR-S05,3,6.0,2,2,3,-0.9750899442844405,-0.14925283927017832,0.0202272724013863,2.2994,0.021241048180153488,14.4113,synthetic,1.7318818569804533,-0.752669882367221,1.5549138739007082,0.035899264577627675,-0.77509632596926,0.9295943022064145,1.5549138739007082,0.945431583994081,100.0,0.6666666666666666,1.5,2.7138599583983707,1.0986122886681098,600.0,1.5,14.0874,26511.72,14.0
2001001052,Dr. Linda Thompson,Pain Management,Boston,MA,Abstral,REP-S584,Sarah Nakamura,TERR-S14,3,10.0,5,3,1,0.42427138133858616,2.3548607767272647,-0.030460566711383932,4.0598,0.03849082800572212,30.073,synthetic,-0.5531566889505074,-0.3070100835971559,-0.6878005836870834,1.8083875285951367,-0.12853109880191332,0.9295943022064145,-0.6878005836870834,1.9517808762007853,60.0,1.0,0.3333333333333333,3.3978484469014893,1.3862943611198906,600.0,0.3333333333333333,28.8997,25829.41,22.0
2001001053,Dr. Laura Hall,Pain Management,Las Vegas,NV,Fentora,REP-S791,Silas Gomez,TERR-S11,3,4.0,2,1,2,-1.1500101099873188,-0.5937020265305822,0.13174854161581864,1.597,0.01458204788001094,11.6414,synthetic,-1.1244163254332475,-1.198329681137286,2.5160772128669047,-0.46026292304602867,-1.6863788313340304,-0.796712767194199,2.5160772128669047,0.7738587594978176,50.0,0.3333333333333333,2.0,2.5223950941989917,0.6931471805599453,200.0,2.0,11.4584,28012.91,13.0
2001001054,Dr. Carol Carter,Oncology,Nashville,TN,Subsys,REP-S812,Sienna Vargas,TERR-S04,2,9.0,6,4,0,0.42427138133858616,1.2847001661544968,1.7534265803985845,3.2937,0.0310535703693251,23.3129,synthetic,-0.1723169312953478,0.13864971517290903,-1.328576142997881,1.1919063996555195,0.37298385385674826,0.9295943022064139,-1.328576142997881,1.5069501372825973,66.66666666666666,1.3333333333333333,0.0,3.159953503316159,1.6094379124341003,599.9999999999999,0.0,22.5695,49842.35,22.0
2001001055,Dr. Betty Nelson,Pain Management,Las Vegas,NV,Subsys,REP-S690,Sadie Larsson,TERR-S08,3,7.0,4,2,3,2.1734730383673697,0.18209763886994754,1.0992903999919668,5.9431,0.05443516770735313,17.0011,synthetic,-1.1244163254332475,-0.752669882367221,1.5549138739007082,0.3524070950686923,-0.77509632596926,-0.14934761616896897,1.5549138739007082,1.0837831684323533,50.0,0.6666666666666666,1.5,2.8359976994327147,1.0986122886681098,350.0,1.5,16.0474,41037.01,32.0
2001001056,Dr. Deborah Smith,Pain Management,Philadelphia,PA,Subsys,REP-S788,Serena Gomez,TERR-S08,3,10.0,2,2,3,-0.2754092814729272,1.4461151847913294,-0.046903600389947266,3.1541,0.02980702926125156,24.2663,synthetic,1.7318818569804533,-0.752669882367221,1.5549138739007082,1.2948134086407619,-0.77509632596926,2.6559013716070283,1.5549138739007082,1.588745864697908,100.0,0.6666666666666666,1.5,3.1996644627403157,1.0986122886681098,1000.0,1.5,23.5243,25608.07,18.0
2001001058,Dr. Deborah Green,Pain Management,Atlanta,GA,Actiq,REP-S753,Spencer Tanaka,TERR-S01,1,8.0,11,7,2,0.42427138133858616,0.8127286024444944,0.7814682661075971,6.3416,0.058611106927567214,21.0319,synthetic,-0.34542591204769296,1.4756291114831046,-0.7793399493029116,0.8652001995017249,1.4293166337302035,0.5372517864335477,-0.7793399493029116,1.3357140951371906,63.63636363636363,2.3333333333333335,0.2857142857142857,3.033880296195853,2.0794415416798357,509.09090909090907,0.2857142857142857,19.7777,36758.8,22.0
2001001059,Dr. Dorothy Perez,Pain Management,Boston,MA,Subsys,REP-S687,Scott Larsson,TERR-S05,3,9.0,4,2,1,0.9490318784472211,0.9884288840419604,-0.5358918163551311,3.6223,0.033980844493787465,21.5711,synthetic,-1.1244163254332475,-0.752669882367221,-0.3674128040316846,0.9916843599734205,-0.77509632596926,0.2822291511811844,-0.3674128040316846,1.4059046460645526,50.0,0.6666666666666666,0.5,3.0826894824098874,1.0986122886681098,450.0,0.5,20.817,19025.79,25.0
2001001060,Dr. David Hall,Palliative Care,Philadelphia,PA,Abstral,REP-S816,Sasha Vargas,TERR-S08,3,7.0,4,3,1,0.24935121563570783,0.27408120782711215,0.1595926432380394,2.2313,0.0208258823444476,16.9617,synthetic,0.30373276577360286,-0.3070100835971559,-0.6878005836870834,0.4338240635268333,-0.12853109880191332,0.6059117266937994,-0.6878005836870834,1.058531384096075,75.0,1.0,0.3333333333333333,2.8674158308385427,1.3862943611198906,525.0,0.3333333333333333,16.5915,28387.72,21.0
2001001062,Dr. Michael Brown,Psychiatry,Denver,CO,Lazanda,REP-S778,Summer Muller,TERR-S12,3,2.0,3,2,0,1.4737923755558562,-1.0593846934105777,-0.8966289755193079,2.1015,0.01867285820850917,8.8867,synthetic,-0.1723169312953478,-0.752669882367221,-1.328576142997881,-1.1077957424175822,-0.77509632596926,-1.0844306120943012,-1.328576142997881,0.5455628126214443,66.66666666666666,0.6666666666666666,0.0,2.2725175613716506,1.0986122886681098,133.33333333333331,0.0,8.7038,14169.9,28.0
2001001063,Dr. Ashley Hill,Internal Medicine,Seattle,WA,Fentora,REP-S627,Scott Novak,TERR-S01,2,3.0,8,5,5,0.7741117127443429,-0.6430326742455252,-0.430507526503607,3.5939,0.03245145175292796,11.5679,synthetic,-0.41034177982982234,0.5843095139429743,0.5937505349345118,-0.5216806795588333,0.7827514065628568,-0.8506598631129682,0.5937505349345118,0.7390750061794422,62.5,1.6666666666666667,1.0,2.4986944924532692,1.791759469228055,187.5,1.0,11.1666,20444.37,24.0
2001001065,Dr. Charles Clark,Pain Management,Atlanta,GA,Subsys,REP-S833,Spencer Alvarez,TERR-S11,3,1.0,2,2,3,0.0744310499328295,-1.9767859713060918,-1.5078939609066695,4.8044,0.036161379830283336,3.4347,synthetic,1.7318818569804533,-0.752669882367221,1.5549138739007082,-3.2307203778469233,-0.77509632596926,-1.2282895345443523,1.5549138739007082,0.2213301967662368,100.0,0.6666666666666666,1.5,1.4532985899003645,1.0986122886681098,100.0,1.5,3.2772,5941.65,20.0
2001001066,Dr. Dorothy Davis,Emergency Medicine,Austin,TX,Subsys,REP-S587,Scott Nakamura,TERR-S03,3,1.0,4,2,2,-1.4998504413930756,-1.4954486848976394,-1.3297410381397217,4.0537,0.03425847709679375,6.3727,synthetic,-1.1244163254332475,-0.752669882367221,0.5937505349345118,-1.9085179625215165,-0.77509632596926,-1.444077918219429,0.5937505349345118,0.4190970567461685,50.0,0.6666666666666666,1.0,1.963525512082493,1.0986122886681098,50.0,1.0,6.1244,8339.77,11.0
2001001067,Dr. Sandra Smith,Pain Management,Portland,OR,Abstral,REP-S848,Serena Kim,TERR-S12,1,5.0,13,10,11,0.7741117127443429,-0.18431512966112837,-0.10803492768620174,9.1031,0.08149946246801587,15.1435,synthetic,0.41359038817413046,2.8126085077932994,0.7859832027277512,2.9279768523723042e-05,2.145041139077878,4.43417599303939e-05,0.7859832027277512,0.9374048367860878,76.92307692307693,3.3333333333333335,1.1,2.700018029404946,2.3978952727983707,384.61538461538464,1.1,13.88,24785.18,24.0
2001001068,Dr. John Miller,Pain Management,Baltimore,MD,Subsys,REP-S630,Sadie Novak,TERR-S04,1,5.0,13,5,2,-0.8001697785815622,-0.1888289346439556,0.4220846448200961,3.8103,0.03492392165762226,14.3812,synthetic,-1.783562059836409,0.5843095139429743,-0.5596454718249239,-0.004624789434490735,0.7827514065628568,-0.8299109800672877,-0.5596454718249239,0.9356016156663336,38.46153846153847,1.6666666666666667,0.4,2.69822206278323,1.791759469228055,192.30769230769232,0.4,13.8533,31921.13,15.0
2001001069,Dr. Robert Campbell,Pain Management,Denver,CO,Actiq,REP-S532,Sienna Patel,TERR-S04,1,3.0,10,8,9,3.2229940325846393,-0.7204266787825405,-1.0853865926822752,8.5499,0.07529075343686076,11.6244,synthetic,0.589362584014973,1.9212889102531692,0.8340413696760609,-0.6210707358468187,1.6940339119276273,-0.6240820602541377,0.8340413696760609,0.7232334954016467,80.0,2.6666666666666665,1.125,2.4603406958427505,2.1972245773362196,240.0,1.125,10.7088,11629.03,38.0
2001001070,Dr. Laura Torres,Pain Management,Boston,MA,Fentora,REP-S767,Scott Muller,TERR-S01,1,9.0,11,9,2,-1.1500101099873188,1.2018794522561047,2.089292666800286,8.9895,0.0825033919144662,24.0645,synthetic,0.6932279724663808,2.3669487090232346,-0.9013924367906826,1.1374756008286306,1.930831586388866,1.518108075865715,-0.9013924367906826,1.4911760687537539,81.81818181818183,3.0,0.2222222222222222,3.1389491104671845,2.302585092994046,736.3636363636365,0.2222222222222222,22.0796,54363.45,13.0
2001001071,Dr. Michelle Mitchell,Anesthesiology,Boston,MA,Subsys,REP-S553,Spencer Chen,TERR-S11,3,9.0,4,3,1,0.9490318784472211,0.9380162755820696,0.33173339145178354,5.2362,0.048722004390491236,21.5932,synthetic,0.30373276577360286,-0.3070100835971559,-0.6878005836870834,0.9560201796504035,-0.12853109880191332,1.2532768777190295,-0.6878005836870834,1.3770547855287525,75.0,1.0,0.3333333333333333,3.0689269716570364,1.3862943611198906,675.0,0.3333333333333333,20.5188,30704.91,25.0
2001001072,Dr. Betty White,Oncology,Nashville,TN,Actiq,REP-S768,Serena Muller,TERR-S02,2,10.0,8,4,1,0.42427138133858616,2.0965088375978054,3.2079285765822183,5.1763,0.048733935808419115,28.7884,synthetic,-1.1244163254332475,0.13864971517290903,-0.8479944735147827,1.6724340257579258,0.37298385385674826,0.4980175348562611,-0.8479944735147827,1.8275764054423276,50.0,1.3333333333333333,0.25,3.3453851201759535,1.6094379124341003,500.0,0.25,27.3715,69421.43,22.0
2001001073,Dr. Kathleen Jones,Internal Medicine,Jacksonville,FL,Subsys,REP-S597,Stanley Nakamura,TERR-S13,3,8.0,4,2,3,-0.6252496128786839,0.7197983178355013,1.3259671356177019,4.2634,0.039728258384649884,20.0478,synthetic,-1.1244163254332475,-0.752669882367221,1.5549138739007082,0.7957182339696224,-0.77509632596926,0.06644076750610772,1.5549138739007082,1.2726285726020736,50.0,0.6666666666666666,1.5,3.0070677832177366,1.0986122886681098,400.0,1.5,19.228,44088.31,16.0
2001001074,Dr. Susan Nelson,Oncology,Denver,CO,Abstral,REP-S768,Serena Muller,TERR-S02,2,1.0,8,6,7,-1.3249302756901973,-1.6235595993540615,-1.435761981097893,10.2889,0.08316231558430043,5.9187,synthetic,0.30373276577360286,1.0299693127130392,0.9141383145899108,-2.199946724524105,1.1292049358741694,-1.3361837263818908,0.9141383145899108,0.358324225469806,75.0,2.0,1.1666666666666667,1.8510655751254625,1.9459101490553132,75.0,1.1666666666666667,5.3666,6912.62,12.0
2001001075,Dr. Patricia Lopez,Internal Medicine,Detroit,MI,Actiq,REP-S810,Sadie Vargas,TERR-S02,3,1.0,4,2,3,2.1734730383673697,-1.3301115585603724,-1.3233403343277355,3.836,0.0330788232537258,7.3749,synthetic,-1.1244163254332475,-0.752669882367221,1.5549138739007082,-1.5751736435297392,-0.77509632596926,-1.444077918219429,1.5549138739007082,0.4700809847123449,50.0,0.6666666666666666,1.5,2.092160314087611,1.0986122886681098,50.0,1.5,7.1024,8425.93,32.0
2001001076,Dr. Melissa Moore,Family Practice,Las Vegas,NV,Subsys,REP-S640,Sloan Novak,TERR-S14,3,3.0,3,3,4,-0.10048911577004885,-0.7367913350498692,-0.6667489164444912,2.3748,0.021469558673247846,10.864,synthetic,1.7318818569804533,-0.3070100835971559,1.2345260942453093,-0.6425836368353102,-0.12853109880191332,-0.36513599984404566,1.2345260942453093,0.7429987505781166,100.0,1.0,1.3333333333333333,2.4520390461623833,1.3862943611198906,300.0,1.3333333333333333,10.612,17264.32,19.0
2001001077,Dr. Mary Martin,Pain Management,Baltimore,MD,Actiq,REP-S811,Silas Vargas,TERR-S03,3,1.0,2,1,1,-1.3249302756901973,-1.3218954191534285,-0.5691500694840551,1.7413,0.015158723286137654,7.2755,synthetic,-1.1244163254332475,-1.198329681137286,0.5937505349345118,-1.559676276761564,-1.6863788313340304,-1.444077918219429,0.5937505349345118,0.48295259278510905,50.0,0.3333333333333333,1.0,2.0981406191123204,0.6931471805599453,50.0,1.0,7.151,18578.1,12.0
2001001078,Dr. Patricia Brown,Orthopedics,Atlanta,GA,Actiq,REP-S769,Seth Muller,TERR-S03,3,9.0,4,3,1,-0.8001697785815622,1.0141930742810192,1.7582471661734194,6.2038,0.05752729331143813,22.2703,synthetic,0.30373276577360286,-0.3070100835971559,-0.6878005836870834,1.0097233430833559,-0.12853109880191332,1.2532768777190295,-0.6878005836870834,1.369187948140927,75.0,1.0,0.3333333333333333,3.0896505760554565,1.3862943611198906,675.0,0.3333333333333333,20.9694,49907.24,15.0
2001001079,Dr. Linda Anderson,Palliative Care,Charlotte,NC,Actiq,REP-S733,Spencer Santos,TERR-S09,3,8.0,4,3,1,0.42427138133858616,0.5380965352309052,0.8456335388969052,4.7963,0.04445675661543591,19.0239,synthetic,0.30373276577360286,-0.3070100835971559,-0.6878005836870834,0.654232989809286,-0.12853109880191332,0.9295943022064145,-0.6878005836870834,1.1581672496020774,75.0,1.0,0.3333333333333333,2.9524698034943757,1.3862943611198906,600.0,0.3333333333333333,18.1532,37622.53,22.0
2001001080,Dr. Laura Scott,Palliative Care,Denver,CO,Fentora,REP-S750,Sadie Tanaka,TERR-S12,1,10.0,12,9,7,0.7741117127443429,1.516628595215945,0.8230862128294036,10.2001,0.09340791698337858,26.3834,synthetic,0.30373276577360286,2.3669487090232346,0.16656682872731343,1.3385163729062253,1.930831586388866,1.5769594532316444,0.16656682872731343,1.5274522062018365,75.0,3.0,0.7777777777777778,3.216529073399732,2.302585092994046,750.0,0.7777777777777778,23.9414,37319.02,24.0
2001001081,Dr. Jessica Ramirez,Neurology,Jacksonville,FL,Subsys,REP-S537,Stanley Patel,TERR-S09,3,10.0,5,4,4,0.0744310499328295,1.6440801898434148,0.7760942304325843,6.4846,0.060457719964295276,26.2967,synthetic,0.589362584014973,0.13864971517290903,0.5937505349345118,1.415685753099463,0.37298385385674826,1.7927478369067211,0.5937505349345118,1.6902255868989207,80.0,1.3333333333333333,1.0,3.24630809579927,1.6094379124341003,800.0,1.0,24.6953,36686.46,20.0
2001001082,Dr. Margaret Wright,Pain Management,Houston,TX,Fentora,REP-S520,Sloan Brooks,TERR-S06,1,7.0,13,9,1,0.42427138133858616,0.2401685007276684,0.7477850823170602,4.8541,0.0447324796936841,17.1865,synthetic,-0.025840101427978244,2.3669487090232346,-1.1149842898942819,0.4041039366598498,1.930831586388866,0.4316211091100835,-1.1149842898942819,1.106981912051663,69.23076923076923,3.0,0.1111111111111111,2.855947080908547,2.302585092994046,484.6153846153846,0.1111111111111111,16.3909,36305.39,22.0
2001001083,Dr. Rebecca Mitchell,Pain Management,Philadelphia,PA,Subsys,REP-S607,Scott O'Connor,TERR-S09,3,4.0,5,4,0,-0.45032944717580553,-0.5572027570252488,-0.3156700152027415,4.8175,0.04341695360151343,12.2367,synthetic,0.589362584014973,0.13864971517290903,-1.328576142997881,-0.4157394791511459,0.37298385385674826,-0.278820646374015,-1.328576142997881,0.788439862110362,80.0,1.3333333333333333,0.0,2.5395763211277322,1.6094379124341003,320.0,0.0,11.6743,21990.2,17.0
2001001085,Dr. Margaret Lee,Internal Medicine,Atlanta,GA,Abstral,REP-S501,Samuel Brooks,TERR-S01,3,1.0,5,4,2,0.0744310499328295,-1.6946478014244304,-1.0262892866298945,3.5144,0.02881021405804507,5.1199,synthetic,0.589362584014973,0.13864971517290903,-0.3674128040316846,-2.377017220605804,0.37298385385674826,-1.314604888014383,-0.3674128040316846,0.3273636458782565,80.0,1.3333333333333333,0.5,1.7827355424634115,1.6094379124341003,80.0,0.5,4.9461,12424.54,20.0
2001001086,Dr. Mary Allen,Neurology,Seattle,WA,Actiq,REP-S728,Serena Santos,TERR-S04,2,3.0,5,2,1,2.5233133697731263,-0.8159773370707035,-0.6438219757474721,1.0243,0.009280539654368702,10.2475,synthetic,-1.6956759619159878,-0.752669882367221,-0.3674128040316846,-0.7492812033893274,-0.77509632596926,-1.1419741810743218,-0.3674128040316846,0.6942605379674631,40.0,0.6666666666666666,0.5,2.4108653420788215,1.0986122886681098,120.0,0.5,10.1436,17572.94,34.0
2001001088,Dr. Patricia Nguyen,Neurology,Boston,MA,Subsys,REP-S752,Sienna Tanaka,TERR-S14,3,5.0,5,4,1,0.24935121563570783,-0.36464755569790014,-0.11815526055884416,5.9868,0.05404626489363995,13.5804,synthetic,0.589362584014973,0.13864971517290903,-0.8479944735147827,-0.19273499976435104,0.37298385385674826,0.06644076750610772,-0.8479944735147827,0.876983373865146,80.0,1.3333333333333333,0.25,2.625631896152793,1.6094379124341003,400.0,0.25,12.8133,24648.95,21.0
2001001089,Dr. Stephanie Hall,Palliative Care,Denver,CO,Actiq,REP-S536,Sasha Patel,TERR-S08,3,7.0,4,3,4,1.6487125412587345,0.28741975513591633,-0.10703946075165412,4.5529,0.04205629222229934,17.4294,synthetic,0.30373276577360286,-0.3070100835971559,1.2345260942453093,0.44542082140483213,-0.12853109880191332,0.6059117266937994,1.2345260942453093,1.0635651740611283,75.0,1.0,1.3333333333333333,2.8718909233136434,1.3862943611198906,525.0,1.3333333333333333,16.6704,24798.58,29.0
2001001090,Dr. Mary Gonzalez,Anesthesiology,Las Vegas,NV,Subsys,REP-S603,Sean O'Connor,TERR-S05,3,1.0,4,2,1,-0.10048911577004885,-1.6076852065492873,-1.4848890172035853,3.0672,0.025596385384178744,5.628,synthetic,-1.1244163254332475,-0.752669882367221,-0.3674128040316846,-2.1620056661839953,-0.77509632596926,-1.444077918219429,-0.3674128040316846,0.366464298905382,50.0,0.6666666666666666,0.5,1.8657067141801378,1.0986122886681098,50.0,0.5,5.4605,6251.32,19.0
2001001091,Dr. Joseph Williams,Pain Management,Houston,TX,Fentora,REP-S817,Stanley Vargas,TERR-S09,3,7.0,2,2,3,-1.4998504413930756,0.25497783842413557,0.5643019541356503,5.7237,0.052557763368346944,17.4217,synthetic,1.7318818569804533,-0.752669882367221,1.5549138739007082,0.4171243603525867,-0.77509632596926,1.3611710695565677,1.5549138739007082,1.1128980981973737,100.0,0.6666666666666666,1.5,2.860971554188319,1.0986122886681098,700.0,1.5,16.4785,33835.52,11.0
2001001092,Dr. Laura Rivera,Palliative Care,Chicago,IL,Fentora,REP-S666,Stella Kowalski,TERR-S12,1,4.0,11,10,1,0.24935121563570783,-0.42850014528643343,-1.0446081068828852,6.884,0.06176405154230302,13.2916,synthetic,1.2125549147234167,2.8126085077932994,-1.1363434752046417,-0.26457898205086056,2.145041139077878,-0.090496238803039,-1.1363434752046417,0.7933865461269416,90.9090909090909,3.3333333333333335,0.1,2.5979079005417796,2.3978952727983707,363.6363636363636,0.1,12.4356,12177.95,21.0
2001001093,Dr. Sharon Robinson,Emergency Medicine,Las Vegas,NV,Actiq,REP-S585,Simon Nakamura,TERR-S01,3,5.0,2,1,2,0.7741117127443429,-0.24005301366255682,0.26995872507693347,1.3672,0.012654722774640081,13.7356,synthetic,-1.1244163254332475,-1.198329681137286,2.5160772128669047,-0.05803472660656458,-1.6863788313340304,-0.5809243835191223,2.5160772128669047,0.9272566860472221,50.0,0.3333333333333333,2.0,2.677611611961643,0.6931471805599453,250.0,2.0,13.5503,29873.36,24.0
2001001094,Dr. Nancy Davis,Palliative Care,Jacksonville,FL,Lazanda,REP-S737,Stanley Santos,TERR-S13,3,2.0,4,3,1,-0.2754092814729272,-1.1016487850100836,-0.5508943945216888,4.3237,0.03793305964925642,8.8193,synthetic,0.30373276577360286,-0.3070100835971559,-0.6878005836870834,-1.1754333337149505,-0.12853109880191332,-1.0125011508692756,-0.6878005836870834,0.5393492218829761,75.0,1.0,0.3333333333333333,2.2464167770806345,1.3862943611198906,150.0,0.3333333333333333,8.4538,18823.84,18.0
2001001095,Dr. Joseph Robinson,Oncology,Las Vegas,NV,Subsys,REP-S707,Scott Rossi,TERR-S11,3,10.0,3,3,2,0.42427138133858616,1.4063531274145145,1.0720569504743713,7.235,0.0670721976416,24.9741,synthetic,1.7318818569804533,-0.3070100835971559,-0.04702502437628586,1.2698406688994204,-0.12853109880191332,2.6559013716070283,-0.04702502437628586,1.5549973389835015,100.0,1.0,0.6666666666666666,3.1900276900427373,1.3862943611198906,1000.0,0.6666666666666666,23.2891,40670.42,22.0
2001001096,Dr. Betty Green,Palliative Care,Philadelphia,PA,Fentora,REP-S668,Serena Kowalski,TERR-S14,3,10.0,4,3,4,-1.3249302756901973,3.596055713184913,1.3092403195742155,6.7773,0.06386935450035525,38.6978,synthetic,0.30373276577360286,-0.3070100835971559,1.2345260942453093,2.3774020367001456,-0.12853109880191332,1.5769594532316444,1.2345260942453093,2.31220028387164,75.0,1.0,1.3333333333333333,3.617426416040159,1.3862943611198906,750.0,1.3333333333333333,36.2416,43863.15,12.0
2001001098,Dr. Margaret Martin,Palliative Care,Denver,CO,Subsys,REP-S696,Sasha Larsson,TERR-S14,3,10.0,5,4,1,-0.9750899442844405,1.4563938118683293,2.3928239070877226,5.1723,0.04842770322421375,24.805,synthetic,0.589362584014973,0.13864971517290903,-0.8479944735147827,1.3012299905779339,0.37298385385674826,1.7927478369067211,-0.8479944735147827,1.5047204018349358,80.0,1.3333333333333333,0.25,3.2021405683764765,1.6094379124341003,800.0,0.25,23.5851,58449.29,14.0
2001001099,Dr. Laura Hernandez,Pain Management,Los Angeles,CA,Subsys,REP-S654,Selena Dubois,TERR-S14,3,2.0,3,2,0,-1.3249302756901973,-0.9880090955173322,-1.219149119026124,0.5304,0.004768387983288935,9.1744,synthetic,-0.1723169312953478,-0.752669882367221,-1.328576142997881,-0.9974310637287244,-0.77509632596926,-1.0844306120943012,-1.328576142997881,0.6163369265497001,66.66666666666666,0.6666666666666666,0.0,2.3151063735477173,1.0986122886681098,133.33333333333331,0.0,9.126,9828.45,12.0
2001001100,Dr. Deborah Allen,Orthopedics,Phoenix,AZ,Subsys,REP-S804,Sarah Vargas,TERR-S10,3,1.0,2,2,2,-1.4998504413930756,-1.2312473954908083,-1.1520405328079524,6.2948,0.054206557533126976,8.1711,synthetic,1.7318818569804533,-0.752669882367221,0.5937505349345118,-1.3945779842675023,-0.77509632596926,-1.2282895345443523,0.5937505349345118,0.5019324155650107,100.0,0.6666666666666666,1.0,2.1618506779205537,1.0986122886681098,100.0,1.0,7.6872,10731.8,11.0
2001001101,Dr. William Johnson,Internal Medicine,Charlotte,NC,Lazanda,REP-S651,Silas Dubois,TERR-S11,3,9.0,5,4,5,0.7741117127443429,1.3054264766748942,-0.2023687916784765,6.2846,0.05845102374177724,24.1182,synthetic,0.589362584014973,0.13864971517290903,1.07433220441761,1.2053509906701372,0.37298385385674826,1.4474864230265985,1.07433220441761,1.5019042454932137,80.0,1.3333333333333333,1.25,3.165141659239848,1.6094379124341003,720.0,1.25,22.6921,23515.35,24.0
2001001103,Dr. David Lopez,Neurology,Las Vegas,NV,Lazanda,REP-S716,Sasha Rossi,TERR-S06,3,4.0,2,1,2,-0.2754092814729272,-0.6038454085144634,0.16312135065527875,2.0121,0.018333300722061185,11.6278,synthetic,-1.1244163254332475,-1.198329681137286,2.5160772128669047,-0.4727733302902366,-1.6863788313340304,-0.796712767194199,2.5160772128669047,0.7801430770109559,50.0,0.3333333333333333,2.0,2.5175674320275485,0.6931471805599453,200.0,2.0,11.3984,28435.22,18.0
2001001104,Dr. Dorothy Walker,Pain Management,Charlotte,NC,Lazanda,REP-S556,Sasha Chen,TERR-S14,3,4.0,4,2,0,-1.1500101099873188,-0.5029356634114833,-1.061913630942799,2.8919,0.026336695758189865,12.3421,synthetic,-1.1244163254332475,-0.752669882367221,-1.328576142997881,-0.35092483486939874,-0.77509632596926,-0.796712767194199,-1.328576142997881,0.8101190373703284,50.0,0.6666666666666666,0.0,2.5645877536292123,1.0986122886681098,200.0,0.0,11.9953,11945.0,13.0
2001001105,Dr. Michelle Sanchez,Pain Management,Seattle,WA,Lazanda,REP-S644,Sarah Dubois,TERR-S04,1,4.0,13,7,3,-0.8001697785815622,-0.5607529407196074,-1.0602287660117886,7.2968,0.06503826584361683,12.5036,synthetic,-0.9047010806321937,1.4756291114831046,-0.504721852455427,-0.4200367222902804,1.4293166337302035,-0.7303163414480216,-0.504721852455427,0.7870215983083081,53.84615384615385,2.3333333333333335,0.42857142857142855,2.537918050718198,2.0794415416798357,215.3846153846154,0.42857142857142855,11.6533,11967.68,15.0
2001001106,Dr. Lisa Sanchez,Palliative Care,Las Vegas,NV,Lazanda,REP-S786,Stella Gomez,TERR-S06,2,7.0,7,6,2,0.9490318784472211,0.3935533419605956,0.3503946820456894,3.0923,0.028813265673094612,17.8331,synthetic,0.9157966620051099,1.0299693127130392,-0.6878005836870834,0.5358912101395379,1.1292049358741694,0.9295943022064145,-0.6878005836870834,1.1036185750758356,85.71428571428571,2.0,0.3333333333333333,2.906802694353911,1.9459101490553132,600.0,0.3333333333333333,17.2982,30956.11,25.0
2001001107,Dr. Patricia Carter,Oncology,Charlotte,NC,Abstral,REP-S650,Sadie Dubois,TERR-S10,3,2.0,4,2,0,-1.1500101099873188,-0.9033118559519222,-0.2633233121609829,1.4159,0.012744266772685364,9.7633,synthetic,-1.1244163254332475,-0.752669882367221,-1.328576142997881,-0.872288283201277,-0.77509632596926,-1.2282895345443523,-1.328576142997881,0.6427882306484222,50.0,0.6666666666666666,0.0,2.363397932390558,1.0986122886681098,100.0,0.0,9.627,22694.84,13.0
2001001108,Dr. Melissa Lee,Oncology,Columbus,OH,Subsys,REP-S577,Stanley Kapoor,TERR-S07,2,7.0,9,7,5,1.1239520441500994,0.37247201307076194,0.9573903029010776,4.4495,0.04118487471908816,17.9376,synthetic,0.46241599812992007,1.4756291114831046,0.04451434123954247,0.5181706800049549,1.4293166337302035,0.6898294314563294,0.04451434123954247,1.1466628938444665,77.77777777777779,2.3333333333333335,0.7142857142857143,2.899964489064611,2.0794415416798357,544.4444444444445,0.7142857142857143,17.1735,39126.89,26.0
2001001109,Dr. Charles Wilson,Family Practice,Philadelphia,PA,Abstral,REP-S798,Summer Gomez,TERR-S04,3,4.0,3,3,4,-0.10048911577004885,-0.427621052181164,-0.6486150747487412,2.1818,0.0199910903802909,12.7122,synthetic,1.7318818569804533,-0.3070100835971559,1.2345260942453093,-0.263576222460239,-0.12853109880191332,0.06644076750610772,1.2345260942453093,0.8710421085744658,100.0,1.0,1.3333333333333333,2.5982948571330557,1.3862943611198906,400.0,1.3333333333333333,12.4408,17508.42,19.0
2001001110,Dr. Ashley Johnson,Anesthesiology,Denver,CO,Actiq,REP-S544,Sarah Chen,TERR-S02,3,10.0,4,3,4,-0.10048911577004885,2.0179145328593644,2.324883288804854,5.1642,0.048591181370206904,28.2961,synthetic,0.30373276577360286,-0.3070100835971559,1.2345260942453093,1.6296191616650044,-0.12853109880191332,1.5769594532316444,1.2345260942453093,1.8057519100682269,75.0,1.0,1.3333333333333333,3.3288632199914034,1.3862943611198906,750.0,1.3333333333333333,26.9066,57534.74,19.0
2001001112,Dr. Ashley Green,Anesthesiology,Atlanta,GA,Subsys,REP-S581,Samuel Nakamura,TERR-S11,3,1.0,2,2,3,0.9490318784472211,-1.1772338864266396,-1.05104818364079,3.904,0.03411877376132333,8.3193,synthetic,1.7318818569804533,-0.752669882367221,1.5549138739007082,-1.3009815995721852,-0.77509632596926,-1.2282895345443523,1.5549138739007082,0.5373445109505948,100.0,0.6666666666666666,1.5,2.197968744819345,1.0986122886681098,100.0,1.5,8.0067,12091.26,25.0
2001001113,Dr. Thomas Gonzalez,Pain Management,Miami,FL,Subsys,REP-S554,Selena Chen,TERR-S12,2,10.0,9,7,3,-0.8001697785815622,2.3795091949480964,1.4129679741540673,7.3198,0.06837117644129753,31.1716,synthetic,0.46241599812992007,1.4756291114831046,-0.504721852455427,1.8209932741939234,1.4293166337302035,1.6968418886066874,-0.504721852455427,1.9616276791693308,77.77777777777779,2.3333333333333335,0.42857142857142855,3.4027128993515303,2.0794415416798357,777.7777777777778,0.42857142857142855,29.0455,45259.43,15.0
2001001114,Dr. Elizabeth Nelson,Oncology,Jacksonville,FL,Actiq,REP-S607,Scott O'Connor,TERR-S09,2,1.0,8,4,2,2.348393204070248,-1.5065556881699895,-1.3261469567745416,6.1361,0.05131879450867771,6.4304,synthetic,-1.1244163254332475,0.13864971517290903,-0.3674128040316846,-1.932526288674342,0.37298385385674826,-1.444077918219429,-0.3674128040316846,0.40453527090782126,50.0,1.3333333333333333,0.5,1.954260898572703,1.6094379124341003,50.0,0.5,6.0587,8388.15,33.0
2001001115,Dr. Michelle Carter,Palliative Care,Austin,TX,Lazanda,REP-S700,Sloan Larsson,TERR-S04,2,9.0,8,7,5,-0.2754092814729272,1.125482880280838,1.7984439724132941,7.8761,0.0725846579215883,23.3312,synthetic,1.017807311377028,1.4756291114831046,0.04451434123954247,1.086232488862843,1.4293166337302035,1.738800740987952,0.04451434123954247,1.3798390269604726,87.5,2.3333333333333335,0.7142857142857143,3.119174819482469,2.0794415416798357,787.5,0.7142857142857143,21.6277,50448.33,18.0
2001001116,Dr. Donna Hill,Palliative Care,Baltimore,MD,Fentora,REP-S559,Solomon Chen,TERR-S03,3,3.0,3,2,1,-0.9750899442844405,-0.7022700250313928,-1.2538032545207307,3.5378,0.03187431245218031,11.1989,synthetic,-0.1723169312953478,-0.752669882367221,-0.3674128040316846,-0.5974092377523404,-0.77509632596926,-0.7967127671941991,-0.3674128040316846,0.6900694425856593,66.66666666666666,0.6666666666666666,0.5,2.4694714712875925,1.0986122886681098,199.99999999999997,0.5,10.8162,9361.97,14.0
2001001117,Dr. Charles Rodriguez,Internal Medicine,Jacksonville,FL,Abstral,REP-S575,Stephen Kapoor,TERR-S05,3,3.0,3,2,0,-0.10048911577004885,-0.789164997359977,-1.2748714950160798,0.3554,0.003233075560352461,10.3388,synthetic,-0.1723169312953478,-0.752669882367221,-1.328576142997881,-0.7126593859527729,-0.77509632596926,-0.7967127671941991,-1.328576142997881,0.6818636405586166,66.66666666666666,0.6666666666666666,0.0,2.4249973970340912,1.0986122886681098,199.99999999999997,0.0,10.3022,9078.37,19.0
2001001118,Dr. Sharon Thompson,Pain Management,Portland,OR,Subsys,REP-S727,Scott Santos,TERR-S03,3,5.0,2,2,0,1.1239520441500994,-0.3590348843334856,0.13115423299817833,3.1125,0.028464730761004198,13.2463,synthetic,1.7318818569804533,-0.752669882367221,-1.328576142997881,-0.18651409105644434,-0.77509632596926,0.4980175348562611,-1.328576142997881,0.8676059968135791,100.0,0.6666666666666666,0.0,2.6280324931161787,1.0986122886681098,500.0,0.0,12.8465,28004.91,26.0
2001001119,Dr. John Harris,Pain Management,Chicago,IL,Fentora,REP-S807,Scott Vargas,TERR-S13,2,2.0,5,4,3,-0.9750899442844405,-0.9115787122687858,-1.0006872142677221,4.5405,0.04029056700079536,10.013,synthetic,0.589362584014973,0.13864971517290903,0.11316886545141361,-0.8842400985672663,0.37298385385674826,-0.9693434741342604,0.11316886545141361,0.6468701201167742,80.0,1.3333333333333333,0.75,2.3587858261820114,1.6094379124341003,160.0,0.75,9.5781,12769.17,14.0
2001001120,Dr. Sharon Lee,Internal Medicine,Baltimore,MD,Subsys,REP-S751,Silas Tanaka,TERR-S13,3,2.0,4,3,4,-0.10048911577004885,-0.9976284027653796,-0.322621197371817,6.5139,0.05700832847861781,9.6598,synthetic,0.30373276577360286,-0.3070100835971559,1.2345260942453093,-1.0120337239132773,-0.12853109880191332,-1.0125011508692756,1.2345260942453093,0.6002494168808751,75.0,1.0,1.3333333333333333,2.3094713283569988,1.3862943611198906,150.0,1.3333333333333333,9.0691,21896.63,19.0
2001001121,Dr. Michelle Sanchez,Oncology,Jacksonville,FL,Actiq,REP-S556,Sasha Chen,TERR-S14,3,7.0,4,2,3,0.0744310499328295,0.3306474680238911,0.2529228685522739,5.1797,0.04775336184996837,17.8029,synthetic,-1.1244163254332475,-0.752669882367221,1.5549138739007082,0.48265103012636645,-0.77509632596926,-0.14934761616896897,1.5549138739007082,1.1301441644103314,50.0,0.6666666666666666,1.5,2.8862577514089556,1.0986122886681098,350.0,1.5,16.9261,29644.04,20.0
2001001123,Dr. Linda Torres,Palliative Care,Los Angeles,CA,Subsys,REP-S714,Selena Rossi,TERR-S04,2,5.0,8,4,1,-0.2754092814729272,-0.2357758875926869,0.08216611653185947,4.2901,0.03917954761980447,14.158,synthetic,-1.1244163254332475,0.13864971517290903,-0.8479944735147827,-0.05353272290566209,0.37298385385674826,-0.5809243835191223,-0.8479944735147827,0.8661181121619308,50.0,1.3333333333333333,0.25,2.679348897770033,1.6094379124341003,250.0,0.25,13.5756,27345.48,18.0
2001001124,Dr. Linda Flores,Pain Management,Austin,TX,Actiq,REP-S524,Sarah Patel,TERR-S10,3,9.0,5,4,5,0.7741117127443429,1.2109746847683187,-0.3585991553122173,6.7756,0.0628136062964968,23.6331,synthetic,0.589362584014973,0.13864971517290903,1.07433220441761,1.1435092892674732,0.37298385385674826,1.4474864230265985,1.07433220441761,1.494809525541873,80.0,1.3333333333333333,1.25,3.141277460684877,1.6094379124341003,720.0,1.25,22.1334,21412.33,24.0
2001001125,Dr. Sarah Williams,Palliative Care,Detroit,MI,Subsys,REP-S535,Stephen Patel,TERR-S07,2,1.0,5,3,3,0.0744310499328295,-1.5302066738290732,-1.1905391021729197,5.1687,0.04326336645743267,6.2247,synthetic,-0.5531566889505074,-0.3070100835971559,0.5937505349345118,-1.9844023849925536,-0.12853109880191332,-1.4009202414844137,0.5937505349345118,0.3776171868841183,60.0,1.0,1.0,1.9342423441876313,1.3862943611198906,60.0,1.0,5.9188,10213.57,20.0
2001001126,Dr. Deborah Allen,Orthopedics,Phoenix,AZ,Lazanda,REP-S613,Spencer O'Connor,TERR-S01,3,6.0,3,2,1,-0.8001697785815622,0.014207761400070401,0.8250853184419915,3.0682,0.028364990953737568,15.5162,synthetic,-0.1723169312953478,-0.752669882367221,-0.3674128040316846,0.1968687022946544,-0.77509632596926,0.06644076750610747,-0.3674128040316846,0.9829640393954027,66.66666666666666,0.6666666666666666,0.5,2.7759767264663924,1.0986122886681098,399.99999999999994,0.5,15.0543,37345.93,15.0
2001001127,Dr. Karen Allen,Palliative Care,Boston,MA,Subsys,REP-S550,Sadie Chen,TERR-S08,3,2.0,2,2,3,0.9490318784472211,-1.0939398147023336,-1.3640757327523465,6.1869,0.053873284401105614,9.0252,synthetic,1.7318818569804533,-0.752669882367221,1.5549138739007082,-1.1629638719882198,-0.77509632596926,-0.796712767194199,1.5549138739007082,0.5422584845243758,100.0,0.6666666666666666,1.5,2.2512286387172145,1.0986122886681098,200.0,1.5,8.4994,7877.59,25.0
2001001128,Dr. William Jackson,Palliative Care,Miami,FL,Subsys,REP-S766,Stella Muller,TERR-S14,3,10.0,5,3,0,-0.6252496128786839,1.483003283939378,0.5322999208472637,2.3016,0.0218471057907057,24.289,synthetic,-0.5531566889505074,-0.3070100835971559,-1.328576142997881,1.3177679068054768,-0.12853109880191332,0.9295943022064145,-1.328576142997881,1.5147624619173108,60.0,1.0,0.0,3.2085224127887093,1.3862943611198906,600.0,0.0,23.7425,33404.74,16.0
2001001130,Dr. Melissa Perez,Palliative Care,Portland,OR,Abstral,REP-S569,Seth Kapoor,TERR-S13,3,10.0,2,2,3,0.42427138133858616,1.468870171708503,0.4330340382143468,3.9335,0.03704422100758897,24.5895,synthetic,1.7318818569804533,-0.752669882367221,1.5549138739007082,1.30899725223731,-0.77509632596926,2.6559013716070283,1.5549138739007082,1.5094288137414114,100.0,0.6666666666666666,1.5,3.205137890090846,1.0986122886681098,1000.0,1.5,23.6589,32068.52,22.0
2001001131,Dr. Stephanie Wilson,Pain Management,Phoenix,AZ,Abstral,REP-S722,Sophia Santos,TERR-S12,1,1.0,11,9,2,-0.10048911577004885,-1.4292969287260926,-1.1051926702509105,7.3128,0.0614719001518802,6.9922,synthetic,0.6932279724663808,2.3669487090232346,-0.9013924367906826,-1.7699592543144862,1.930831586388866,-1.3067580376989258,-0.9013924367906826,0.44004673595440286,81.81818181818183,3.0,0.2222222222222222,2.0169941659062767,2.302585092994046,81.81818181818183,0.2222222222222222,6.5157,11362.42,19.0
2001001132,Dr. Nancy Lewis,Neurology,Baltimore,MD,Abstral,REP-S793,Spencer Gomez,TERR-S13,3,4.0,2,1,1,0.42427138133858616,-0.4157363896233827,0.3848935544139374,2.0513,0.018820962538522945,12.7678,synthetic,-1.1244163254332475,-1.198329681137286,0.5937505349345118,-0.25005762941028925,-1.6863788313340304,-0.796712767194199,0.5937505349345118,0.85629983601135,50.0,0.3333333333333333,1.0,2.6035115698270883,0.6931471805599453,200.0,1.0,12.5111,31420.5,22.0
2001001133,Dr. Ashley Adams,Anesthesiology,Los Angeles,CA,Actiq,REP-S517,Stanley Brooks,TERR-S03,3,7.0,2,2,2,1.6487125412587345,0.4130286353696475,0.9080924030678138,4.1998,0.0389472544875491,18.1447,synthetic,1.7318818569804533,-0.752669882367221,0.5937505349345118,0.5521547531733894,-0.77509632596926,1.3611710695565677,0.5937505349345118,1.1686456226644042,100.0,0.6666666666666666,1.0,2.9130786604312355,1.0986122886681098,700.0,1.0,17.4134,38463.29,29.0
2001001134,Dr. Thomas Smith,Family Practice,Charlotte,NC,Lazanda,REP-S567,Scott Kapoor,TERR-S11,3,7.0,3,2,2,-0.6252496128786839,0.30919421512798145,-0.8027475289622119,3.5354,0.03282751862368327,17.3932,synthetic,-0.1723169312953478,-0.752669882367221,0.5937505349345118,0.46424110019390147,-0.77509632596926,0.3541586124062098,0.5937505349345118,1.1761953082088104,66.66666666666666,0.6666666666666666,1.0,2.879153512467811,1.0986122886681098,466.66666666666663,1.0,16.7992,15433.64,16.0
2001001135,Dr. Sandra Sanchez,Oncology,Jacksonville,FL,Abstral,REP-S729,Seth Santos,TERR-S05,3,3.0,5,3,2,-0.10048911577004885,-0.8072033116546461,-1.0976843237527973,6.6576,0.0588644889655634,10.8743,synthetic,-0.5531566889505074,-0.3070100835971559,-0.04702502437628586,-0.7372400791241253,-0.12853109880191332,-0.8830281206642296,-0.04702502437628586,0.6807465883012348,60.0,1.0,0.6666666666666666,2.415511911849256,1.3862943611198906,180.0,0.6666666666666666,10.1955,11463.49,19.0
2001001136,Dr. Margaret Robinson,Oncology,Seattle,WA,Subsys,REP-S614,Selena O'Connor,TERR-S02,3,3.0,5,4,1,-0.8001697785815622,-0.7887423564439817,-0.8660718550575591,5.3584,0.04768297421330736,10.8568,synthetic,0.589362584014973,0.13864971517290903,-0.8479944735147827,-0.7120862421926529,0.37298385385674826,-0.6240820602541377,-0.8479944735147827,0.6880377978978701,80.0,1.3333333333333333,0.25,2.425218568447261,1.6094379124341003,240.0,0.25,10.3047,14581.23,15.0
2001001137,Dr. Patricia Gonzalez,Pain Management,Baltimore,MD,Lazanda,REP-S813,Spencer Vargas,TERR-S05,3,5.0,2,2,3,0.5991915470414645,-0.24519232720105677,-0.7249859607728374,5.8439,0.0529795556490269,14.3099,synthetic,1.7318818569804533,-0.752669882367221,1.5549138739007082,-0.06345461437571259,-0.77509632596926,0.4980175348562611,1.5549138739007082,0.91308498939944,100.0,0.6666666666666666,1.5,2.6755201223205924,1.0986122886681098,500.0,1.5,13.5199,16480.39,23.0
2001001138,Dr. Sarah Brown,Oncology,Nashville,TN,Subsys,REP-S650,Sadie Dubois,TERR-S10,3,6.0,3,2,3,2.6982335354760045,0.04774854449343847,-0.44345899705353353,4.9947,0.04580687286519103,16.0145,synthetic,-0.1723169312953478,-0.752669882367221,1.5549138739007082,0.22869712132854494,-0.77509632596926,0.06644076750610747,1.5549138739007082,1.0184123865805743,66.66666666666666,0.6666666666666666,1.5,2.788259048819879,1.0986122886681098,399.99999999999994,1.5,15.2527,20270.03,35.0
2001001139,Dr. Nancy Brown,Emergency Medicine,Philadelphia,PA,Lazanda,REP-S534,Selena Patel,TERR-S06,3,9.0,2,2,3,1.1239520441500994,1.2860526170856807,-0.36456378517600996,1.6144,0.015341371393275516,22.942,synthetic,1.7318818569804533,-0.752669882367221,1.5549138739007082,1.192785828080975,-0.77509632596926,2.224324604256875,1.5549138739007082,1.5449944155650546,100.0,0.6666666666666666,1.5,3.1602928674359028,1.0986122886681098,900.0,1.5,22.5775,21332.04,26.0
2001001140,Dr. Carol Scott,Oncology,New York,NY,Fentora,REP-S830,Sadie Alvarez,TERR-S08,3,4.0,2,2,1,0.0744310499328295,-0.5737702809322552,-0.7671112984769547,7.6598,0.06813109163294007,12.463,synthetic,1.7318818569804533,-0.752669882367221,-0.3674128040316846,-0.4358545295683559,-0.77509632596926,0.06644076750610772,-0.3674128040316846,0.7729416634938537,100.0,0.6666666666666666,0.5,2.5318140903641577,1.0986122886681098,400.0,0.5,11.5763,15913.34,20.0
2001001141,Dr. Deborah Moore,Anesthesiology,Phoenix,AZ,Fentora,REP-S689,Seth Larsson,TERR-S07,2,3.0,8,5,5,-1.1500101099873188,-0.7123457844687149,-0.8632117448351652,6.4361,0.05722551337741244,11.449,synthetic,-0.41034177982982234,0.5843095139429743,0.5937505349345118,-0.6105131381992276,0.7827514065628568,-0.8506598631129682,0.5937505349345118,0.7218954084068552,62.5,1.6666666666666667,1.0,2.4644147850222367,1.791759469228055,187.5,1.0,10.7566,14619.73,13.0
2001001142,Dr. Margaret Jackson,Pain Management,Portland,OR,Subsys,REP-S666,Stella Kowalski,TERR-S12,1,10.0,11,10,6,0.0744310499328295,1.4626827086983354,0.900548398052642,10.1723,0.09311722767624397,26.0252,synthetic,1.2125549147234167,2.8126085077932994,-0.17518013623844536,1.305148105547684,2.145041139077878,2.263558855834161,-0.17518013623844536,1.5953644291074929,90.9090909090909,3.3333333333333335,0.6,3.2036525363766857,2.3978952727983707,909.090909090909,0.6,23.6223,38361.74,20.0
2001001143,Dr. Margaret Thompson,Palliative Care,Las Vegas,NV,Subsys,REP-S639,Solomon Novak,TERR-S13,3,5.0,3,3,4,1.298872209852978,-0.36386989641246925,0.1116809682554214,7.2401,0.0650002249413082,13.7459,synthetic,1.7318818569804533,-0.3070100835971559,1.2345260942453093,-0.1918721748824398,-0.12853109880191332,0.4980175348562611,1.2345260942453093,0.8177771405963945,100.0,1.0,1.3333333333333333,2.6259648531030884,1.3862943611198906,500.0,1.3333333333333333,12.8179,27742.78,27.0
2001001144,Dr. Michelle Rodriguez,Orthopedics,Miami,FL,Fentora,REP-S816,Sasha Vargas,TERR-S08,3,8.0,5,4,3,0.24935121563570783,0.5399392496246441,0.3795767209433728,3.5767,0.033339927502311184,18.8138,synthetic,0.589362584014973,0.13864971517290903,0.11316886545141361,0.6557073248302188,0.37298385385674826,1.1022250091464758,0.11316886545141361,1.1860170919924564,80.0,1.3333333333333333,0.75,2.9530387371245648,1.6094379124341003,640.0,0.75,18.1641,31348.93,21.0
2001001145,Dr. Susan Rodriguez,Pain Management,Nashville,TN,Subsys,REP-S502,Sophia Brooks,TERR-S02,2,2.0,6,4,0,-0.10048911577004885,-1.0843036018176462,-0.35302231182143506,0.9698,0.008647778915795268,8.6394,synthetic,-0.1723169312953478,0.13864971517290903,-1.328576142997881,-1.1474609509055314,0.37298385385674826,-1.0844306120943012,-1.328576142997881,0.5778682093282768,66.66666666666666,1.3333333333333333,0.0,2.2572110871057283,1.6094379124341003,133.33333333333331,0.0,8.5564,21487.4,19.0
2001001146,Dr. William Adams,Pain Management,Seattle,WA,Fentora,REP-S660,Sloan Dubois,TERR-S06,2,7.0,7,3,0,-0.8001697785815622,0.41749172344255575,0.4842300111951992,3.8778,0.03601953983950468,18.1161,synthetic,-1.5324589229209193,-0.3070100835971559,-1.328576142997881,0.5558674831835121,-0.12853109880191332,-0.36513599984404566,-1.328576142997881,1.1778208121456784,42.857142857142854,1.0,0.0,2.9145113720826448,1.3862943611198906,300.0,0.0,17.4398,32757.67,15.0
2001001147,Dr. Kimberly Mitchell,Internal Medicine,Las Vegas,NV,Abstral,REP-S543,Sean Chen,TERR-S01,3,2.0,4,2,1,-0.2754092814729272,-0.938932032351986,-0.9715675777748909,2.7889,0.024897945078122152,9.6789,synthetic,-1.1244163254332475,-0.752669882367221,-0.3674128040316846,-0.9241837919892288,-0.77509632596926,-1.2282895345443523,-0.3674128040316846,0.6232292712810955,50.0,0.6666666666666666,0.5,2.3433718868947664,1.0986122886681098,100.0,0.5,9.4163,13161.15,18.0
2001001148,Dr. Sarah Davis,Pain Management,Las Vegas,NV,Subsys,REP-S634,Selena Novak,TERR-S08,3,4.0,2,1,0,-0.10048911577004885,-0.5137890821342364,-1.035729136135339,-0.0732,-0.0006730230203566556,11.9224,synthetic,-1.1244163254332475,-1.198329681137286,-1.328576142997881,-0.36375872360807937,-1.6863788313340304,-0.796712767194199,-1.328576142997881,0.8057832023183352,50.0,0.3333333333333333,0.0,2.559635262637768,0.6931471805599453,200.0,0.0,11.9311,12297.47,19.0
2001001149,Dr. Joseph Sanchez,Pain Management,Miami,FL,Abstral,REP-S608,Serena O'Connor,TERR-S10,3,6.0,4,3,0,-0.9750899442844405,-0.025266900153867972,-0.24730372337248835,2.34,0.021683709606594714,15.1676,synthetic,0.30373276577360286,-0.3070100835971559,-1.328576142997881,0.1589015810696615,-0.12853109880191332,0.2822291511811844,-1.328576142997881,1.0009430551181016,75.0,1.0,0.0,2.7613255299610704,1.3862943611198906,450.0,0.0,14.8208,22910.48,14.0
2001001150,Dr. Rebecca Carter,Pain Management,Austin,TX,Abstral,REP-S741,Samuel Tanaka,TERR-S03,3,9.0,2,2,0,0.24935121563570783,1.1418982534580857,-0.4011895395096383,3.3509,0.03153305160466724,22.4528,synthetic,1.7318818569804533,-0.752669882367221,-1.328576142997881,1.097328917713939,-0.77509632596926,2.224324604256875,-1.328576142997881,1.4672141641361958,100.0,0.6666666666666666,0.0,3.1234568391447266,1.0986122886681098,900.0,0.0,21.7248,20839.02,21.0
2001001151,Dr. Emily Scott,Palliative Care,Philadelphia,PA,Abstral,REP-S825,Simon Alvarez,TERR-S03,3,2.0,3,2,2,-1.4998504413930756,-1.033265484802083,-0.6564272615276231,4.1588,0.03668820732157174,9.2267,synthetic,-0.1723169312953478,-0.752669882367221,0.5937505349345118,-1.0668615138033,-0.77509632596926,-1.0844306120943012,0.5937505349345118,0.5651561679015316,66.66666666666666,0.6666666666666666,1.0,2.288313739956474,1.0986122886681098,133.33333333333331,1.0,8.8583,17403.26,11.0
2001001152,Dr. Jessica Torres,Oncology,Boston,MA,Actiq,REP-S815,Stephen Vargas,TERR-S07,2,9.0,9,6,4,-1.3249302756901973,0.8407919592665664,0.7803665665076462,7.1379,0.06576218570141323,21.3673,synthetic,-0.1723169312953478,1.0299693127130392,-0.04702502437628586,0.8858215012845984,1.1292049358741694,0.9295943022064139,-0.04702502437628586,1.3316272603700983,66.66666666666666,2.0,0.6666666666666666,3.0418378851535732,1.9459101490553132,599.9999999999999,0.6666666666666666,19.9437,36743.97,12.0
2001001153,Dr. Michael Lee,Anesthesiology,Baltimore,MD,Actiq,REP-S583,Sean Nakamura,TERR-S13,3,4.0,3,2,3,0.5991915470414645,-0.5648271991497996,-0.619172282945068,5.4392,0.04887612904604621,12.2618,synthetic,-0.1723169312953478,-0.752669882367221,1.5549138739007082,-0.42497711792787357,-0.77509632596926,-0.5089949222940969,1.5549138739007082,0.7804572154254132,66.66666666666666,0.6666666666666666,1.5,2.5360115931052682,1.0986122886681098,266.66666666666663,1.5,11.6292,17904.75,23.0
2001001155,Dr. Stephanie Wright,Anesthesiology,Atlanta,GA,Subsys,REP-S834,Selena Alvarez,TERR-S12,2,5.0,9,6,2,0.7741117127443429,-0.3211493526236886,0.29548948040498907,3.0215,0.027678989884651006,13.4655,synthetic,-0.1723169312953478,1.0299693127130392,-0.6878005836870834,-0.14490909795764367,1.1292049358741694,-0.22127707739399485,-0.6878005836870834,0.8771922470969118,66.66666666666666,2.0,0.3333333333333333,2.6440875141403124,1.9459101490553132,333.33333333333326,0.3333333333333333,13.0706,30217.03,24.0
2001001156,Dr. Betty Perez,Oncology,Columbus,OH,Actiq,REP-S654,Selena Dubois,TERR-S14,3,3.0,5,5,3,-1.3249302756901973,-0.7152197426974816,-1.2290874448846145,6.5795,0.05844761316856184,11.4462,synthetic,1.7318818569804533,0.5843095139429743,-0.17518013623844536,-0.6142630058363568,0.7827514065628568,-0.36513599984404566,-0.17518013623844536,0.7170757745789752,100.0,1.6666666666666667,0.6,2.4629677422692464,1.791759469228055,300.0,0.6,10.7396,9694.67,12.0
2001001157,Dr. Mary Lewis,Internal Medicine,Columbus,OH,Fentora,REP-S772,Sienna Muller,TERR-S06,3,1.0,3,3,3,0.0744310499328295,-1.181155994127074,-1.001881774589179,4.5906,0.03998678191010585,8.35,synthetic,1.7318818569804533,-0.3070100835971559,0.5937505349345118,-1.3076652973759286,-0.12853109880191332,-1.2282895345443523,0.5937505349345118,0.5283976601502317,100.0,1.0,1.0,2.1953895613904897,1.3862943611198906,100.0,1.0,7.9835,12753.09,20.0
2001001158,Dr. Jessica Flores,Oncology,Las Vegas,NV,Lazanda,REP-S635,Stephen Novak,TERR-S09,3,5.0,2,1,1,-0.2754092814729272,-0.1502164605586472,0.5666829030350721,3.0805,0.028350990748263527,14.5154,synthetic,-1.1244163254332475,-1.198329681137286,0.5937505349345118,0.034920051787051064,-1.6863788313340304,-0.5809243835191223,0.5937505349345118,0.9402255144408317,50.0,0.3333333333333333,1.0,2.7134820883215154,0.6931471805599453,250.0,1.0,14.0817,33867.57,18.0
2001001159,Dr. John Jackson,Oncology,Miami,FL,Actiq,REP-S678,Summer Kowalski,TERR-S10,3,7.0,4,2,3,2.1734730383673697,0.3858274660162059,0.35196365679625974,2.9015,0.027051682669680943,17.753,synthetic,-1.1244163254332475,-0.752669882367221,1.5549138739007082,0.5294110565567539,-0.77509632596926,-0.14934761616896897,1.5549138739007082,1.1519376700178565,50.0,0.6666666666666666,1.5,2.904302056948104,1.0986122886681098,350.0,1.5,17.2525,30977.23,32.0
2001001160,Dr. Emily Johnson,Oncology,Chicago,IL,Abstral,REP-S644,Sarah Dubois,TERR-S04,1,9.0,14,10,5,-0.2754092814729272,1.3018762929805354,0.9599532588146514,8.2388,0.07594788520834239,24.5389,synthetic,0.09971146702976721,2.8126085077932994,-0.3674128040316846,1.2030530285915213,2.145041139077878,1.1145557739279088,-0.3674128040316846,1.5137339000574888,71.42857142857143,3.3333333333333335,0.5,3.1642548947739284,2.3978952727983707,642.8571428571429,0.5,22.6711,39161.39,18.0
2001001161,Dr. Michael Adams,Pain Management,Baltimore,MD,Fentora,REP-S673,Spencer Kowalski,TERR-S05,3,3.0,3,2,0,0.5991915470414645,-0.8253430597691538,-0.6572555791634591,1.8967,0.01711430464533814,10.2796,synthetic,-0.1723169312953478,-0.752669882367221,-1.328576142997881,-0.7621963876972727,-0.77509632596926,-0.7967127671941991,-1.328576142997881,0.6813204232323783,66.66666666666666,0.6666666666666666,0.0,2.405881479802911,1.0986122886681098,199.99999999999997,0.0,10.0882,17392.11,23.0
2001001162,Dr. Mary Williams,Orthopedics,Las Vegas,NV,Abstral,REP-S547,Scott Chen,TERR-S05,3,8.0,4,3,0,-0.8001697785815622,0.6787514320740607,1.5914098794863432,1.9065,0.01795131066550404,19.3472,synthetic,0.30373276577360286,-0.3070100835971559,-1.328576142997881,0.7644250396138235,-0.12853109880191332,0.9295943022064145,-1.328576142997881,1.2396304631055313,75.0,1.0,0.0,2.994991999618841,1.3862943611198906,600.0,0.0,18.9852,47661.44,15.0
2001001163,Dr. Sharon White,Anesthesiology,Boston,MA,Actiq,REP-S565,Simon Kapoor,TERR-S09,3,2.0,3,2,2,-0.10048911577004885,-1.023595460644116,-1.3449219088915714,5.2636,0.0462440092529004,9.3848,synthetic,-0.1723169312953478,-0.752669882367221,0.5937505349345118,-1.0518690960749673,-0.77509632596926,-1.0844306120943012,0.5937505349345118,0.5983357672174587,66.66666666666666,0.6666666666666666,1.0,2.2940991893437475,1.0986122886681098,133.33333333333331,1.0,8.9155,8135.42,19.0
2001001166,Dr. Kimberly Gonzalez,Palliative Care,New York,NY,Abstral,REP-S652,Sienna Dubois,TERR-S12,2,10.0,9,8,2,-0.6252496128786839,2.5306963034178493,3.6468477772827503,5.5234,0.05206950098954666,31.5935,synthetic,1.0971489275551862,1.9212889102531692,-0.8479944735147827,1.8970003055600775,1.6940339119276273,2.176371630106858,-0.8479944735147827,1.9101478427845384,88.88888888888889,2.6666666666666665,0.25,3.4320433809999162,2.1972245773362196,888.8888888888889,0.25,29.9398,75329.73,16.0
2001001167,Dr. Linda Perez,Emergency Medicine,Austin,TX,Abstral,REP-S715,Stephen Rossi,TERR-S05,3,6.0,4,3,0,1.298872209852978,-0.02519927760730892,0.857764120668716,0.9145,0.008527990912165606,14.9567,synthetic,0.30373276577360286,-0.3070100835971559,-1.328576142997881,0.15896709907038756,-0.12853109880191332,0.2822291511811844,-1.328576142997881,1.0142252787940553,75.0,1.0,0.0,2.7613508128129776,1.3862943611198906,450.0,0.0,14.8212,37785.82,27.0
2001001168,Dr. Joseph Jones,Oncology,Boston,MA,Subsys,REP-S680,Sloan Kowalski,TERR-S12,2,9.0,6,3,4,-0.9750899442844405,1.271665920305209,0.0808467514006981,7.1364,0.06609127499518408,24.0975,synthetic,-1.1244163254332475,-0.3070100835971559,1.2345260942453093,1.1834155748255109,-0.12853109880191332,0.2822291511811844,1.2345260942453093,1.5018022228146433,50.0,1.0,1.3333333333333333,3.1566769645883603,1.3862943611198906,450.0,1.3333333333333333,22.4924,27327.72,14.0
2001001169,Dr. William Thomas,Oncology,Detroit,MI,Lazanda,REP-S629,Seth Novak,TERR-S03,3,4.0,5,3,0,0.0744310499328295,-0.546400055212415,-0.4036046611545743,2.0251,0.018488437930335166,11.9759,synthetic,-0.5531566889505074,-0.3070100835971559,-1.328576142997881,-0.4027072426349671,-0.12853109880191332,-0.6240820602541377,-1.328576142997881,0.7837516161833706,60.0,1.0,0.0,2.5446053528778845,1.3862943611198906,240.0,0.0,11.7382,20806.51,20.0
2001001171,Dr. Sharon Green,Pain Management,Seattle,WA,Subsys,REP-S761,Samuel Muller,TERR-S09,3,10.0,4,3,3,0.42427138133858616,2.7156270626206465,3.6833932999529972,5.8741,0.055345484543384504,32.8566,synthetic,0.30373276577360286,-0.3070100835971559,0.5937505349345118,1.9870387638006393,-0.12853109880191332,1.5769594532316444,0.5937505349345118,2.0959034930380698,75.0,1.0,1.0,3.466788473652617,1.3862943611198906,750.0,1.0,31.0337,75821.67,22.0
2001001172,Dr. Kathleen Thompson,Pain Management,Los Angeles,CA,Abstral,REP-S561,Samuel Kapoor,TERR-S05,3,6.0,5,4,4,-0.6252496128786839,-0.09855283498741123,0.4036759353886875,7.1194,0.06443981473967142,15.4115,synthetic,0.589362584014973,0.13864971517290903,0.5937505349345118,0.08690460122265123,0.37298385385674826,0.41170218138623044,0.5937505349345118,0.9716660380614179,80.0,1.3333333333333333,1.0,2.733542493863146,1.6094379124341003,480.0,1.0,14.3873,31673.33,16.0
2001001173,Dr. Karen Walker,Pain Management,Detroit,MI,Abstral,REP-S510,Sadie Brooks,TERR-S10,3,2.0,5,4,1,-0.6252496128786839,-1.053366286766808,-0.5893127322232747,7.2132,0.06271822153809081,9.3698,synthetic,0.589362584014973,0.13864971517290903,-0.8479944735147827,-1.0983061554306845,0.37298385385674826,-0.9693434741342604,-0.8479944735147827,0.5902273653176034,80.0,1.3333333333333333,0.25,2.276179514114274,1.6094379124341003,160.0,0.25,8.7394,18306.69,16.0
2001001174,Dr. Betty Wilson,Pain Management,Columbus,OH,Actiq,REP-S583,Sean Nakamura,TERR-S13,2,4.0,5,4,5,-0.6252496128786839,-0.47240408364000025,-0.6345084168232762,6.4366,0.057778040338815284,12.9596,synthetic,0.589362584014973,0.13864971517290903,1.07433220441761,-0.31515922995263423,0.37298385385674826,-0.278820646374015,1.07433220441761,0.8223161060679918,80.0,1.3333333333333333,1.25,2.5783894032897687,1.6094379124341003,320.0,1.25,12.1759,17698.31,16.0
2001001175,Dr. Robert Allen,Pain Management,Philadelphia,PA,Subsys,REP-S756,Sasha Tanaka,TERR-S04,1,8.0,14,12,9,0.5991915470414645,0.4895942637113123,0.5606632996241478,13.9716,0.12425978671851201,20.3625,synthetic,0.9157966620051099,3.70392810533343,0.11316886545141361,0.615122166143011,2.5204950604117395,1.2995172456494029,0.11316886545141361,1.2066250746016771,85.71428571428571,4.0,0.75,2.9373772617231975,2.5649493574615367,685.7142857142857,0.75,17.8663,33786.54,23.0
2001001176,Dr. John Anderson,Palliative Care,Baltimore,MD,Abstral,REP-S749,Seth Tanaka,TERR-S11,3,10.0,5,3,2,0.9490318784472211,1.6334127331236996,2.761176388301188,5.0606,0.04748477778810445,25.8787,synthetic,-0.5531566889505074,-0.3070100835971559,-0.04702502437628586,1.4093142186186034,-0.12853109880191332,0.9295943022064145,-0.04702502437628586,1.5715249832342668,60.0,1.0,0.6666666666666666,3.243849373602074,1.3862943611198906,600.0,0.6666666666666666,24.6322,63407.69,25.0
2001001177,Dr. Linda Rivera,Pain Management,Jacksonville,FL,Abstral,REP-S814,Selena Vargas,TERR-S06,2,5.0,6,4,0,-0.8001697785815622,-0.24711956977799426,0.1785146867379348,2.2863,0.02106748130936298,13.8174,synthetic,-0.1723169312953478,0.13864971517290903,-1.328576142997881,-0.06548999832848833,0.37298385385674826,-0.22127707739399485,-1.328576142997881,0.9123150747640394,66.66666666666666,1.3333333333333333,0.0,2.674734684570936,1.6094379124341003,333.33333333333326,0.0,13.5085,28642.43,15.0
2001001178,Dr. Sharon Nguyen,Pain Management,Columbus,OH,Subsys,REP-S645,Simon Dubois,TERR-S05,3,4.0,4,2,2,-0.45032944717580553,-0.5351578068469466,-0.92573449718247,4.733,0.04270733572037866,12.3634,synthetic,-1.1244163254332475,-0.752669882367221,0.5937505349345118,-0.3892139793432813,-0.77509632596926,-0.796712767194199,0.5937505349345118,0.7972466049574013,50.0,0.6666666666666666,1.0,2.549812291028739,1.0986122886681098,200.0,1.0,11.8047,13778.11,17.0
2001001179,Dr. Laura Campbell,Internal Medicine,Miami,FL,Subsys,REP-S724,Sarah Santos,TERR-S14,3,9.0,3,3,2,0.42427138133858616,1.1660395025797237,-0.3022133823278208,3.4918,0.03284681125520095,22.6312,synthetic,1.7318818569804533,-0.3070100835971559,-0.04702502437628586,1.1135620282064498,-0.12853109880191332,2.224324604256875,-0.04702502437628586,1.447333709914349,100.0,1.0,0.6666666666666666,3.129721061557297,1.3862943611198906,900.0,0.6666666666666666,21.8676,22171.34,22.0
2001001181,Dr. Elizabeth Adams,Oncology,Philadelphia,PA,Subsys,REP-S720,Sloan Rossi,TERR-S10,3,3.0,5,4,0,0.24935121563570783,-0.7700616279570002,-1.0953137752541846,4.2563,0.03809910938858341,10.8585,synthetic,0.589362584014973,0.13864971517290903,-1.328576142997881,-0.6868790856650545,0.37298385385674826,-0.6240820602541377,-1.328576142997881,0.6954158076087511,80.0,1.3333333333333333,0.0,2.4349458006342286,1.6094379124341003,240.0,0.0,10.4152,11495.4,21.0
2001001182,Dr. Sandra Jones,Emergency Medicine,Denver,CO,Abstral,REP-S814,Selena Vargas,TERR-S06,3,3.0,5,2,1,-0.2754092814729272,-0.6819325441537105,-0.18080653214471396,2.4971,0.022621594888762253,11.2096,synthetic,-1.6956759619159878,-0.752669882367221,-0.3674128040316846,-0.5711597442109724,-0.77509632596926,-1.1419741810743218,-0.3674128040316846,0.7483924892404925,40.0,0.6666666666666666,0.5,2.4796009326644692,1.0986122886681098,120.0,0.5,10.9365,23805.6,18.0
2001001183,Dr. Ashley Green,Palliative Care,Jacksonville,FL,Subsys,REP-S634,Selena Novak,TERR-S08,3,10.0,4,3,1,-0.10048911577004885,1.621578787475838,1.08606703324947,3.6843,0.034791532722616925,25.4672,synthetic,0.30373276577360286,-0.3070100835971559,-0.6878005836870834,1.4022275777478195,-0.12853109880191332,1.5769594532316444,-0.6878005836870834,1.5670590098812411,75.0,1.0,0.3333333333333333,3.2411146977928333,1.3862943611198906,750.0,0.3333333333333333,24.5622,40859.01,19.0
2001001184,Dr. Barbara Hernandez,Palliative Care,Philadelphia,PA,Abstral,REP-S509,Seth Brooks,TERR-S09,3,8.0,4,4,0,-0.9750899442844405,0.5710794323151596,0.8049583142198302,4.2164,0.039204213853457404,19.1219,synthetic,1.7318818569804533,0.13864971517290903,-1.328576142997881,0.6804962059781167,0.37298385385674826,1.7927478369067211,-1.328576142997881,1.1706145553331533,100.0,1.3333333333333333,0.0,2.9626045603191304,1.6094379124341003,800.0,0.0,18.3483,37075.0,14.0
2001001185,Dr. William Green,Neurology,Columbus,OH,Abstral,REP-S538,Summer Patel,TERR-S10,3,6.0,3,2,2,-0.45032944717580553,-0.12049635134587458,0.7881163508816759,4.3359,0.039718452858298114,14.8757,synthetic,-0.1723169312953478,-0.752669882367221,0.5937505349345118,0.0649520464363278,-0.77509632596926,0.06644076750610747,0.5937505349345118,0.9758290567521497,66.66666666666666,0.6666666666666666,1.0,2.725071185436513,1.0986122886681098,399.99999999999994,1.0,14.2575,36848.29,17.0
2001001186,Dr. Kathleen Ramirez,Palliative Care,Austin,TX,Subsys,REP-S799,Solomon Gomez,TERR-S05,3,8.0,4,2,2,-0.45032944717580553,0.44932503723530326,1.3155065610614605,2.0871,0.019557237318323484,17.996,synthetic,-1.1244163254332475,-0.752669882367221,0.5937505349345118,0.5821956514151087,-0.77509632596926,0.06644076750610772,0.5937505349345118,1.1246660694924522,50.0,0.6666666666666666,1.0,2.924671193368552,1.0986122886681098,400.0,1.0,17.6281,43947.5,17.0
2001001187,Dr. Joseph White,Palliative Care,Chicago,IL,Actiq,REP-S780,Sloan Muller,TERR-S14,3,5.0,3,2,2,-0.2754092814729272,-0.3847652632992649,-0.7559011521767143,3.7123,0.03382974306628528,13.1655,synthetic,-0.1723169312953478,-0.752669882367221,0.5937505349345118,-0.2151563385853797,-0.77509632596926,-0.22127707739399485,0.5937505349345118,0.8098915076473377,66.66666666666666,0.6666666666666666,1.0,2.6169796878636102,1.0986122886681098,333.33333333333326,1.0,12.6943,16064.24,18.0
2001001188,Dr. Sarah King,Pain Management,Philadelphia,PA,Fentora,REP-S654,Selena Dubois,TERR-S14,3,10.0,3,2,2,-0.6252496128786839,2.9824994426165667,3.1833583725574246,4.3643,0.04147261599733287,34.0356,synthetic,-0.1723169312953478,-0.752669882367221,0.5937505349345118,2.111694461835054,-0.77509632596926,1.217312147106516,0.5937505349345118,2.202516409129606,66.66666666666666,0.6666666666666666,1.0,3.5148920714099323,1.0986122886681098,666.6666666666665,1.0,32.6123,69090.69,16.0
2001001189,Dr. Mary Rivera,Oncology,New York,NY,Abstral,REP-S748,Serena Tanaka,TERR-S10,2,10.0,8,6,2,0.0744310499328295,1.9181036541379708,0.5088626176248462,5.7655,0.05405450461752981,27.8334,synthetic,0.30373276577360286,1.0299693127130392,-0.6878005836870834,1.574206495734541,1.1292049358741694,1.5769594532316444,-0.6878005836870834,1.7571147434704484,75.0,2.0,0.3333333333333333,3.3074799327882496,1.9459101490553132,750.0,0.3333333333333333,26.3162,33089.25,20.0
2001001190,Dr. Emily King,Family Practice,Houston,TX,Actiq,REP-S703,Sean Rossi,TERR-S07,3,5.0,3,1,0,-0.45032944717580553,-0.18842319936460036,0.16014460736667285,1.799,0.016635564506885636,14.1049,synthetic,-2.076515719571148,-1.198329681137286,-1.328576142997881,-0.004206104069780569,-1.6863788313340304,-0.9405716896442503,-1.328576142997881,0.9701062748195637,33.33333333333333,0.3333333333333333,0.0,2.6983836299854396,0.6931471805599453,166.66666666666663,0.0,13.8557,28395.15,17.0
2001001191,Dr. Dorothy Harris,Emergency Medicine,New York,NY,Subsys,REP-S794,Selena Gomez,TERR-S14,3,4.0,3,2,3,-1.1500101099873188,-0.4715588018080103,-0.4622569786294964,4.1061,0.03724650629471471,12.6811,synthetic,-0.1723169312953478,-0.752669882367221,1.5549138739007082,-0.3141760298848526,-0.77509632596926,-0.5089949222940969,1.5549138739007082,0.8335476681012677,66.66666666666666,0.6666666666666666,1.5,2.578768812023756,1.0986122886681098,266.66666666666663,1.5,12.1809,20016.99,13.0
2001001192,Dr. Jessica Nguyen,Anesthesiology,Nashville,TN,Abstral,REP-S822,Sophia Alvarez,TERR-S14,3,2.0,5,3,3,1.298872209852978,-1.0424452454974955,-1.3012313108657438,5.1886,0.0455403437465951,9.2608,synthetic,-0.5531566889505074,-0.3070100835971559,0.5937505349345118,-1.081174530796432,-0.12853109880191332,-1.1419741810743218,0.5937505349345118,0.5908527950852456,60.0,1.0,1.0,2.282790465665866,1.3862943611198906,120.0,1.0,8.804,8723.54,27.0
2001001193,Dr. Rebecca Taylor,Palliative Care,Chicago,IL,Subsys,REP-S517,Stanley Brooks,TERR-S03,3,10.0,2,1,1,-0.9750899442844405,1.9791668136809368,2.331942189410877,4.2593,0.040231302200425034,27.8136,synthetic,-1.1244163254332475,-1.198329681137286,0.5937505349345118,1.6082478169538506,-1.6863788313340304,0.4980175348562611,0.5937505349345118,1.7020079646858108,50.0,0.3333333333333333,1.0,3.3206161957018723,0.6931471805599453,500.0,1.0,26.6774,57629.76,14.0
2001001194,Dr. Charles Flores,Internal Medicine,Portland,OR,Subsys,REP-S642,Sophia Dubois,TERR-S02,3,4.0,5,4,3,-0.9750899442844405,-0.4959874467525245,-0.6870705567389295,5.504,0.04957009287616554,12.6989,synthetic,0.589362584014973,0.13864971517290903,0.11316886545141361,-0.3427419917791107,0.37298385385674826,-0.278820646374015,0.11316886545141361,0.7966437773698564,80.0,1.3333333333333333,0.75,2.567745444763538,1.6094379124341003,320.0,0.75,12.0364,16990.77,14.0
2001001195,Dr. Betty Nelson,Pain Management,Austin,TX,Fentora,REP-S842,Sophia Kim,TERR-S06,1,1.0,9,5,5,1.823632706961613,-1.4169896252523166,-1.3718091736393914,9.167,0.07657295181213453,7.1924,synthetic,-0.807049860720614,0.5843095139429743,0.5937505349345118,-1.7449787278956903,0.7827514065628568,-1.4201014311444207,0.5937505349345118,0.444963383801523,55.55555555555556,1.6666666666666667,1.0,2.026633943417963,1.791759469228055,55.55555555555556,1.0,6.5885,7773.49,30.0
2001001196,Dr. Dorothy Baker,Internal Medicine,Miami,FL,Subsys,REP-S617,Stanley O'Connor,TERR-S05,3,5.0,4,3,1,-0.8001697785815622,-0.33480910702864886,-0.13311252269330673,2.2745,0.02089554363522117,13.2852,synthetic,0.30373276577360286,-0.3070100835971559,-0.6878005836870834,-0.15983303041585797,-0.12853109880191332,-0.04145342433143062,-0.6878005836870834,0.8597457162672361,75.0,1.0,0.3333333333333333,2.638328492649541,1.3862943611198906,375.0,0.3333333333333333,12.9898,24447.61,15.0
2001001197,Dr. Sharon Jones,Psychiatry,Phoenix,AZ,Actiq,REP-S600,Sloan Nakamura,TERR-S02,3,4.0,5,4,3,0.7741117127443429,-0.46444152878265327,-0.27341021517388303,5.8442,0.05261096176690794,12.9373,synthetic,0.589362584014973,0.13864971517290903,0.11316886545141361,-0.30591224590477617,0.37298385385674826,-0.278820646374015,0.11316886545141361,0.7661497574245634,80.0,1.3333333333333333,0.75,2.581957737574686,1.6094379124341003,320.0,0.75,12.223,22559.06,24.0
2001001198,Dr. Kimberly Hall,Palliative Care,Houston,TX,Fentora,REP-S775,Stephen Muller,TERR-S09,2,1.0,9,7,5,-1.4998504413930756,-2.0147053142891687,-1.6156109120824322,8.9459,0.06521065327074882,3.326,synthetic,0.46241599812992007,1.4756291114831046,0.04451434123954247,-3.37030855061258,1.4293166337302035,-1.3241954828443865,0.04451434123954247,0.19477385784931486,77.77777777777779,2.3333333333333335,0.7142857142857143,1.3994326742601182,2.0794415416798357,77.77777777777779,0.7142857142857143,3.0529,4491.67,11.0
2001001199,Dr. Richard Lopez,Internal Medicine,Boston,MA,Subsys,REP-S607,Scott O'Connor,TERR-S09,3,5.0,5,4,1,0.5991915470414645,-0.3868615622426003,-0.10602616455857743,5.4243,0.0490549906704727,13.3698,synthetic,0.589362584014973,0.13864971517290903,-0.8479944735147827,-0.21750387923526737,0.37298385385674826,0.06644076750610772,-0.8479944735147827,0.8393669801790221,80.0,1.3333333333333333,0.25,2.6160737914391246,1.6094379124341003,400.0,0.25,12.6819,24812.22,23.0
2001001200,Dr. Lisa Hall,Palliative Care,Boston,MA,Abstral,REP-S682,Sophia Larsson,TERR-S14,3,10.0,4,3,2,0.9490318784472211,4.426223906019048,4.68695843230164,5.6475,0.05366958540007971,43.4763,synthetic,0.30373276577360286,-0.3070100835971559,-0.04702502437628586,2.698374126482828,-0.12853109880191332,1.5769594532316444,-0.04702502437628586,2.6254946945483226,75.0,1.0,0.6666666666666666,3.7412868776290744,1.3862943611198906,750.0,0.6666666666666666,41.1522,89330.68,25.0
2001001201,Dr. Linda Anderson,Oncology,Portland,OR,Lazanda,REP-S686,Stella Larsson,TERR-S04,1,1.0,10,8,6,0.0744310499328295,-1.1840299523558404,-0.4343876188910262,10.1864,0.0866395537501119,8.778,synthetic,0.589362584014973,1.9212889102531692,0.11316886545141361,-1.312573801606792,1.6940339119276273,-1.314604888014383,0.11316886545141361,0.5319177770292568,80.0,2.6666666666666665,0.75,2.1934954104063418,2.1972245773362196,80.0,0.75,7.9665,20392.14,20.0
2001001202,Dr. Ashley Jackson,Palliative Care,New York,NY,Subsys,REP-S662,Sophia Kowalski,TERR-S08,3,8.0,2,1,2,0.42427138133858616,0.5709272815854016,0.020928556570201772,2.6835,0.025131977638073177,18.8398,synthetic,-1.1244163254332475,-1.198329681137286,2.5160772128669047,0.6803756623181432,-1.6863788313340304,0.06644076750610772,2.5160772128669047,1.1705571356757574,50.0,0.3333333333333333,2.0,2.9625580435226824,0.6931471805599453,400.0,2.0,18.3474,26521.16,22.0
2001001203,Dr. Charles Moore,Family Practice,Boston,MA,Actiq,REP-S748,Serena Tanaka,TERR-S10,3,8.0,3,2,3,3.5728343639903963,0.6870859109374837,-0.7382375571746722,1.0774,0.010180353106549855,19.2395,synthetic,-0.1723169312953478,-0.752669882367221,1.5549138739007082,0.770809701182887,-0.77509632596926,0.6418764573063119,1.5549138739007082,1.3326997472558575,66.66666666666666,0.6666666666666666,1.5,2.997455787450265,1.0986122886681098,533.3333333333333,1.5,19.0345,16302.01,40.0
2001001204,Dr. Deborah Campbell,Oncology,Austin,TX,Subsys,REP-S591,Silas Nakamura,TERR-S07,1,6.0,11,5,4,0.24935121563570783,0.06560089678506958,-0.23939793298632797,12.5286,0.11120890436803199,17.2825,synthetic,-1.384079796561766,0.5843095139429743,0.20928519934803333,0.24547997821098586,0.7827514065628568,-0.4828387545759056,0.20928519934803333,1.0254632266300678,45.45454545454545,1.6666666666666667,0.8,2.794735413794937,1.791759469228055,272.72727272727275,0.8,15.3583,23016.9,21.0
2001001206,Dr. David Ramirez,Neurology,Miami,FL,Actiq,REP-S515,Stephen Brooks,TERR-S01,2,8.0,6,3,2,1.4737923755558562,0.5787376857129901,-0.3370316955780504,6.1375,0.05657873050617379,19.5225,synthetic,-1.1244163254332475,-0.3070100835971559,-0.04702502437628586,0.6865563375811936,-0.12853109880191332,0.06644076750610772,-0.04702502437628586,1.2589170147835413,50.0,1.0,0.6666666666666666,2.9649431147341105,1.3862943611198906,400.0,0.6666666666666666,18.3936,21702.65,28.0
2001001207,Dr. Sandra Scott,Internal Medicine,Phoenix,AZ,Abstral,REP-S595,Stephen Nakamura,TERR-S11,3,8.0,5,3,0,-0.8001697785815622,0.5183169403623368,0.4175946432138234,2.001,0.01878114074669135,18.3971,synthetic,-0.5531566889505074,-0.3070100835971559,-1.328576142997881,0.6383545086984478,-0.12853109880191332,0.41170218138623044,-1.328576142997881,1.1937478396695194,60.0,1.0,0.0,2.9463424296125815,1.3862943611198906,480.0,0.0,18.0362,31860.69,15.0
2001001209,Dr. Mary Baker,Anesthesiology,Charlotte,NC,Abstral,REP-S508,Serena Brooks,TERR-S08,3,4.0,4,3,2,0.5991915470414645,-0.5512688785646782,0.08300260591118837,2.898,0.02634663478497723,12.0487,synthetic,0.30373276577360286,-0.3070100835971559,-0.04702502437628586,-0.4085728152392585,-0.12853109880191332,-0.36513599984404566,-0.04702502437628586,0.7858395864119917,75.0,1.0,0.6666666666666666,2.5423418771633988,1.3862943611198906,300.0,0.6666666666666666,11.7094,27356.74,23.0
2001001210,Dr. Mary Mitchell,Family Practice,Baltimore,MD,Abstral,REP-S570,Sadie Kapoor,TERR-S14,3,6.0,3,3,1,-0.10048911577004885,0.09168629412028477,0.6355833297354296,1.9351,0.018016775220754955,15.8128,synthetic,1.7318818569804533,-0.3070100835971559,-0.6878005836870834,0.2698088568590626,-0.12853109880191332,0.9295943022064145,-0.6878005836870834,1.0861140612719649,100.0,1.0,0.3333333333333333,2.804123725848274,1.3862943611198906,600.0,0.3333333333333333,15.5126,34795.04,19.0
2001001211,Dr. Nancy Davis,Pain Management,Chicago,IL,Subsys,REP-S809,Seth Vargas,TERR-S01,1,5.0,13,9,9,0.42427138133858616,-0.3228061050143893,-0.13441108702285076,7.1259,0.06409259005120838,13.9915,synthetic,-0.025840101427978244,2.3669487090232346,0.5937505349345118,-0.14671460554832647,1.930831586388866,-0.1659467226055134,0.5937505349345118,0.8820790412316812,69.23076923076923,3.0,1.0,2.6433907837680994,2.302585092994046,346.15384615384613,1.0,13.0608,24430.13,22.0
2001001212,Dr. Jessica Gonzalez,Pain Management,Columbus,OH,Abstral,REP-S820,Sloan Vargas,TERR-S12,1,10.0,10,9,2,-0.8001697785815622,1.945051238941816,2.41366333876528,4.7753,0.04498806308788961,27.7399,synthetic,1.1606222204977132,2.3669487090232346,-0.9013924367906826,1.5892843154326508,1.930831586388866,2.224324604256875,-0.9013924367906826,1.7880659579836993,90.0,3.0,0.2222222222222222,3.3132983380858154,2.302585092994046,900.0,0.2222222222222222,26.4756,58729.81,15.0
2001001213,Dr. Sarah Garcia,Internal Medicine,New York,NY,Abstral,REP-S599,Solomon Nakamura,TERR-S01,3,2.0,2,1,1,-1.4998504413930756,-1.0732642210918553,-1.2888971783923913,4.1601,0.036592185749773964,8.9803,synthetic,-1.1244163254332475,-1.198329681137286,0.5937505349345118,-1.1298138303670937,-1.6863788313340304,-1.2282895345443523,0.5937505349345118,0.5706377035782868,50.0,0.3333333333333333,1.0,2.2640209642420426,0.6931471805599453,100.0,1.0,8.6217,8889.57,11.0
2001001214,Dr. Robert Miller,Oncology,Philadelphia,PA,Subsys,REP-S696,Sasha Larsson,TERR-S14,3,7.0,2,1,0,0.42427138133858616,0.20776039528916773,0.6667563025022083,0.7099,0.006664102962796292,16.3142,synthetic,-1.1244163254332475,-1.198329681137286,-1.328576142997881,0.37538030736722716,-1.6863788313340304,-0.14934761616896897,-1.328576142997881,1.0816095466832785,50.0,0.3333333333333333,0.0,2.844862871109801,0.6931471805599453,350.0,0.0,16.1992,35214.66,22.0
2001001215,Dr. Elizabeth Martinez,Neurology,Boston,MA,Actiq,REP-S776,Sasha Muller,TERR-S10,3,5.0,2,1,2,-0.6252496128786839,-0.36131714527985903,-0.5749527502495405,2.2831,0.020960029094052146,13.126,synthetic,-1.1244163254332475,-1.198329681137286,2.5160772128669047,-0.1890418760628259,-1.6863788313340304,-0.5809243835191223,2.5160772128669047,0.8783317050885736,50.0,0.3333333333333333,2.0,2.6270570418926784,0.6931471805599453,250.0,2.0,12.833,18499.99,16.0
2001001216,Dr. Linda Robinson,Family Practice,Charlotte,NC,Abstral,REP-S807,Scott Vargas,TERR-S13,3,8.0,5,3,3,1.1239520441500994,0.7115314615186374,-0.523888268050341,2.467,0.023179278031584705,19.6523,synthetic,-0.5531566889505074,-0.3070100835971559,0.5937505349345118,0.7894460908440578,-0.12853109880191332,0.41170218138623044,0.5937505349345118,1.3428239104045188,60.0,1.0,1.0,3.0046474153184275,1.3862943611198906,480.0,1.0,19.1791,19187.37,26.0
2001001217,Dr. Susan Scott,Pain Management,New York,NY,Actiq,REP-S642,Sophia Dubois,TERR-S02,2,5.0,5,4,5,-1.1500101099873188,-0.1987356377148798,0.6052594754061046,7.9464,0.0714776098145804,14.8909,synthetic,0.589362584014973,0.13864971517290903,1.07433220441761,-0.014868737097124543,0.37298385385674826,0.06644076750610772,1.07433220441761,0.931643984294888,80.0,1.3333333333333333,1.25,2.6942690085259406,1.6094379124341003,400.0,1.25,13.7947,34386.85,13.0
2001001218,Dr. Patricia Sanchez,Oncology,Houston,TX,Actiq,REP-S721,Samuel Santos,TERR-S11,3,1.0,5,2,2,0.42427138133858616,-1.5042227103136967,-1.287701875185162,4.0733,0.03438264248413403,6.3199,synthetic,-1.6956759619159878,-0.752669882367221,0.5937505349345118,-1.9274649575271732,-0.77509632596926,-1.4872355949544445,0.5937505349345118,0.40545668750519825,40.0,0.6666666666666666,1.0,1.9562140241935853,1.0986122886681098,40.0,1.0,6.0725,8905.66,22.0
2001001219,Dr. Sandra Jones,Internal Medicine,Charlotte,NC,Actiq,REP-S619,Solomon O'Connor,TERR-S07,3,1.0,4,3,3,0.24935121563570783,-1.2167930761637773,-1.355738325732625,5.1665,0.044761470018701566,8.1743,synthetic,0.30373276577360286,-0.3070100835971559,0.5937505349345118,-1.3691979382272064,-0.12853109880191332,-1.3361837263818908,0.5937505349345118,0.5144456056929549,75.0,1.0,1.0,2.171644626733447,1.3862943611198906,75.0,1.0,7.7727,7989.82,21.0
2001001220,Dr. Linda Sanchez,Psychiatry,Nashville,TN,Fentora,REP-S548,Serena Chen,TERR-S06,3,9.0,2,1,1,-0.45032944717580553,1.2821474150218866,1.1132209939894555,-0.3759,-0.0036066728446670915,22.4696,synthetic,-1.1244163254332475,-1.198329681137286,0.5937505349345118,1.1902456647730035,-1.6863788313340304,0.2822291511811844,0.5937505349345118,1.4137321515877095,50.0,0.3333333333333333,1.0,3.159312639528705,0.6931471805599453,450.0,1.0,22.5544,41224.53,17.0
2001001222,Dr. James Harris,Pain Management,New York,NY,Abstral,REP-S553,Spencer Chen,TERR-S11,3,8.0,4,3,4,-0.45032944717580553,0.7867784502023977,0.24241697796393719,4.5929,0.04277313525803894,20.5255,synthetic,0.30373276577360286,-0.3070100835971559,1.2345260942453093,0.8459845676727586,-0.12853109880191332,0.9295943022064145,1.2345260942453093,1.325347262107892,75.0,1.0,1.3333333333333333,3.0264651435896877,1.3862943611198906,600.0,1.3333333333333333,19.6242,29502.62,17.0
2001001223,Dr. Thomas White,Anesthesiology,Detroit,MI,Subsys,REP-S548,Serena Chen,TERR-S06,3,2.0,4,3,2,-0.9750899442844405,-1.052943645850813,-1.2146546601052193,4.2981,0.037840311084645695,9.1176,synthetic,0.30373276577360286,-0.3070100835971559,-0.04702502437628586,-1.0976410558896406,-0.12853109880191332,-1.0125011508692756,-0.04702502437628586,0.5866851487228201,75.0,1.0,0.6666666666666666,2.2764361704989837,1.3862943611198906,150.0,0.6666666666666666,8.7419,9888.95,14.0
2001001224,Dr. Jennifer Gonzalez,Anesthesiology,Portland,OR,Abstral,REP-S571,Silas Kapoor,TERR-S01,2,1.0,6,5,2,1.823632706961613,-1.3674561098976956,-0.7856901287501629,6.1254,0.05209865419543336,7.303,synthetic,0.7797824628425536,0.5843095139429743,-0.5596454718249239,-1.6468053315109568,0.7827514065628568,-1.300218995769378,-0.5596454718249239,0.46183024868004513,83.33333333333334,1.6666666666666667,0.4,2.06451824108446,1.791759469228055,83.33333333333334,0.4,6.8815,15663.25,30.0
2001001225,Dr. Sharon Adams,Emergency Medicine,Las Vegas,NV,Fentora,REP-S699,Solomon Larsson,TERR-S03,3,8.0,2,1,1,-0.10048911577004885,0.7544717785837356,0.6333940453651971,1.8427,0.017373685302639608,19.7912,synthetic,-1.1244163254332475,-1.198329681137286,0.5937505349345118,0.8218611959721998,-1.6863788313340304,0.06644076750610772,0.5937505349345118,1.3298208826095563,50.0,0.3333333333333333,1.0,3.0171561349592637,0.6931471805599453,400.0,1.0,19.4331,34765.57,19.0
2001001226,Dr. Richard Perez,Anesthesiology,New York,NY,Actiq,REP-S625,Simon Novak,TERR-S13,2,5.0,9,3,4,0.5991915470414645,-0.20194770867644227,-1.0151846301092853,6.2857,0.05695009217851821,14.6416,synthetic,-2.076515719571148,-0.3070100835971559,1.2345260942453093,-0.01819886590996023,-0.12853109880191332,-0.9405716896442503,1.2345260942453093,0.9245128179527281,33.33333333333333,1.0,1.3333333333333333,2.692983939496457,1.3862943611198906,166.66666666666663,1.3333333333333333,13.7757,12574.02,23.0
2001001227,Dr. David Rodriguez,Oncology,Phoenix,AZ,Subsys,REP-S799,Solomon Gomez,TERR-S05,3,3.0,3,3,4,-0.6252496128786839,-0.7009344797368485,-0.7550772918555104,6.4364,0.05725143984924186,11.5208,synthetic,1.7318818569804533,-0.3070100835971559,1.2345260942453093,-0.5956772744119234,-0.12853109880191332,-0.36513599984404566,1.2345260942453093,0.722717782004943,100.0,1.0,1.3333333333333333,2.4701398215449135,1.3862943611198906,300.0,1.3333333333333333,10.8241,16075.33,16.0
2001001228,Dr. Richard Mitchell,Pain Management,New York,NY,Lazanda,REP-S762,Sophia Muller,TERR-S10,2,6.0,8,7,4,-1.1500101099873188,-0.02354252521660825,0.8421531190548491,7.2801,0.06597651458596454,15.9107,synthetic,1.017807311377028,1.4756291114831046,-0.2301037556079423,0.16057177286256788,1.4293166337302035,0.6059117266937994,-0.2301037556079423,1.0016319261076705,87.5,2.3333333333333335,0.5714285714285714,2.7619700430916403,2.0794415416798357,525.0,0.5714285714285714,14.831,37575.68,13.0
2001001229,Dr. James Gonzalez,Internal Medicine,Denver,CO,Subsys,REP-S659,Solomon Dubois,TERR-S05,3,10.0,2,1,1,0.0744310499328295,2.1698454893412675,2.7692040119539643,1.9392,0.018545737198695456,28.3445,synthetic,-1.1244163254332475,-1.198329681137286,0.5937505349345118,1.7117566602613161,-1.6863788313340304,0.4980175348562611,0.5937505349345118,1.840327608163742,50.0,0.3333333333333333,1.0,3.3605593979886437,0.6931471805599453,500.0,1.0,27.8053,63515.75,20.0
2001001231,Dr. Sarah Lewis,Emergency Medicine,Denver,CO,Subsys,REP-S771,Silas Muller,TERR-S05,3,2.0,3,3,2,-0.10048911577004885,-0.9994204002491986,-0.5825153274090137,2.6378,0.023483099141609287,9.2975,synthetic,1.7318818569804533,-0.3070100835971559,-0.04702502437628586,-1.0147631949092522,-0.12853109880191332,-0.796712767194199,-0.04702502437628586,0.6198796108247612,100.0,1.0,0.6666666666666666,2.3084180481864895,1.3862943611198906,200.0,0.6666666666666666,9.0585,18398.19,19.0
2001001233,Dr. John Martinez,Palliative Care,Atlanta,GA,Abstral,REP-S741,Samuel Tanaka,TERR-S03,2,9.0,8,8,0,-0.6252496128786839,1.2655291742049606,-0.40116353850761666,6.7429,0.06255652964015646,23.9703,synthetic,1.7318818569804533,1.9212889102531692,-1.328576142997881,1.1794082959982586,1.6940339119276273,2.224324604256875,-1.328576142997881,1.4326906316125647,100.0,2.6666666666666665,0.0,3.155130588996654,2.1972245773362196,900.0,0.0,22.4561,20839.37,16.0
2001001234,Dr. Susan Lopez,Internal Medicine,Boston,MA,Lazanda,REP-S713,Spencer Rossi,TERR-S03,3,7.0,2,2,1,0.9490318784472211,0.1896375528112992,0.11948721194812702,1.5252,0.014261267859171589,16.3375,synthetic,1.7318818569804533,-0.752669882367221,-0.3674128040316846,0.35917795442900136,-0.77509632596926,1.3611710695565677,-0.3674128040316846,1.0650685973742753,100.0,0.6666666666666666,0.5,2.8386105177817784,1.0986122886681098,700.0,0.5,16.092,27847.86,25.0
2001001235,Dr. Sandra Perez,Palliative Care,Houston,TX,Subsys,REP-S655,Stephen Dubois,TERR-S01,2,1.0,9,4,2,0.0744310499328295,-1.2400721378167852,-1.0714129113100075,6.5424,0.05623474219584512,8.1345,synthetic,-1.441782790145881,0.13864971517290903,-0.3674128040316846,-1.4101962691550096,0.37298385385674826,-1.4680544052944375,-0.3674128040316846,0.4871100935764417,44.44444444444444,1.3333333333333333,0.5,2.155823711598642,1.6094379124341003,44.44444444444444,0.5,7.635,11817.13,20.0
2001001236,Dr. Barbara Wright,Emergency Medicine,Houston,TX,Actiq,REP-S604,Sarah O'Connor,TERR-S06,3,1.0,2,1,0,-0.9750899442844405,-1.5365462875689986,-0.8404653253807542,-1.4231,-0.012237978876967981,5.7976,synthetic,-1.1244163254332475,-1.198329681137286,-1.328576142997881,-1.9984860171871852,-1.6863788313340304,-1.444077918219429,-1.328576142997881,0.40246155049331217,50.0,0.3333333333333333,0.0,1.9288075875841626,0.6931471805599453,50.0,0.0,5.8813,14925.92,14.0
2001001238,Dr. Susan Hernandez,Palliative Care,Columbus,OH,Actiq,REP-S667,Scott Kowalski,TERR-S13,3,1.0,5,4,0,1.9985528726644912,-2.1955787206984136,-1.7655059458521274,4.613,0.03021278087877577,2.0745,synthetic,0.589362584014973,0.13864971517290903,-1.328576142997881,-4.164581083828184,0.37298385385674826,-1.314604888014383,-1.328576142997881,0.1265146451292841,80.0,1.3333333333333333,0.0,1.0929295055326116,1.6094379124341003,80.0,0.0,1.983,2473.93,31.0
2001001239,Dr. Robert Moore,Oncology,Detroit,MI,Actiq,REP-S645,Simon Dubois,TERR-S05,3,8.0,4,3,3,-1.4998504413930756,0.6839921794323999,-0.37378671203601566,4.9475,0.045930773756775345,19.957,synthetic,0.30373276577360286,-0.3070100835971559,0.5937505349345118,0.7684415709608684,-0.12853109880191332,0.9295943022064145,0.5937505349345118,1.269698717321754,75.0,1.0,1.0,2.9965419456810305,1.3862943611198906,600.0,1.0,19.0162,21207.89,11.0
2001001240,Dr. Michael Baker,Internal Medicine,Jacksonville,FL,Fentora,REP-S597,Stanley Nakamura,TERR-S13,3,5.0,5,3,0,-0.6252496128786839,-0.15106174239063716,-0.4802935022891079,1.1866,0.011022357268361649,14.2438,synthetic,-0.5531566889505074,-0.3070100835971559,-1.328576142997881,0.03406078844837742,-0.12853109880191332,-0.36513599984404566,-1.328576142997881,0.9316835150794471,60.0,1.0,0.0,2.7131505057411527,1.3862943611198906,300.0,0.0,14.0767,19774.2,16.0
2001001241,Dr. Richard Thompson,Pain Management,Charlotte,NC,Subsys,REP-S723,Sean Santos,TERR-S13,2,3.0,8,7,5,0.0744310499328295,-0.698077427144722,-0.19183987163120608,9.3453,0.08209474124949079,11.8541,synthetic,1.017807311377028,1.4756291114831046,0.04451434123954247,-0.5919760705570388,1.4293166337302035,-0.5269772876003531,0.04451434123954247,0.7321618037174334,87.5,2.3333333333333335,0.7142857142857143,2.4715680853488196,2.0794415416798357,262.5,0.7142857142857143,10.841,23657.08,20.0
2001001242,Dr. Patricia Jackson,Oncology,Houston,TX,Subsys,REP-S795,Stephen Gomez,TERR-S01,2,1.0,8,6,4,-0.6252496128786839,-1.1870053444044455,-1.14675712919713,7.8675,0.06755180563926144,8.5743,synthetic,0.30373276577360286,1.0299693127130392,-0.04702502437628586,-1.317665361650896,1.1292049358741694,-1.3361837263818908,-0.04702502437628586,0.5307426370210079,75.0,2.0,0.6666666666666666,2.191530619705389,1.9459101490553132,75.0,0.6666666666666666,7.9489,10802.92,16.0
2001001243,Dr. Joseph King,Oncology,Seattle,WA,Subsys,REP-S683,Sean Larsson,TERR-S01,2,4.0,8,5,3,1.823632706961613,-0.5370343325139647,-0.42019032890137115,6.663,0.05960889264907765,12.5794,synthetic,-0.41034177982982234,0.5843095139429743,-0.17518013623844536,-0.3914613590391535,0.7827514065628568,-0.5809243835191223,-0.17518013623844536,0.7874506364366086,62.5,1.6666666666666667,0.6,2.5489450458838894,1.791759469228055,250.0,0.6,11.7936,20583.25,30.0
2001001244,Dr. Sarah Lopez,Oncology,Houston,TX,Actiq,REP-S842,Sophia Kim,TERR-S06,2,8.0,6,4,0,-0.9750899442844405,0.5573689610002799,0.33960203754934143,4.2163,0.039196358992680924,19.0374,synthetic,-0.1723169312953478,0.13864971517290903,-1.328576142997881,0.6696113070293649,0.37298385385674826,0.6418764573063119,-1.328576142997881,1.2196884976525249,66.66666666666666,1.3333333333333333,0.0,2.958404168287992,1.6094379124341003,533.3333333333333,0.0,18.2672,30810.83,14.0
2001001245,Dr. Rebecca Allen,Neurology,Austin,TX,Abstral,REP-S552,Sienna Chen,TERR-S10,3,7.0,3,2,3,0.24935121563570783,0.3193206914752235,-0.19481958646290023,2.025,0.01893588399151236,17.2005,synthetic,-0.1723169312953478,-0.752669882367221,1.5549138739007082,0.47294735087598366,-0.77509632596926,0.3541586124062098,1.5549138739007082,1.1538909100957508,66.66666666666666,0.6666666666666666,1.5,2.882513182241347,1.0986122886681098,466.66666666666663,1.5,16.8591,23616.97,21.0
2001001246,Dr. Barbara Sanchez,Neurology,Los Angeles,CA,Subsys,REP-S602,Sophia O'Connor,TERR-S04,2,6.0,7,5,0,-0.45032944717580553,-0.12516230705845996,-0.5935895256129688,2.71,0.02500340981817928,14.6155,synthetic,0.09971146702976721,0.5843095139429743,-1.328576142997881,0.06026009635142,0.7827514065628568,0.18974841532043718,-1.328576142997881,0.9739400241751651,71.42857142857143,1.6666666666666667,0.0,2.723260600897333,1.791759469228055,428.57142857142856,0.0,14.2299,18249.12,17.0
2001001247,Dr. Michael Torres,Anesthesiology,Columbus,OH,Abstral,REP-S795,Stephen Gomez,TERR-S01,2,7.0,5,2,3,-0.2754092814729272,0.43436354880907824,-0.7927690872720311,3.56,0.033124534088941004,18.164,synthetic,-1.6956759619159878,-0.752669882367221,1.5549138739007082,0.5698548610266887,-0.77509632596926,-0.4514513533140763,1.5549138739007082,1.1771151391046313,40.0,0.6666666666666666,1.5,2.9199089849319346,1.0986122886681098,280.0,1.5,17.5396,15567.96,18.0
2001001248,Dr. Melissa King,Palliative Care,New York,NY,Actiq,REP-S540,Sloan Patel,TERR-S12,2,10.0,8,7,2,-0.6252496128786839,3.882961272598999,3.05474255884234,3.5987,0.03446210491788371,39.304,synthetic,1.017807311377028,1.4756291114831046,-0.7793399493029116,2.4928805505311606,1.4293166337302035,2.1164304124193363,-0.7793399493029116,2.4204746178347802,87.5,2.3333333333333335,0.2857142857142857,3.661988614692371,2.0794415416798357,875.0,0.2857142857142857,37.9387,67359.39,16.0
2001001249,Dr. Richard Williams,Palliative Care,Nashville,TN,Actiq,REP-S531,Silas Patel,TERR-S03,3,5.0,3,2,1,-1.3249302756901973,-0.1602753143593296,0.571476002036341,4.0047,0.03669638921992968,14.5837,synthetic,-0.1723169312953478,-0.752669882367221,-0.3674128040316846,0.02467629308257695,-0.77509632596926,-0.22127707739399485,-0.3674128040316846,0.8946110221542346,66.66666666666666,0.6666666666666666,0.5,2.709529106981609,1.0986122886681098,333.33333333333326,0.5,14.0222,33932.09,12.0
2001001250,Dr. Elizabeth Green,Oncology,Phoenix,AZ,Fentora,REP-S792,Sienna Gomez,TERR-S12,2,3.0,7,5,3,-1.3249302756901973,-0.6346812897454631,0.21374158716279215,7.1326,0.06343280200040535,12.016,synthetic,0.09971146702976721,0.5843095139429743,-0.17518013623844536,-0.5111801282719117,0.7827514065628568,-0.7350589432870342,-0.17518013623844536,0.7488846779840763,71.42857142857143,1.6666666666666667,0.6,2.5027465679163314,1.791759469228055,214.28571428571428,0.6,11.216,29116.62,12.0
2001001251,Dr. Nancy Hall,Anesthesiology,Austin,TX,Abstral,REP-S537,Stanley Patel,TERR-S09,3,5.0,2,2,3,-0.9750899442844405,-0.3295514540336706,-0.7263588136795864,3.7401,0.034144255093416565,13.5079,synthetic,1.7318818569804533,-0.752669882367221,1.5549138739007082,-0.154078615451607,-0.77509632596926,0.4980175348562611,1.5549138739007082,0.8738567877698176,100.0,0.6666666666666666,1.5,2.640549073554656,1.0986122886681098,500.0,1.5,13.0209,16461.91,14.0
2001001252,Dr. Thomas Jones,Oncology,Columbus,OH,Subsys,REP-S735,Stephen Santos,TERR-S11,3,4.0,5,5,1,0.0744310499328295,-0.6025943914031183,-0.3371550146162108,6.5108,0.058143578487094505,12.1485,synthetic,1.7318818569804533,0.5843095139429743,-0.9441108074114024,-0.4712271110271025,0.7827514065628568,0.06644076750610772,-0.9441108074114024,0.7615574946639424,100.0,1.6666666666666667,0.2,2.518164105189315,1.791759469228055,400.0,0.2,11.4058,21700.99,20.0
2001001253,Dr. Thomas Campbell,Pain Management,Miami,FL,Actiq,REP-S565,Simon Kapoor,TERR-S09,3,1.0,3,2,1,1.4737923755558562,-1.8203412098413607,-1.4236202560395013,1.9059,0.01527883002367214,4.2827,synthetic,-0.1723169312953478,-0.752669882367221,-0.3674128040316846,-2.7231688634671625,-0.77509632596926,-1.3721484569944034,-0.3674128040316846,0.2838283549767444,66.66666666666666,0.6666666666666666,0.5,1.6491585006290328,1.0986122886681098,66.66666666666666,0.5,4.2026,7076.06,28.0
2001001254,Dr. Richard Adams,Pain Management,Portland,OR,Subsys,REP-S766,Stella Muller,TERR-S14,3,9.0,2,1,1,0.42427138133858616,0.856226805518706,0.0841466500001458,4.5427,0.0423561629339928,20.9451,synthetic,-1.1244163254332475,-1.198329681137286,0.5937505349345118,0.897093658788911,-1.6863788313340304,0.2822291511811844,0.5937505349345118,1.353091203530927,50.0,0.3333333333333333,1.0,3.0461877170424843,0.6931471805599453,450.0,1.0,20.035,27372.14,22.0
2001001255,Dr. Melissa Torres,Oncology,Detroit,MI,Fentora,REP-S577,Stanley Kapoor,TERR-S07,1,10.0,10,9,6,-0.9750899442844405,2.2132591642322805,2.7360215331737896,8.0083,0.0744834521360569,30.3094,synthetic,1.1606222204977132,2.3669487090232346,-0.04702502437628586,1.7347566939363779,1.930831586388866,2.224324604256875,-0.04702502437628586,1.873687296902367,90.0,3.0,0.6666666666666666,3.3694349198119977,2.302585092994046,900.0,0.6666666666666666,28.0621,63069.08,14.0
2001001256,Dr. Michael Rivera,Internal Medicine,Los Angeles,CA,Subsys,REP-S786,Stella Gomez,TERR-S06,3,5.0,4,3,4,0.0744310499328295,-0.2638899613246781,0.5847788575564478,3.6895,0.033755801844597144,13.904,synthetic,0.30373276577360286,-0.3070100835971559,1.2345260942453093,-0.0832692180582047,-0.12853109880191332,-0.04145342433143062,1.2345260942453093,0.8875108341269494,75.0,1.0,1.3333333333333333,2.66787383145469,1.3862943611198906,375.0,1.3333333333333333,13.4093,34111.16,20.0
2001001257,Dr. James Rodriguez,Palliative Care,Nashville,TN,Lazanda,REP-S731,Silas Santos,TERR-S07,2,10.0,5,2,2,-0.8001697785815622,3.7890504610648974,4.109586867378306,2.7465,0.02639718991401052,38.4099,synthetic,-1.6956759619159878,-0.752669882367221,0.5937505349345118,2.455645359234246,-0.77509632596926,0.06644076750610772,0.5937505349345118,2.3850339292975558,40.0,0.6666666666666666,1.0,3.6476198638626336,1.0986122886681098,400.0,1.0,37.3832,81558.67,15.0
2001001258,Dr. Sandra Nguyen,Oncology,Nashville,TN,Actiq,REP-S586,Stella Nakamura,TERR-S02,2,8.0,5,3,3,-1.1500101099873188,0.6897739071632121,0.7838313857484892,6.6078,0.06088980066704197,20.3092,synthetic,-0.5531566889505074,-0.3070100835971559,0.5937505349345118,0.7728655014301439,-0.12853109880191332,0.41170218138623044,0.5937505349345118,1.2719822280196014,60.0,1.0,1.0,2.9982491036782655,1.3862943611198906,480.0,1.0,19.0504,36790.61,13.0
2001001260,Dr. Robert Sanchez,Pain Management,Houston,TX,Subsys,REP-S505,Simon Brooks,TERR-S05,3,6.0,4,3,2,-0.45032944717580553,0.05620136281333946,-0.35460688717321864,5.0021,0.04588634482462961,16.0682,synthetic,0.30373276577360286,-0.3070100835971559,-0.04702502437628586,0.2366570995844222,-0.12853109880191332,0.2822291511811844,-0.04702502437628586,1.0334888325566618,75.0,1.0,0.6666666666666666,2.791330738267015,1.3862943611198906,450.0,0.6666666666666666,15.3027,21466.07,17.0
2001001261,Dr. Barbara Martinez,Pain Management,Portland,OR,Actiq,REP-S813,Spencer Vargas,TERR-S05,3,3.0,4,3,2,-0.45032944717580553,-0.7388200114466456,-1.2709453437107934,3.7455,0.033651520420471925,10.997,synthetic,0.30373276577360286,-0.3070100835971559,-0.04702502437628586,-0.645263010560376,-0.12853109880191332,-0.6888185753566607,-0.04702502437628586,0.7158855381795771,75.0,1.0,0.6666666666666666,2.451005098112319,1.3862943611198906,225.0,0.6666666666666666,10.6,9131.22,17.0
2001001262,Dr. Nancy King,Neurology,Atlanta,GA,Fentora,REP-S691,Silas Larsson,TERR-S09,3,6.0,3,2,1,2.873153701178883,-0.04680468123297612,-0.5262105289737704,3.4434,0.03173396271211004,15.1994,synthetic,-0.1723169312953478,-0.752669882367221,-0.3674128040316846,0.1379493594873882,-0.77509632596926,0.06644076750610747,-0.3674128040316846,1.005663451690832,66.66666666666666,0.6666666666666666,0.5,2.7532402418033035,1.0986122886681098,399.99999999999994,0.5,14.6934,19156.11,36.0
2001001263,Dr. Robert Johnson,Pain Management,Houston,TX,Abstral,REP-S761,Samuel Muller,TERR-S09,2,6.0,5,4,3,0.0744310499328295,0.09919239678835694,-0.30934657151104866,8.458,0.07647103095693497,16.8728,synthetic,0.589362584014973,0.13864971517290903,0.11316886545141361,0.27676740859615023,0.37298385385674826,0.41170218138623044,0.11316886545141361,1.050663331835819,80.0,1.3333333333333333,0.75,2.8068089731254737,1.6094379124341003,480.0,0.75,15.557,22075.32,20.0
2001001264,Dr. Ashley Martin,Pain Management,Chicago,IL,Subsys,REP-S730,Sadie Santos,TERR-S06,2,4.0,6,3,3,-0.6252496128786839,-0.48733176079294577,-0.7674389111024289,4.5908,0.041524703032084886,12.6425,synthetic,-1.1244163254332475,-0.3070100835971559,0.5937505349345118,-0.3325842910496989,-0.12853109880191332,-0.796712767194199,0.5937505349345118,0.8163526444622129,50.0,1.0,1.0,2.571665217046165,1.3862943611198906,200.0,1.0,12.0876,15908.93,16.0
2001001265,Dr. Melissa Williams,Internal Medicine,Las Vegas,NV,Lazanda,REP-S630,Sadie Novak,TERR-S04,3,9.0,3,3,3,-0.8001697785815622,1.2041448075658383,-0.27054490475108467,3.1646,0.029824051500685567,22.7921,synthetic,1.7318818569804533,-0.3070100835971559,0.5937505349345118,1.1389797297133233,-0.12853109880191332,2.224324604256875,0.5937505349345118,1.462252083133847,100.0,1.0,1.0,3.1395295413017577,1.3862943611198906,900.0,1.0,22.093,22597.63,15.0
2001001266,Dr. Sarah Wilson,Pain Management,Columbus,OH,Subsys,REP-S632,Sienna Novak,TERR-S06,2,3.0,8,7,5,-0.2754092814729272,-0.8016582628367906,-0.2697990474359463,10.137,0.08832045389922527,11.2651,synthetic,1.017807311377028,1.4756291114831046,0.04451434123954247,-0.7296590264610522,1.4293166337302035,-0.5269772876003531,0.04451434123954247,0.6907822688832235,87.5,2.3333333333333335,0.7142857142857143,2.4184373770596856,2.0794415416798357,262.5,0.7142857142857143,10.2283,22607.67,18.0
2001001267,Dr. Patricia Clark,Anesthesiology,New York,NY,Abstral,REP-S622,Sophia Novak,TERR-S10,3,8.0,5,3,1,-1.4998504413930756,0.5949840025238402,0.5478195475111687,1.9979,0.018776219477601774,18.8591,synthetic,-0.5531566889505074,-0.3070100835971559,-0.6878005836870834,0.6993656473154013,-0.12853109880191332,0.41170218138623044,-0.6878005836870834,1.24087811509401,60.0,1.0,0.3333333333333333,2.9698861208920246,1.3862943611198906,480.0,0.3333333333333333,18.4897,33613.65,11.0
2001001268,Dr. Deborah Williams,Palliative Care,Columbus,OH,Subsys,REP-S753,Spencer Tanaka,TERR-S01,2,2.0,7,4,1,-0.8001697785815622,-0.8725266916308421,-1.1007271838751156,5.5611,0.04923457622379246,10.3546,synthetic,-0.7163737279455763,0.13864971517290903,-0.8479944735147827,-0.8282592458568104,0.37298385385674826,-1.1666357106371876,-0.8479944735147827,0.625816845959486,57.14285714285714,1.3333333333333333,0.25,2.380388371940905,1.6094379124341003,114.28571428571428,0.25,9.8091,11422.53,15.0
2001001269,Dr. Barbara Robinson,Palliative Care,Portland,OR,Subsys,REP-S531,Silas Patel,TERR-S03,3,10.0,3,2,3,0.42427138133858616,1.5991281020181805,1.9316344767126643,4.5935,0.043180258291604545,25.5515,synthetic,-0.1723169312953478,-0.752669882367221,1.5549138739007082,1.3887297155843417,-0.77509632596926,1.217312147106516,1.5549138739007082,1.5585864204343582,66.66666666666666,0.6666666666666666,1.5,3.235905984975579,1.0986122886681098,666.6666666666665,1.5,24.4294,52241.21,22.0
2001001270,Dr. Laura Gonzalez,Orthopedics,Houston,TX,Subsys,REP-S547,Scott Chen,TERR-S05,3,7.0,2,2,3,1.298872209852978,0.2767522984162007,1.0482162602777303,4.4617,0.041223338380226515,17.3483,synthetic,1.7318818569804533,-0.752669882367221,1.5549138739007082,0.43615051409800637,-0.77509632596926,1.3611710695565677,1.5549138739007082,1.0843665060116559,100.0,0.6666666666666666,1.5,2.868313588776949,1.0986122886681098,700.0,1.5,16.6073,40349.5,27.0
2001001271,Dr. Betty White,Pain Management,Miami,FL,Fentora,REP-S723,Sean Santos,TERR-S13,2,4.0,7,5,4,0.0744310499328295,-0.47061208615618116,-0.9041128067869434,9.1434,0.08112190077978942,13.3008,synthetic,0.09971146702976721,0.5843095139429743,0.20928519934803333,-0.31307528849433597,0.7827514065628568,-0.4267898237512104,0.20928519934803333,0.8230319916061714,71.42857142857143,1.6666666666666667,0.8,2.579193578977206,1.791759469228055,285.7142857142857,0.8,12.1865,14069.16,20.0
2001001272,Dr. David Allen,Neurology,Portland,OR,Lazanda,REP-S571,Silas Kapoor,TERR-S01,2,1.0,5,4,0,-0.2754092814729272,-1.7828614134109189,-1.5747611092489253,4.1784,0.033519248027278126,4.6092,synthetic,0.589362584014973,0.13864971517290903,-1.328576142997881,-2.615028782996628,0.37298385385674826,-1.314604888014383,-1.328576142997881,0.3028132909548333,80.0,1.3333333333333333,0.0,1.6908888588430806,1.6094379124341003,80.0,0.0,4.4243,5041.55,18.0
2001001273,Dr. Linda Anderson,Oncology,Chicago,IL,Fentora,REP-S578,Summer Kapoor,TERR-S08,3,2.0,4,2,0,-0.8001697785815622,-0.9558038577185087,-0.17827700609088215,2.9291,0.026108945541289952,9.5894,synthetic,-1.1244163254332475,-0.752669882367221,-1.328576142997881,-0.9491320661972393,-0.77509632596926,-1.2282895345443523,-1.328576142997881,0.62205635720744,50.0,0.6666666666666666,0.0,2.3337445552431477,1.0986122886681098,100.0,0.0,9.3165,23839.65,15.0
2001001274,Dr. Michael Brown,Pain Management,Miami,FL,Subsys,REP-S520,Sloan Brooks,TERR-S06,2,3.0,8,4,2,-0.2754092814729272,-0.6527196040401323,-0.44761098563352314,5.8231,0.052051514789459574,11.7563,synthetic,-1.1244163254332475,0.13864971517290903,-0.3674128040316846,-0.5339140086809838,0.37298385385674826,-1.0125011508692756,-0.3674128040316846,0.75028181219796,50.0,1.3333333333333333,0.5,2.493973752426108,1.6094379124341003,150.0,0.5,11.1093,20214.14,18.0
2001001275,Dr. Stephanie Miller,Oncology,Charlotte,NC,Subsys,REP-S740,Sloan Santos,TERR-S02,3,1.0,2,2,2,-0.45032944717580553,-1.9244968371791833,-1.316536243541526,3.2056,0.024764400767421257,3.7015,synthetic,1.7318818569804533,-0.752669882367221,0.5937505349345118,-3.049792365652011,-0.77509632596926,-1.2282895345443523,0.5937505349345118,0.23946816134004012,100.0,0.6666666666666666,1.0,1.5231172059675733,1.0986122886681098,100.0,1.0,3.5865,8517.52,17.0
2001001276,Dr. Ashley Hill,Pain Management,Atlanta,GA,Actiq,REP-S605,Simon O'Connor,TERR-S07,1,4.0,12,8,0,0.7741117127443429,-0.4716433299912091,-0.06658784469196653,4.2903,0.0388839093365676,12.703,synthetic,-0.1723169312953478,1.9212889102531692,-1.328576142997881,-0.31427433310676817,1.6940339119276273,-0.5089949222940969,-1.328576142997881,0.8226200197398605,66.66666666666666,2.6666666666666665,0.0,2.578730877627496,2.1972245773362196,266.66666666666663,0.0,12.1804,25343.1,24.0
2001001277,Dr. Kathleen Jones,Orthopedics,Detroit,MI,Subsys,REP-S544,Sarah Chen,TERR-S02,3,6.0,3,3,3,0.24935121563570783,-0.045891776854426816,0.7526896141841372,3.8819,0.03570176654986623,15.2694,synthetic,1.7318818569804533,-0.3070100835971559,0.5937505349345118,0.1388408907623721,-0.12853109880191332,0.9295943022064145,0.5937505349345118,0.9597518198963183,100.0,1.0,1.0,2.7535842763120835,1.3862943611198906,600.0,1.0,14.6988,36371.41,21.0
2001001278,Dr. Charles King,Pain Management,Los Angeles,CA,Subsys,REP-S508,Serena Brooks,TERR-S08,2,5.0,8,5,4,-0.2754092814729272,-0.2749124364138294,0.5013973585015119,5.9631,0.053988330047836985,14.1398,synthetic,-0.41034177982982234,0.5843095139429743,0.20928519934803333,-0.09502154068881219,0.7827514065628568,-0.3111889039252765,0.20928519934803333,0.9012120952851033,62.5,1.6666666666666667,0.8,2.663338707834582,1.791759469228055,312.5,0.8,13.3441,32988.76,18.0
2001001279,Dr. Laura Thompson,Palliative Care,Charlotte,NC,Fentora,REP-S516,Sasha Brooks,TERR-S02,3,1.0,5,3,0,-0.9750899442844405,-1.5991478600461868,-0.905344511397003,2.4581,0.020597346070791778,5.6465,synthetic,-0.5531566889505074,-0.3070100835971559,-1.328576142997881,-2.1418281388807823,-0.12853109880191332,-1.4009202414844137,-1.328576142997881,0.3515997021217774,60.0,1.0,0.0,1.873493054254725,1.3862943611198906,60.0,0.0,5.511,14052.58,14.0
2001001280,Dr. Jessica Harris,Internal Medicine,Austin,TX,Subsys,REP-S688,Serena Larsson,TERR-S06,3,2.0,4,2,3,0.24935121563570783,-0.9171913836332001,-0.23495621895523888,2.5856,0.02313498943151604,9.7917,synthetic,-1.1244163254332475,-0.752669882367221,1.5549138739007082,-0.8923861549862083,-0.77509632596926,-1.2282895345443523,1.5549138739007082,0.6317408187346334,50.0,0.6666666666666666,1.5,2.3556423307183945,1.0986122886681098,100.0,1.5,9.5449,23076.69,21.0
2001001281,Dr. David Thomas,Pain Management,Miami,FL,Subsys,REP-S522,Sophia Patel,TERR-S08,2,7.0,5,5,6,-0.9750899442844405,0.23751431577521961,0.6314744285302191,7.236,0.06597560098609012,17.5602,synthetic,1.7318818569804533,0.5843095139429743,0.9782158705209902,0.40176343863875147,0.7827514065628568,1.3611710695565677,0.9782158705209902,1.105921591018699,100.0,1.6666666666666667,1.2,2.855043902175974,1.791759469228055,700.0,1.2,16.3752,34739.73,14.0
2001001282,Dr. Joseph Lopez,Palliative Care,Chicago,IL,Fentora,REP-S584,Sarah Nakamura,TERR-S14,3,8.0,4,3,4,-0.2754092814729272,0.5883908042343176,-0.6900666150576088,3.7649,0.03508795143112309,19.1453,synthetic,0.30373276577360286,-0.3070100835971559,1.2345260942453093,0.6941749116264776,-0.12853109880191332,0.9295943022064145,1.2345260942453093,1.1771476363524367,75.0,1.0,1.3333333333333333,2.967883059134065,1.3862943611198906,600.0,1.3333333333333333,18.4507,16950.44,18.0
2001001283,Dr. Ashley Adams,Oncology,Chicago,IL,Abstral,REP-S765,Simon Muller,TERR-S13,3,8.0,5,5,0,-0.8001697785815622,0.49150460065161033,1.1347780533228138,5.0803,0.04698847469963274,18.7858,synthetic,1.7318818569804533,0.5843095139429743,-1.328576142997881,0.6166738250362994,0.7827514065628568,1.7927478369067211,-1.328576142997881,1.1936751711062878,100.0,1.6666666666666667,0.0,2.9379760339930274,1.791759469228055,800.0,0.0,17.8776,41514.71,15.0
2001001285,Dr. Patricia Smith,Internal Medicine,Miami,FL,Abstral,REP-S827,Scott Alvarez,TERR-S05,3,2.0,4,2,0,0.24935121563570783,-1.1557975391673705,-0.6013407957585426,0.0464,0.0004159642768559735,8.1373,synthetic,-1.1244163254332475,-0.752669882367221,-1.328576142997881,-1.2647532268369777,-0.77509632596926,-1.2282895345443523,-1.328576142997881,0.5383255926388062,50.0,0.6666666666666666,0.0,2.2119489727346013,1.0986122886681098,100.0,0.0,8.1335,18144.78,21.0
2001001286,Dr. Jessica Adams,Psychiatry,Detroit,MI,Actiq,REP-S843,Sean Kim,TERR-S07,3,6.0,2,2,0,0.9490318784472211,-0.11402149251283036,-1.0026573473351996,0.3343,0.003120168069840279,14.3436,synthetic,1.7318818569804533,-0.752669882367221,-1.328576142997881,0.07144893545973573,-0.77509632596926,0.9295943022064145,-1.328576142997881,0.8960749163208764,100.0,0.6666666666666666,0.0,2.7275782809097553,1.0986122886681098,600.0,0.0,14.2958,12742.65,25.0
2001001287,Dr. Joseph Young,Pain Management,Jacksonville,FL,Fentora,REP-S675,Stephen Kowalski,TERR-S07,2,10.0,6,4,3,0.24935121563570783,2.702897118230876,3.1005845540640258,7.8689,0.0734616108089794,33.3945,synthetic,-0.1723169312953478,0.13864971517290903,0.11316886545141361,1.980940118356987,0.37298385385674826,1.217312147106516,0.11316886545141361,2.090818004262134,66.66666666666666,1.3333333333333333,0.75,3.4644350570666784,1.6094379124341003,666.6666666666665,0.75,30.9584,67976.47,21.0
2001001288,Dr. Sharon Wright,Neurology,Los Angeles,CA,Abstral,REP-S647,Scott Dubois,TERR-S07,2,1.0,9,4,5,-0.6252496128786839,-1.5429704294921236,-1.1915003963619528,8.3707,0.06903281243280701,6.3324,synthetic,-1.441782790145881,0.13864971517290903,1.07433220441761,-2.01283594055515,0.37298385385674826,-1.4680544052944375,1.07433220441761,0.3999342049671988,44.44444444444444,1.3333333333333333,1.25,1.9232700714302655,1.6094379124341003,44.44444444444444,1.25,5.8433,10200.63,16.0
2001001290,Dr. Sharon Rivera,Pain Management,Las Vegas,NV,Subsys,REP-S805,Simon Vargas,TERR-S11,3,4.0,4,3,2,0.42427138133858616,-0.5454026226506669,0.26347853248733794,3.6178,0.032797163321241385,12.169,synthetic,0.30373276577360286,-0.3070100835971559,-0.04702502437628586,-0.4015072516967681,-0.12853109880191332,-0.36513599984404566,-0.04702502437628586,0.7931539008429029,75.0,1.0,0.6666666666666666,2.545068419406842,1.3862943611198906,300.0,0.6666666666666666,11.7441,29786.13,22.0
2001001291,Dr. Kathleen Jones,Orthopedics,Philadelphia,PA,Subsys,REP-S736,Sasha Santos,TERR-S12,2,4.0,5,3,1,-0.6252496128786839,-0.4552448624506009,0.4092498073363815,5.3779,0.04853405714542669,12.9377,synthetic,-0.5531566889505074,-0.3070100835971559,-0.6878005836870834,-0.29527298028005405,-0.12853109880191332,-0.6240820602541377,-0.6878005836870834,0.801647549024074,60.0,1.0,0.3333333333333333,2.5860633417477383,1.3862943611198906,240.0,0.3333333333333333,12.2774,31748.36,16.0
2001001292,Dr. Patricia Taylor,Oncology,New York,NY,Actiq,REP-S593,Spencer Nakamura,TERR-S09,3,2.0,2,2,3,1.6487125412587345,-1.136508207761356,-0.6760491034247899,5.4138,0.047153394629703804,8.6941,synthetic,1.7318818569804533,-0.752669882367221,1.5549138739007082,-1.2325807648619724,-0.77509632596926,-0.796712767194199,1.5549138739007082,0.5506866325019141,100.0,0.6666666666666666,1.5,2.2243640583994453,1.0986122886681098,200.0,1.5,8.2476,17139.13,29.0
2001001294,Dr. Sharon Miller,Oncology,Jacksonville,FL,Subsys,REP-S693,Spencer Larsson,TERR-S11,3,9.0,5,4,3,0.0744310499328295,1.0666850760476057,2.0357306026354527,5.8631,0.05448927336844411,22.5276,synthetic,0.589362584014973,0.13864971517290903,0.11316886545141361,1.0460919695467799,0.37298385385674826,1.4474864230265985,0.11316886545141361,1.4208444239509048,80.0,1.3333333333333333,0.75,3.1036849267186697,1.6094379124341003,720.0,0.75,21.2799,53642.45,20.0
2001001295,Dr. Deborah Williams,Oncology,New York,NY,Subsys,REP-S744,Sarah Tanaka,TERR-S06,2,9.0,6,4,4,0.0744310499328295,0.9215670911315423,1.712774385180443,7.8425,0.07209862568327274,22.023,synthetic,-0.1723169312953478,0.13864971517290903,0.5937505349345118,0.9442762597455645,0.37298385385674826,0.9295943022064139,0.5937505349345118,1.3635296408213102,66.66666666666666,1.3333333333333333,1.0,3.0643950905789605,1.6094379124341003,599.9999999999999,1.0,20.4215,49295.13,20.0
2001001296,Dr. John Nelson,Internal Medicine,Denver,CO,Subsys,REP-S822,Sophia Alvarez,TERR-S14,3,1.0,2,1,1,-0.10048911577004885,-1.339122262889387,-1.0044135293003267,2.8475,0.02462867369048327,7.2498,synthetic,-1.1244163254332475,-1.198329681137286,0.5937505349345118,-1.5922769664349659,-1.6863788313340304,-1.444077918219429,0.5937505349345118,0.4665532593680714,50.0,0.3333333333333333,1.0,2.0855602839380114,0.6931471805599453,50.0,1.0,7.0491,12719.01,19.0
2001001297,Dr. Emily Hall,Pain Management,New York,NY,Subsys,REP-S663,Sean Kowalski,TERR-S09,3,7.0,5,4,2,-1.3249302756901973,0.3486350654086403,0.7212766893129859,5.3157,0.04898951976303989,17.9379,synthetic,0.589362584014973,0.13864971517290903,-0.3674128040316846,0.49798676854160434,0.37298385385674826,0.7569635952663532,-0.3674128040316846,1.1503132480229854,80.0,1.3333333333333333,0.5,2.8921756853956904,1.6094379124341003,560.0,0.5,17.0325,35948.56,12.0
2001001298,Dr. Emily Adams,Pain Management,Miami,FL,Subsys,REP-S715,Stephen Rossi,TERR-S05,3,8.0,5,4,0,1.6487125412587345,0.5813073424822401,0.2975257303061792,4.6629,0.04327724427964608,19.2672,synthetic,0.589362584014973,0.13864971517290903,-1.328576142997881,0.6885865879272014,0.37298385385674826,1.1022250091464758,-1.328576142997881,1.2432635561547358,80.0,1.3333333333333333,0.0,2.965726571467585,1.6094379124341003,640.0,0.0,18.4088,30244.44,29.0
2001001299,Dr. Kathleen Scott,Neurology,Miami,FL,Subsys,REP-S765,Simon Muller,TERR-S13,3,5.0,2,1,1,-0.2754092814729272,-0.28402457456268265,0.5085580344583056,2.896,0.026578192355898533,13.6751,synthetic,-1.1244163254332475,-1.198329681137286,0.5937505349345118,-0.1047774393118697,-1.6863788313340304,-0.5809243835191223,0.5937505349345118,0.909623940385581,50.0,0.3333333333333333,1.0,2.6595739876450954,0.6931471805599453,250.0,1.0,13.2902,33085.15,18.0
2001001300,Dr. Margaret Martin,Oncology,Denver,CO,Lazanda,REP-S719,Solomon Rossi,TERR-S09,3,7.0,2,1,1,-0.6252496128786839,0.25056546726114726,1.1492650687635686,0.7675,0.007210766847091321,16.5787,synthetic,-1.1244163254332475,-1.198329681137286,0.5937505349345118,0.41325182506309466,-1.6863788313340304,-0.14934761616896897,0.5937505349345118,1.0985155381655864,50.0,0.3333333333333333,1.0,2.859477175007872,0.6931471805599453,350.0,1.0,16.4524,41709.72,16.0
2001001301,Dr. Margaret Harris,Anesthesiology,Charlotte,NC,Subsys,REP-S725,Simon Santos,TERR-S01,2,4.0,7,7,8,-0.9750899442844405,-0.5527734802256207,-1.2025055061891072,9.2164,0.08149707379641358,12.7789,synthetic,1.7318818569804533,1.4756291114831046,0.8683686317819964,-0.41038812874957376,1.4293166337302035,0.06644076750610772,0.8683686317819964,0.7852422908785683,100.0,2.3333333333333335,1.1428571428571428,2.5416413627683045,2.0794415416798357,400.0,1.1428571428571428,11.7005,10052.49,14.0
2001001302,Dr. Jennifer Lopez,Oncology,Houston,TX,Abstral,REP-S640,Sloan Novak,TERR-S14,3,7.0,5,4,3,-1.4998504413930756,0.23393032080758144,0.9868672674502651,7.1417,0.06513078837721409,17.5219,synthetic,0.589362584014973,0.13864971517290903,0.11316886545141361,0.3985996627865304,0.37298385385674826,0.7569635952663532,0.11316886545141361,1.0919454372103765,80.0,1.3333333333333333,0.75,2.853823027371298,1.6094379124341003,560.0,0.75,16.354,39523.68,11.0
2001001303,Dr. Karen Brown,Internal Medicine,Atlanta,GA,Abstral,REP-S525,Simon Patel,TERR-S11,3,10.0,4,3,2,0.24935121563570783,1.4942793435781263,0.2996474120711552,3.9266,0.03699092252138003,24.7441,synthetic,0.30373276577360286,-0.3070100835971559,-0.04702502437628586,1.3247443186200258,-0.12853109880191332,1.5769594532316444,-0.04702502437628586,1.5758408680464577,75.0,1.0,0.6666666666666666,3.2112145521213518,1.3862943611198906,750.0,0.6666666666666666,23.8092,30273.0,21.0
2001001304,Dr. Elizabeth Torres,Palliative Care,Detroit,MI,Subsys,REP-S780,Sloan Muller,TERR-S14,3,9.0,5,2,2,-1.1500101099873188,1.134104754967137,1.3387172841234032,4.2657,0.0399688481274425,22.6035,synthetic,-1.6956759619159878,-0.752669882367221,0.5937505349345118,1.092066609107391,-0.77509632596926,-0.10618993943395362,0.5937505349345118,1.3830928075462483,40.0,0.6666666666666666,1.0,3.121426157992756,1.0986122886681098,360.0,1.0,21.6787,44259.94,13.0
2001001305,Dr. Ashley Smith,Oncology,Philadelphia,PA,Subsys,REP-S736,Sasha Santos,TERR-S12,2,4.0,7,5,3,1.823632706961613,-0.440435524754134,-0.5239083259661864,8.9927,0.07991492604870576,13.4769,synthetic,0.09971146702976721,0.5843095139429743,-0.17518013623844536,-0.2782319087971582,0.7827514065628568,-0.4267898237512104,-0.17518013623844536,0.8256026251135079,71.42857142857143,1.6666666666666667,0.6,2.592639349590882,1.791759469228055,285.7142857142857,0.6,12.365,19187.1,30.0
2001001306,Dr. Linda Hill,Orthopedics,Miami,FL,Abstral,REP-S762,Sophia Muller,TERR-S10,3,9.0,2,1,2,0.24935121563570783,0.9081778269128189,1.1133108831678735,2.5807,0.024296778343392056,20.8672,synthetic,-1.1244163254332475,-1.198329681137286,2.5160772128669047,0.9346775256777138,-1.6863788313340304,0.2822291511811844,2.5160772128669047,1.3282417235336814,50.0,0.3333333333333333,2.0,3.0606910188850067,0.6931471805599453,450.0,2.0,20.3423,41225.74,21.0
2001001308,Dr. Ashley Gonzalez,Anesthesiology,Portland,OR,Abstral,REP-S667,Scott Kowalski,TERR-S13,3,4.0,3,3,0,-0.8001697785815622,-0.5718599439919575,-0.583539024002899,3.0447,0.02764199809367396,11.9404,synthetic,1.7318818569804533,-0.3070100835971559,-1.328576142997881,-0.43352716138261355,-0.12853109880191332,0.06644076750610772,-1.328576142997881,0.777665362145592,100.0,1.0,0.0,2.5327122024023994,1.3862943611198906,400.0,0.0,11.5876,18384.41,15.0
2001001309,Dr. Dorothy Rodriguez,Oncology,Los Angeles,CA,Subsys,REP-S589,Seth Nakamura,TERR-S05,3,8.0,2,1,1,-0.9750899442844405,0.6956401630772236,1.4751311697876996,4.8721,0.04525346330114788,20.0149,synthetic,-1.1244163254332475,-1.198329681137286,0.5937505349345118,0.7773464037491733,-1.6863788313340304,0.06644076750610772,0.5937505349345118,1.274299123376774,50.0,0.3333333333333333,1.0,2.9999782466387814,0.6931471805599453,400.0,1.0,19.0851,46096.21,14.0
2001001310,Dr. Sharon Nelson,Internal Medicine,Austin,TX,Subsys,REP-S646,Stella Dubois,TERR-S06,3,7.0,2,1,1,-1.4998504413930756,0.19049974027992952,-0.7666967682161505,3.8492,0.035598839102402025,16.7167,synthetic,-1.1244163254332475,-1.198329681137286,0.5937505349345118,0.35995107473858623,-1.6863788313340304,-0.14934761616896897,0.5937505349345118,1.065406147078887,50.0,0.3333333333333333,1.0,2.83890885848322,0.6931471805599453,350.0,1.0,16.0971,15918.92,11.0
2001001311,Dr. William Brown,Anesthesiology,Los Angeles,CA,Fentora,REP-S550,Sadie Chen,TERR-S08,3,9.0,5,3,4,0.5991915470414645,1.1051623050397956,1.9676540362562995,3.15,0.029656930842929086,22.185,synthetic,-0.5531566889505074,-0.3070100835971559,1.2345260942453093,1.0724300861551763,-0.12853109880191332,0.6706482417963224,1.2345260942453093,1.4434082792248886,60.0,1.0,1.3333333333333333,3.113848587000495,1.3862943611198906,540.0,1.3333333333333333,21.5075,52726.07,23.0
2001001312,Dr. Margaret Allen,Anesthesiology,Seattle,WA,Subsys,REP-S597,Stanley Nakamura,TERR-S13,3,5.0,3,1,1,1.1239520441500994,-0.25883517596937733,-0.9501323517081489,2.1148,0.01949133462232666,13.7234,synthetic,-2.076515719571148,-1.198329681137286,0.5937505349345118,-0.0778975065737702,-1.6863788313340304,-0.9405716896442503,0.5937505349345118,0.9019296778407124,33.33333333333333,0.3333333333333333,1.0,2.6699467302679016,0.6931471805599453,166.66666666666663,1.0,13.4392,13449.69,26.0
2001001313,Dr. Betty Harris,Pain Management,Chicago,IL,Subsys,REP-S623,Sean Novak,TERR-S11,2,7.0,8,6,2,-1.4998504413930756,0.3480771793995269,-0.6406535679296771,7.2081,0.06586638638861197,18.2567,synthetic,0.30373276577360286,1.0299693127130392,-0.6878005836870834,0.4975124912661776,1.1292049358741694,0.6059117266937994,-0.6878005836870834,1.1500903779969485,75.0,2.0,0.3333333333333333,2.8919926657372046,1.9459101490553132,525.0,0.3333333333333333,17.0292,17615.59,11.0
2001001314,Dr. Lisa Rodriguez,Palliative Care,Atlanta,GA,Subsys,REP-S501,Samuel Brooks,TERR-S01,2,3.0,6,4,0,0.0744310499328295,-0.7777198813548308,-0.8241210955098736,2.8058,0.02527185225855577,10.6609,synthetic,-0.1723169312953478,0.13864971517290903,-1.328576142997881,-0.6971832412270561,0.37298385385674826,-0.7967127671941991,-1.328576142997881,0.6615956724791542,66.66666666666666,1.3333333333333333,0.0,2.4309695126490096,1.6094379124341003,199.99999999999997,0.0,10.3699,15145.93,20.0
2001001315,Dr. Dorothy Lewis,Neurology,Nashville,TN,Subsys,REP-S665,Simon Kowalski,TERR-S11,3,5.0,3,2,2,-0.2754092814729272,-0.3833620954581613,0.14421936507122846,3.3793,0.03084905748276734,13.1319,synthetic,-0.1723169312953478,-0.752669882367221,0.5937505349345118,-0.2135861881914573,-0.77509632596926,-0.22127707739399485,0.5937505349345118,0.869406710594414,66.66666666666666,0.6666666666666666,1.0,2.617585595849837,1.0986122886681098,333.33333333333326,1.0,12.7026,28180.78,18.0
2001001316,Dr. Michelle Brown,Pain Management,Los Angeles,CA,Actiq,REP-S786,Stella Gomez,TERR-S06,2,5.0,8,6,7,-0.45032944717580553,-0.3185289789445193,-0.9959609749859374,6.6225,0.0597033899913062,13.9527,synthetic,0.30373276577360286,1.0299693127130392,0.9141383145899108,-0.142056013947611,1.1292049358741694,-0.04145342433143062,0.9141383145899108,0.8837877114312985,75.0,2.0,1.1666666666666667,2.645188495545499,1.9459101490553132,375.0,1.1666666666666667,13.0861,12832.79,17.0
2001001317,Dr. Michael Rivera,Pain Management,Nashville,TN,Subsys,REP-S649,Seth Dubois,TERR-S09,3,3.0,2,2,0,-0.10048911577004885,-0.8112099475382792,-0.35480820921744427,2.464,0.022183593740970675,10.4224,synthetic,1.7318818569804533,-0.752669882367221,-1.328576142997881,-0.742731686974229,-0.77509632596926,-0.36513599984404566,-1.328576142997881,0.6869664638919832,100.0,0.6666666666666666,0.0,2.4133927460250884,1.0986122886681098,300.0,0.0,10.1718,21463.36,19.0
2001001318,Dr. James Sanchez,Pain Management,Phoenix,AZ,Subsys,REP-S777,Stanley Muller,TERR-S11,3,4.0,5,4,1,-0.9750899442844405,-0.5244396332173119,-0.3369180340549268,6.7049,0.05999861937474771,12.6638,synthetic,0.589362584014973,0.13864971517290903,-0.8479944735147827,-0.37641481915302766,0.37298385385674826,-0.278820646374015,-0.8479944735147827,0.8015284109121735,80.0,1.3333333333333333,0.25,2.5547513805620023,1.6094379124341003,320.0,0.25,11.8681,21704.18,14.0
2001001319,Dr. Carol Lee,Internal Medicine,Philadelphia,PA,Subsys,REP-S694,Selena Larsson,TERR-S12,3,6.0,2,1,0,1.1239520441500994,-0.10020958737811189,0.22839278035917002,1.3674,0.012703875991800562,14.5741,synthetic,-1.1244163254332475,-1.198329681137286,-1.328576142997881,0.08525364116765886,-1.6863788313340304,-0.36513599984404566,-1.328576142997881,0.9515923290298685,50.0,0.3333333333333333,0.0,2.7329054021003865,0.6931471805599453,300.0,0.0,14.3775,29313.84,26.0
2001001320,Dr. Lisa Mitchell,Pain Management,Las Vegas,NV,Abstral,REP-S586,Stella Nakamura,TERR-S02,2,4.0,7,6,1,-1.3249302756901973,-0.47909871574936197,-0.16471636920787455,8.4407,0.07509113162022629,13.1607,synthetic,0.9157966620051099,1.0299693127130392,-1.0081883633424822,-0.3229593793990812,1.1292049358741694,-0.18017452812255144,-1.0081883633424822,0.8196416657555473,85.71428571428571,2.0,0.16666666666666666,2.5753793904517255,1.9459101490553132,342.85714285714283,0.16666666666666666,12.1363,24022.19,12.0
2001001321,Dr. Robert Campbell,Oncology,Las Vegas,NV,Abstral,REP-S503,Sean Brooks,TERR-S03,3,5.0,2,2,0,-1.4998504413930756,-0.18668191879070087,-0.035442358698753944,0.6733,0.006263138487052178,13.9594,synthetic,1.7318818569804533,-0.752669882367221,-1.328576142997881,-0.0024100137706897285,-0.77509632596926,0.4980175348562611,-1.328576142997881,0.9258233724079175,100.0,0.6666666666666666,0.0,2.699076726303102,1.0986122886681098,500.0,0.0,13.866,25762.35,11.0
2001001322,Dr. Sharon Allen,Pain Management,Philadelphia,PA,Fentora,REP-S670,Sadie Kowalski,TERR-S02,2,1.0,7,4,3,0.42427138133858616,-1.3008986184467939,-1.4462790149728104,4.5146,0.038917630164794215,7.6036,synthetic,-0.7163737279455763,0.13864971517290903,0.11316886545141361,-1.5204878943585662,0.37298385385674826,-1.4132510062658465,0.11316886545141361,0.49134061012868485,57.14285714285714,1.3333333333333333,0.75,2.1132630901553466,1.6094379124341003,57.14285714285714,0.75,7.2752,6771.05,22.0
2001001323,Dr. Betty Perez,Oncology,Denver,CO,Subsys,REP-S503,Sean Brooks,TERR-S03,3,7.0,2,2,2,-0.45032944717580553,0.13080593730478723,0.6016891663856306,1.7248,0.01609058519067741,16.0156,synthetic,1.7318818569804533,-0.752669882367221,0.5937505349345118,0.3058714612665524,-0.77509632596926,1.3611710695565677,0.5937505349345118,1.051216152833568,100.0,0.6666666666666666,1.0,2.818039985143699,1.0986122886681098,700.0,1.0,15.744,34338.79,17.0
2001001324,Dr. Ashley Rodriguez,Palliative Care,Columbus,OH,Abstral,REP-S573,Spencer Kapoor,TERR-S03,3,3.0,3,3,4,0.0744310499328295,-0.8284367912742376,-0.6692450126385804,6.5367,0.05775795845486931,10.7281,synthetic,1.7318818569804533,-0.3070100835971559,1.2345260942453093,-0.7664767767219017,-0.12853109880191332,-0.36513599984404566,1.2345260942453093,0.6424557866804729,100.0,1.0,1.3333333333333333,2.4042297132560764,1.3862943611198906,300.0,1.3333333333333333,10.0699,17230.72,20.0
2001001325,Dr. Sharon Lee,Pain Management,Columbus,OH,Lazanda,REP-S616,Sasha O'Connor,TERR-S04,1,1.0,9,6,0,0.24935121563570783,-1.181223616673633,-0.49563335059617647,2.4375,0.021431594254940567,8.1777,synthetic,-0.1723169312953478,1.0299693127130392,-1.328576142997881,-1.3077806848493065,1.1292049358741694,-1.3721484569944034,-1.328576142997881,0.5391496075322059,66.66666666666666,2.0,0.0,2.1953450343235916,1.9459101490553132,66.66666666666666,0.0,7.9831,19567.71,21.0
2001001326,Dr. Lisa Perez,Pain Management,Los Angeles,CA,Subsys,REP-S574,Selena Kapoor,TERR-S04,1,6.0,13,9,3,-1.3249302756901973,-0.03226583372274605,0.2570666853887709,8.5112,0.07669976626115105,16.0373,synthetic,-0.025840101427978244,2.3669487090232346,-0.6878005836870834,0.1521114942134529,1.930831586388866,0.13283719325228505,-0.6878005836870834,0.9981470493369097,69.23076923076923,3.0,0.3333333333333333,2.7587052918811543,2.302585092994046,415.38461538461536,0.3333333333333333,14.7794,29699.82,12.0
2001001327,Dr. Deborah Nguyen,Oncology,Detroit,MI,Subsys,REP-S526,Stella Patel,TERR-S12,2,5.0,7,4,0,-0.2754092814729272,-0.2120234681137644,-0.837098567061822,3.5307,0.03237961075119378,14.2004,synthetic,-0.7163737279455763,0.13864971517290903,-1.328576142997881,-0.028672807370405198,0.37298385385674826,-0.4267898237512106,-1.328576142997881,0.9158146515422066,57.14285714285714,1.3333333333333333,0.0,2.6889421325442564,1.6094379124341003,285.71428571428567,0.0,13.7161,14971.24,18.0
2001001328,Dr. Amanda Martinez,Pain Management,New York,NY,Subsys,REP-S513,Spencer Brooks,TERR-S13,2,4.0,6,5,3,-0.8001697785815622,-0.5847082278382073,-0.5020949710414707,9.7595,0.08599113635493483,12.6351,synthetic,0.7797824628425536,0.5843095139429743,-0.17518013623844536,-0.44922065415594176,0.7827514065628568,-0.22127707739399435,-0.17518013623844536,0.7774516944630208,83.33333333333334,1.6666666666666667,0.6,2.526656213982463,1.791759469228055,333.33333333333337,0.6,11.5116,19480.73,15.0
2001001329,Dr. Jessica Green,Pain Management,Charlotte,NC,Abstral,REP-S672,Sienna Kowalski,TERR-S04,2,4.0,9,6,1,0.7741117127443429,-0.47887894247304447,-0.8339658177610854,6.6254,0.059413173844758305,12.9418,synthetic,-0.1723169312953478,1.0299693127130392,-1.0081883633424822,-0.3227029408084359,1.1292049358741694,-0.5089949222940969,-1.0081883633424822,0.8197294630385317,66.66666666666666,2.0,0.16666666666666666,2.5754783479723873,1.9459101490553132,266.66666666666663,0.16666666666666666,12.1376,15013.41,24.0
2001001330,Dr. John Hill,Neurology,New York,NY,Abstral,REP-S701,Samuel Rossi,TERR-S05,3,8.0,3,3,0,-0.45032944717580553,0.6761817753048108,0.20941204888328255,3.1264,0.029262196911657323,19.563,synthetic,1.7318818569804533,-0.3070100835971559,-1.328576142997881,0.7624533666952356,-0.12853109880191332,1.7927478369067211,-1.328576142997881,1.2983676806304247,100.0,1.0,0.0,2.994231147427724,1.3862943611198906,800.0,0.0,18.97,29058.34,17.0
2001001333,Dr. Barbara Allen,Family Practice,Chicago,IL,Subsys,REP-S758,Summer Tanaka,TERR-S06,3,10.0,4,3,0,-0.2754092814729272,1.3950263508658467,0.9772862696481311,1.4893,0.014175273226261886,23.5679,synthetic,0.30373276577360286,-0.3070100835971559,-1.328576142997881,1.262682571022019,-0.12853109880191332,1.5769594532316444,-1.328576142997881,1.6258943918017414,75.0,1.0,0.0,3.1872654395685798,1.3862943611198906,750.0,0.0,23.2221,39394.71,18.0
2001001334,Dr. Sandra Sanchez,Palliative Care,Atlanta,GA,Lazanda,REP-S631,Silas Novak,TERR-S05,3,1.0,4,2,0,-0.2754092814729272,-1.575040422197829,-1.2231480731370712,1.6468,0.013895434878071544,5.7467,synthetic,-1.1244163254332475,-0.752669882367221,-1.328576142997881,-2.0856854232418596,-0.77509632596926,-1.444077918219429,-1.328576142997881,0.36069752783808395,50.0,0.6666666666666666,0.0,1.8951580615723407,1.0986122886681098,50.0,0.0,5.6536,9774.62,18.0
2001001336,Dr. Michael Rivera,Oncology,New York,NY,Subsys,REP-S521,Samuel Patel,TERR-S07,2,7.0,8,5,0,0.9490318784472211,0.3560904511667932,0.9775113640370623,2.6251,0.024492090720063864,17.5248,synthetic,-0.41034177982982234,0.5843095139429743,-1.328576142997881,0.5043165208050833,0.7827514065628568,0.22828205526241524,-1.328576142997881,1.1401929468672323,62.5,1.6666666666666667,0.0,2.8946182841824846,1.791759469228055,437.5,0.0,17.0766,39397.74,25.0
2001001337,Dr. Barbara Allen,Anesthesiology,Seattle,WA,Subsys,REP-S549,Seth Chen,TERR-S07,2,10.0,5,2,0,-0.6252496128786839,1.9611961219328276,1.125231228266194,1.2664,0.012130930486359937,26.9076,synthetic,-1.6956759619159878,-0.752669882367221,-1.328576142997881,1.5982759177409416,-0.77509632596926,0.06644076750610772,-1.328576142997881,1.7832358818138994,40.0,0.6666666666666666,0.0,3.3167681226801173,1.0986122886681098,400.0,0.0,26.5711,41386.2,16.0
2001001338,Dr. Laura Adams,Pain Management,Los Angeles,CA,Subsys,REP-S732,Sienna Santos,TERR-S08,3,4.0,2,2,1,0.7741117127443429,-0.4622776072927588,-0.12564800645574445,5.8114,0.0523319817101604,12.9469,synthetic,1.7318818569804533,-0.752669882367221,-0.3674128040316846,-0.3034049566967043,-0.77509632596926,0.06644076750610772,-0.3674128040316846,0.8263615347224216,100.0,0.6666666666666666,0.5,2.5829252796399755,1.0986122886681098,400.0,0.5,12.2358,24548.09,24.0
2001001339,Dr. Michael Jones,Oncology,Baltimore,MD,Subsys,REP-S844,Sarah Kim,TERR-S08,3,3.0,5,3,3,-0.10048911577004885,-0.6308775215015074,0.20603711882085762,4.154,0.03744037938954703,11.7054,synthetic,-0.5531566889505074,-0.3070100835971559,0.5937505349345118,-0.5064115553930417,-0.12853109880191332,-0.8830281206642296,0.5937505349345118,0.7503869876537127,60.0,1.0,1.0,2.5045867205548276,1.3862943611198906,180.0,1.0,11.2385,29012.91,19.0
2001001340,Dr. Robert Adams,Anesthesiology,Nashville,TN,Abstral,REP-S779,Solomon Muller,TERR-S13,3,9.0,5,3,3,0.5991915470414645,1.166208558946122,0.10564427847174006,5.0994,0.04761381183818125,22.9838,synthetic,-0.5531566889505074,-0.3070100835971559,0.5937505349345118,1.1136753476656078,-0.12853109880191332,0.6706482417963224,0.5937505349345118,1.4676423710360293,60.0,1.0,1.0,3.1297647905946966,1.3862943611198906,540.0,1.0,21.8686,27661.52,23.0
2001001342,Dr. Michael Mitchell,Pain Management,Phoenix,AZ,Subsys,REP-S758,Summer Tanaka,TERR-S06,2,8.0,9,6,7,0.24935121563570783,0.635574436096006,0.9637835778553431,8.0553,0.07368538927529267,20.2385,synthetic,-0.1723169312953478,1.0299693127130392,0.9141383145899108,0.7310949190730577,1.1292049358741694,0.6418764573063119,0.9141383145899108,1.2649427314147021,66.66666666666666,2.0,1.1666666666666667,2.9821301831357054,1.9459101490553132,533.3333333333333,1.1666666666666667,18.7298,39212.95,21.0
2001001343,Dr. Linda Rodriguez,Pain Management,Chicago,IL,Fentora,REP-S808,Serena Vargas,TERR-S14,3,1.0,2,1,2,-1.4998504413930756,-1.1903526604591264,-1.2330789701378408,3.1616,0.027689811967903655,8.1798,synthetic,-1.1244163254332475,-1.198329681137286,2.5160772128669047,-1.3234053499387293,-1.6863788313340304,-1.444077918219429,2.5160772128669047,0.5355026434697816,50.0,0.3333333333333333,2.0,2.189315605934792,0.6931471805599453,50.0,2.0,7.9291,9640.94,11.0
2001001344,Dr. Deborah Lopez,Palliative Care,Detroit,MI,Subsys,REP-S653,Spencer Dubois,TERR-S13,3,8.0,2,1,2,-1.3249302756901973,0.5518915347289841,-0.48949637123326817,4.7112,0.04369514798010732,19.0939,synthetic,-1.1244163254332475,-1.198329681137286,2.5160772128669047,0.6652499022575326,-1.6863788313340304,0.06644076750610772,2.5160772128669047,1.1633732985393188,50.0,0.3333333333333333,2.0,2.9567211384376986,0.6931471805599453,400.0,2.0,18.2348,19650.32,12.0
2001001345,Dr. Elizabeth Harris,Pain Management,Houston,TX,Abstral,REP-S712,Sienna Rossi,TERR-S02,2,1.0,5,4,3,-0.6252496128786839,-1.186531986578531,-0.9939915848042319,8.8356,0.0755599535737268,8.6543,synthetic,0.589362584014973,0.13864971517290903,0.11316886545141361,-1.3168546712734606,0.37298385385674826,-1.314604888014383,0.11316886545141361,0.5370289654662777,80.0,1.3333333333333333,0.75,2.191843458383739,1.6094379124341003,80.0,0.75,7.9517,12859.3,16.0
2001001346,Dr. Mary Wright,Oncology,Las Vegas,NV,Subsys,REP-S592,Sienna Nakamura,TERR-S08,3,7.0,3,1,2,-0.8001697785815622,0.44842903849339405,0.6086626351278678,3.9623,0.036811126497952706,18.3211,synthetic,-2.076515719571148,-1.198329681137286,2.5160772128669047,0.5814582504971408,-1.6863788313340304,-0.652853844744148,2.5160772128669047,1.176662348714139,33.33333333333333,0.3333333333333333,2.0,2.9243866364834425,0.6931471805599453,233.33333333333331,2.0,17.6228,34432.66,15.0
2001001348,Dr. Kathleen Johnson,Internal Medicine,Chicago,IL,Abstral,REP-S529,Seth Patel,TERR-S01,3,9.0,4,3,1,-0.2754092814729272,1.0780963807794721,1.9708737031923662,2.3227,0.021943496856424716,21.8432,synthetic,0.30373276577360286,-0.3070100835971559,-0.6878005836870834,1.0539311030919813,-0.12853109880191332,1.2532768777190295,-0.6878005836870834,1.4129036400439725,75.0,1.0,0.3333333333333333,3.106709983196394,1.3862943611198906,675.0,0.3333333333333333,21.3474,52769.41,18.0
2001001349,Dr. Margaret White,Oncology,Seattle,WA,Actiq,REP-S565,Simon Kapoor,TERR-S09,3,5.0,2,1,2,1.298872209852978,-0.2672034661060795,0.5221543298583716,3.1987,0.029329985123486946,13.818,synthetic,-1.1244163254332475,-1.198329681137286,2.5160772128669047,-0.08679652539692374,-1.6863788313340304,-0.5809243835191223,2.5160772128669047,0.8940211459346814,50.0,0.3333333333333333,2.0,2.666512672870978,0.6931471805599453,250.0,2.0,13.3897,33268.17,27.0
2001001350,Dr. Michelle Sanchez,Anesthesiology,Las Vegas,NV,Fentora,REP-S808,Serena Vargas,TERR-S14,3,5.0,5,4,0,0.24935121563570783,-0.20752656876757725,-0.06754542445213944,3.568,0.0327160821339505,14.233,synthetic,0.589362584014973,0.13864971517290903,-1.328576142997881,-0.023992964472477053,0.37298385385674826,0.06644076750610772,-1.328576142997881,0.9222981266490237,80.0,1.3333333333333333,0.0,2.6907480450206136,1.6094379124341003,400.0,0.0,13.7427,25330.21,21.0
